6.5836 	INFO 	Loaded monitor calibration from ['2025_08_11 15:22']
6.5954 	WARNING 	User requested fullscreen with size [1280  720], but screen is actually [1920, 1080]. Using actual size
7.0379 	INFO 	Using renderer 'Intel(R) Iris(R) Xe Graphics' for graphics
7.0379 	INFO 	OpenGL version supported by driver is 4..
7.1063 	EXP 	Created window1 = Window(allowGUI=False, allowStencil=False, autoLog=True, backendConf=UNKNOWN, backgroundFit=<method-wrapper '__getattribute__' of attributeSetter object at 0x000001BF7B60CD00>, backgroundImage=<method-wrapper '__getattribute__' of attributeSetter object at 0x000001BF7B60CCA0>, bitsMode=UNKNOWN, blendMode='avg', bpc=(8, 8, 8), color=array([0, 0, 0]), colorSpace='rgb', depthBits=8, fullscr=True, gamma=None, gammaErrorPolicy='raise', infoMsg=UNKNOWN, lms=UNKNOWN, monitor=<psychopy.monitors.calibTools.Monitor object at 0x000001BF7B6C6650>, multiSample=False, name='window1', numSamples=2, pos=[np.float64(0.0), np.float64(0.0)], screen=0, size=array([1920, 1080]), stencilBits=0, stereo=False, title='PsychoPy', units='height', useFBO=True, useRetina=False, viewOri=0.0, viewPos=None, viewScale=None, waitBlanking=True, winType='pyglet')
7.1064 	EXP 	window1: backgroundImage = ''
7.1065 	EXP 	window1: backgroundFit = 'none'
7.5535 	EXP 	window1: Attempting to measure frame rate of screen (0) ...
7.5535 	EXP 	window1: recordFrameIntervals = False
7.7155 	EXP 	window1: recordFrameIntervals = True
7.8992 	EXP 	Screen (0) actual frame rate measured at 60.18Hz
7.8993 	EXP 	window1: recordFrameIntervals = False
8.2936 	INFO 	keyboard.Keyboard is using ptb backend.
8.2939 	INFO 	keyboard.Keyboard is using ptb backend.
8.2940 	INFO 	keyboard.Keyboard is using ptb backend.
8.2941 	EXP 	MotorSequence: status = STARTED
8.2984 	EXP 	Created Fixation = ShapeStim(__class__=<class 'psychopy.visual.shape.ShapeStim'>, anchor=('center', 'center'), autoDraw=False, autoLog=True, closeShape=True, color=method-wrapper(...), colorSpace='rgb', contrast=None, depth=0.0, draggable=False, fillColor=array([-0.2549,  0.2392,  0.2549]), fillColorSpace='rgb', fillRGB=array([-0.2549,  0.2392,  0.2549]), interpolate=True, lineColor=array([-0.2549,  0.2392,  0.2549]), lineColorSpace='rgb', lineRGB=array([-0.2549,  0.2392,  0.2549]), lineWidth=1.0, name='Fixation', opacity=1, ori=0.0, pos=array([0., 0.]), size=array([10., 10.]), units='height', vertices=ndarray(...), win=Window(...), windingRule=None)
8.3001 	EXP 	Created Line1 = Rect(__class__=<class 'psychopy.visual.rect.Rect'>, anchor=('center', 'center'), autoDraw=False, autoLog=True, closeShape=True, color=method-wrapper(...), colorSpace='rgb', contrast=None, depth=-1.0, draggable=False, fillColor=array([1, 1, 1]), fillColorSpace='rgb', fillRGB=array([1, 1, 1]), interpolate=True, lineColor=array([1., 1., 1.]), lineColorSpace='rgb', lineRGB=array([1, 1, 1]), lineWidth=1.0, name='Line1', opacity=1, ori=90.0, pos=array([-150.,    0.]), size=array([100.,  10.]), units='pix', vertices=ndarray(...), win=Window(...))
8.3016 	EXP 	Created Line2 = Rect(__class__=<class 'psychopy.visual.rect.Rect'>, anchor=('center', 'center'), autoDraw=False, autoLog=True, closeShape=True, color=method-wrapper(...), colorSpace='rgb', contrast=None, depth=-2.0, draggable=False, fillColor=array([1, 1, 1]), fillColorSpace='rgb', fillRGB=array([1, 1, 1]), interpolate=True, lineColor=array([1., 1., 1.]), lineColorSpace='rgb', lineRGB=array([1, 1, 1]), lineWidth=1.0, name='Line2', opacity=1, ori=90.0, pos=array([-50.,   0.]), size=array([100.,  10.]), units='pix', vertices=ndarray(...), win=Window(...))
8.3027 	EXP 	Created Line3 = Rect(__class__=<class 'psychopy.visual.rect.Rect'>, anchor=('center', 'center'), autoDraw=False, autoLog=True, closeShape=True, color=method-wrapper(...), colorSpace='rgb', contrast=None, depth=-3.0, draggable=False, fillColor=array([1, 1, 1]), fillColorSpace='rgb', fillRGB=array([1, 1, 1]), interpolate=True, lineColor=array([1., 1., 1.]), lineColorSpace='rgb', lineRGB=array([1, 1, 1]), lineWidth=1.0, name='Line3', opacity=1, ori=90.0, pos=array([50.,  0.]), size=array([100.,  10.]), units='pix', vertices=ndarray(...), win=Window(...))
8.3039 	EXP 	Created Line4 = Rect(__class__=<class 'psychopy.visual.rect.Rect'>, anchor=('center', 'center'), autoDraw=False, autoLog=True, closeShape=True, color=method-wrapper(...), colorSpace='rgb', contrast=None, depth=-4.0, draggable=False, fillColor=array([1, 1, 1]), fillColorSpace='rgb', fillRGB=array([1, 1, 1]), interpolate=True, lineColor=array([1., 1., 1.]), lineColorSpace='rgb', lineRGB=array([1, 1, 1]), lineWidth=1.0, name='Line4', opacity=1, ori=90.0, pos=array([150.,   0.]), size=array([100.,  10.]), units='pix', vertices=ndarray(...), win=Window(...))
8.3053 	EXP 	Created Probe = ShapeStim(__class__=<class 'psychopy.visual.shape.ShapeStim'>, anchor=('center', 'center'), autoDraw=False, autoLog=True, closeShape=True, color=method-wrapper(...), colorSpace='rgb', contrast=None, depth=-5.0, draggable=False, fillColor=array([1, 1, 1]), fillColorSpace='rgb', fillRGB=array([1, 1, 1]), interpolate=True, lineColor=array([1., 1., 1.]), lineColorSpace='rgb', lineRGB=array([1, 1, 1]), lineWidth=1.0, name='Probe', opacity=1, ori=0.0, pos=array([0., 0.]), size=array([10., 10.]), units='pix', vertices=ndarray(...), win=Window(...), windingRule=None)
8.3066 	EXP 	Created Fixation2 = ShapeStim(__class__=<class 'psychopy.visual.shape.ShapeStim'>, anchor=('center', 'center'), autoDraw=False, autoLog=True, closeShape=True, color=method-wrapper(...), colorSpace='rgb', contrast=None, depth=0.0, draggable=False, fillColor=array([-0.2549,  0.2392,  0.2549]), fillColorSpace='rgb', fillRGB=array([-0.2549,  0.2392,  0.2549]), interpolate=True, lineColor=array([-0.2549,  0.2392,  0.2549]), lineColorSpace='rgb', lineRGB=array([-0.2549,  0.2392,  0.2549]), lineWidth=1.0, name='Fixation2', opacity=1, ori=0.0, pos=array([0., 0.]), size=array([10., 10.]), units='height', vertices=ndarray(...), win=Window(...), windingRule=None)
8.3077 	EXP 	Created line1 = Rect(__class__=<class 'psychopy.visual.rect.Rect'>, anchor=('center', 'center'), autoDraw=False, autoLog=True, closeShape=True, color=method-wrapper(...), colorSpace='rgb', contrast=None, depth=-1.0, draggable=False, fillColor=array([1, 1, 1]), fillColorSpace='rgb', fillRGB=array([1, 1, 1]), interpolate=True, lineColor=array([1., 1., 1.]), lineColorSpace='rgb', lineRGB=array([1, 1, 1]), lineWidth=1.0, name='line1', opacity=1, ori=90.0, pos=array([-150.,    0.]), size=array([100.,  10.]), units='pix', vertices=ndarray(...), win=Window(...))
8.3087 	EXP 	Created line2 = Rect(__class__=<class 'psychopy.visual.rect.Rect'>, anchor=('center', 'center'), autoDraw=False, autoLog=True, closeShape=True, color=method-wrapper(...), colorSpace='rgb', contrast=None, depth=-2.0, draggable=False, fillColor=array([1, 1, 1]), fillColorSpace='rgb', fillRGB=array([1, 1, 1]), interpolate=True, lineColor=array([1., 1., 1.]), lineColorSpace='rgb', lineRGB=array([1, 1, 1]), lineWidth=1.0, name='line2', opacity=1, ori=90.0, pos=array([-150.,    0.]), size=array([100.,  10.]), units='pix', vertices=ndarray(...), win=Window(...))
8.3096 	EXP 	Created line3 = Rect(__class__=<class 'psychopy.visual.rect.Rect'>, anchor=('center', 'center'), autoDraw=False, autoLog=True, closeShape=True, color=method-wrapper(...), colorSpace='rgb', contrast=None, depth=-3.0, draggable=False, fillColor=array([1, 1, 1]), fillColorSpace='rgb', fillRGB=array([1, 1, 1]), interpolate=True, lineColor=array([1., 1., 1.]), lineColorSpace='rgb', lineRGB=array([1, 1, 1]), lineWidth=1.0, name='line3', opacity=1, ori=90.0, pos=array([-150.,    0.]), size=array([100.,  10.]), units='pix', vertices=ndarray(...), win=Window(...))
8.3106 	EXP 	Created line4 = Rect(__class__=<class 'psychopy.visual.rect.Rect'>, anchor=('center', 'center'), autoDraw=False, autoLog=True, closeShape=True, color=method-wrapper(...), colorSpace='rgb', contrast=None, depth=-4.0, draggable=False, fillColor=array([1, 1, 1]), fillColorSpace='rgb', fillRGB=array([1, 1, 1]), interpolate=True, lineColor=array([1., 1., 1.]), lineColorSpace='rgb', lineRGB=array([1, 1, 1]), lineWidth=1.0, name='line4', opacity=1, ori=90.0, pos=array([-150.,    0.]), size=array([100.,  10.]), units='pix', vertices=ndarray(...), win=Window(...))
8.3121 	EXP 	Created probe2 = ShapeStim(__class__=<class 'psychopy.visual.shape.ShapeStim'>, anchor=('center', 'center'), autoDraw=False, autoLog=True, closeShape=True, color=method-wrapper(...), colorSpace='rgb', contrast=None, depth=-5.0, draggable=False, fillColor=array([1, 1, 1]), fillColorSpace='rgb', fillRGB=array([1, 1, 1]), interpolate=True, lineColor=array([1., 1., 1.]), lineColorSpace='rgb', lineRGB=array([1, 1, 1]), lineWidth=1.0, name='probe2', opacity=1, ori=0.0, pos=array([0., 0.]), size=array([10., 10.]), units='pix', vertices=ndarray(...), win=Window(...), windingRule=None)
0.0072 	EXP 	Imported ConditionsFile.csv as conditions, 4 conditions, 2 params
0.0079 	EXP 	New trial (rep=0, index=0): <Trial 0 (0 in rep 0) data={'Pos': np.int64(-50), 'corr_resp': 'x', 'thisN': 0, 'thisTrialN': 0, 'thisRepN': 0}>
0.0121 	EXP 	Fixation: autoDraw = True
1.0052 	EXP 	Line1: autoDraw = True
1.0052 	EXP 	Line2: autoDraw = True
1.0052 	EXP 	Line3: autoDraw = True
1.0052 	EXP 	Line4: autoDraw = True
1.0202 	EXP 	Fixation: autoDraw = False
2.0036 	INFO 	Keyboard events cleared
2.0033 	EXP 	Probe: autoDraw = True
2.3479 	EXP 	Device response: <KeyPress from None: t=2.330390900024213, value=x, duration=None>
2.3486 	EXP 	New trial (rep=0, index=1): <Trial 1 (1 in rep 0) data={'Pos': np.int64(150), 'corr_resp': 'v', 'thisN': 1, 'thisTrialN': 1, 'thisRepN': 0}>
2.3505 	DATA 	Keypress: x
2.3549 	EXP 	Fixation: autoDraw = False
2.3549 	EXP 	Line1: autoDraw = False
2.3549 	EXP 	Line2: autoDraw = False
2.3549 	EXP 	Line3: autoDraw = False
2.3549 	EXP 	Line4: autoDraw = False
2.3549 	EXP 	Probe: autoDraw = False
2.3549 	EXP 	Fixation: autoDraw = True
2.4393 	EXP 	Device response: <KeyPress from None: t=2.330390900024213, value=x, duration=0.09586180001497269>
3.3534 	EXP 	Fixation: autoDraw = False
3.3534 	EXP 	Line1: autoDraw = True
3.3534 	EXP 	Line2: autoDraw = True
3.3534 	EXP 	Line3: autoDraw = True
3.3534 	EXP 	Line4: autoDraw = True
4.3534 	INFO 	Keyboard events cleared
4.3532 	EXP 	Probe: autoDraw = True
4.8205 	EXP 	Device response: <KeyPress from None: t=4.816082900040783, value=v, duration=None>
4.8210 	EXP 	New trial (rep=0, index=2): <Trial 2 (2 in rep 0) data={'Pos': np.int64(50), 'corr_resp': 'c', 'thisN': 2, 'thisTrialN': 2, 'thisRepN': 0}>
4.8234 	DATA 	Keypress: v
4.8383 	EXP 	Fixation: autoDraw = False
4.8383 	EXP 	Line1: autoDraw = False
4.8383 	EXP 	Line2: autoDraw = False
4.8383 	EXP 	Line3: autoDraw = False
4.8383 	EXP 	Line4: autoDraw = False
4.8383 	EXP 	Probe: autoDraw = False
4.8383 	EXP 	Fixation: autoDraw = True
5.0226 	EXP 	Device response: <KeyPress from None: t=4.816082900040783, value=v, duration=0.19838189997244626>
5.8219 	EXP 	Line1: autoDraw = True
5.8219 	EXP 	Line2: autoDraw = True
5.8219 	EXP 	Line3: autoDraw = True
5.8219 	EXP 	Line4: autoDraw = True
5.8365 	EXP 	Fixation: autoDraw = False
6.8204 	INFO 	Keyboard events cleared
6.8202 	EXP 	Probe: autoDraw = True
7.2536 	EXP 	Device response: <KeyPress from None: t=7.248265700065531, value=c, duration=None>
7.2541 	EXP 	New trial (rep=0, index=3): <Trial 3 (3 in rep 0) data={'Pos': np.int64(-150), 'corr_resp': 'z', 'thisN': 3, 'thisTrialN': 3, 'thisRepN': 0}>
7.2559 	DATA 	Keypress: c
7.2718 	EXP 	Fixation: autoDraw = False
7.2718 	EXP 	Line1: autoDraw = False
7.2718 	EXP 	Line2: autoDraw = False
7.2718 	EXP 	Line3: autoDraw = False
7.2718 	EXP 	Line4: autoDraw = False
7.2718 	EXP 	Probe: autoDraw = False
7.2718 	EXP 	Fixation: autoDraw = True
7.3734 	EXP 	Device response: <KeyPress from None: t=7.248265700065531, value=c, duration=0.1160011999309063>
8.2557 	EXP 	Line1: autoDraw = True
8.2557 	EXP 	Line2: autoDraw = True
8.2557 	EXP 	Line3: autoDraw = True
8.2557 	EXP 	Line4: autoDraw = True
8.2697 	EXP 	Fixation: autoDraw = False
9.2539 	INFO 	Keyboard events cleared
9.2536 	EXP 	Probe: autoDraw = True
9.5035 	EXP 	Device response: <KeyPress from None: t=9.498903800034896, value=z, duration=None>
9.5042 	EXP 	New trial (rep=1, index=0): <Trial 4 (0 in rep 1) data={'Pos': np.int64(-50), 'corr_resp': 'x', 'thisN': 4, 'thisTrialN': 0, 'thisRepN': 1}>
9.5062 	DATA 	Keypress: z
9.5219 	EXP 	Fixation: autoDraw = False
9.5219 	EXP 	Line1: autoDraw = False
9.5219 	EXP 	Line2: autoDraw = False
9.5219 	EXP 	Line3: autoDraw = False
9.5219 	EXP 	Line4: autoDraw = False
9.5219 	EXP 	Probe: autoDraw = False
9.5219 	EXP 	Fixation: autoDraw = True
9.6558 	EXP 	Device response: <KeyPress from None: t=9.498903800034896, value=z, duration=0.15251120005268604>
10.5053 	EXP 	Line1: autoDraw = True
10.5053 	EXP 	Line2: autoDraw = True
10.5053 	EXP 	Line3: autoDraw = True
10.5053 	EXP 	Line4: autoDraw = True
10.5202 	EXP 	Fixation: autoDraw = False
11.5032 	INFO 	Keyboard events cleared
11.5029 	EXP 	Probe: autoDraw = True
11.9701 	EXP 	Device response: <KeyPress from None: t=11.967786599998362, value=x, duration=None>
11.9707 	EXP 	New trial (rep=1, index=1): <Trial 5 (1 in rep 1) data={'Pos': np.int64(150), 'corr_resp': 'v', 'thisN': 5, 'thisTrialN': 1, 'thisRepN': 1}>
11.9724 	DATA 	Keypress: x
11.9883 	EXP 	Fixation: autoDraw = False
11.9883 	EXP 	Line1: autoDraw = False
11.9883 	EXP 	Line2: autoDraw = False
11.9883 	EXP 	Line3: autoDraw = False
11.9883 	EXP 	Line4: autoDraw = False
11.9883 	EXP 	Probe: autoDraw = False
11.9883 	EXP 	Fixation: autoDraw = True
12.0886 	EXP 	Device response: <KeyPress from None: t=11.967786599998362, value=x, duration=0.10484639997594059>
12.9723 	EXP 	Line1: autoDraw = True
12.9723 	EXP 	Line2: autoDraw = True
12.9723 	EXP 	Line3: autoDraw = True
12.9723 	EXP 	Line4: autoDraw = True
12.9863 	EXP 	Fixation: autoDraw = False
13.9698 	INFO 	Keyboard events cleared
13.9696 	EXP 	Probe: autoDraw = True
14.2201 	EXP 	Device response: <KeyPress from None: t=14.219187100068666, value=v, duration=None>
14.2206 	EXP 	New trial (rep=1, index=2): <Trial 6 (2 in rep 1) data={'Pos': np.int64(50), 'corr_resp': 'c', 'thisN': 6, 'thisTrialN': 2, 'thisRepN': 1}>
14.2221 	DATA 	Keypress: v
14.2384 	EXP 	Fixation: autoDraw = False
14.2384 	EXP 	Line1: autoDraw = False
14.2384 	EXP 	Line2: autoDraw = False
14.2384 	EXP 	Line3: autoDraw = False
14.2384 	EXP 	Line4: autoDraw = False
14.2384 	EXP 	Probe: autoDraw = False
14.2384 	EXP 	Fixation: autoDraw = True
14.3889 	EXP 	Device response: <KeyPress from None: t=14.219187100068666, value=v, duration=0.16383169998880476>
15.2217 	EXP 	Line1: autoDraw = True
15.2217 	EXP 	Line2: autoDraw = True
15.2217 	EXP 	Line3: autoDraw = True
15.2217 	EXP 	Line4: autoDraw = True
15.2362 	EXP 	Fixation: autoDraw = False
16.2201 	INFO 	Keyboard events cleared
16.2199 	EXP 	Probe: autoDraw = True
16.4703 	EXP 	Device response: <KeyPress from None: t=16.464143500081263, value=c, duration=None>
16.4709 	EXP 	New trial (rep=1, index=3): <Trial 7 (3 in rep 1) data={'Pos': np.int64(-150), 'corr_resp': 'z', 'thisN': 7, 'thisTrialN': 3, 'thisRepN': 1}>
16.4727 	DATA 	Keypress: c
16.4878 	EXP 	Fixation: autoDraw = False
16.4878 	EXP 	Line1: autoDraw = False
16.4878 	EXP 	Line2: autoDraw = False
16.4878 	EXP 	Line3: autoDraw = False
16.4878 	EXP 	Line4: autoDraw = False
16.4878 	EXP 	Probe: autoDraw = False
16.4878 	EXP 	Fixation: autoDraw = True
16.5890 	EXP 	Device response: <KeyPress from None: t=16.464143500081263, value=c, duration=0.12369689997285604>
17.4715 	EXP 	Line1: autoDraw = True
17.4715 	EXP 	Line2: autoDraw = True
17.4715 	EXP 	Line3: autoDraw = True
17.4715 	EXP 	Line4: autoDraw = True
17.4864 	EXP 	Fixation: autoDraw = False
18.4867 	INFO 	Keyboard events cleared
18.4865 	EXP 	Probe: autoDraw = True
18.7533 	EXP 	Device response: <KeyPress from None: t=18.752414799993858, value=z, duration=None>
18.7538 	EXP 	New trial (rep=2, index=0): <Trial 8 (0 in rep 2) data={'Pos': np.int64(-50), 'corr_resp': 'x', 'thisN': 8, 'thisTrialN': 0, 'thisRepN': 2}>
18.7558 	DATA 	Keypress: z
18.7718 	EXP 	Fixation: autoDraw = False
18.7718 	EXP 	Line1: autoDraw = False
18.7718 	EXP 	Line2: autoDraw = False
18.7718 	EXP 	Line3: autoDraw = False
18.7718 	EXP 	Line4: autoDraw = False
18.7718 	EXP 	Probe: autoDraw = False
18.7718 	EXP 	Fixation: autoDraw = True
18.9222 	EXP 	Device response: <KeyPress from None: t=18.752414799993858, value=z, duration=0.15628340002149343>
19.7557 	EXP 	Line1: autoDraw = True
19.7557 	EXP 	Line2: autoDraw = True
19.7557 	EXP 	Line3: autoDraw = True
19.7557 	EXP 	Line4: autoDraw = True
19.7695 	EXP 	Fixation: autoDraw = False
20.7695 	INFO 	Keyboard events cleared
20.7694 	EXP 	Probe: autoDraw = True
21.0540 	EXP 	Device response: <KeyPress from None: t=21.043602999998257, value=x, duration=None>
21.0545 	EXP 	New trial (rep=2, index=1): <Trial 9 (1 in rep 2) data={'Pos': np.int64(150), 'corr_resp': 'v', 'thisN': 9, 'thisTrialN': 1, 'thisRepN': 2}>
21.0561 	DATA 	Keypress: x
21.0715 	EXP 	Fixation: autoDraw = False
21.0715 	EXP 	Line1: autoDraw = False
21.0715 	EXP 	Line2: autoDraw = False
21.0715 	EXP 	Line3: autoDraw = False
21.0715 	EXP 	Line4: autoDraw = False
21.0715 	EXP 	Probe: autoDraw = False
21.0715 	EXP 	Fixation: autoDraw = True
21.1723 	EXP 	Device response: <KeyPress from None: t=21.043602999998257, value=x, duration=0.12293100007809699>
22.0549 	EXP 	Line1: autoDraw = True
22.0549 	EXP 	Line2: autoDraw = True
22.0549 	EXP 	Line3: autoDraw = True
22.0549 	EXP 	Line4: autoDraw = True
22.0695 	EXP 	Fixation: autoDraw = False
23.0699 	INFO 	Keyboard events cleared
23.0697 	EXP 	Probe: autoDraw = True
23.7198 	EXP 	Device response: <KeyPress from None: t=23.70959770004265, value=v, duration=None>
23.7203 	EXP 	New trial (rep=2, index=2): <Trial 10 (2 in rep 2) data={'Pos': np.int64(50), 'corr_resp': 'c', 'thisN': 10, 'thisTrialN': 2, 'thisRepN': 2}>
23.7219 	DATA 	Keypress: v
23.7379 	EXP 	Fixation: autoDraw = False
23.7379 	EXP 	Line1: autoDraw = False
23.7379 	EXP 	Line2: autoDraw = False
23.7379 	EXP 	Line3: autoDraw = False
23.7379 	EXP 	Line4: autoDraw = False
23.7379 	EXP 	Probe: autoDraw = False
23.7379 	EXP 	Fixation: autoDraw = True
23.8883 	EXP 	Device response: <KeyPress from None: t=23.70959770004265, value=v, duration=0.1687650999519974>
24.7219 	EXP 	Line1: autoDraw = True
24.7219 	EXP 	Line2: autoDraw = True
24.7219 	EXP 	Line3: autoDraw = True
24.7219 	EXP 	Line4: autoDraw = True
24.7362 	EXP 	Fixation: autoDraw = False
25.3535 	EXP 	Device response: <KeyPress from None: t=25.34850289998576, value=c, duration=None>
25.3555 	DATA 	Keypress: c
25.5365 	EXP 	Device response: <KeyPress from None: t=25.34850289998576, value=c, duration=0.17271630000323057>
25.7034 	EXP 	Device response: <KeyPress from None: t=25.690369800082408, value=c, duration=None>
25.7058 	DATA 	Keypress: c
25.7199 	INFO 	Keyboard events cleared
25.7197 	EXP 	Probe: autoDraw = True
25.8198 	EXP 	Device response: <KeyPress from None: t=25.690369800082408, value=c, duration=0.12156759994104505>
26.1696 	EXP 	Device response: <KeyPress from None: t=26.15651350002736, value=c, duration=None>
26.1702 	EXP 	New trial (rep=2, index=3): <Trial 11 (3 in rep 2) data={'Pos': np.int64(-150), 'corr_resp': 'z', 'thisN': 11, 'thisTrialN': 3, 'thisRepN': 2}>
26.1727 	DATA 	Keypress: c
26.1881 	EXP 	Fixation: autoDraw = False
26.1881 	EXP 	Line1: autoDraw = False
26.1881 	EXP 	Line2: autoDraw = False
26.1881 	EXP 	Line3: autoDraw = False
26.1881 	EXP 	Line4: autoDraw = False
26.1881 	EXP 	Probe: autoDraw = False
26.1881 	EXP 	Fixation: autoDraw = True
26.3218 	EXP 	Device response: <KeyPress from None: t=26.15651350002736, value=c, duration=0.16127889999188483>
27.1711 	EXP 	Line1: autoDraw = True
27.1711 	EXP 	Line2: autoDraw = True
27.1711 	EXP 	Line3: autoDraw = True
27.1711 	EXP 	Line4: autoDraw = True
27.1856 	EXP 	Fixation: autoDraw = False
28.1692 	INFO 	Keyboard events cleared
28.1690 	EXP 	Probe: autoDraw = True
28.4199 	EXP 	Device response: <KeyPress from None: t=28.412693500053138, value=z, duration=None>
28.4204 	EXP 	New trial (rep=3, index=0): <Trial 12 (0 in rep 3) data={'Pos': np.int64(-50), 'corr_resp': 'x', 'thisN': 12, 'thisTrialN': 0, 'thisRepN': 3}>
28.4222 	DATA 	Keypress: z
28.4378 	EXP 	Fixation: autoDraw = False
28.4378 	EXP 	Line1: autoDraw = False
28.4378 	EXP 	Line2: autoDraw = False
28.4378 	EXP 	Line3: autoDraw = False
28.4378 	EXP 	Line4: autoDraw = False
28.4378 	EXP 	Probe: autoDraw = False
28.4378 	EXP 	Fixation: autoDraw = True
28.5226 	EXP 	Device response: <KeyPress from None: t=28.412693500053138, value=z, duration=0.10944449994713068>
29.4214 	EXP 	Line1: autoDraw = True
29.4214 	EXP 	Line2: autoDraw = True
29.4214 	EXP 	Line3: autoDraw = True
29.4214 	EXP 	Line4: autoDraw = True
29.4358 	EXP 	Fixation: autoDraw = False
30.4193 	INFO 	Keyboard events cleared
30.4191 	EXP 	Probe: autoDraw = True
30.6863 	EXP 	Device response: <KeyPress from None: t=30.681029699975625, value=x, duration=None>
30.6868 	EXP 	New trial (rep=3, index=1): <Trial 13 (1 in rep 3) data={'Pos': np.int64(150), 'corr_resp': 'v', 'thisN': 13, 'thisTrialN': 1, 'thisRepN': 3}>
30.6885 	DATA 	Keypress: x
30.7043 	EXP 	Fixation: autoDraw = False
30.7043 	EXP 	Line1: autoDraw = False
30.7043 	EXP 	Line2: autoDraw = False
30.7043 	EXP 	Line3: autoDraw = False
30.7043 	EXP 	Line4: autoDraw = False
30.7043 	EXP 	Probe: autoDraw = False
30.7043 	EXP 	Fixation: autoDraw = True
30.7883 	EXP 	Device response: <KeyPress from None: t=30.681029699975625, value=x, duration=0.0921614000108093>
31.6879 	EXP 	Line1: autoDraw = True
31.6879 	EXP 	Line2: autoDraw = True
31.6879 	EXP 	Line3: autoDraw = True
31.6879 	EXP 	Line4: autoDraw = True
31.7024 	EXP 	Fixation: autoDraw = False
32.6858 	INFO 	Keyboard events cleared
32.6856 	EXP 	Probe: autoDraw = True
33.3862 	EXP 	Device response: <KeyPress from None: t=33.37589540006593, value=v, duration=None>
33.3867 	EXP 	New trial (rep=3, index=2): <Trial 14 (2 in rep 3) data={'Pos': np.int64(50), 'corr_resp': 'c', 'thisN': 14, 'thisTrialN': 2, 'thisRepN': 3}>
33.3884 	DATA 	Keypress: v
33.4046 	EXP 	Fixation: autoDraw = False
33.4046 	EXP 	Line1: autoDraw = False
33.4046 	EXP 	Line2: autoDraw = False
33.4046 	EXP 	Line3: autoDraw = False
33.4046 	EXP 	Line4: autoDraw = False
33.4046 	EXP 	Probe: autoDraw = False
33.4046 	EXP 	Fixation: autoDraw = True
33.5722 	EXP 	Device response: <KeyPress from None: t=33.37589540006593, value=v, duration=0.19048400002066046>
34.3879 	EXP 	Line1: autoDraw = True
34.3879 	EXP 	Line2: autoDraw = True
34.3879 	EXP 	Line3: autoDraw = True
34.3879 	EXP 	Line4: autoDraw = True
34.4024 	EXP 	Fixation: autoDraw = False
35.3860 	INFO 	Keyboard events cleared
35.3858 	EXP 	Probe: autoDraw = True
35.6369 	EXP 	Device response: <KeyPress from None: t=35.635415700031444, value=c, duration=None>
35.6374 	EXP 	New trial (rep=3, index=3): <Trial 15 (3 in rep 3) data={'Pos': np.int64(-150), 'corr_resp': 'z', 'thisN': 15, 'thisTrialN': 3, 'thisRepN': 3}>
35.6392 	DATA 	Keypress: c
35.6542 	EXP 	Fixation: autoDraw = False
35.6542 	EXP 	Line1: autoDraw = False
35.6542 	EXP 	Line2: autoDraw = False
35.6542 	EXP 	Line3: autoDraw = False
35.6542 	EXP 	Line4: autoDraw = False
35.6542 	EXP 	Probe: autoDraw = False
35.6542 	EXP 	Fixation: autoDraw = True
35.7881 	EXP 	Device response: <KeyPress from None: t=35.635415700031444, value=c, duration=0.14206079998984933>
36.6377 	EXP 	Line1: autoDraw = True
36.6377 	EXP 	Line2: autoDraw = True
36.6377 	EXP 	Line3: autoDraw = True
36.6377 	EXP 	Line4: autoDraw = True
36.6530 	EXP 	Fixation: autoDraw = False
37.6527 	INFO 	Keyboard events cleared
37.6525 	EXP 	Probe: autoDraw = True
37.9030 	EXP 	Device response: <KeyPress from None: t=37.8896266000811, value=z, duration=None>
37.9035 	EXP 	New trial (rep=4, index=0): <Trial 16 (0 in rep 4) data={'Pos': np.int64(-50), 'corr_resp': 'x', 'thisN': 16, 'thisTrialN': 0, 'thisRepN': 4}>
37.9052 	DATA 	Keypress: z
37.9211 	EXP 	Fixation: autoDraw = False
37.9211 	EXP 	Line1: autoDraw = False
37.9211 	EXP 	Line2: autoDraw = False
37.9211 	EXP 	Line3: autoDraw = False
37.9211 	EXP 	Line4: autoDraw = False
37.9211 	EXP 	Probe: autoDraw = False
37.9211 	EXP 	Fixation: autoDraw = True
38.0548 	EXP 	Device response: <KeyPress from None: t=37.8896266000811, value=z, duration=0.15852089994587004>
38.9048 	EXP 	Line1: autoDraw = True
38.9048 	EXP 	Line2: autoDraw = True
38.9048 	EXP 	Line3: autoDraw = True
38.9048 	EXP 	Line4: autoDraw = True
38.9189 	EXP 	Fixation: autoDraw = False
39.9024 	INFO 	Keyboard events cleared
39.9021 	EXP 	Probe: autoDraw = True
40.2528 	EXP 	Device response: <KeyPress from None: t=40.2391498000361, value=x, duration=None>
40.2537 	EXP 	New trial (rep=4, index=1): <Trial 17 (1 in rep 4) data={'Pos': np.int64(150), 'corr_resp': 'v', 'thisN': 17, 'thisTrialN': 1, 'thisRepN': 4}>
40.2556 	DATA 	Keypress: x
40.2714 	EXP 	Fixation: autoDraw = False
40.2714 	EXP 	Line1: autoDraw = False
40.2714 	EXP 	Line2: autoDraw = False
40.2714 	EXP 	Line3: autoDraw = False
40.2714 	EXP 	Line4: autoDraw = False
40.2714 	EXP 	Probe: autoDraw = False
40.2714 	EXP 	Fixation: autoDraw = True
40.3715 	EXP 	Device response: <KeyPress from None: t=40.2391498000361, value=x, duration=0.1191926000174135>
41.2539 	EXP 	Line1: autoDraw = True
41.2539 	EXP 	Line2: autoDraw = True
41.2539 	EXP 	Line3: autoDraw = True
41.2539 	EXP 	Line4: autoDraw = True
41.2685 	EXP 	Fixation: autoDraw = False
42.2690 	INFO 	Keyboard events cleared
42.2686 	EXP 	Probe: autoDraw = True
42.5708 	DATA 	Keypress: v
42.5862 	EXP 	Device response: <KeyPress from None: t=42.57027640007436, value=v, duration=None>
42.5866 	EXP 	New trial (rep=4, index=2): <Trial 18 (2 in rep 4) data={'Pos': np.int64(50), 'corr_resp': 'c', 'thisN': 18, 'thisTrialN': 2, 'thisRepN': 4}>
42.6041 	EXP 	Fixation: autoDraw = False
42.6041 	EXP 	Line1: autoDraw = False
42.6041 	EXP 	Line2: autoDraw = False
42.6041 	EXP 	Line3: autoDraw = False
42.6041 	EXP 	Line4: autoDraw = False
42.6041 	EXP 	Probe: autoDraw = False
42.6041 	EXP 	Fixation: autoDraw = True
42.7049 	EXP 	Device response: <KeyPress from None: t=42.57027640007436, value=v, duration=0.13342889992054552>
43.5876 	EXP 	Line1: autoDraw = True
43.5876 	EXP 	Line2: autoDraw = True
43.5876 	EXP 	Line3: autoDraw = True
43.5876 	EXP 	Line4: autoDraw = True
43.6022 	EXP 	Fixation: autoDraw = False
44.6027 	INFO 	Keyboard events cleared
44.6024 	EXP 	Probe: autoDraw = True
44.8362 	EXP 	Device response: <KeyPress from None: t=44.83143590006512, value=c, duration=None>
44.8367 	EXP 	New trial (rep=4, index=3): <Trial 19 (3 in rep 4) data={'Pos': np.int64(-150), 'corr_resp': 'z', 'thisN': 19, 'thisTrialN': 3, 'thisRepN': 4}>
44.8384 	DATA 	Keypress: c
44.8549 	EXP 	Fixation: autoDraw = False
44.8549 	EXP 	Line1: autoDraw = False
44.8549 	EXP 	Line2: autoDraw = False
44.8549 	EXP 	Line3: autoDraw = False
44.8549 	EXP 	Line4: autoDraw = False
44.8549 	EXP 	Probe: autoDraw = False
44.8549 	EXP 	Fixation: autoDraw = True
44.9889 	EXP 	Device response: <KeyPress from None: t=44.83143590006512, value=c, duration=0.1541086999932304>
45.8373 	EXP 	Line1: autoDraw = True
45.8373 	EXP 	Line2: autoDraw = True
45.8373 	EXP 	Line3: autoDraw = True
45.8373 	EXP 	Line4: autoDraw = True
45.8524 	EXP 	Fixation: autoDraw = False
46.8355 	INFO 	Keyboard events cleared
46.8353 	EXP 	Probe: autoDraw = True
47.0360 	EXP 	Device response: <KeyPress from None: t=47.02553900005296, value=z, duration=None>
47.0367 	EXP 	New trial (rep=5, index=0): <Trial 20 (0 in rep 5) data={'Pos': np.int64(-50), 'corr_resp': 'x', 'thisN': 20, 'thisTrialN': 0, 'thisRepN': 5}>
47.0384 	DATA 	Keypress: z
47.0539 	EXP 	Fixation: autoDraw = False
47.0539 	EXP 	Line1: autoDraw = False
47.0539 	EXP 	Line2: autoDraw = False
47.0539 	EXP 	Line3: autoDraw = False
47.0539 	EXP 	Line4: autoDraw = False
47.0539 	EXP 	Probe: autoDraw = False
47.0539 	EXP 	Fixation: autoDraw = True
47.2057 	EXP 	Device response: <KeyPress from None: t=47.02553900005296, value=z, duration=0.17008630000054836>
48.0372 	EXP 	Line1: autoDraw = True
48.0372 	EXP 	Line2: autoDraw = True
48.0372 	EXP 	Line3: autoDraw = True
48.0372 	EXP 	Line4: autoDraw = True
48.0525 	EXP 	Fixation: autoDraw = False
49.0523 	INFO 	Keyboard events cleared
49.0522 	EXP 	Probe: autoDraw = True
49.2694 	EXP 	Device response: <KeyPress from None: t=49.26381380006205, value=x, duration=None>
49.2702 	EXP 	New trial (rep=5, index=1): <Trial 21 (1 in rep 5) data={'Pos': np.int64(150), 'corr_resp': 'v', 'thisN': 21, 'thisTrialN': 1, 'thisRepN': 5}>
49.2722 	DATA 	Keypress: x
49.2871 	EXP 	Fixation: autoDraw = False
49.2871 	EXP 	Line1: autoDraw = False
49.2871 	EXP 	Line2: autoDraw = False
49.2871 	EXP 	Line3: autoDraw = False
49.2871 	EXP 	Line4: autoDraw = False
49.2871 	EXP 	Probe: autoDraw = False
49.2871 	EXP 	Fixation: autoDraw = True
49.3554 	EXP 	Device response: <KeyPress from None: t=49.26381380006205, value=x, duration=0.08754689991474152>
50.2706 	EXP 	Line1: autoDraw = True
50.2706 	EXP 	Line2: autoDraw = True
50.2706 	EXP 	Line3: autoDraw = True
50.2706 	EXP 	Line4: autoDraw = True
50.2853 	EXP 	Fixation: autoDraw = False
51.2855 	INFO 	Keyboard events cleared
51.2852 	EXP 	Probe: autoDraw = True
51.3527 	EXP 	Device response: <KeyPress from None: t=51.339881299994886, value=v, duration=None>
51.3532 	EXP 	New trial (rep=5, index=2): <Trial 22 (2 in rep 5) data={'Pos': np.int64(50), 'corr_resp': 'c', 'thisN': 22, 'thisTrialN': 2, 'thisRepN': 5}>
51.3552 	DATA 	Keypress: v
51.3711 	EXP 	Fixation: autoDraw = False
51.3711 	EXP 	Line1: autoDraw = False
51.3711 	EXP 	Line2: autoDraw = False
51.3711 	EXP 	Line3: autoDraw = False
51.3711 	EXP 	Line4: autoDraw = False
51.3711 	EXP 	Probe: autoDraw = False
51.3711 	EXP 	Fixation: autoDraw = True
51.5215 	EXP 	Device response: <KeyPress from None: t=51.339881299994886, value=v, duration=0.17128200002480298>
52.3533 	EXP 	Line1: autoDraw = True
52.3533 	EXP 	Line2: autoDraw = True
52.3533 	EXP 	Line3: autoDraw = True
52.3533 	EXP 	Line4: autoDraw = True
52.3850 	EXP 	Fixation: autoDraw = False
53.3521 	INFO 	Keyboard events cleared
53.3519 	EXP 	Probe: autoDraw = True
53.8027 	EXP 	Device response: <KeyPress from None: t=53.796556400018744, value=c, duration=None>
53.8032 	EXP 	New trial (rep=5, index=3): <Trial 23 (3 in rep 5) data={'Pos': np.int64(-150), 'corr_resp': 'z', 'thisN': 23, 'thisTrialN': 3, 'thisRepN': 5}>
53.8048 	DATA 	Keypress: c
53.8204 	EXP 	Fixation: autoDraw = False
53.8204 	EXP 	Line1: autoDraw = False
53.8204 	EXP 	Line2: autoDraw = False
53.8204 	EXP 	Line3: autoDraw = False
53.8204 	EXP 	Line4: autoDraw = False
53.8204 	EXP 	Probe: autoDraw = False
53.8204 	EXP 	Fixation: autoDraw = True
53.9380 	EXP 	Device response: <KeyPress from None: t=53.796556400018744, value=c, duration=0.12568309996277094>
54.8040 	EXP 	Line1: autoDraw = True
54.8040 	EXP 	Line2: autoDraw = True
54.8040 	EXP 	Line3: autoDraw = True
54.8040 	EXP 	Line4: autoDraw = True
54.8185 	EXP 	Fixation: autoDraw = False
55.7023 	EXP 	Device response: <KeyPress from None: t=55.69700709998142, value=z, duration=None>
55.7042 	DATA 	Keypress: z
55.8187 	INFO 	Keyboard events cleared
55.8185 	EXP 	Probe: autoDraw = True
56.1190 	EXP 	Device response: <KeyPress from None: t=56.1077101000119, value=z, duration=None>
56.1193 	EXP 	New trial (rep=6, index=0): <Trial 24 (0 in rep 6) data={'Pos': np.int64(-50), 'corr_resp': 'x', 'thisN': 24, 'thisTrialN': 0, 'thisRepN': 6}>
56.1208 	DATA 	Keypress: z
56.1369 	EXP 	Fixation: autoDraw = False
56.1369 	EXP 	Line1: autoDraw = False
56.1369 	EXP 	Line2: autoDraw = False
56.1369 	EXP 	Line3: autoDraw = False
56.1369 	EXP 	Line4: autoDraw = False
56.1369 	EXP 	Probe: autoDraw = False
56.1369 	EXP 	Fixation: autoDraw = True
56.2208 	EXP 	Device response: <KeyPress from None: t=55.69700709998142, value=z, duration=0.5109041000250727>
57.1205 	EXP 	Line1: autoDraw = True
57.1205 	EXP 	Line2: autoDraw = True
57.1205 	EXP 	Line3: autoDraw = True
57.1205 	EXP 	Line4: autoDraw = True
57.1351 	EXP 	Fixation: autoDraw = False
58.1188 	INFO 	Keyboard events cleared
58.1186 	EXP 	Probe: autoDraw = True
58.3857 	EXP 	Device response: <KeyPress from None: t=58.3837152000051, value=x, duration=None>
58.3862 	EXP 	New trial (rep=6, index=1): <Trial 25 (1 in rep 6) data={'Pos': np.int64(150), 'corr_resp': 'v', 'thisN': 25, 'thisTrialN': 1, 'thisRepN': 6}>
58.3879 	DATA 	Keypress: x
58.4035 	EXP 	Fixation: autoDraw = False
58.4035 	EXP 	Line1: autoDraw = False
58.4035 	EXP 	Line2: autoDraw = False
58.4035 	EXP 	Line3: autoDraw = False
58.4035 	EXP 	Line4: autoDraw = False
58.4035 	EXP 	Probe: autoDraw = False
58.4035 	EXP 	Fixation: autoDraw = True
58.4374 	EXP 	Device response: <KeyPress from None: t=58.3837152000051, value=x, duration=0.046642899978905916>
59.3869 	EXP 	Line1: autoDraw = True
59.3869 	EXP 	Line2: autoDraw = True
59.3869 	EXP 	Line3: autoDraw = True
59.3869 	EXP 	Line4: autoDraw = True
59.4021 	EXP 	Fixation: autoDraw = False
60.3851 	INFO 	Keyboard events cleared
60.3849 	EXP 	Probe: autoDraw = True
60.5854 	EXP 	Device response: <KeyPress from None: t=60.57765980006661, value=v, duration=None>
60.5860 	EXP 	New trial (rep=6, index=2): <Trial 26 (2 in rep 6) data={'Pos': np.int64(50), 'corr_resp': 'c', 'thisN': 26, 'thisTrialN': 2, 'thisRepN': 6}>
60.5878 	DATA 	Keypress: v
60.6036 	EXP 	Fixation: autoDraw = False
60.6036 	EXP 	Line1: autoDraw = False
60.6036 	EXP 	Line2: autoDraw = False
60.6036 	EXP 	Line3: autoDraw = False
60.6036 	EXP 	Line4: autoDraw = False
60.6036 	EXP 	Probe: autoDraw = False
60.6036 	EXP 	Fixation: autoDraw = True
60.7542 	EXP 	Device response: <KeyPress from None: t=60.57765980006661, value=v, duration=0.16281150002032518>
61.5875 	EXP 	Line1: autoDraw = True
61.5875 	EXP 	Line2: autoDraw = True
61.5875 	EXP 	Line3: autoDraw = True
61.5875 	EXP 	Line4: autoDraw = True
61.6017 	EXP 	Fixation: autoDraw = False
62.5858 	INFO 	Keyboard events cleared
62.5855 	EXP 	Probe: autoDraw = True
63.0522 	EXP 	Device response: <KeyPress from None: t=63.04509600007441, value=c, duration=None>
63.0527 	EXP 	New trial (rep=6, index=3): <Trial 27 (3 in rep 6) data={'Pos': np.int64(-150), 'corr_resp': 'z', 'thisN': 27, 'thisTrialN': 3, 'thisRepN': 6}>
63.0535 	DATA 	Keypress: c
63.0700 	EXP 	Fixation: autoDraw = False
63.0700 	EXP 	Line1: autoDraw = False
63.0700 	EXP 	Line2: autoDraw = False
63.0700 	EXP 	Line3: autoDraw = False
63.0700 	EXP 	Line4: autoDraw = False
63.0700 	EXP 	Probe: autoDraw = False
63.0700 	EXP 	Fixation: autoDraw = True
63.1708 	EXP 	Device response: <KeyPress from None: t=63.04509600007441, value=c, duration=0.12199739995412529>
64.0534 	EXP 	Line1: autoDraw = True
64.0534 	EXP 	Line2: autoDraw = True
64.0534 	EXP 	Line3: autoDraw = True
64.0534 	EXP 	Line4: autoDraw = True
64.0686 	EXP 	Fixation: autoDraw = False
65.0520 	INFO 	Keyboard events cleared
65.0519 	EXP 	Probe: autoDraw = True
65.2851 	EXP 	Device response: <KeyPress from None: t=65.28331379999872, value=z, duration=None>
65.2858 	EXP 	New trial (rep=7, index=0): <Trial 28 (0 in rep 7) data={'Pos': np.int64(-50), 'corr_resp': 'x', 'thisN': 28, 'thisTrialN': 0, 'thisRepN': 7}>
65.2874 	DATA 	Keypress: z
65.3034 	EXP 	Fixation: autoDraw = False
65.3034 	EXP 	Line1: autoDraw = False
65.3034 	EXP 	Line2: autoDraw = False
65.3034 	EXP 	Line3: autoDraw = False
65.3034 	EXP 	Line4: autoDraw = False
65.3034 	EXP 	Probe: autoDraw = False
65.3034 	EXP 	Fixation: autoDraw = True
65.4378 	EXP 	Device response: <KeyPress from None: t=56.1077101000119, value=z, duration=9.325069400016218>
66.2869 	EXP 	Line1: autoDraw = True
66.2869 	EXP 	Line2: autoDraw = True
66.2869 	EXP 	Line3: autoDraw = True
66.2869 	EXP 	Line4: autoDraw = True
66.3014 	EXP 	Fixation: autoDraw = False
67.2850 	INFO 	Keyboard events cleared
67.2849 	EXP 	Probe: autoDraw = True
67.5351 	EXP 	Device response: <KeyPress from None: t=67.53108019998763, value=x, duration=None>
67.5356 	EXP 	New trial (rep=7, index=1): <Trial 29 (1 in rep 7) data={'Pos': np.int64(150), 'corr_resp': 'v', 'thisN': 29, 'thisTrialN': 1, 'thisRepN': 7}>
67.5372 	DATA 	Keypress: x
67.5534 	EXP 	Fixation: autoDraw = False
67.5534 	EXP 	Line1: autoDraw = False
67.5534 	EXP 	Line2: autoDraw = False
67.5534 	EXP 	Line3: autoDraw = False
67.5534 	EXP 	Line4: autoDraw = False
67.5534 	EXP 	Probe: autoDraw = False
67.5534 	EXP 	Fixation: autoDraw = True
67.6206 	EXP 	Device response: <KeyPress from None: t=67.53108019998763, value=x, duration=0.07500010007061064>
68.5367 	EXP 	Line1: autoDraw = True
68.5367 	EXP 	Line2: autoDraw = True
68.5367 	EXP 	Line3: autoDraw = True
68.5367 	EXP 	Line4: autoDraw = True
68.5513 	EXP 	Fixation: autoDraw = False
69.5359 	INFO 	Keyboard events cleared
69.5356 	EXP 	Probe: autoDraw = True
69.9024 	EXP 	Device response: <KeyPress from None: t=69.89350960007869, value=v, duration=None>
69.9029 	EXP 	New trial (rep=7, index=2): <Trial 30 (2 in rep 7) data={'Pos': np.int64(50), 'corr_resp': 'c', 'thisN': 30, 'thisTrialN': 2, 'thisRepN': 7}>
69.9047 	DATA 	Keypress: v
69.9201 	EXP 	Fixation: autoDraw = False
69.9201 	EXP 	Line1: autoDraw = False
69.9201 	EXP 	Line2: autoDraw = False
69.9201 	EXP 	Line3: autoDraw = False
69.9201 	EXP 	Line4: autoDraw = False
69.9201 	EXP 	Probe: autoDraw = False
69.9201 	EXP 	Fixation: autoDraw = True
70.1371 	EXP 	Device response: <KeyPress from None: t=69.89350960007869, value=v, duration=0.23340569995343685>
70.9037 	EXP 	Line1: autoDraw = True
70.9037 	EXP 	Line2: autoDraw = True
70.9037 	EXP 	Line3: autoDraw = True
70.9037 	EXP 	Line4: autoDraw = True
70.9186 	EXP 	Fixation: autoDraw = False
71.9181 	INFO 	Keyboard events cleared
71.9179 	EXP 	Probe: autoDraw = True
72.1879 	DATA 	Keypress: c
72.2020 	EXP 	Device response: <KeyPress from None: t=72.18653320008889, value=c, duration=None>
72.2025 	EXP 	New trial (rep=7, index=3): <Trial 31 (3 in rep 7) data={'Pos': np.int64(-150), 'corr_resp': 'z', 'thisN': 31, 'thisTrialN': 3, 'thisRepN': 7}>
72.2200 	EXP 	Fixation: autoDraw = False
72.2200 	EXP 	Line1: autoDraw = False
72.2200 	EXP 	Line2: autoDraw = False
72.2200 	EXP 	Line3: autoDraw = False
72.2200 	EXP 	Line4: autoDraw = False
72.2200 	EXP 	Probe: autoDraw = False
72.2200 	EXP 	Fixation: autoDraw = True
72.3378 	EXP 	Device response: <KeyPress from None: t=72.18653320008889, value=c, duration=0.14626249996945262>
73.2033 	EXP 	Line1: autoDraw = True
73.2033 	EXP 	Line2: autoDraw = True
73.2033 	EXP 	Line3: autoDraw = True
73.2033 	EXP 	Line4: autoDraw = True
73.2182 	EXP 	Fixation: autoDraw = False
74.2181 	INFO 	Keyboard events cleared
74.2180 	EXP 	Probe: autoDraw = True
74.5351 	EXP 	Device response: <KeyPress from None: t=74.52886710001621, value=z, duration=None>
74.5356 	EXP 	New trial (rep=8, index=0): <Trial 32 (0 in rep 8) data={'Pos': np.int64(-50), 'corr_resp': 'x', 'thisN': 32, 'thisTrialN': 0, 'thisRepN': 8}>
74.5376 	DATA 	Keypress: z
74.5535 	EXP 	Fixation: autoDraw = False
74.5535 	EXP 	Line1: autoDraw = False
74.5535 	EXP 	Line2: autoDraw = False
74.5535 	EXP 	Line3: autoDraw = False
74.5535 	EXP 	Line4: autoDraw = False
74.5535 	EXP 	Probe: autoDraw = False
74.5535 	EXP 	Fixation: autoDraw = True
74.6713 	EXP 	Device response: <KeyPress from None: t=65.28331379999872, value=z, duration=9.378734200028703>
75.5370 	EXP 	Line1: autoDraw = True
75.5370 	EXP 	Line2: autoDraw = True
75.5370 	EXP 	Line3: autoDraw = True
75.5370 	EXP 	Line4: autoDraw = True
75.5519 	EXP 	Fixation: autoDraw = False
76.5346 	INFO 	Keyboard events cleared
76.5344 	EXP 	Probe: autoDraw = True
76.5685 	EXP 	Device response: <KeyPress from None: t=76.56094810005743, value=x, duration=None>
76.5690 	EXP 	New trial (rep=8, index=1): <Trial 33 (1 in rep 8) data={'Pos': np.int64(150), 'corr_resp': 'v', 'thisN': 33, 'thisTrialN': 1, 'thisRepN': 8}>
76.5709 	DATA 	Keypress: x
76.5866 	EXP 	Fixation: autoDraw = False
76.5866 	EXP 	Line1: autoDraw = False
76.5866 	EXP 	Line2: autoDraw = False
76.5866 	EXP 	Line3: autoDraw = False
76.5866 	EXP 	Line4: autoDraw = False
76.5866 	EXP 	Probe: autoDraw = False
76.5866 	EXP 	Fixation: autoDraw = True
76.6706 	EXP 	Device response: <KeyPress from None: t=76.56094810005743, value=x, duration=0.10006869991775602>
77.5699 	EXP 	Line1: autoDraw = True
77.5699 	EXP 	Line2: autoDraw = True
77.5699 	EXP 	Line3: autoDraw = True
77.5699 	EXP 	Line4: autoDraw = True
77.5845 	EXP 	Fixation: autoDraw = False
78.5853 	INFO 	Keyboard events cleared
78.5850 	EXP 	Probe: autoDraw = True
78.6847 	EXP 	Device response: <KeyPress from None: t=78.6840949000325, value=v, duration=None>
78.6852 	EXP 	New trial (rep=8, index=2): <Trial 34 (2 in rep 8) data={'Pos': np.int64(50), 'corr_resp': 'c', 'thisN': 34, 'thisTrialN': 2, 'thisRepN': 8}>
78.6868 	DATA 	Keypress: v
78.7030 	EXP 	Fixation: autoDraw = False
78.7030 	EXP 	Line1: autoDraw = False
78.7030 	EXP 	Line2: autoDraw = False
78.7030 	EXP 	Line3: autoDraw = False
78.7030 	EXP 	Line4: autoDraw = False
78.7030 	EXP 	Probe: autoDraw = False
78.7030 	EXP 	Fixation: autoDraw = True
78.8702 	EXP 	Device response: <KeyPress from None: t=78.6840949000325, value=v, duration=0.17810999997891486>
79.6862 	EXP 	Line1: autoDraw = True
79.6862 	EXP 	Line2: autoDraw = True
79.6862 	EXP 	Line3: autoDraw = True
79.6862 	EXP 	Line4: autoDraw = True
79.7012 	EXP 	Fixation: autoDraw = False
80.6847 	INFO 	Keyboard events cleared
80.6845 	EXP 	Probe: autoDraw = True
80.9536 	DATA 	Keypress: c
80.9684 	EXP 	Device response: <KeyPress from None: t=80.95209170004819, value=c, duration=None>
80.9689 	EXP 	New trial (rep=8, index=3): <Trial 35 (3 in rep 8) data={'Pos': np.int64(-150), 'corr_resp': 'z', 'thisN': 35, 'thisTrialN': 3, 'thisRepN': 8}>
80.9870 	EXP 	Fixation: autoDraw = False
80.9870 	EXP 	Line1: autoDraw = False
80.9870 	EXP 	Line2: autoDraw = False
80.9870 	EXP 	Line3: autoDraw = False
80.9870 	EXP 	Line4: autoDraw = False
80.9870 	EXP 	Probe: autoDraw = False
80.9870 	EXP 	Fixation: autoDraw = True
81.1037 	EXP 	Device response: <KeyPress from None: t=80.95209170004819, value=c, duration=0.13846779998857528>
81.9704 	EXP 	Line1: autoDraw = True
81.9704 	EXP 	Line2: autoDraw = True
81.9704 	EXP 	Line3: autoDraw = True
81.9704 	EXP 	Line4: autoDraw = True
81.9845 	EXP 	Fixation: autoDraw = False
82.9348 	EXP 	Device response: <KeyPress from None: t=82.93306589999702, value=z, duration=None>
82.9374 	DATA 	Keypress: z
82.9843 	INFO 	Keyboard events cleared
82.9842 	EXP 	Probe: autoDraw = True
83.1017 	EXP 	Device response: <KeyPress from None: t=74.52886710001621, value=z, duration=8.566864200052805>
83.2849 	EXP 	Device response: <KeyPress from None: t=83.2750041000545, value=z, duration=None>
83.2854 	EXP 	New trial (rep=9, index=0): <Trial 36 (0 in rep 9) data={'Pos': np.int64(-50), 'corr_resp': 'x', 'thisN': 36, 'thisTrialN': 0, 'thisRepN': 9}>
83.2876 	DATA 	Keypress: z
83.3039 	EXP 	Fixation: autoDraw = False
83.3039 	EXP 	Line1: autoDraw = False
83.3039 	EXP 	Line2: autoDraw = False
83.3039 	EXP 	Line3: autoDraw = False
83.3039 	EXP 	Line4: autoDraw = False
83.3039 	EXP 	Probe: autoDraw = False
83.3039 	EXP 	Fixation: autoDraw = True
83.3878 	EXP 	Device response: <KeyPress from None: t=82.93306589999702, value=z, duration=0.4540013000369072>
84.2862 	EXP 	Line1: autoDraw = True
84.2862 	EXP 	Line2: autoDraw = True
84.2862 	EXP 	Line3: autoDraw = True
84.2862 	EXP 	Line4: autoDraw = True
84.3177 	EXP 	Fixation: autoDraw = False
85.2845 	INFO 	Keyboard events cleared
85.2844 	EXP 	Probe: autoDraw = True
85.7345 	EXP 	Device response: <KeyPress from None: t=85.72054140002001, value=x, duration=None>
85.7348 	EXP 	New trial (rep=9, index=1): <Trial 37 (1 in rep 9) data={'Pos': np.int64(150), 'corr_resp': 'v', 'thisN': 37, 'thisTrialN': 1, 'thisRepN': 9}>
85.7361 	DATA 	Keypress: x
85.7526 	EXP 	Fixation: autoDraw = False
85.7526 	EXP 	Line1: autoDraw = False
85.7526 	EXP 	Line2: autoDraw = False
85.7526 	EXP 	Line3: autoDraw = False
85.7526 	EXP 	Line4: autoDraw = False
85.7526 	EXP 	Probe: autoDraw = False
85.7526 	EXP 	Fixation: autoDraw = True
85.8208 	EXP 	Device response: <KeyPress from None: t=85.72054140002001, value=x, duration=0.09826040000189096>
86.7363 	EXP 	Line1: autoDraw = True
86.7363 	EXP 	Line2: autoDraw = True
86.7363 	EXP 	Line3: autoDraw = True
86.7363 	EXP 	Line4: autoDraw = True
86.7513 	EXP 	Fixation: autoDraw = False
87.7343 	INFO 	Keyboard events cleared
87.7341 	EXP 	Probe: autoDraw = True
87.8018 	EXP 	Device response: <KeyPress from None: t=87.79606339999009, value=v, duration=None>
87.8022 	EXP 	New trial (rep=9, index=2): <Trial 38 (2 in rep 9) data={'Pos': np.int64(50), 'corr_resp': 'c', 'thisN': 38, 'thisTrialN': 2, 'thisRepN': 9}>
87.8040 	DATA 	Keypress: v
87.8193 	EXP 	Fixation: autoDraw = False
87.8193 	EXP 	Line1: autoDraw = False
87.8193 	EXP 	Line2: autoDraw = False
87.8193 	EXP 	Line3: autoDraw = False
87.8193 	EXP 	Line4: autoDraw = False
87.8193 	EXP 	Probe: autoDraw = False
87.8193 	EXP 	Fixation: autoDraw = True
88.0037 	EXP 	Device response: <KeyPress from None: t=87.79606339999009, value=v, duration=0.19556550006382167>
88.8028 	EXP 	Line1: autoDraw = True
88.8028 	EXP 	Line2: autoDraw = True
88.8028 	EXP 	Line3: autoDraw = True
88.8028 	EXP 	Line4: autoDraw = True
88.8178 	EXP 	Fixation: autoDraw = False
89.8025 	INFO 	Keyboard events cleared
89.8022 	EXP 	Probe: autoDraw = True
89.8047 	DATA 	Keypress: c
90.3017 	EXP 	Device response: <KeyPress from None: t=90.29384830000345, value=c, duration=None>
90.3022 	EXP 	New trial (rep=9, index=3): <Trial 39 (3 in rep 9) data={'Pos': np.int64(-150), 'corr_resp': 'z', 'thisN': 39, 'thisTrialN': 3, 'thisRepN': 9}>
90.3040 	DATA 	Keypress: c
90.3196 	EXP 	Fixation: autoDraw = False
90.3196 	EXP 	Line1: autoDraw = False
90.3196 	EXP 	Line2: autoDraw = False
90.3196 	EXP 	Line3: autoDraw = False
90.3196 	EXP 	Line4: autoDraw = False
90.3196 	EXP 	Probe: autoDraw = False
90.3196 	EXP 	Fixation: autoDraw = True
90.4702 	EXP 	Device response: <KeyPress from None: t=90.29384830000345, value=c, duration=0.1608657999895513>
91.3030 	EXP 	Line1: autoDraw = True
91.3030 	EXP 	Line2: autoDraw = True
91.3030 	EXP 	Line3: autoDraw = True
91.3030 	EXP 	Line4: autoDraw = True
91.3178 	EXP 	Fixation: autoDraw = False
92.3179 	INFO 	Keyboard events cleared
92.3177 	EXP 	Probe: autoDraw = True
92.5708 	DATA 	Keypress: z
92.5848 	EXP 	Device response: <KeyPress from None: t=92.56901380000636, value=z, duration=None>
92.5853 	EXP 	New trial (rep=10, index=0): <Trial 40 (0 in rep 10) data={'Pos': np.int64(-50), 'corr_resp': 'x', 'thisN': 40, 'thisTrialN': 0, 'thisRepN': 10}>
92.6030 	EXP 	Fixation: autoDraw = False
92.6030 	EXP 	Line1: autoDraw = False
92.6030 	EXP 	Line2: autoDraw = False
92.6030 	EXP 	Line3: autoDraw = False
92.6030 	EXP 	Line4: autoDraw = False
92.6030 	EXP 	Probe: autoDraw = False
92.6030 	EXP 	Fixation: autoDraw = True
92.6868 	EXP 	Device response: <KeyPress from None: t=83.2750041000545, value=z, duration=9.404571000020951>
93.5862 	EXP 	Line1: autoDraw = True
93.5862 	EXP 	Line2: autoDraw = True
93.5862 	EXP 	Line3: autoDraw = True
93.5862 	EXP 	Line4: autoDraw = True
93.6010 	EXP 	Fixation: autoDraw = False
94.6009 	INFO 	Keyboard events cleared
94.6007 	EXP 	Probe: autoDraw = True
94.9019 	EXP 	Device response: <KeyPress from None: t=94.89704349997919, value=x, duration=None>
94.9024 	EXP 	New trial (rep=10, index=1): <Trial 41 (1 in rep 10) data={'Pos': np.int64(150), 'corr_resp': 'v', 'thisN': 41, 'thisTrialN': 1, 'thisRepN': 10}>
94.9040 	DATA 	Keypress: x
94.9195 	EXP 	Fixation: autoDraw = False
94.9195 	EXP 	Line1: autoDraw = False
94.9195 	EXP 	Line2: autoDraw = False
94.9195 	EXP 	Line3: autoDraw = False
94.9195 	EXP 	Line4: autoDraw = False
94.9195 	EXP 	Probe: autoDraw = False
94.9195 	EXP 	Fixation: autoDraw = True
94.9533 	EXP 	Device response: <KeyPress from None: t=94.89704349997919, value=x, duration=0.05354350002016872>
95.9029 	EXP 	Line1: autoDraw = True
95.9029 	EXP 	Line2: autoDraw = True
95.9029 	EXP 	Line3: autoDraw = True
95.9029 	EXP 	Line4: autoDraw = True
95.9174 	EXP 	Fixation: autoDraw = False
96.9180 	INFO 	Keyboard events cleared
96.9178 	EXP 	Probe: autoDraw = True
96.9346 	EXP 	Device response: <KeyPress from None: t=96.93207950005308, value=v, duration=None>
96.9351 	EXP 	New trial (rep=10, index=2): <Trial 42 (2 in rep 10) data={'Pos': np.int64(50), 'corr_resp': 'c', 'thisN': 42, 'thisTrialN': 2, 'thisRepN': 10}>
96.9371 	DATA 	Keypress: v
96.9528 	EXP 	Fixation: autoDraw = False
96.9528 	EXP 	Line1: autoDraw = False
96.9528 	EXP 	Line2: autoDraw = False
96.9528 	EXP 	Line3: autoDraw = False
96.9528 	EXP 	Line4: autoDraw = False
96.9528 	EXP 	Probe: autoDraw = False
96.9528 	EXP 	Fixation: autoDraw = True
97.1375 	EXP 	Device response: <KeyPress from None: t=96.93207950005308, value=v, duration=0.19658629992045462>
97.9361 	EXP 	Line1: autoDraw = True
97.9361 	EXP 	Line2: autoDraw = True
97.9361 	EXP 	Line3: autoDraw = True
97.9361 	EXP 	Line4: autoDraw = True
97.9509 	EXP 	Fixation: autoDraw = False
98.9349 	INFO 	Keyboard events cleared
98.9347 	EXP 	Probe: autoDraw = True
99.2013 	EXP 	Device response: <KeyPress from None: t=99.19027730007656, value=c, duration=None>
99.2018 	EXP 	New trial (rep=10, index=3): <Trial 43 (3 in rep 10) data={'Pos': np.int64(-150), 'corr_resp': 'z', 'thisN': 43, 'thisTrialN': 3, 'thisRepN': 10}>
99.2047 	DATA 	Keypress: c
99.2190 	EXP 	Fixation: autoDraw = False
99.2190 	EXP 	Line1: autoDraw = False
99.2190 	EXP 	Line2: autoDraw = False
99.2190 	EXP 	Line3: autoDraw = False
99.2190 	EXP 	Line4: autoDraw = False
99.2190 	EXP 	Probe: autoDraw = False
99.2190 	EXP 	Fixation: autoDraw = True
99.3033 	EXP 	Device response: <KeyPress from None: t=99.19027730007656, value=c, duration=0.10423289996106178>
100.2028 	EXP 	Line1: autoDraw = True
100.2028 	EXP 	Line2: autoDraw = True
100.2028 	EXP 	Line3: autoDraw = True
100.2028 	EXP 	Line4: autoDraw = True
100.2172 	EXP 	Fixation: autoDraw = False
101.2007 	INFO 	Keyboard events cleared
101.2005 	EXP 	Probe: autoDraw = True
101.3678 	EXP 	Device response: <KeyPress from None: t=101.3602715000743, value=z, duration=None>
101.3683 	EXP 	New trial (rep=11, index=0): <Trial 44 (0 in rep 11) data={'Pos': np.int64(-50), 'corr_resp': 'x', 'thisN': 44, 'thisTrialN': 0, 'thisRepN': 11}>
101.3704 	DATA 	Keypress: z
101.3858 	EXP 	Fixation: autoDraw = False
101.3858 	EXP 	Line1: autoDraw = False
101.3858 	EXP 	Line2: autoDraw = False
101.3858 	EXP 	Line3: autoDraw = False
101.3858 	EXP 	Line4: autoDraw = False
101.3858 	EXP 	Probe: autoDraw = False
101.3858 	EXP 	Fixation: autoDraw = True
101.5033 	EXP 	Device response: <KeyPress from None: t=92.56901380000636, value=z, duration=8.928401199984364>
102.3694 	EXP 	Line1: autoDraw = True
102.3694 	EXP 	Line2: autoDraw = True
102.3694 	EXP 	Line3: autoDraw = True
102.3694 	EXP 	Line4: autoDraw = True
102.3841 	EXP 	Fixation: autoDraw = False
103.3673 	INFO 	Keyboard events cleared
103.3671 	EXP 	Probe: autoDraw = True
103.3844 	EXP 	Device response: <KeyPress from None: t=103.37084360001609, value=x, duration=None>
103.3849 	EXP 	New trial (rep=11, index=1): <Trial 45 (1 in rep 11) data={'Pos': np.int64(150), 'corr_resp': 'v', 'thisN': 45, 'thisTrialN': 1, 'thisRepN': 11}>
103.3865 	DATA 	Keypress: x
103.4023 	EXP 	Fixation: autoDraw = False
103.4023 	EXP 	Line1: autoDraw = False
103.4023 	EXP 	Line2: autoDraw = False
103.4023 	EXP 	Line3: autoDraw = False
103.4023 	EXP 	Line4: autoDraw = False
103.4023 	EXP 	Probe: autoDraw = False
103.4023 	EXP 	Fixation: autoDraw = True
103.4863 	EXP 	Device response: <KeyPress from None: t=103.37084360001609, value=x, duration=0.09976020001340657>
104.3858 	EXP 	Line1: autoDraw = True
104.3858 	EXP 	Line2: autoDraw = True
104.3858 	EXP 	Line3: autoDraw = True
104.3858 	EXP 	Line4: autoDraw = True
104.4008 	EXP 	Fixation: autoDraw = False
105.3840 	INFO 	Keyboard events cleared
105.3838 	EXP 	Probe: autoDraw = True
105.4843 	EXP 	Device response: <KeyPress from None: t=105.48375860007945, value=v, duration=None>
105.4849 	EXP 	New trial (rep=11, index=2): <Trial 46 (2 in rep 11) data={'Pos': np.int64(50), 'corr_resp': 'c', 'thisN': 46, 'thisTrialN': 2, 'thisRepN': 11}>
105.4867 	DATA 	Keypress: v
105.5024 	EXP 	Fixation: autoDraw = False
105.5024 	EXP 	Line1: autoDraw = False
105.5024 	EXP 	Line2: autoDraw = False
105.5024 	EXP 	Line3: autoDraw = False
105.5024 	EXP 	Line4: autoDraw = False
105.5024 	EXP 	Probe: autoDraw = False
105.5024 	EXP 	Fixation: autoDraw = True
105.6701 	EXP 	Device response: <KeyPress from None: t=105.48375860007945, value=v, duration=0.17000559996813536>
106.4859 	EXP 	Line1: autoDraw = True
106.4859 	EXP 	Line2: autoDraw = True
106.4859 	EXP 	Line3: autoDraw = True
106.4859 	EXP 	Line4: autoDraw = True
106.5009 	EXP 	Fixation: autoDraw = False
107.4043 	DATA 	Keypress: c
107.4178 	EXP 	Device response: <KeyPress from None: t=107.40314700000454, value=c, duration=None>
107.4511 	EXP 	Device response: <KeyPress from None: t=107.40314700000454, value=c, duration=0.04124090005643666>
107.4841 	INFO 	Keyboard events cleared
107.4840 	EXP 	Probe: autoDraw = True
107.7513 	EXP 	Device response: <KeyPress from None: t=107.73748800007161, value=c, duration=None>
107.7518 	EXP 	New trial (rep=11, index=3): <Trial 47 (3 in rep 11) data={'Pos': np.int64(-150), 'corr_resp': 'z', 'thisN': 47, 'thisTrialN': 3, 'thisRepN': 11}>
107.7537 	DATA 	Keypress: c
107.7691 	EXP 	Fixation: autoDraw = False
107.7691 	EXP 	Line1: autoDraw = False
107.7691 	EXP 	Line2: autoDraw = False
107.7691 	EXP 	Line3: autoDraw = False
107.7691 	EXP 	Line4: autoDraw = False
107.7691 	EXP 	Probe: autoDraw = False
107.7691 	EXP 	Fixation: autoDraw = True
107.8197 	EXP 	Device response: <KeyPress from None: t=107.73748800007161, value=c, duration=0.06620989996008575>
108.7531 	EXP 	Line1: autoDraw = True
108.7531 	EXP 	Line2: autoDraw = True
108.7531 	EXP 	Line3: autoDraw = True
108.7531 	EXP 	Line4: autoDraw = True
108.7670 	EXP 	Fixation: autoDraw = False
109.7509 	INFO 	Keyboard events cleared
109.7507 	EXP 	Probe: autoDraw = True
110.0012 	EXP 	Device response: <KeyPress from None: t=109.99758000008296, value=z, duration=None>
110.0017 	EXP 	New trial (rep=12, index=0): <Trial 48 (0 in rep 12) data={'Pos': np.int64(-50), 'corr_resp': 'x', 'thisN': 48, 'thisTrialN': 0, 'thisRepN': 12}>
110.0034 	DATA 	Keypress: z
110.0190 	EXP 	Fixation: autoDraw = False
110.0190 	EXP 	Line1: autoDraw = False
110.0190 	EXP 	Line2: autoDraw = False
110.0190 	EXP 	Line3: autoDraw = False
110.0190 	EXP 	Line4: autoDraw = False
110.0190 	EXP 	Probe: autoDraw = False
110.0190 	EXP 	Fixation: autoDraw = True
110.0526 	EXP 	Device response: <KeyPress from None: t=101.3602715000743, value=z, duration=8.686716199968942>
111.0024 	EXP 	Line1: autoDraw = True
111.0024 	EXP 	Line2: autoDraw = True
111.0024 	EXP 	Line3: autoDraw = True
111.0024 	EXP 	Line4: autoDraw = True
111.0172 	EXP 	Fixation: autoDraw = False
112.0176 	INFO 	Keyboard events cleared
112.0174 	EXP 	Probe: autoDraw = True
112.5340 	EXP 	Device response: <KeyPress from None: t=112.52061000000685, value=x, duration=None>
112.5346 	EXP 	New trial (rep=12, index=1): <Trial 49 (1 in rep 12) data={'Pos': np.int64(150), 'corr_resp': 'v', 'thisN': 49, 'thisTrialN': 1, 'thisRepN': 12}>
112.5363 	DATA 	Keypress: x
112.5523 	EXP 	Fixation: autoDraw = False
112.5523 	EXP 	Line1: autoDraw = False
112.5523 	EXP 	Line2: autoDraw = False
112.5523 	EXP 	Line3: autoDraw = False
112.5523 	EXP 	Line4: autoDraw = False
112.5523 	EXP 	Probe: autoDraw = False
112.5523 	EXP 	Fixation: autoDraw = True
112.6196 	EXP 	Device response: <KeyPress from None: t=112.52061000000685, value=x, duration=0.08314840006642044>
113.5360 	EXP 	Line1: autoDraw = True
113.5360 	EXP 	Line2: autoDraw = True
113.5360 	EXP 	Line3: autoDraw = True
113.5360 	EXP 	Line4: autoDraw = True
113.5503 	EXP 	Fixation: autoDraw = False
114.5344 	INFO 	Keyboard events cleared
114.5342 	EXP 	Probe: autoDraw = True
115.0528 	DATA 	Keypress: v
115.0677 	EXP 	Device response: <KeyPress from None: t=115.05053770006634, value=v, duration=None>
115.0682 	EXP 	New trial (rep=12, index=2): <Trial 50 (2 in rep 12) data={'Pos': np.int64(50), 'corr_resp': 'c', 'thisN': 50, 'thisTrialN': 2, 'thisRepN': 12}>
115.0857 	EXP 	Fixation: autoDraw = False
115.0857 	EXP 	Line1: autoDraw = False
115.0857 	EXP 	Line2: autoDraw = False
115.0857 	EXP 	Line3: autoDraw = False
115.0857 	EXP 	Line4: autoDraw = False
115.0857 	EXP 	Probe: autoDraw = False
115.0857 	EXP 	Fixation: autoDraw = True
115.2361 	EXP 	Device response: <KeyPress from None: t=115.05053770006634, value=v, duration=0.17762959992978722>
116.0689 	EXP 	Line1: autoDraw = True
116.0689 	EXP 	Line2: autoDraw = True
116.0689 	EXP 	Line3: autoDraw = True
116.0689 	EXP 	Line4: autoDraw = True
116.0835 	EXP 	Fixation: autoDraw = False
117.0675 	INFO 	Keyboard events cleared
117.0673 	EXP 	Probe: autoDraw = True
117.5505 	EXP 	Device response: <KeyPress from None: t=117.54990980005823, value=c, duration=None>
117.5510 	EXP 	New trial (rep=12, index=3): <Trial 51 (3 in rep 12) data={'Pos': np.int64(-150), 'corr_resp': 'z', 'thisN': 51, 'thisTrialN': 3, 'thisRepN': 12}>
117.5525 	DATA 	Keypress: c
117.5688 	EXP 	Fixation: autoDraw = False
117.5688 	EXP 	Line1: autoDraw = False
117.5688 	EXP 	Line2: autoDraw = False
117.5688 	EXP 	Line3: autoDraw = False
117.5688 	EXP 	Line4: autoDraw = False
117.5688 	EXP 	Probe: autoDraw = False
117.5688 	EXP 	Fixation: autoDraw = True
117.7031 	EXP 	Device response: <KeyPress from None: t=117.54990980005823, value=c, duration=0.1390735999448225>
118.5522 	EXP 	Line1: autoDraw = True
118.5522 	EXP 	Line2: autoDraw = True
118.5522 	EXP 	Line3: autoDraw = True
118.5522 	EXP 	Line4: autoDraw = True
118.5668 	EXP 	Fixation: autoDraw = False
119.4680 	EXP 	Device response: <KeyPress from None: t=119.46445730002597, value=z, duration=None>
119.4698 	DATA 	Keypress: z
119.5505 	INFO 	Keyboard events cleared
119.5504 	EXP 	Probe: autoDraw = True
119.6838 	EXP 	Device response: <KeyPress from None: t=109.99758000008296, value=z, duration=9.671819299925119>
119.7840 	EXP 	Device response: <KeyPress from None: t=119.78095729998313, value=z, duration=None>
119.7845 	EXP 	New trial (rep=13, index=0): <Trial 52 (0 in rep 13) data={'Pos': np.int64(-50), 'corr_resp': 'x', 'thisN': 52, 'thisTrialN': 0, 'thisRepN': 13}>
119.7861 	DATA 	Keypress: z
119.8022 	EXP 	Fixation: autoDraw = False
119.8022 	EXP 	Line1: autoDraw = False
119.8022 	EXP 	Line2: autoDraw = False
119.8022 	EXP 	Line3: autoDraw = False
119.8022 	EXP 	Line4: autoDraw = False
119.8022 	EXP 	Probe: autoDraw = False
119.8022 	EXP 	Fixation: autoDraw = True
119.9365 	EXP 	Device response: <KeyPress from None: t=119.46445730002597, value=z, duration=0.47139840002637357>
120.7853 	EXP 	Line1: autoDraw = True
120.7853 	EXP 	Line2: autoDraw = True
120.7853 	EXP 	Line3: autoDraw = True
120.7853 	EXP 	Line4: autoDraw = True
120.8001 	EXP 	Fixation: autoDraw = False
121.7171 	EXP 	Device response: <KeyPress from None: t=121.7165053000208, value=x, duration=None>
121.7188 	DATA 	Keypress: x
121.8001 	INFO 	Keyboard events cleared
121.7999 	EXP 	Probe: autoDraw = True
121.8682 	EXP 	Device response: <KeyPress from None: t=121.7165053000208, value=x, duration=0.14786899997852743>
122.0174 	EXP 	Device response: <KeyPress from None: t=122.01181669998914, value=x, duration=None>
122.0179 	EXP 	New trial (rep=13, index=1): <Trial 53 (1 in rep 13) data={'Pos': np.int64(150), 'corr_resp': 'v', 'thisN': 53, 'thisTrialN': 1, 'thisRepN': 13}>
122.0196 	DATA 	Keypress: x
122.0353 	EXP 	Fixation: autoDraw = False
122.0353 	EXP 	Line1: autoDraw = False
122.0353 	EXP 	Line2: autoDraw = False
122.0353 	EXP 	Line3: autoDraw = False
122.0353 	EXP 	Line4: autoDraw = False
122.0353 	EXP 	Probe: autoDraw = False
122.0353 	EXP 	Fixation: autoDraw = True
122.1360 	EXP 	Device response: <KeyPress from None: t=122.01181669998914, value=x, duration=0.12037650006823242>
123.0189 	EXP 	Line1: autoDraw = True
123.0189 	EXP 	Line2: autoDraw = True
123.0189 	EXP 	Line3: autoDraw = True
123.0189 	EXP 	Line4: autoDraw = True
123.0334 	EXP 	Fixation: autoDraw = False
124.0334 	INFO 	Keyboard events cleared
124.0332 	EXP 	Probe: autoDraw = True
124.4010 	EXP 	Device response: <KeyPress from None: t=124.39603549998719, value=v, duration=None>
124.4015 	EXP 	New trial (rep=13, index=2): <Trial 54 (2 in rep 13) data={'Pos': np.int64(50), 'corr_resp': 'c', 'thisN': 54, 'thisTrialN': 2, 'thisRepN': 13}>
124.4032 	DATA 	Keypress: v
124.4186 	EXP 	Fixation: autoDraw = False
124.4186 	EXP 	Line1: autoDraw = False
124.4186 	EXP 	Line2: autoDraw = False
124.4186 	EXP 	Line3: autoDraw = False
124.4186 	EXP 	Line4: autoDraw = False
124.4186 	EXP 	Probe: autoDraw = False
124.4186 	EXP 	Fixation: autoDraw = True
124.6196 	EXP 	Device response: <KeyPress from None: t=124.39603549998719, value=v, duration=0.20842630008701235>
125.4021 	EXP 	Line1: autoDraw = True
125.4021 	EXP 	Line2: autoDraw = True
125.4021 	EXP 	Line3: autoDraw = True
125.4021 	EXP 	Line4: autoDraw = True
125.4169 	EXP 	Fixation: autoDraw = False
126.4001 	INFO 	Keyboard events cleared
126.3999 	EXP 	Probe: autoDraw = True
126.7173 	EXP 	Device response: <KeyPress from None: t=126.70842020004056, value=c, duration=None>
126.7179 	EXP 	New trial (rep=13, index=3): <Trial 55 (3 in rep 13) data={'Pos': np.int64(-150), 'corr_resp': 'z', 'thisN': 55, 'thisTrialN': 3, 'thisRepN': 13}>
126.7197 	DATA 	Keypress: c
126.7349 	EXP 	Fixation: autoDraw = False
126.7349 	EXP 	Line1: autoDraw = False
126.7349 	EXP 	Line2: autoDraw = False
126.7349 	EXP 	Line3: autoDraw = False
126.7349 	EXP 	Line4: autoDraw = False
126.7349 	EXP 	Probe: autoDraw = False
126.7349 	EXP 	Fixation: autoDraw = True
126.8533 	EXP 	Device response: <KeyPress from None: t=126.70842020004056, value=c, duration=0.13248250004835427>
127.7185 	EXP 	Line1: autoDraw = True
127.7185 	EXP 	Line2: autoDraw = True
127.7185 	EXP 	Line3: autoDraw = True
127.7185 	EXP 	Line4: autoDraw = True
127.7338 	EXP 	Fixation: autoDraw = False
128.7335 	INFO 	Keyboard events cleared
128.7333 	EXP 	Probe: autoDraw = True
128.9006 	EXP 	Device response: <KeyPress from None: t=128.89755910006352, value=z, duration=None>
128.9011 	EXP 	New trial (rep=14, index=0): <Trial 56 (0 in rep 14) data={'Pos': np.int64(-50), 'corr_resp': 'x', 'thisN': 56, 'thisTrialN': 0, 'thisRepN': 14}>
128.9033 	DATA 	Keypress: z
128.9189 	EXP 	Fixation: autoDraw = False
128.9189 	EXP 	Line1: autoDraw = False
128.9189 	EXP 	Line2: autoDraw = False
128.9189 	EXP 	Line3: autoDraw = False
128.9189 	EXP 	Line4: autoDraw = False
128.9189 	EXP 	Probe: autoDraw = False
128.9189 	EXP 	Fixation: autoDraw = True
129.0522 	EXP 	Device response: <KeyPress from None: t=119.78095729998313, value=z, duration=9.267232200014405>
129.9017 	EXP 	Line1: autoDraw = True
129.9017 	EXP 	Line2: autoDraw = True
129.9017 	EXP 	Line3: autoDraw = True
129.9017 	EXP 	Line4: autoDraw = True
129.9171 	EXP 	Fixation: autoDraw = False
130.9167 	INFO 	Keyboard events cleared
130.9166 	EXP 	Probe: autoDraw = True
131.3672 	EXP 	Device response: <KeyPress from None: t=131.35486660001334, value=x, duration=None>
131.3679 	EXP 	New trial (rep=14, index=1): <Trial 57 (1 in rep 14) data={'Pos': np.int64(150), 'corr_resp': 'v', 'thisN': 57, 'thisTrialN': 1, 'thisRepN': 14}>
131.3697 	DATA 	Keypress: x
131.3851 	EXP 	Fixation: autoDraw = False
131.3851 	EXP 	Line1: autoDraw = False
131.3851 	EXP 	Line2: autoDraw = False
131.3851 	EXP 	Line3: autoDraw = False
131.3851 	EXP 	Line4: autoDraw = False
131.3851 	EXP 	Probe: autoDraw = False
131.3851 	EXP 	Fixation: autoDraw = True
131.4522 	EXP 	Device response: <KeyPress from None: t=131.35486660001334, value=x, duration=0.08738479996100068>
132.3686 	EXP 	Line1: autoDraw = True
132.3686 	EXP 	Line2: autoDraw = True
132.3686 	EXP 	Line3: autoDraw = True
132.3686 	EXP 	Line4: autoDraw = True
132.3830 	EXP 	Fixation: autoDraw = False
133.3835 	INFO 	Keyboard events cleared
133.3832 	EXP 	Probe: autoDraw = True
133.5669 	EXP 	Device response: <KeyPress from None: t=133.56326149997767, value=v, duration=None>
133.5673 	EXP 	New trial (rep=14, index=2): <Trial 58 (2 in rep 14) data={'Pos': np.int64(50), 'corr_resp': 'c', 'thisN': 58, 'thisTrialN': 2, 'thisRepN': 14}>
133.5689 	DATA 	Keypress: v
133.5852 	EXP 	Fixation: autoDraw = False
133.5852 	EXP 	Line1: autoDraw = False
133.5852 	EXP 	Line2: autoDraw = False
133.5852 	EXP 	Line3: autoDraw = False
133.5852 	EXP 	Line4: autoDraw = False
133.5852 	EXP 	Probe: autoDraw = False
133.5852 	EXP 	Fixation: autoDraw = True
133.7526 	EXP 	Device response: <KeyPress from None: t=133.56326149997767, value=v, duration=0.17351530003361404>
134.5684 	EXP 	Line1: autoDraw = True
134.5684 	EXP 	Line2: autoDraw = True
134.5684 	EXP 	Line3: autoDraw = True
134.5684 	EXP 	Line4: autoDraw = True
134.5830 	EXP 	Fixation: autoDraw = False
135.5667 	INFO 	Keyboard events cleared
135.5666 	EXP 	Probe: autoDraw = True
135.7341 	EXP 	Device response: <KeyPress from None: t=135.72826930007432, value=c, duration=None>
135.7350 	EXP 	New trial (rep=14, index=3): <Trial 59 (3 in rep 14) data={'Pos': np.int64(-150), 'corr_resp': 'z', 'thisN': 59, 'thisTrialN': 3, 'thisRepN': 14}>
135.7367 	DATA 	Keypress: c
135.7514 	EXP 	Fixation: autoDraw = False
135.7514 	EXP 	Line1: autoDraw = False
135.7514 	EXP 	Line2: autoDraw = False
135.7514 	EXP 	Line3: autoDraw = False
135.7514 	EXP 	Line4: autoDraw = False
135.7514 	EXP 	Probe: autoDraw = False
135.7514 	EXP 	Fixation: autoDraw = True
135.8853 	EXP 	Device response: <KeyPress from None: t=135.72826930007432, value=c, duration=0.14733939990401268>
136.7348 	EXP 	Line1: autoDraw = True
136.7348 	EXP 	Line2: autoDraw = True
136.7348 	EXP 	Line3: autoDraw = True
136.7348 	EXP 	Line4: autoDraw = True
136.7502 	EXP 	Fixation: autoDraw = False
137.7497 	INFO 	Keyboard events cleared
137.7495 	EXP 	Probe: autoDraw = True
137.9520 	DATA 	Keypress: z
137.9672 	EXP 	Device response: <KeyPress from None: t=137.95022610004526, value=z, duration=None>
137.9676 	EXP 	New trial (rep=15, index=0): <Trial 60 (0 in rep 15) data={'Pos': np.int64(-50), 'corr_resp': 'x', 'thisN': 60, 'thisTrialN': 0, 'thisRepN': 15}>
137.9847 	EXP 	Fixation: autoDraw = False
137.9847 	EXP 	Line1: autoDraw = False
137.9847 	EXP 	Line2: autoDraw = False
137.9847 	EXP 	Line3: autoDraw = False
137.9847 	EXP 	Line4: autoDraw = False
137.9847 	EXP 	Probe: autoDraw = False
137.9847 	EXP 	Fixation: autoDraw = True
138.1354 	EXP 	Device response: <KeyPress from None: t=128.89755910006352, value=z, duration=9.231159699964337>
138.9686 	EXP 	Line1: autoDraw = True
138.9686 	EXP 	Line2: autoDraw = True
138.9686 	EXP 	Line3: autoDraw = True
138.9686 	EXP 	Line4: autoDraw = True
138.9829 	EXP 	Fixation: autoDraw = False
139.9664 	INFO 	Keyboard events cleared
139.9662 	EXP 	Probe: autoDraw = True
140.1331 	EXP 	Device response: <KeyPress from None: t=140.12718090007547, value=x, duration=None>
140.1336 	EXP 	New trial (rep=15, index=1): <Trial 61 (1 in rep 15) data={'Pos': np.int64(150), 'corr_resp': 'v', 'thisN': 61, 'thisTrialN': 1, 'thisRepN': 15}>
140.1358 	DATA 	Keypress: x
140.1515 	EXP 	Fixation: autoDraw = False
140.1515 	EXP 	Line1: autoDraw = False
140.1515 	EXP 	Line2: autoDraw = False
140.1515 	EXP 	Line3: autoDraw = False
140.1515 	EXP 	Line4: autoDraw = False
140.1515 	EXP 	Probe: autoDraw = False
140.1515 	EXP 	Fixation: autoDraw = True
140.2022 	EXP 	Device response: <KeyPress from None: t=140.12718090007547, value=x, duration=0.06340859993360937>
141.1353 	EXP 	Line1: autoDraw = True
141.1353 	EXP 	Line2: autoDraw = True
141.1353 	EXP 	Line3: autoDraw = True
141.1353 	EXP 	Line4: autoDraw = True
141.1494 	EXP 	Fixation: autoDraw = False
142.0668 	EXP 	Device response: <KeyPress from None: t=142.06553730007727, value=v, duration=None>
142.0690 	DATA 	Keypress: v
142.1327 	INFO 	Keyboard events cleared
142.1325 	EXP 	Probe: autoDraw = True
142.2333 	EXP 	Device response: <KeyPress from None: t=142.06553730007727, value=v, duration=0.15665059990715235>
142.3668 	EXP 	Device response: <KeyPress from None: t=142.3643740999978, value=v, duration=None>
142.3672 	EXP 	New trial (rep=15, index=2): <Trial 62 (2 in rep 15) data={'Pos': np.int64(50), 'corr_resp': 'c', 'thisN': 62, 'thisTrialN': 2, 'thisRepN': 15}>
142.3691 	DATA 	Keypress: v
142.3846 	EXP 	Fixation: autoDraw = False
142.3846 	EXP 	Line1: autoDraw = False
142.3846 	EXP 	Line2: autoDraw = False
142.3846 	EXP 	Line3: autoDraw = False
142.3846 	EXP 	Line4: autoDraw = False
142.3846 	EXP 	Probe: autoDraw = False
142.3846 	EXP 	Fixation: autoDraw = True
142.5354 	EXP 	Device response: <KeyPress from None: t=142.3643740999978, value=v, duration=0.160396600025706>
143.3688 	EXP 	Line1: autoDraw = True
143.3688 	EXP 	Line2: autoDraw = True
143.3688 	EXP 	Line3: autoDraw = True
143.3688 	EXP 	Line4: autoDraw = True
143.3827 	EXP 	Fixation: autoDraw = False
144.3827 	INFO 	Keyboard events cleared
144.3825 	EXP 	Probe: autoDraw = True
144.6014 	DATA 	Keypress: c
144.6162 	EXP 	Device response: <KeyPress from None: t=144.6009426000528, value=c, duration=None>
144.6166 	EXP 	New trial (rep=15, index=3): <Trial 63 (3 in rep 15) data={'Pos': np.int64(-150), 'corr_resp': 'z', 'thisN': 63, 'thisTrialN': 3, 'thisRepN': 15}>
144.6350 	EXP 	Fixation: autoDraw = False
144.6350 	EXP 	Line1: autoDraw = False
144.6350 	EXP 	Line2: autoDraw = False
144.6350 	EXP 	Line3: autoDraw = False
144.6350 	EXP 	Line4: autoDraw = False
144.6350 	EXP 	Probe: autoDraw = False
144.6350 	EXP 	Fixation: autoDraw = True
144.7519 	EXP 	Device response: <KeyPress from None: t=144.6009426000528, value=c, duration=0.1438259999267757>
145.6179 	EXP 	Line1: autoDraw = True
145.6179 	EXP 	Line2: autoDraw = True
145.6179 	EXP 	Line3: autoDraw = True
145.6179 	EXP 	Line4: autoDraw = True
145.6324 	EXP 	Fixation: autoDraw = False
146.5495 	EXP 	Device response: <KeyPress from None: t=146.54849339998327, value=z, duration=None>
146.5510 	DATA 	Keypress: z
146.6159 	INFO 	Keyboard events cleared
146.6158 	EXP 	Probe: autoDraw = True
146.6996 	EXP 	Device response: <KeyPress from None: t=137.95022610004526, value=z, duration=8.735237799934112>
146.8665 	EXP 	Device response: <KeyPress from None: t=146.85880779998843, value=z, duration=None>
146.8669 	EXP 	New trial (rep=16, index=0): <Trial 64 (0 in rep 16) data={'Pos': np.int64(-50), 'corr_resp': 'x', 'thisN': 64, 'thisTrialN': 0, 'thisRepN': 16}>
146.8687 	DATA 	Keypress: z
146.8843 	EXP 	Fixation: autoDraw = False
146.8843 	EXP 	Line1: autoDraw = False
146.8843 	EXP 	Line2: autoDraw = False
146.8843 	EXP 	Line3: autoDraw = False
146.8843 	EXP 	Line4: autoDraw = False
146.8843 	EXP 	Probe: autoDraw = False
146.8843 	EXP 	Fixation: autoDraw = True
146.9850 	EXP 	Device response: <KeyPress from None: t=146.54849339998327, value=z, duration=0.42166490003000945>
147.8682 	EXP 	Line1: autoDraw = True
147.8682 	EXP 	Line2: autoDraw = True
147.8682 	EXP 	Line3: autoDraw = True
147.8682 	EXP 	Line4: autoDraw = True
147.8826 	EXP 	Fixation: autoDraw = False
148.8661 	INFO 	Keyboard events cleared
148.8659 	EXP 	Probe: autoDraw = True
149.1999 	EXP 	Device response: <KeyPress from None: t=149.1960636000149, value=x, duration=None>
149.2005 	EXP 	New trial (rep=16, index=1): <Trial 65 (1 in rep 16) data={'Pos': np.int64(150), 'corr_resp': 'v', 'thisN': 65, 'thisTrialN': 1, 'thisRepN': 16}>
149.2029 	DATA 	Keypress: x
149.2180 	EXP 	Fixation: autoDraw = False
149.2180 	EXP 	Line1: autoDraw = False
149.2180 	EXP 	Line2: autoDraw = False
149.2180 	EXP 	Line3: autoDraw = False
149.2180 	EXP 	Line4: autoDraw = False
149.2180 	EXP 	Probe: autoDraw = False
149.2180 	EXP 	Fixation: autoDraw = True
149.3186 	EXP 	Device response: <KeyPress from None: t=149.1960636000149, value=x, duration=0.10693620005622506>
150.2012 	EXP 	Line1: autoDraw = True
150.2012 	EXP 	Line2: autoDraw = True
150.2012 	EXP 	Line3: autoDraw = True
150.2012 	EXP 	Line4: autoDraw = True
150.2158 	EXP 	Fixation: autoDraw = False
151.2159 	INFO 	Keyboard events cleared
151.2157 	EXP 	Probe: autoDraw = True
151.6998 	EXP 	Device response: <KeyPress from None: t=151.690834500012, value=v, duration=None>
151.7002 	EXP 	New trial (rep=16, index=2): <Trial 66 (2 in rep 16) data={'Pos': np.int64(50), 'corr_resp': 'c', 'thisN': 66, 'thisTrialN': 2, 'thisRepN': 16}>
151.7019 	DATA 	Keypress: v
151.7181 	EXP 	Fixation: autoDraw = False
151.7181 	EXP 	Line1: autoDraw = False
151.7181 	EXP 	Line2: autoDraw = False
151.7181 	EXP 	Line3: autoDraw = False
151.7181 	EXP 	Line4: autoDraw = False
151.7181 	EXP 	Probe: autoDraw = False
151.7181 	EXP 	Fixation: autoDraw = True
151.8850 	EXP 	Device response: <KeyPress from None: t=151.690834500012, value=v, duration=0.18016220000572503>
152.7011 	EXP 	Line1: autoDraw = True
152.7011 	EXP 	Line2: autoDraw = True
152.7011 	EXP 	Line3: autoDraw = True
152.7011 	EXP 	Line4: autoDraw = True
152.7162 	EXP 	Fixation: autoDraw = False
153.6996 	INFO 	Keyboard events cleared
153.6994 	EXP 	Probe: autoDraw = True
154.0168 	EXP 	Device response: <KeyPress from None: t=154.00740170001518, value=c, duration=None>
154.0175 	EXP 	New trial (rep=16, index=3): <Trial 67 (3 in rep 16) data={'Pos': np.int64(-150), 'corr_resp': 'z', 'thisN': 67, 'thisTrialN': 3, 'thisRepN': 16}>
154.0192 	DATA 	Keypress: c
154.0344 	EXP 	Fixation: autoDraw = False
154.0344 	EXP 	Line1: autoDraw = False
154.0344 	EXP 	Line2: autoDraw = False
154.0344 	EXP 	Line3: autoDraw = False
154.0344 	EXP 	Line4: autoDraw = False
154.0344 	EXP 	Probe: autoDraw = False
154.0344 	EXP 	Fixation: autoDraw = True
154.1186 	EXP 	Device response: <KeyPress from None: t=154.00740170001518, value=c, duration=0.09417679999023676>
155.0183 	EXP 	Line1: autoDraw = True
155.0183 	EXP 	Line2: autoDraw = True
155.0183 	EXP 	Line3: autoDraw = True
155.0183 	EXP 	Line4: autoDraw = True
155.0330 	EXP 	Fixation: autoDraw = False
156.0160 	INFO 	Keyboard events cleared
156.0158 	EXP 	Probe: autoDraw = True
156.2826 	EXP 	Device response: <KeyPress from None: t=156.2802864999976, value=z, duration=None>
156.2833 	EXP 	New trial (rep=17, index=0): <Trial 68 (0 in rep 17) data={'Pos': np.int64(-50), 'corr_resp': 'x', 'thisN': 68, 'thisTrialN': 0, 'thisRepN': 17}>
156.2863 	DATA 	Keypress: z
156.3009 	EXP 	Fixation: autoDraw = False
156.3009 	EXP 	Line1: autoDraw = False
156.3009 	EXP 	Line2: autoDraw = False
156.3009 	EXP 	Line3: autoDraw = False
156.3009 	EXP 	Line4: autoDraw = False
156.3009 	EXP 	Probe: autoDraw = False
156.3009 	EXP 	Fixation: autoDraw = True
156.4350 	EXP 	Device response: <KeyPress from None: t=146.85880779998843, value=z, duration=9.559540900052525>
157.2841 	EXP 	Line1: autoDraw = True
157.2841 	EXP 	Line2: autoDraw = True
157.2841 	EXP 	Line3: autoDraw = True
157.2841 	EXP 	Line4: autoDraw = True
157.2989 	EXP 	Fixation: autoDraw = False
158.2826 	INFO 	Keyboard events cleared
158.2825 	EXP 	Probe: autoDraw = True
158.5665 	EXP 	Device response: <KeyPress from None: t=158.55247210001107, value=x, duration=None>
158.5670 	EXP 	New trial (rep=17, index=1): <Trial 69 (1 in rep 17) data={'Pos': np.int64(150), 'corr_resp': 'v', 'thisN': 69, 'thisTrialN': 1, 'thisRepN': 17}>
158.5692 	DATA 	Keypress: x
158.5852 	EXP 	Fixation: autoDraw = False
158.5852 	EXP 	Line1: autoDraw = False
158.5852 	EXP 	Line2: autoDraw = False
158.5852 	EXP 	Line3: autoDraw = False
158.5852 	EXP 	Line4: autoDraw = False
158.5852 	EXP 	Probe: autoDraw = False
158.5852 	EXP 	Fixation: autoDraw = True
158.6691 	EXP 	Device response: <KeyPress from None: t=158.55247210001107, value=x, duration=0.1024195000063628>
159.5675 	EXP 	Line1: autoDraw = True
159.5675 	EXP 	Line2: autoDraw = True
159.5675 	EXP 	Line3: autoDraw = True
159.5675 	EXP 	Line4: autoDraw = True
159.5991 	EXP 	Fixation: autoDraw = False
160.5663 	INFO 	Keyboard events cleared
160.5662 	EXP 	Probe: autoDraw = True
160.6995 	EXP 	Device response: <KeyPress from None: t=160.69266180007253, value=v, duration=None>
160.7000 	EXP 	New trial (rep=17, index=2): <Trial 70 (2 in rep 17) data={'Pos': np.int64(50), 'corr_resp': 'c', 'thisN': 70, 'thisTrialN': 2, 'thisRepN': 17}>
160.7016 	DATA 	Keypress: v
160.7177 	EXP 	Fixation: autoDraw = False
160.7177 	EXP 	Line1: autoDraw = False
160.7177 	EXP 	Line2: autoDraw = False
160.7177 	EXP 	Line3: autoDraw = False
160.7177 	EXP 	Line4: autoDraw = False
160.7177 	EXP 	Probe: autoDraw = False
160.7177 	EXP 	Fixation: autoDraw = True
160.9347 	EXP 	Device response: <KeyPress from None: t=160.69266180007253, value=v, duration=0.2300413999473676>
161.7014 	EXP 	Line1: autoDraw = True
161.7014 	EXP 	Line2: autoDraw = True
161.7014 	EXP 	Line3: autoDraw = True
161.7014 	EXP 	Line4: autoDraw = True
161.7159 	EXP 	Fixation: autoDraw = False
162.6995 	INFO 	Keyboard events cleared
162.6993 	EXP 	Probe: autoDraw = True
162.9830 	EXP 	Device response: <KeyPress from None: t=162.97461849998217, value=c, duration=None>
162.9835 	EXP 	New trial (rep=17, index=3): <Trial 71 (3 in rep 17) data={'Pos': np.int64(-150), 'corr_resp': 'z', 'thisN': 71, 'thisTrialN': 3, 'thisRepN': 17}>
162.9855 	DATA 	Keypress: c
163.0010 	EXP 	Fixation: autoDraw = False
163.0010 	EXP 	Line1: autoDraw = False
163.0010 	EXP 	Line2: autoDraw = False
163.0010 	EXP 	Line3: autoDraw = False
163.0010 	EXP 	Line4: autoDraw = False
163.0010 	EXP 	Probe: autoDraw = False
163.0010 	EXP 	Fixation: autoDraw = True
163.0846 	EXP 	Device response: <KeyPress from None: t=162.97461849998217, value=c, duration=0.09415460005402565>
163.9845 	EXP 	Line1: autoDraw = True
163.9845 	EXP 	Line2: autoDraw = True
163.9845 	EXP 	Line3: autoDraw = True
163.9845 	EXP 	Line4: autoDraw = True
163.9992 	EXP 	Fixation: autoDraw = False
164.9824 	INFO 	Keyboard events cleared
164.9821 	EXP 	Probe: autoDraw = True
165.2327 	EXP 	Device response: <KeyPress from None: t=165.22022780007683, value=z, duration=None>
165.2336 	EXP 	New trial (rep=18, index=0): <Trial 72 (0 in rep 18) data={'Pos': np.int64(-50), 'corr_resp': 'x', 'thisN': 72, 'thisTrialN': 0, 'thisRepN': 18}>
165.2354 	DATA 	Keypress: z
165.2508 	EXP 	Fixation: autoDraw = False
165.2508 	EXP 	Line1: autoDraw = False
165.2508 	EXP 	Line2: autoDraw = False
165.2508 	EXP 	Line3: autoDraw = False
165.2508 	EXP 	Line4: autoDraw = False
165.2508 	EXP 	Probe: autoDraw = False
165.2508 	EXP 	Fixation: autoDraw = True
165.3185 	EXP 	Device response: <KeyPress from None: t=156.2802864999976, value=z, duration=9.0212443000637>
166.2343 	EXP 	Line1: autoDraw = True
166.2343 	EXP 	Line2: autoDraw = True
166.2343 	EXP 	Line3: autoDraw = True
166.2343 	EXP 	Line4: autoDraw = True
166.2496 	EXP 	Fixation: autoDraw = False
167.2492 	INFO 	Keyboard events cleared
167.2490 	EXP 	Probe: autoDraw = True
167.5167 	EXP 	Device response: <KeyPress from None: t=167.5106298000319, value=x, duration=None>
167.5171 	EXP 	New trial (rep=18, index=1): <Trial 73 (1 in rep 18) data={'Pos': np.int64(150), 'corr_resp': 'v', 'thisN': 73, 'thisTrialN': 1, 'thisRepN': 18}>
167.5189 	DATA 	Keypress: x
167.5341 	EXP 	Fixation: autoDraw = False
167.5341 	EXP 	Line1: autoDraw = False
167.5341 	EXP 	Line2: autoDraw = False
167.5341 	EXP 	Line3: autoDraw = False
167.5341 	EXP 	Line4: autoDraw = False
167.5341 	EXP 	Probe: autoDraw = False
167.5341 	EXP 	Fixation: autoDraw = True
167.5680 	EXP 	Device response: <KeyPress from None: t=167.5106298000319, value=x, duration=0.04632279998622835>
168.5171 	EXP 	Line1: autoDraw = True
168.5171 	EXP 	Line2: autoDraw = True
168.5171 	EXP 	Line3: autoDraw = True
168.5171 	EXP 	Line4: autoDraw = True
168.5321 	EXP 	Fixation: autoDraw = False
169.5157 	INFO 	Keyboard events cleared
169.5154 	EXP 	Probe: autoDraw = True
170.0853 	DATA 	Keypress: v
170.0993 	EXP 	Device response: <KeyPress from None: t=170.0847665000474, value=v, duration=None>
170.0998 	EXP 	New trial (rep=18, index=2): <Trial 74 (2 in rep 18) data={'Pos': np.int64(50), 'corr_resp': 'c', 'thisN': 74, 'thisTrialN': 2, 'thisRepN': 18}>
170.1176 	EXP 	Fixation: autoDraw = False
170.1176 	EXP 	Line1: autoDraw = False
170.1176 	EXP 	Line2: autoDraw = False
170.1176 	EXP 	Line3: autoDraw = False
170.1176 	EXP 	Line4: autoDraw = False
170.1176 	EXP 	Probe: autoDraw = False
170.1176 	EXP 	Fixation: autoDraw = True
170.2190 	EXP 	Device response: <KeyPress from None: t=170.0847665000474, value=v, duration=0.13354850001633167>
171.1013 	EXP 	Line1: autoDraw = True
171.1013 	EXP 	Line2: autoDraw = True
171.1013 	EXP 	Line3: autoDraw = True
171.1013 	EXP 	Line4: autoDraw = True
171.1154 	EXP 	Fixation: autoDraw = False
172.0991 	INFO 	Keyboard events cleared
172.0989 	EXP 	Probe: autoDraw = True
172.3346 	DATA 	Keypress: c
172.3492 	EXP 	Device response: <KeyPress from None: t=172.33208870003, value=c, duration=None>
172.3501 	EXP 	New trial (rep=18, index=3): <Trial 75 (3 in rep 18) data={'Pos': np.int64(-150), 'corr_resp': 'z', 'thisN': 75, 'thisTrialN': 3, 'thisRepN': 18}>
172.3676 	EXP 	Fixation: autoDraw = False
172.3676 	EXP 	Line1: autoDraw = False
172.3676 	EXP 	Line2: autoDraw = False
172.3676 	EXP 	Line3: autoDraw = False
172.3676 	EXP 	Line4: autoDraw = False
172.3676 	EXP 	Probe: autoDraw = False
172.3676 	EXP 	Fixation: autoDraw = True
172.4845 	EXP 	Device response: <KeyPress from None: t=172.33208870003, value=c, duration=0.14349399995990098>
173.3508 	EXP 	Line1: autoDraw = True
173.3508 	EXP 	Line2: autoDraw = True
173.3508 	EXP 	Line3: autoDraw = True
173.3508 	EXP 	Line4: autoDraw = True
173.3660 	EXP 	Fixation: autoDraw = False
174.3657 	INFO 	Keyboard events cleared
174.3655 	EXP 	Probe: autoDraw = True
174.6157 	EXP 	Device response: <KeyPress from None: t=174.6128841000609, value=z, duration=None>
174.6162 	EXP 	New trial (rep=19, index=0): <Trial 76 (0 in rep 19) data={'Pos': np.int64(-50), 'corr_resp': 'x', 'thisN': 76, 'thisTrialN': 0, 'thisRepN': 19}>
174.6183 	DATA 	Keypress: z
174.6339 	EXP 	Fixation: autoDraw = False
174.6339 	EXP 	Line1: autoDraw = False
174.6339 	EXP 	Line2: autoDraw = False
174.6339 	EXP 	Line3: autoDraw = False
174.6339 	EXP 	Line4: autoDraw = False
174.6339 	EXP 	Probe: autoDraw = False
174.6339 	EXP 	Fixation: autoDraw = True
174.7180 	EXP 	Device response: <KeyPress from None: t=165.22022780007683, value=z, duration=9.48590659990441>
175.6174 	EXP 	Line1: autoDraw = True
175.6174 	EXP 	Line2: autoDraw = True
175.6174 	EXP 	Line3: autoDraw = True
175.6174 	EXP 	Line4: autoDraw = True
175.6318 	EXP 	Fixation: autoDraw = False
176.6155 	INFO 	Keyboard events cleared
176.6153 	EXP 	Probe: autoDraw = True
176.9657 	EXP 	Device response: <KeyPress from None: t=176.96476490003988, value=x, duration=None>
176.9662 	EXP 	New trial (rep=19, index=1): <Trial 77 (1 in rep 19) data={'Pos': np.int64(150), 'corr_resp': 'v', 'thisN': 77, 'thisTrialN': 1, 'thisRepN': 19}>
176.9679 	DATA 	Keypress: x
176.9839 	EXP 	Fixation: autoDraw = False
176.9839 	EXP 	Line1: autoDraw = False
176.9839 	EXP 	Line2: autoDraw = False
176.9839 	EXP 	Line3: autoDraw = False
176.9839 	EXP 	Line4: autoDraw = False
176.9839 	EXP 	Probe: autoDraw = False
176.9839 	EXP 	Fixation: autoDraw = True
177.0682 	EXP 	Device response: <KeyPress from None: t=176.96476490003988, value=x, duration=0.1003402000060305>
177.9670 	EXP 	Line1: autoDraw = True
177.9670 	EXP 	Line2: autoDraw = True
177.9670 	EXP 	Line3: autoDraw = True
177.9670 	EXP 	Line4: autoDraw = True
177.9815 	EXP 	Fixation: autoDraw = False
178.9825 	INFO 	Keyboard events cleared
178.9823 	EXP 	Probe: autoDraw = True
179.2490 	EXP 	Device response: <KeyPress from None: t=179.24377050006296, value=v, duration=None>
179.2495 	EXP 	New trial (rep=19, index=2): <Trial 78 (2 in rep 19) data={'Pos': np.int64(50), 'corr_resp': 'c', 'thisN': 78, 'thisTrialN': 2, 'thisRepN': 19}>
179.2518 	DATA 	Keypress: v
179.2675 	EXP 	Fixation: autoDraw = False
179.2675 	EXP 	Line1: autoDraw = False
179.2675 	EXP 	Line2: autoDraw = False
179.2675 	EXP 	Line3: autoDraw = False
179.2675 	EXP 	Line4: autoDraw = False
179.2675 	EXP 	Probe: autoDraw = False
179.2675 	EXP 	Fixation: autoDraw = True
179.4011 	EXP 	Device response: <KeyPress from None: t=179.24377050006296, value=v, duration=0.1464036999968812>
180.2508 	EXP 	Line1: autoDraw = True
180.2508 	EXP 	Line2: autoDraw = True
180.2508 	EXP 	Line3: autoDraw = True
180.2508 	EXP 	Line4: autoDraw = True
180.2651 	EXP 	Fixation: autoDraw = False
181.2494 	INFO 	Keyboard events cleared
181.2492 	EXP 	Probe: autoDraw = True
181.6488 	EXP 	Device response: <KeyPress from None: t=181.64829949999694, value=c, duration=None>
181.6493 	EXP 	New trial (rep=19, index=3): <Trial 79 (3 in rep 19) data={'Pos': np.int64(-150), 'corr_resp': 'z', 'thisN': 79, 'thisTrialN': 3, 'thisRepN': 19}>
181.6510 	DATA 	Keypress: c
181.6669 	EXP 	Fixation: autoDraw = False
181.6669 	EXP 	Line1: autoDraw = False
181.6669 	EXP 	Line2: autoDraw = False
181.6669 	EXP 	Line3: autoDraw = False
181.6669 	EXP 	Line4: autoDraw = False
181.6669 	EXP 	Probe: autoDraw = False
181.6669 	EXP 	Fixation: autoDraw = True
181.8345 	EXP 	Device response: <KeyPress from None: t=181.64829949999694, value=c, duration=0.17589379998389632>
182.6511 	EXP 	Line1: autoDraw = True
182.6511 	EXP 	Line2: autoDraw = True
182.6511 	EXP 	Line3: autoDraw = True
182.6511 	EXP 	Line4: autoDraw = True
182.6651 	EXP 	Fixation: autoDraw = False
183.6487 	INFO 	Keyboard events cleared
183.6484 	EXP 	Probe: autoDraw = True
183.8990 	EXP 	Device response: <KeyPress from None: t=183.8931440000888, value=z, duration=None>
183.8999 	EXP 	New trial (rep=20, index=0): <Trial 80 (0 in rep 20) data={'Pos': np.int64(-50), 'corr_resp': 'x', 'thisN': 80, 'thisTrialN': 0, 'thisRepN': 20}>
183.9022 	DATA 	Keypress: z
183.9178 	EXP 	Fixation: autoDraw = False
183.9178 	EXP 	Line1: autoDraw = False
183.9178 	EXP 	Line2: autoDraw = False
183.9178 	EXP 	Line3: autoDraw = False
183.9178 	EXP 	Line4: autoDraw = False
183.9178 	EXP 	Probe: autoDraw = False
183.9178 	EXP 	Fixation: autoDraw = True
184.0341 	EXP 	Device response: <KeyPress from None: t=174.6128841000609, value=z, duration=9.406031799968332>
184.9004 	EXP 	Line1: autoDraw = True
184.9004 	EXP 	Line2: autoDraw = True
184.9004 	EXP 	Line3: autoDraw = True
184.9004 	EXP 	Line4: autoDraw = True
184.9158 	EXP 	Fixation: autoDraw = False
185.9153 	INFO 	Keyboard events cleared
185.9151 	EXP 	Probe: autoDraw = True
186.2329 	EXP 	Device response: <KeyPress from None: t=186.22267250006553, value=x, duration=None>
186.2334 	EXP 	New trial (rep=20, index=1): <Trial 81 (1 in rep 20) data={'Pos': np.int64(150), 'corr_resp': 'v', 'thisN': 81, 'thisTrialN': 1, 'thisRepN': 20}>
186.2352 	DATA 	Keypress: x
186.2501 	EXP 	Fixation: autoDraw = False
186.2501 	EXP 	Line1: autoDraw = False
186.2501 	EXP 	Line2: autoDraw = False
186.2501 	EXP 	Line3: autoDraw = False
186.2501 	EXP 	Line4: autoDraw = False
186.2501 	EXP 	Probe: autoDraw = False
186.2501 	EXP 	Fixation: autoDraw = True
186.3014 	EXP 	Device response: <KeyPress from None: t=186.22267250006553, value=x, duration=0.07725169998593628>
187.2335 	EXP 	Line1: autoDraw = True
187.2335 	EXP 	Line2: autoDraw = True
187.2335 	EXP 	Line3: autoDraw = True
187.2335 	EXP 	Line4: autoDraw = True
187.2491 	EXP 	Fixation: autoDraw = False
188.2489 	INFO 	Keyboard events cleared
188.2488 	EXP 	Probe: autoDraw = True
188.4993 	EXP 	Device response: <KeyPress from None: t=188.4982275000075, value=v, duration=None>
188.4998 	EXP 	New trial (rep=20, index=2): <Trial 82 (2 in rep 20) data={'Pos': np.int64(50), 'corr_resp': 'c', 'thisN': 82, 'thisTrialN': 2, 'thisRepN': 20}>
188.5019 	DATA 	Keypress: v
188.5169 	EXP 	Fixation: autoDraw = False
188.5169 	EXP 	Line1: autoDraw = False
188.5169 	EXP 	Line2: autoDraw = False
188.5169 	EXP 	Line3: autoDraw = False
188.5169 	EXP 	Line4: autoDraw = False
188.5169 	EXP 	Probe: autoDraw = False
188.5169 	EXP 	Fixation: autoDraw = True
188.7341 	EXP 	Device response: <KeyPress from None: t=188.4982275000075, value=v, duration=0.2321802000515163>
189.5000 	EXP 	Line1: autoDraw = True
189.5000 	EXP 	Line2: autoDraw = True
189.5000 	EXP 	Line3: autoDraw = True
189.5000 	EXP 	Line4: autoDraw = True
189.5152 	EXP 	Fixation: autoDraw = False
190.5151 	INFO 	Keyboard events cleared
190.5149 	EXP 	Probe: autoDraw = True
190.7654 	EXP 	Device response: <KeyPress from None: t=190.76189429999795, value=c, duration=None>
190.7659 	EXP 	New trial (rep=20, index=3): <Trial 83 (3 in rep 20) data={'Pos': np.int64(-150), 'corr_resp': 'z', 'thisN': 83, 'thisTrialN': 3, 'thisRepN': 20}>
190.7676 	DATA 	Keypress: c
190.7842 	EXP 	Fixation: autoDraw = False
190.7842 	EXP 	Line1: autoDraw = False
190.7842 	EXP 	Line2: autoDraw = False
190.7842 	EXP 	Line3: autoDraw = False
190.7842 	EXP 	Line4: autoDraw = False
190.7842 	EXP 	Probe: autoDraw = False
190.7842 	EXP 	Fixation: autoDraw = True
190.8838 	EXP 	Device response: <KeyPress from None: t=190.76189429999795, value=c, duration=0.11237580003216863>
191.7667 	EXP 	Line1: autoDraw = True
191.7667 	EXP 	Line2: autoDraw = True
191.7667 	EXP 	Line3: autoDraw = True
191.7667 	EXP 	Line4: autoDraw = True
191.7815 	EXP 	Fixation: autoDraw = False
192.7486 	EXP 	Device response: <KeyPress from None: t=192.7412719000131, value=z, duration=None>
192.7512 	DATA 	Keypress: z
192.7816 	INFO 	Keyboard events cleared
192.7814 	EXP 	Probe: autoDraw = True
192.8653 	EXP 	Device response: <KeyPress from None: t=183.8931440000888, value=z, duration=8.967699299915694>
193.0178 	DATA 	Keypress: z
193.0319 	EXP 	Device response: <KeyPress from None: t=193.01666540000588, value=z, duration=None>
193.0324 	EXP 	New trial (rep=21, index=0): <Trial 84 (0 in rep 21) data={'Pos': np.int64(-50), 'corr_resp': 'x', 'thisN': 84, 'thisTrialN': 0, 'thisRepN': 21}>
193.0501 	EXP 	Fixation: autoDraw = False
193.0501 	EXP 	Line1: autoDraw = False
193.0501 	EXP 	Line2: autoDraw = False
193.0501 	EXP 	Line3: autoDraw = False
193.0501 	EXP 	Line4: autoDraw = False
193.0501 	EXP 	Probe: autoDraw = False
193.0501 	EXP 	Fixation: autoDraw = True
193.1342 	EXP 	Device response: <KeyPress from None: t=192.7412719000131, value=z, duration=0.3873163000680506>
194.0341 	EXP 	Line1: autoDraw = True
194.0341 	EXP 	Line2: autoDraw = True
194.0341 	EXP 	Line3: autoDraw = True
194.0341 	EXP 	Line4: autoDraw = True
194.0483 	EXP 	Fixation: autoDraw = False
195.0316 	INFO 	Keyboard events cleared
195.0314 	EXP 	Probe: autoDraw = True
195.3488 	EXP 	Device response: <KeyPress from None: t=195.33530690008774, value=x, duration=None>
195.3493 	EXP 	New trial (rep=21, index=1): <Trial 85 (1 in rep 21) data={'Pos': np.int64(150), 'corr_resp': 'v', 'thisN': 85, 'thisTrialN': 1, 'thisRepN': 21}>
195.3510 	DATA 	Keypress: x
195.3668 	EXP 	Fixation: autoDraw = False
195.3668 	EXP 	Line1: autoDraw = False
195.3668 	EXP 	Line2: autoDraw = False
195.3668 	EXP 	Line3: autoDraw = False
195.3668 	EXP 	Line4: autoDraw = False
195.3668 	EXP 	Probe: autoDraw = False
195.3668 	EXP 	Fixation: autoDraw = True
195.4340 	EXP 	Device response: <KeyPress from None: t=195.33530690008774, value=x, duration=0.08901609992608428>
196.3501 	EXP 	Line1: autoDraw = True
196.3501 	EXP 	Line2: autoDraw = True
196.3501 	EXP 	Line3: autoDraw = True
196.3501 	EXP 	Line4: autoDraw = True
196.3649 	EXP 	Fixation: autoDraw = False
197.3651 	INFO 	Keyboard events cleared
197.3648 	EXP 	Probe: autoDraw = True
197.6985 	EXP 	Device response: <KeyPress from None: t=197.6973226000555, value=v, duration=None>
197.6990 	EXP 	New trial (rep=21, index=2): <Trial 86 (2 in rep 21) data={'Pos': np.int64(50), 'corr_resp': 'c', 'thisN': 86, 'thisTrialN': 2, 'thisRepN': 21}>
197.7006 	DATA 	Keypress: v
197.7167 	EXP 	Fixation: autoDraw = False
197.7167 	EXP 	Line1: autoDraw = False
197.7167 	EXP 	Line2: autoDraw = False
197.7167 	EXP 	Line3: autoDraw = False
197.7167 	EXP 	Line4: autoDraw = False
197.7167 	EXP 	Probe: autoDraw = False
197.7167 	EXP 	Fixation: autoDraw = True
197.9174 	EXP 	Device response: <KeyPress from None: t=197.6973226000555, value=v, duration=0.20906299992930144>
198.7004 	EXP 	Line1: autoDraw = True
198.7004 	EXP 	Line2: autoDraw = True
198.7004 	EXP 	Line3: autoDraw = True
198.7004 	EXP 	Line4: autoDraw = True
198.7146 	EXP 	Fixation: autoDraw = False
199.6983 	INFO 	Keyboard events cleared
199.6982 	EXP 	Probe: autoDraw = True
199.9652 	EXP 	Device response: <KeyPress from None: t=199.95380220003426, value=c, duration=None>
199.9657 	EXP 	New trial (rep=21, index=3): <Trial 87 (3 in rep 21) data={'Pos': np.int64(-150), 'corr_resp': 'z', 'thisN': 87, 'thisTrialN': 3, 'thisRepN': 21}>
199.9674 	DATA 	Keypress: c
199.9835 	EXP 	Fixation: autoDraw = False
199.9835 	EXP 	Line1: autoDraw = False
199.9835 	EXP 	Line2: autoDraw = False
199.9835 	EXP 	Line3: autoDraw = False
199.9835 	EXP 	Line4: autoDraw = False
199.9835 	EXP 	Probe: autoDraw = False
199.9835 	EXP 	Fixation: autoDraw = True
200.1004 	EXP 	Device response: <KeyPress from None: t=199.95380220003426, value=c, duration=0.13684159994591027>
200.9667 	EXP 	Line1: autoDraw = True
200.9667 	EXP 	Line2: autoDraw = True
200.9667 	EXP 	Line3: autoDraw = True
200.9667 	EXP 	Line4: autoDraw = True
200.9814 	EXP 	Fixation: autoDraw = False
201.9648 	INFO 	Keyboard events cleared
201.9646 	EXP 	Probe: autoDraw = True
202.2840 	DATA 	Keypress: z
202.2988 	EXP 	Device response: <KeyPress from None: t=202.2822997000767, value=z, duration=None>
202.2994 	EXP 	New trial (rep=22, index=0): <Trial 88 (0 in rep 22) data={'Pos': np.int64(-50), 'corr_resp': 'x', 'thisN': 88, 'thisTrialN': 0, 'thisRepN': 22}>
202.3165 	EXP 	Fixation: autoDraw = False
202.3165 	EXP 	Line1: autoDraw = False
202.3165 	EXP 	Line2: autoDraw = False
202.3165 	EXP 	Line3: autoDraw = False
202.3165 	EXP 	Line4: autoDraw = False
202.3165 	EXP 	Probe: autoDraw = False
202.3165 	EXP 	Fixation: autoDraw = True
202.4339 	EXP 	Device response: <KeyPress from None: t=193.01666540000588, value=z, duration=9.40104899997823>
203.2999 	EXP 	Line1: autoDraw = True
203.2999 	EXP 	Line2: autoDraw = True
203.2999 	EXP 	Line3: autoDraw = True
203.2999 	EXP 	Line4: autoDraw = True
203.3149 	EXP 	Fixation: autoDraw = False
204.3149 	INFO 	Keyboard events cleared
204.3147 	EXP 	Probe: autoDraw = True
204.6152 	EXP 	Device response: <KeyPress from None: t=204.60138850007206, value=x, duration=None>
204.6157 	EXP 	New trial (rep=22, index=1): <Trial 89 (1 in rep 22) data={'Pos': np.int64(150), 'corr_resp': 'v', 'thisN': 89, 'thisTrialN': 1, 'thisRepN': 22}>
204.6174 	DATA 	Keypress: x
204.6330 	EXP 	Fixation: autoDraw = False
204.6330 	EXP 	Line1: autoDraw = False
204.6330 	EXP 	Line2: autoDraw = False
204.6330 	EXP 	Line3: autoDraw = False
204.6330 	EXP 	Line4: autoDraw = False
204.6330 	EXP 	Probe: autoDraw = False
204.6330 	EXP 	Fixation: autoDraw = True
204.7171 	EXP 	Device response: <KeyPress from None: t=204.60138850007206, value=x, duration=0.10955229995306581>
205.6162 	EXP 	Line1: autoDraw = True
205.6162 	EXP 	Line2: autoDraw = True
205.6162 	EXP 	Line3: autoDraw = True
205.6162 	EXP 	Line4: autoDraw = True
205.6307 	EXP 	Fixation: autoDraw = False
206.6308 	INFO 	Keyboard events cleared
206.6306 	EXP 	Probe: autoDraw = True
206.9645 	EXP 	Device response: <KeyPress from None: t=206.95399140007794, value=v, duration=None>
206.9650 	EXP 	New trial (rep=22, index=2): <Trial 90 (2 in rep 22) data={'Pos': np.int64(50), 'corr_resp': 'c', 'thisN': 90, 'thisTrialN': 2, 'thisRepN': 22}>
206.9667 	DATA 	Keypress: v
206.9825 	EXP 	Fixation: autoDraw = False
206.9825 	EXP 	Line1: autoDraw = False
206.9825 	EXP 	Line2: autoDraw = False
206.9825 	EXP 	Line3: autoDraw = False
206.9825 	EXP 	Line4: autoDraw = False
206.9825 	EXP 	Probe: autoDraw = False
206.9825 	EXP 	Fixation: autoDraw = True
207.1836 	EXP 	Device response: <KeyPress from None: t=206.95399140007794, value=v, duration=0.2134546999586746>
207.9661 	EXP 	Line1: autoDraw = True
207.9661 	EXP 	Line2: autoDraw = True
207.9661 	EXP 	Line3: autoDraw = True
207.9661 	EXP 	Line4: autoDraw = True
207.9813 	EXP 	Fixation: autoDraw = False
208.9646 	INFO 	Keyboard events cleared
208.9644 	EXP 	Probe: autoDraw = True
209.1652 	EXP 	Device response: <KeyPress from None: t=209.15133260004222, value=c, duration=None>
209.1658 	EXP 	New trial (rep=22, index=3): <Trial 91 (3 in rep 22) data={'Pos': np.int64(-150), 'corr_resp': 'z', 'thisN': 91, 'thisTrialN': 3, 'thisRepN': 22}>
209.1676 	DATA 	Keypress: c
209.1828 	EXP 	Fixation: autoDraw = False
209.1828 	EXP 	Line1: autoDraw = False
209.1828 	EXP 	Line2: autoDraw = False
209.1828 	EXP 	Line3: autoDraw = False
209.1828 	EXP 	Line4: autoDraw = False
209.1828 	EXP 	Probe: autoDraw = False
209.1828 	EXP 	Fixation: autoDraw = True
209.3174 	EXP 	Device response: <KeyPress from None: t=209.15133260004222, value=c, duration=0.14958980004303157>
210.1663 	EXP 	Line1: autoDraw = True
210.1663 	EXP 	Line2: autoDraw = True
210.1663 	EXP 	Line3: autoDraw = True
210.1663 	EXP 	Line4: autoDraw = True
210.1812 	EXP 	Fixation: autoDraw = False
211.0834 	DATA 	Keypress: z
211.0984 	EXP 	Device response: <KeyPress from None: t=211.08123600005638, value=z, duration=None>
211.1811 	INFO 	Keyboard events cleared
211.1810 	EXP 	Probe: autoDraw = True
211.1984 	EXP 	Device response: <KeyPress from None: t=202.2822997000767, value=z, duration=8.911204400006682>
211.5649 	EXP 	Device response: <KeyPress from None: t=211.56049960001837, value=z, duration=None>
211.5654 	EXP 	New trial (rep=23, index=0): <Trial 92 (0 in rep 23) data={'Pos': np.int64(-50), 'corr_resp': 'x', 'thisN': 92, 'thisTrialN': 0, 'thisRepN': 23}>
211.5672 	DATA 	Keypress: z
211.5829 	EXP 	Fixation: autoDraw = False
211.5829 	EXP 	Line1: autoDraw = False
211.5829 	EXP 	Line2: autoDraw = False
211.5829 	EXP 	Line3: autoDraw = False
211.5829 	EXP 	Line4: autoDraw = False
211.5829 	EXP 	Probe: autoDraw = False
211.5829 	EXP 	Fixation: autoDraw = True
211.7336 	EXP 	Device response: <KeyPress from None: t=211.08123600005638, value=z, duration=0.6430248999968171>
212.5664 	EXP 	Line1: autoDraw = True
212.5664 	EXP 	Line2: autoDraw = True
212.5664 	EXP 	Line3: autoDraw = True
212.5664 	EXP 	Line4: autoDraw = True
212.5809 	EXP 	Fixation: autoDraw = False
213.5810 	INFO 	Keyboard events cleared
213.5808 	EXP 	Probe: autoDraw = True
213.8005 	DATA 	Keypress: x
213.8148 	EXP 	Device response: <KeyPress from None: t=213.79906310001388, value=x, duration=None>
213.8153 	EXP 	New trial (rep=23, index=1): <Trial 93 (1 in rep 23) data={'Pos': np.int64(150), 'corr_resp': 'v', 'thisN': 93, 'thisTrialN': 1, 'thisRepN': 23}>
213.8329 	EXP 	Fixation: autoDraw = False
213.8329 	EXP 	Line1: autoDraw = False
213.8329 	EXP 	Line2: autoDraw = False
213.8329 	EXP 	Line3: autoDraw = False
213.8329 	EXP 	Line4: autoDraw = False
213.8329 	EXP 	Probe: autoDraw = False
213.8329 	EXP 	Fixation: autoDraw = True
213.9174 	EXP 	Device response: <KeyPress from None: t=213.79906310001388, value=x, duration=0.1167155000148341>
214.8162 	EXP 	Line1: autoDraw = True
214.8162 	EXP 	Line2: autoDraw = True
214.8162 	EXP 	Line3: autoDraw = True
214.8162 	EXP 	Line4: autoDraw = True
214.8309 	EXP 	Fixation: autoDraw = False
215.8312 	INFO 	Keyboard events cleared
215.8310 	EXP 	Probe: autoDraw = True
215.9147 	EXP 	Device response: <KeyPress from None: t=215.908084900002, value=v, duration=None>
215.9152 	EXP 	New trial (rep=23, index=2): <Trial 94 (2 in rep 23) data={'Pos': np.int64(50), 'corr_resp': 'c', 'thisN': 94, 'thisTrialN': 2, 'thisRepN': 23}>
215.9169 	DATA 	Keypress: v
215.9328 	EXP 	Fixation: autoDraw = False
215.9328 	EXP 	Line1: autoDraw = False
215.9328 	EXP 	Line2: autoDraw = False
215.9328 	EXP 	Line3: autoDraw = False
215.9328 	EXP 	Line4: autoDraw = False
215.9328 	EXP 	Probe: autoDraw = False
215.9328 	EXP 	Fixation: autoDraw = True
216.1667 	EXP 	Device response: <KeyPress from None: t=215.908084900002, value=v, duration=0.254797299974598>
216.9160 	EXP 	Line1: autoDraw = True
216.9160 	EXP 	Line2: autoDraw = True
216.9160 	EXP 	Line3: autoDraw = True
216.9160 	EXP 	Line4: autoDraw = True
216.9306 	EXP 	Fixation: autoDraw = False
217.9305 	INFO 	Keyboard events cleared
217.9304 	EXP 	Probe: autoDraw = True
218.0808 	EXP 	Device response: <KeyPress from None: t=218.06989739998244, value=c, duration=None>
218.0810 	EXP 	New trial (rep=23, index=3): <Trial 95 (3 in rep 23) data={'Pos': np.int64(-150), 'corr_resp': 'z', 'thisN': 95, 'thisTrialN': 3, 'thisRepN': 23}>
218.0818 	DATA 	Keypress: c
218.0994 	EXP 	Fixation: autoDraw = False
218.0994 	EXP 	Line1: autoDraw = False
218.0994 	EXP 	Line2: autoDraw = False
218.0994 	EXP 	Line3: autoDraw = False
218.0994 	EXP 	Line4: autoDraw = False
218.0994 	EXP 	Probe: autoDraw = False
218.0994 	EXP 	Fixation: autoDraw = True
218.2002 	EXP 	Device response: <KeyPress from None: t=218.06989739998244, value=c, duration=0.12177890003658831>
219.0830 	EXP 	Line1: autoDraw = True
219.0830 	EXP 	Line2: autoDraw = True
219.0830 	EXP 	Line3: autoDraw = True
219.0830 	EXP 	Line4: autoDraw = True
219.0979 	EXP 	Fixation: autoDraw = False
220.0810 	INFO 	Keyboard events cleared
220.0807 	EXP 	Probe: autoDraw = True
220.1985 	EXP 	Device response: <KeyPress from None: t=220.1900886000367, value=z, duration=None>
220.1990 	EXP 	New trial (rep=24, index=0): <Trial 96 (0 in rep 24) data={'Pos': np.int64(-50), 'corr_resp': 'x', 'thisN': 96, 'thisTrialN': 0, 'thisRepN': 24}>
220.2007 	DATA 	Keypress: z
220.2158 	EXP 	Fixation: autoDraw = False
220.2158 	EXP 	Line1: autoDraw = False
220.2158 	EXP 	Line2: autoDraw = False
220.2158 	EXP 	Line3: autoDraw = False
220.2158 	EXP 	Line4: autoDraw = False
220.2158 	EXP 	Probe: autoDraw = False
220.2158 	EXP 	Fixation: autoDraw = True
220.3334 	EXP 	Device response: <KeyPress from None: t=211.56049960001837, value=z, duration=8.763049100060016>
221.1997 	EXP 	Line1: autoDraw = True
221.1997 	EXP 	Line2: autoDraw = True
221.1997 	EXP 	Line3: autoDraw = True
221.1997 	EXP 	Line4: autoDraw = True
221.2144 	EXP 	Fixation: autoDraw = False
222.2139 	INFO 	Keyboard events cleared
222.2138 	EXP 	Probe: autoDraw = True
222.2477 	EXP 	Device response: <KeyPress from None: t=222.24260790005792, value=x, duration=None>
222.2482 	EXP 	New trial (rep=24, index=1): <Trial 97 (1 in rep 24) data={'Pos': np.int64(150), 'corr_resp': 'v', 'thisN': 97, 'thisTrialN': 1, 'thisRepN': 24}>
222.2502 	DATA 	Keypress: x
222.2662 	EXP 	Fixation: autoDraw = False
222.2662 	EXP 	Line1: autoDraw = False
222.2662 	EXP 	Line2: autoDraw = False
222.2662 	EXP 	Line3: autoDraw = False
222.2662 	EXP 	Line4: autoDraw = False
222.2662 	EXP 	Probe: autoDraw = False
222.2662 	EXP 	Fixation: autoDraw = True
222.3503 	EXP 	Device response: <KeyPress from None: t=222.24260790005792, value=x, duration=0.09147919993847609>
223.2489 	EXP 	Line1: autoDraw = True
223.2489 	EXP 	Line2: autoDraw = True
223.2489 	EXP 	Line3: autoDraw = True
223.2489 	EXP 	Line4: autoDraw = True
223.2637 	EXP 	Fixation: autoDraw = False
223.9979 	EXP 	Device response: <KeyPress from None: t=223.9882963000564, value=b, duration=None>
223.9995 	DATA 	Keypress: b
224.1812 	EXP 	Device response: <KeyPress from None: t=223.9882963000564, value=b, duration=0.18393499997910112>
224.2482 	INFO 	Keyboard events cleared
224.2480 	EXP 	Probe: autoDraw = True
225.9978 	EXP 	Device response: <KeyPress from None: t=225.98368170007598, value=v, duration=None>
225.9982 	EXP 	New trial (rep=24, index=2): <Trial 98 (2 in rep 24) data={'Pos': np.int64(50), 'corr_resp': 'c', 'thisN': 98, 'thisTrialN': 2, 'thisRepN': 24}>
225.9998 	DATA 	Keypress: v
226.0157 	EXP 	Fixation: autoDraw = False
226.0157 	EXP 	Line1: autoDraw = False
226.0157 	EXP 	Line2: autoDraw = False
226.0157 	EXP 	Line3: autoDraw = False
226.0157 	EXP 	Line4: autoDraw = False
226.0157 	EXP 	Probe: autoDraw = False
226.0157 	EXP 	Fixation: autoDraw = True
226.1501 	EXP 	Device response: <KeyPress from None: t=225.98368170007598, value=v, duration=0.1646942999213934>
226.9991 	EXP 	Line1: autoDraw = True
226.9991 	EXP 	Line2: autoDraw = True
226.9991 	EXP 	Line3: autoDraw = True
226.9991 	EXP 	Line4: autoDraw = True
227.0139 	EXP 	Fixation: autoDraw = False
228.0143 	INFO 	Keyboard events cleared
228.0140 	EXP 	Probe: autoDraw = True
228.5479 	EXP 	Device response: <KeyPress from None: t=228.53561899997294, value=v, duration=None>
228.5485 	EXP 	New trial (rep=24, index=3): <Trial 99 (3 in rep 24) data={'Pos': np.int64(-150), 'corr_resp': 'z', 'thisN': 99, 'thisTrialN': 3, 'thisRepN': 24}>
228.5505 	DATA 	Keypress: v
228.5666 	EXP 	Fixation: autoDraw = False
228.5666 	EXP 	Line1: autoDraw = False
228.5666 	EXP 	Line2: autoDraw = False
228.5666 	EXP 	Line3: autoDraw = False
228.5666 	EXP 	Line4: autoDraw = False
228.5666 	EXP 	Probe: autoDraw = False
228.5666 	EXP 	Fixation: autoDraw = True
228.6833 	EXP 	Device response: <KeyPress from None: t=228.53561899997294, value=v, duration=0.1459807000355795>
229.5492 	EXP 	Line1: autoDraw = True
229.5492 	EXP 	Line2: autoDraw = True
229.5492 	EXP 	Line3: autoDraw = True
229.5492 	EXP 	Line4: autoDraw = True
229.5637 	EXP 	Fixation: autoDraw = False
230.5639 	INFO 	Keyboard events cleared
230.5637 	EXP 	Probe: autoDraw = True
230.7173 	DATA 	Keypress: z
230.7307 	EXP 	Device response: <KeyPress from None: t=230.71667600004002, value=z, duration=None>
230.7389 	EXP 	Imported ConditionsFile.csv as conditions, 4 conditions, 2 params
230.7439 	EXP 	New trial (rep=0, index=0): <Trial 0 (0 in rep 0) data={'Pos': np.int64(-150), 'corr_resp': 'z', 'thisN': 0, 'thisTrialN': 0, 'thisRepN': 0}>
230.7499 	EXP 	Fixation: autoDraw = False
230.7499 	EXP 	Line1: autoDraw = False
230.7499 	EXP 	Line2: autoDraw = False
230.7499 	EXP 	Line3: autoDraw = False
230.7499 	EXP 	Line4: autoDraw = False
230.7499 	EXP 	Probe: autoDraw = False
230.7499 	EXP 	Fixation2: autoDraw = True
230.8163 	EXP 	Device response: <KeyPress from None: t=220.1900886000367, value=z, duration=10.622623999952339>
231.7326 	EXP 	line1: autoDraw = True
231.7326 	EXP 	line2: autoDraw = True
231.7326 	EXP 	line3: autoDraw = True
231.7326 	EXP 	line4: autoDraw = True
231.7469 	EXP 	Fixation2: autoDraw = False
232.7307 	INFO 	Keyboard events cleared
232.7305 	EXP 	probe2: autoDraw = True
233.0642 	EXP 	Device response: <KeyPress from None: t=233.05288880004082, value=z, duration=None>
233.0649 	EXP 	New trial (rep=0, index=1): <Trial 1 (1 in rep 0) data={'Pos': np.int64(-50), 'corr_resp': 'x', 'thisN': 1, 'thisTrialN': 1, 'thisRepN': 0}>
233.0670 	DATA 	Keypress: z
233.0824 	EXP 	Fixation2: autoDraw = False
233.0824 	EXP 	line1: autoDraw = False
233.0824 	EXP 	line2: autoDraw = False
233.0824 	EXP 	line3: autoDraw = False
233.0824 	EXP 	line4: autoDraw = False
233.0824 	EXP 	probe2: autoDraw = False
233.0824 	EXP 	Fixation2: autoDraw = True
233.2165 	EXP 	Device response: <KeyPress from None: t=230.71667600004002, value=z, duration=2.4854070999426767>
234.0654 	EXP 	line1: autoDraw = True
234.0654 	EXP 	line2: autoDraw = True
234.0654 	EXP 	line3: autoDraw = True
234.0654 	EXP 	line4: autoDraw = True
234.0805 	EXP 	Fixation2: autoDraw = False
235.0643 	INFO 	Keyboard events cleared
235.0641 	EXP 	probe2: autoDraw = True
235.7142 	EXP 	Device response: <KeyPress from None: t=235.7026799999876, value=x, duration=None>
235.7147 	EXP 	New trial (rep=1, index=2): <Trial 2 (2 in rep 1) data={'Pos': np.int64(-150), 'corr_resp': 'z', 'thisN': 2, 'thisTrialN': 2, 'thisRepN': 1}>
235.7165 	DATA 	Keypress: x
235.7323 	EXP 	Fixation2: autoDraw = False
235.7323 	EXP 	line1: autoDraw = False
235.7323 	EXP 	line2: autoDraw = False
235.7323 	EXP 	line3: autoDraw = False
235.7323 	EXP 	line4: autoDraw = False
235.7323 	EXP 	probe2: autoDraw = False
235.7323 	EXP 	Fixation2: autoDraw = True
235.7994 	EXP 	Device response: <KeyPress from None: t=235.7026799999876, value=x, duration=0.08144750003702939>
236.7164 	EXP 	line1: autoDraw = True
236.7164 	EXP 	line2: autoDraw = True
236.7164 	EXP 	line3: autoDraw = True
236.7164 	EXP 	line4: autoDraw = True
236.7301 	EXP 	Fixation2: autoDraw = False
237.7139 	INFO 	Keyboard events cleared
237.7138 	EXP 	probe2: autoDraw = True
238.1143 	EXP 	Device response: <KeyPress from None: t=238.10194710001815, value=z, duration=None>
238.1148 	EXP 	New trial (rep=0, index=3): <Trial 3 (3 in rep 0) data={'Pos': np.int64(50), 'corr_resp': 'c', 'thisN': 3, 'thisTrialN': 3, 'thisRepN': 0}>
238.1166 	DATA 	Keypress: z
238.1322 	EXP 	Fixation2: autoDraw = False
238.1322 	EXP 	line1: autoDraw = False
238.1322 	EXP 	line2: autoDraw = False
238.1322 	EXP 	line3: autoDraw = False
238.1322 	EXP 	line4: autoDraw = False
238.1322 	EXP 	probe2: autoDraw = False
238.1322 	EXP 	Fixation2: autoDraw = True
238.2165 	EXP 	Device response: <KeyPress from None: t=233.05288880004082, value=z, duration=5.15918039996177>
239.1155 	EXP 	line1: autoDraw = True
239.1155 	EXP 	line2: autoDraw = True
239.1155 	EXP 	line3: autoDraw = True
239.1155 	EXP 	line4: autoDraw = True
239.1303 	EXP 	Fixation2: autoDraw = False
240.1305 	INFO 	Keyboard events cleared
240.1304 	EXP 	probe2: autoDraw = True
240.5831 	DATA 	Keypress: v
240.5977 	EXP 	Device response: <KeyPress from None: t=240.58249300008174, value=v, duration=None>
240.5982 	EXP 	New trial (rep=0, index=4): <Trial 4 (4 in rep 0) data={'Pos': np.int64(150), 'corr_resp': 'v', 'thisN': 4, 'thisTrialN': 4, 'thisRepN': 0}>
240.6153 	EXP 	Fixation2: autoDraw = False
240.6153 	EXP 	line1: autoDraw = False
240.6153 	EXP 	line2: autoDraw = False
240.6153 	EXP 	line3: autoDraw = False
240.6153 	EXP 	line4: autoDraw = False
240.6153 	EXP 	probe2: autoDraw = False
240.6153 	EXP 	Fixation2: autoDraw = True
240.7664 	EXP 	Device response: <KeyPress from None: t=240.58249300008174, value=v, duration=0.18159979989286512>
241.5988 	EXP 	line1: autoDraw = True
241.5988 	EXP 	line2: autoDraw = True
241.5988 	EXP 	line3: autoDraw = True
241.5988 	EXP 	line4: autoDraw = True
241.6135 	EXP 	Fixation2: autoDraw = False
242.5969 	INFO 	Keyboard events cleared
242.5968 	EXP 	probe2: autoDraw = True
243.0972 	EXP 	Device response: <KeyPress from None: t=243.08750700007658, value=v, duration=None>
243.0977 	EXP 	New trial (rep=1, index=5): <Trial 5 (5 in rep 1) data={'Pos': np.int64(50), 'corr_resp': 'c', 'thisN': 5, 'thisTrialN': 5, 'thisRepN': 1}>
243.0993 	DATA 	Keypress: v
243.1153 	EXP 	Fixation2: autoDraw = False
243.1153 	EXP 	line1: autoDraw = False
243.1153 	EXP 	line2: autoDraw = False
243.1153 	EXP 	line3: autoDraw = False
243.1153 	EXP 	line4: autoDraw = False
243.1153 	EXP 	probe2: autoDraw = False
243.1153 	EXP 	Fixation2: autoDraw = True
243.2660 	EXP 	Device response: <KeyPress from None: t=243.08750700007658, value=v, duration=0.17343829991295934>
244.0995 	EXP 	line1: autoDraw = True
244.0995 	EXP 	line2: autoDraw = True
244.0995 	EXP 	line3: autoDraw = True
244.0995 	EXP 	line4: autoDraw = True
244.1132 	EXP 	Fixation2: autoDraw = False
245.1138 	INFO 	Keyboard events cleared
245.1137 	EXP 	probe2: autoDraw = True
245.5806 	EXP 	Device response: <KeyPress from None: t=245.57896220008843, value=c, duration=None>
245.5811 	EXP 	New trial (rep=1, index=6): <Trial 6 (6 in rep 1) data={'Pos': np.int64(-50), 'corr_resp': 'x', 'thisN': 6, 'thisTrialN': 6, 'thisRepN': 1}>
245.5828 	DATA 	Keypress: c
245.5986 	EXP 	Fixation2: autoDraw = False
245.5986 	EXP 	line1: autoDraw = False
245.5986 	EXP 	line2: autoDraw = False
245.5986 	EXP 	line3: autoDraw = False
245.5986 	EXP 	line4: autoDraw = False
245.5986 	EXP 	probe2: autoDraw = False
245.5986 	EXP 	Fixation2: autoDraw = True
245.7499 	EXP 	Device response: <KeyPress from None: t=245.57896220008843, value=c, duration=0.16966209991369396>
246.5817 	EXP 	line1: autoDraw = True
246.5817 	EXP 	line2: autoDraw = True
246.5817 	EXP 	line3: autoDraw = True
246.5817 	EXP 	line4: autoDraw = True
246.5967 	EXP 	Fixation2: autoDraw = False
247.5974 	INFO 	Keyboard events cleared
247.5972 	EXP 	probe2: autoDraw = True
247.9331 	DATA 	Keypress: x
247.9472 	EXP 	Device response: <KeyPress from None: t=247.93189410003833, value=x, duration=None>
247.9476 	EXP 	New trial (rep=1, index=7): <Trial 7 (7 in rep 1) data={'Pos': np.int64(150), 'corr_resp': 'v', 'thisN': 7, 'thisTrialN': 7, 'thisRepN': 1}>
247.9653 	EXP 	Fixation2: autoDraw = False
247.9653 	EXP 	line1: autoDraw = False
247.9653 	EXP 	line2: autoDraw = False
247.9653 	EXP 	line3: autoDraw = False
247.9653 	EXP 	line4: autoDraw = False
247.9653 	EXP 	probe2: autoDraw = False
247.9653 	EXP 	Fixation2: autoDraw = True
248.0668 	EXP 	Device response: <KeyPress from None: t=247.93189410003833, value=x, duration=0.11975840001832694>
248.9488 	EXP 	line1: autoDraw = True
248.9488 	EXP 	line2: autoDraw = True
248.9488 	EXP 	line3: autoDraw = True
248.9488 	EXP 	line4: autoDraw = True
248.9633 	EXP 	Fixation2: autoDraw = False
249.9641 	INFO 	Keyboard events cleared
249.9639 	EXP 	probe2: autoDraw = True
250.3668 	DATA 	Keypress: v
250.3808 	EXP 	Device response: <KeyPress from None: t=250.36477910005488, value=v, duration=None>
250.3814 	EXP 	New trial (rep=2, index=8): <Trial 8 (8 in rep 2) data={'Pos': np.int64(-50), 'corr_resp': 'x', 'thisN': 8, 'thisTrialN': 8, 'thisRepN': 2}>
250.3985 	EXP 	Fixation2: autoDraw = False
250.3985 	EXP 	line1: autoDraw = False
250.3985 	EXP 	line2: autoDraw = False
250.3985 	EXP 	line3: autoDraw = False
250.3985 	EXP 	line4: autoDraw = False
250.3985 	EXP 	probe2: autoDraw = False
250.3985 	EXP 	Fixation2: autoDraw = True
250.6167 	EXP 	Device response: <KeyPress from None: t=250.36477910005488, value=v, duration=0.23995640000794083>
251.3819 	EXP 	line1: autoDraw = True
251.3819 	EXP 	line2: autoDraw = True
251.3819 	EXP 	line3: autoDraw = True
251.3819 	EXP 	line4: autoDraw = True
251.3969 	EXP 	Fixation2: autoDraw = False
252.3800 	INFO 	Keyboard events cleared
252.3798 	EXP 	probe2: autoDraw = True
253.1803 	EXP 	Device response: <KeyPress from None: t=253.1722265999997, value=x, duration=None>
253.1807 	EXP 	New trial (rep=2, index=9): <Trial 9 (9 in rep 2) data={'Pos': np.int64(50), 'corr_resp': 'c', 'thisN': 9, 'thisTrialN': 9, 'thisRepN': 2}>
253.1823 	DATA 	Keypress: x
253.1985 	EXP 	Fixation2: autoDraw = False
253.1985 	EXP 	line1: autoDraw = False
253.1985 	EXP 	line2: autoDraw = False
253.1985 	EXP 	line3: autoDraw = False
253.1985 	EXP 	line4: autoDraw = False
253.1985 	EXP 	probe2: autoDraw = False
253.1985 	EXP 	Fixation2: autoDraw = True
253.3160 	EXP 	Device response: <KeyPress from None: t=253.1722265999997, value=x, duration=0.13204930000938475>
254.1825 	EXP 	line1: autoDraw = True
254.1825 	EXP 	line2: autoDraw = True
254.1825 	EXP 	line3: autoDraw = True
254.1825 	EXP 	line4: autoDraw = True
254.1966 	EXP 	Fixation2: autoDraw = False
255.1965 	INFO 	Keyboard events cleared
255.1963 	EXP 	probe2: autoDraw = True
255.6974 	EXP 	Device response: <KeyPress from None: t=255.69542990007903, value=v, duration=None>
255.6979 	EXP 	New trial (rep=3, index=10): <Trial 10 (10 in rep 3) data={'Pos': np.int64(-50), 'corr_resp': 'x', 'thisN': 10, 'thisTrialN': 10, 'thisRepN': 3}>
255.6995 	DATA 	Keypress: v
255.7149 	EXP 	Fixation2: autoDraw = False
255.7149 	EXP 	line1: autoDraw = False
255.7149 	EXP 	line2: autoDraw = False
255.7149 	EXP 	line3: autoDraw = False
255.7149 	EXP 	line4: autoDraw = False
255.7149 	EXP 	probe2: autoDraw = False
255.7149 	EXP 	Fixation2: autoDraw = True
255.8834 	EXP 	Device response: <KeyPress from None: t=255.69542990007903, value=v, duration=0.18634429993107915>
256.6986 	EXP 	line1: autoDraw = True
256.6986 	EXP 	line2: autoDraw = True
256.6986 	EXP 	line3: autoDraw = True
256.6986 	EXP 	line4: autoDraw = True
256.7131 	EXP 	Fixation2: autoDraw = False
257.6966 	INFO 	Keyboard events cleared
257.6965 	EXP 	probe2: autoDraw = True
258.4138 	EXP 	Device response: <KeyPress from None: t=258.411110999994, value=x, duration=None>
258.4144 	EXP 	New trial (rep=3, index=11): <Trial 11 (11 in rep 3) data={'Pos': np.int64(50), 'corr_resp': 'c', 'thisN': 11, 'thisTrialN': 11, 'thisRepN': 3}>
258.4168 	DATA 	Keypress: x
258.4314 	EXP 	Fixation2: autoDraw = False
258.4314 	EXP 	line1: autoDraw = False
258.4314 	EXP 	line2: autoDraw = False
258.4314 	EXP 	line3: autoDraw = False
258.4314 	EXP 	line4: autoDraw = False
258.4314 	EXP 	probe2: autoDraw = False
258.4314 	EXP 	Fixation2: autoDraw = True
258.4990 	EXP 	Device response: <KeyPress from None: t=258.411110999994, value=x, duration=0.08489050006028265>
259.4148 	EXP 	line1: autoDraw = True
259.4148 	EXP 	line2: autoDraw = True
259.4148 	EXP 	line3: autoDraw = True
259.4148 	EXP 	line4: autoDraw = True
259.4298 	EXP 	Fixation2: autoDraw = False
260.4298 	INFO 	Keyboard events cleared
260.4296 	EXP 	probe2: autoDraw = True
261.2466 	EXP 	Device response: <KeyPress from None: t=261.2383979000151, value=x, duration=None>
261.2470 	EXP 	New trial (rep=4, index=12): <Trial 12 (12 in rep 4) data={'Pos': np.int64(-50), 'corr_resp': 'x', 'thisN': 12, 'thisTrialN': 12, 'thisRepN': 4}>
261.2486 	DATA 	Keypress: x
261.2656 	EXP 	Fixation2: autoDraw = False
261.2656 	EXP 	line1: autoDraw = False
261.2656 	EXP 	line2: autoDraw = False
261.2656 	EXP 	line3: autoDraw = False
261.2656 	EXP 	line4: autoDraw = False
261.2656 	EXP 	probe2: autoDraw = False
261.2656 	EXP 	Fixation2: autoDraw = True
261.3990 	EXP 	Device response: <KeyPress from None: t=261.2383979000151, value=x, duration=0.15100279997568578>
262.2482 	EXP 	line1: autoDraw = True
262.2482 	EXP 	line2: autoDraw = True
262.2482 	EXP 	line3: autoDraw = True
262.2482 	EXP 	line4: autoDraw = True
262.2631 	EXP 	Fixation2: autoDraw = False
263.2466 	INFO 	Keyboard events cleared
263.2464 	EXP 	probe2: autoDraw = True
263.8136 	EXP 	Device response: <KeyPress from None: t=263.80350450007245, value=x, duration=None>
263.8141 	EXP 	New trial (rep=2, index=13): <Trial 13 (13 in rep 2) data={'Pos': np.int64(-150), 'corr_resp': 'z', 'thisN': 13, 'thisTrialN': 13, 'thisRepN': 2}>
263.8163 	DATA 	Keypress: x
263.8316 	EXP 	Fixation2: autoDraw = False
263.8316 	EXP 	line1: autoDraw = False
263.8316 	EXP 	line2: autoDraw = False
263.8316 	EXP 	line3: autoDraw = False
263.8316 	EXP 	line4: autoDraw = False
263.8316 	EXP 	probe2: autoDraw = False
263.8316 	EXP 	Fixation2: autoDraw = True
263.8656 	EXP 	Device response: <KeyPress from None: t=263.80350450007245, value=x, duration=0.05068869993556291>
264.8148 	EXP 	line1: autoDraw = True
264.8148 	EXP 	line2: autoDraw = True
264.8148 	EXP 	line3: autoDraw = True
264.8148 	EXP 	line4: autoDraw = True
264.8294 	EXP 	Fixation2: autoDraw = False
265.8131 	INFO 	Keyboard events cleared
265.8129 	EXP 	probe2: autoDraw = True
266.2665 	DATA 	Keypress: z
266.2808 	EXP 	Device response: <KeyPress from None: t=266.26256260008086, value=z, duration=None>
266.2817 	EXP 	New trial (rep=2, index=14): <Trial 14 (14 in rep 2) data={'Pos': np.int64(150), 'corr_resp': 'v', 'thisN': 14, 'thisTrialN': 14, 'thisRepN': 2}>
266.2978 	EXP 	Fixation2: autoDraw = False
266.2978 	EXP 	line1: autoDraw = False
266.2978 	EXP 	line2: autoDraw = False
266.2978 	EXP 	line3: autoDraw = False
266.2978 	EXP 	line4: autoDraw = False
266.2978 	EXP 	probe2: autoDraw = False
266.2978 	EXP 	Fixation2: autoDraw = True
266.3985 	EXP 	Device response: <KeyPress from None: t=238.10194710001815, value=z, duration=28.293541399994865>
267.2814 	EXP 	line1: autoDraw = True
267.2814 	EXP 	line2: autoDraw = True
267.2814 	EXP 	line3: autoDraw = True
267.2814 	EXP 	line4: autoDraw = True
267.2967 	EXP 	Fixation2: autoDraw = False
268.2965 	INFO 	Keyboard events cleared
268.2963 	EXP 	probe2: autoDraw = True
268.8493 	DATA 	Keypress: v
268.8635 	EXP 	Device response: <KeyPress from None: t=268.8473173000384, value=v, duration=None>
268.8639 	EXP 	New trial (rep=4, index=15): <Trial 15 (15 in rep 4) data={'Pos': np.int64(50), 'corr_resp': 'c', 'thisN': 15, 'thisTrialN': 15, 'thisRepN': 4}>
268.8816 	EXP 	Fixation2: autoDraw = False
268.8816 	EXP 	line1: autoDraw = False
268.8816 	EXP 	line2: autoDraw = False
268.8816 	EXP 	line3: autoDraw = False
268.8816 	EXP 	line4: autoDraw = False
268.8816 	EXP 	probe2: autoDraw = False
268.8816 	EXP 	Fixation2: autoDraw = True
269.0990 	EXP 	Device response: <KeyPress from None: t=268.8473173000384, value=v, duration=0.24374960002023727>
269.8647 	EXP 	line1: autoDraw = True
269.8647 	EXP 	line2: autoDraw = True
269.8647 	EXP 	line3: autoDraw = True
269.8647 	EXP 	line4: autoDraw = True
269.8792 	EXP 	Fixation2: autoDraw = False
270.8629 	INFO 	Keyboard events cleared
270.8627 	EXP 	probe2: autoDraw = True
271.3299 	EXP 	Device response: <KeyPress from None: t=271.3263465000782, value=c, duration=None>
271.3306 	EXP 	New trial (rep=3, index=16): <Trial 16 (16 in rep 3) data={'Pos': np.int64(150), 'corr_resp': 'v', 'thisN': 16, 'thisTrialN': 16, 'thisRepN': 3}>
271.3325 	DATA 	Keypress: c
271.3486 	EXP 	Fixation2: autoDraw = False
271.3486 	EXP 	line1: autoDraw = False
271.3486 	EXP 	line2: autoDraw = False
271.3486 	EXP 	line3: autoDraw = False
271.3486 	EXP 	line4: autoDraw = False
271.3486 	EXP 	probe2: autoDraw = False
271.3486 	EXP 	Fixation2: autoDraw = True
271.5318 	EXP 	Device response: <KeyPress from None: t=271.3263465000782, value=c, duration=0.19920479995198548>
272.3310 	EXP 	line1: autoDraw = True
272.3310 	EXP 	line2: autoDraw = True
272.3310 	EXP 	line3: autoDraw = True
272.3310 	EXP 	line4: autoDraw = True
272.3462 	EXP 	Fixation2: autoDraw = False
273.3464 	INFO 	Keyboard events cleared
273.3462 	EXP 	probe2: autoDraw = True
273.8967 	EXP 	Device response: <KeyPress from None: t=273.89347140002064, value=v, duration=None>
273.8972 	EXP 	New trial (rep=5, index=17): <Trial 17 (17 in rep 5) data={'Pos': np.int64(50), 'corr_resp': 'c', 'thisN': 17, 'thisTrialN': 17, 'thisRepN': 5}>
273.8990 	DATA 	Keypress: v
273.9148 	EXP 	Fixation2: autoDraw = False
273.9148 	EXP 	line1: autoDraw = False
273.9148 	EXP 	line2: autoDraw = False
273.9148 	EXP 	line3: autoDraw = False
273.9148 	EXP 	line4: autoDraw = False
273.9148 	EXP 	probe2: autoDraw = False
273.9148 	EXP 	Fixation2: autoDraw = True
274.1815 	EXP 	Device response: <KeyPress from None: t=273.89347140002064, value=v, duration=0.27320890000555664>
274.8978 	EXP 	line1: autoDraw = True
274.8978 	EXP 	line2: autoDraw = True
274.8978 	EXP 	line3: autoDraw = True
274.8978 	EXP 	line4: autoDraw = True
274.9129 	EXP 	Fixation2: autoDraw = False
275.9128 	INFO 	Keyboard events cleared
275.9126 	EXP 	probe2: autoDraw = True
276.4129 	EXP 	Device response: <KeyPress from None: t=276.41072090005036, value=c, duration=None>
276.4134 	EXP 	New trial (rep=4, index=18): <Trial 18 (18 in rep 4) data={'Pos': np.int64(150), 'corr_resp': 'v', 'thisN': 18, 'thisTrialN': 18, 'thisRepN': 4}>
276.4150 	DATA 	Keypress: c
276.4314 	EXP 	Fixation2: autoDraw = False
276.4314 	EXP 	line1: autoDraw = False
276.4314 	EXP 	line2: autoDraw = False
276.4314 	EXP 	line3: autoDraw = False
276.4314 	EXP 	line4: autoDraw = False
276.4314 	EXP 	probe2: autoDraw = False
276.4314 	EXP 	Fixation2: autoDraw = True
276.6155 	EXP 	Device response: <KeyPress from None: t=276.41072090005036, value=c, duration=0.19026970001868904>
277.4147 	EXP 	line1: autoDraw = True
277.4147 	EXP 	line2: autoDraw = True
277.4147 	EXP 	line3: autoDraw = True
277.4147 	EXP 	line4: autoDraw = True
277.4290 	EXP 	Fixation2: autoDraw = False
278.4126 	INFO 	Keyboard events cleared
278.4124 	EXP 	probe2: autoDraw = True
278.9631 	EXP 	Device response: <KeyPress from None: t=278.95849940006156, value=v, duration=None>
278.9635 	EXP 	New trial (rep=3, index=19): <Trial 19 (19 in rep 3) data={'Pos': np.int64(-150), 'corr_resp': 'z', 'thisN': 19, 'thisTrialN': 19, 'thisRepN': 3}>
278.9654 	DATA 	Keypress: v
278.9814 	EXP 	Fixation2: autoDraw = False
278.9814 	EXP 	line1: autoDraw = False
278.9814 	EXP 	line2: autoDraw = False
278.9814 	EXP 	line3: autoDraw = False
278.9814 	EXP 	line4: autoDraw = False
278.9814 	EXP 	probe2: autoDraw = False
278.9814 	EXP 	Fixation2: autoDraw = True
279.2477 	EXP 	Device response: <KeyPress from None: t=278.95849940006156, value=v, duration=0.28175750002264977>
279.9643 	EXP 	line1: autoDraw = True
279.9643 	EXP 	line2: autoDraw = True
279.9643 	EXP 	line3: autoDraw = True
279.9643 	EXP 	line4: autoDraw = True
279.9798 	EXP 	Fixation2: autoDraw = False
280.9633 	INFO 	Keyboard events cleared
280.9631 	EXP 	probe2: autoDraw = True
281.2970 	EXP 	Device response: <KeyPress from None: t=281.2865143000381, value=z, duration=None>
281.2975 	EXP 	New trial (rep=5, index=20): <Trial 20 (20 in rep 5) data={'Pos': np.int64(150), 'corr_resp': 'v', 'thisN': 20, 'thisTrialN': 20, 'thisRepN': 5}>
281.2993 	DATA 	Keypress: z
281.3142 	EXP 	Fixation2: autoDraw = False
281.3142 	EXP 	line1: autoDraw = False
281.3142 	EXP 	line2: autoDraw = False
281.3142 	EXP 	line3: autoDraw = False
281.3142 	EXP 	line4: autoDraw = False
281.3142 	EXP 	probe2: autoDraw = False
281.3142 	EXP 	Fixation2: autoDraw = True
281.4485 	EXP 	Device response: <KeyPress from None: t=266.26256260008086, value=z, duration=15.178722999989986>
282.2976 	EXP 	line1: autoDraw = True
282.2976 	EXP 	line2: autoDraw = True
282.2976 	EXP 	line3: autoDraw = True
282.2976 	EXP 	line4: autoDraw = True
282.3124 	EXP 	Fixation2: autoDraw = False
283.3130 	INFO 	Keyboard events cleared
283.3129 	EXP 	probe2: autoDraw = True
283.7981 	DATA 	Keypress: v
283.8133 	EXP 	Device response: <KeyPress from None: t=283.79698169999756, value=v, duration=None>
283.8139 	EXP 	New trial (rep=5, index=21): <Trial 21 (21 in rep 5) data={'Pos': np.int64(-50), 'corr_resp': 'x', 'thisN': 21, 'thisTrialN': 21, 'thisRepN': 5}>
283.8311 	EXP 	Fixation2: autoDraw = False
283.8311 	EXP 	line1: autoDraw = False
283.8311 	EXP 	line2: autoDraw = False
283.8311 	EXP 	line3: autoDraw = False
283.8311 	EXP 	line4: autoDraw = False
283.8311 	EXP 	probe2: autoDraw = False
283.8311 	EXP 	Fixation2: autoDraw = True
284.0981 	EXP 	Device response: <KeyPress from None: t=283.79698169999756, value=v, duration=0.2867590000387281>
284.8142 	EXP 	line1: autoDraw = True
284.8142 	EXP 	line2: autoDraw = True
284.8142 	EXP 	line3: autoDraw = True
284.8142 	EXP 	line4: autoDraw = True
284.8290 	EXP 	Fixation2: autoDraw = False
285.8291 	INFO 	Keyboard events cleared
285.8289 	EXP 	probe2: autoDraw = True
286.2462 	EXP 	Device response: <KeyPress from None: t=286.2396940999897, value=x, duration=None>
286.2467 	EXP 	New trial (rep=4, index=22): <Trial 22 (22 in rep 4) data={'Pos': np.int64(-150), 'corr_resp': 'z', 'thisN': 22, 'thisTrialN': 22, 'thisRepN': 4}>
286.2488 	DATA 	Keypress: x
286.2646 	EXP 	Fixation2: autoDraw = False
286.2646 	EXP 	line1: autoDraw = False
286.2646 	EXP 	line2: autoDraw = False
286.2646 	EXP 	line3: autoDraw = False
286.2646 	EXP 	line4: autoDraw = False
286.2646 	EXP 	probe2: autoDraw = False
286.2646 	EXP 	Fixation2: autoDraw = True
286.3319 	EXP 	Device response: <KeyPress from None: t=286.2396940999897, value=x, duration=0.08997600001748651>
287.2480 	EXP 	line1: autoDraw = True
287.2480 	EXP 	line2: autoDraw = True
287.2480 	EXP 	line3: autoDraw = True
287.2480 	EXP 	line4: autoDraw = True
287.2624 	EXP 	Fixation2: autoDraw = False
288.2625 	INFO 	Keyboard events cleared
288.2623 	EXP 	probe2: autoDraw = True
288.6819 	DATA 	Keypress: z
288.6962 	EXP 	Device response: <KeyPress from None: t=288.680502000032, value=z, duration=None>
288.6967 	EXP 	New trial (rep=6, index=23): <Trial 23 (23 in rep 6) data={'Pos': np.int64(150), 'corr_resp': 'v', 'thisN': 23, 'thisTrialN': 23, 'thisRepN': 6}>
288.7143 	EXP 	Fixation2: autoDraw = False
288.7143 	EXP 	line1: autoDraw = False
288.7143 	EXP 	line2: autoDraw = False
288.7143 	EXP 	line3: autoDraw = False
288.7143 	EXP 	line4: autoDraw = False
288.7143 	EXP 	probe2: autoDraw = False
288.7143 	EXP 	Fixation2: autoDraw = True
288.8316 	EXP 	Device response: <KeyPress from None: t=281.2865143000381, value=z, duration=7.530929100001231>
289.6976 	EXP 	line1: autoDraw = True
289.6976 	EXP 	line2: autoDraw = True
289.6976 	EXP 	line3: autoDraw = True
289.6976 	EXP 	line4: autoDraw = True
289.7124 	EXP 	Fixation2: autoDraw = False
290.7126 	INFO 	Keyboard events cleared
290.7124 	EXP 	probe2: autoDraw = True
291.1964 	EXP 	Device response: <KeyPress from None: t=291.1848628000589, value=v, duration=None>
291.1973 	EXP 	New trial (rep=7, index=24): <Trial 24 (24 in rep 7) data={'Pos': np.int64(150), 'corr_resp': 'v', 'thisN': 24, 'thisTrialN': 24, 'thisRepN': 7}>
291.1994 	DATA 	Keypress: v
291.2142 	EXP 	Fixation2: autoDraw = False
291.2142 	EXP 	line1: autoDraw = False
291.2142 	EXP 	line2: autoDraw = False
291.2142 	EXP 	line3: autoDraw = False
291.2142 	EXP 	line4: autoDraw = False
291.2142 	EXP 	probe2: autoDraw = False
291.2142 	EXP 	Fixation2: autoDraw = True
291.5146 	EXP 	Device response: <KeyPress from None: t=291.1848628000589, value=v, duration=0.31847199995536357>
292.1975 	EXP 	line1: autoDraw = True
292.1975 	EXP 	line2: autoDraw = True
292.1975 	EXP 	line3: autoDraw = True
292.1975 	EXP 	line4: autoDraw = True
292.2123 	EXP 	Fixation2: autoDraw = False
293.2124 	INFO 	Keyboard events cleared
293.2122 	EXP 	probe2: autoDraw = True
293.6626 	EXP 	Device response: <KeyPress from None: t=293.65381500008516, value=v, duration=None>
293.6631 	EXP 	New trial (rep=6, index=25): <Trial 25 (25 in rep 6) data={'Pos': np.int64(50), 'corr_resp': 'c', 'thisN': 25, 'thisTrialN': 25, 'thisRepN': 6}>
293.6647 	DATA 	Keypress: v
293.6804 	EXP 	Fixation2: autoDraw = False
293.6804 	EXP 	line1: autoDraw = False
293.6804 	EXP 	line2: autoDraw = False
293.6804 	EXP 	line3: autoDraw = False
293.6804 	EXP 	line4: autoDraw = False
293.6804 	EXP 	probe2: autoDraw = False
293.6804 	EXP 	Fixation2: autoDraw = True
293.9317 	EXP 	Device response: <KeyPress from None: t=293.65381500008516, value=v, duration=0.27259769989177585>
294.6641 	EXP 	line1: autoDraw = True
294.6641 	EXP 	line2: autoDraw = True
294.6641 	EXP 	line3: autoDraw = True
294.6641 	EXP 	line4: autoDraw = True
294.6786 	EXP 	Fixation2: autoDraw = False
295.6622 	INFO 	Keyboard events cleared
295.6620 	EXP 	probe2: autoDraw = True
296.2298 	EXP 	Device response: <KeyPress from None: t=296.2235142000718, value=c, duration=None>
296.2304 	EXP 	New trial (rep=7, index=26): <Trial 26 (26 in rep 7) data={'Pos': np.int64(50), 'corr_resp': 'c', 'thisN': 26, 'thisTrialN': 26, 'thisRepN': 7}>
296.2320 	DATA 	Keypress: c
296.2472 	EXP 	Fixation2: autoDraw = False
296.2472 	EXP 	line1: autoDraw = False
296.2472 	EXP 	line2: autoDraw = False
296.2472 	EXP 	line3: autoDraw = False
296.2472 	EXP 	line4: autoDraw = False
296.2472 	EXP 	probe2: autoDraw = False
296.2472 	EXP 	Fixation2: autoDraw = True
296.3818 	EXP 	Device response: <KeyPress from None: t=296.2235142000718, value=c, duration=0.14878539997152984>
297.2307 	EXP 	line1: autoDraw = True
297.2307 	EXP 	line2: autoDraw = True
297.2307 	EXP 	line3: autoDraw = True
297.2307 	EXP 	line4: autoDraw = True
297.2455 	EXP 	Fixation2: autoDraw = False
298.2458 	INFO 	Keyboard events cleared
298.2457 	EXP 	probe2: autoDraw = True
299.5159 	DATA 	Keypress: v
299.5291 	EXP 	Device response: <KeyPress from None: t=299.5148572999751, value=v, duration=None>
299.5296 	EXP 	New trial (rep=5, index=27): <Trial 27 (27 in rep 5) data={'Pos': np.int64(-150), 'corr_resp': 'z', 'thisN': 27, 'thisTrialN': 27, 'thisRepN': 5}>
299.5476 	EXP 	Fixation2: autoDraw = False
299.5476 	EXP 	line1: autoDraw = False
299.5476 	EXP 	line2: autoDraw = False
299.5476 	EXP 	line3: autoDraw = False
299.5476 	EXP 	line4: autoDraw = False
299.5476 	EXP 	probe2: autoDraw = False
299.5476 	EXP 	Fixation2: autoDraw = True
299.6316 	EXP 	Device response: <KeyPress from None: t=299.5148572999751, value=v, duration=0.11007270007394254>
300.5308 	EXP 	line1: autoDraw = True
300.5308 	EXP 	line2: autoDraw = True
300.5308 	EXP 	line3: autoDraw = True
300.5308 	EXP 	line4: autoDraw = True
300.5452 	EXP 	Fixation2: autoDraw = False
301.5291 	INFO 	Keyboard events cleared
301.5289 	EXP 	probe2: autoDraw = True
301.9623 	EXP 	Device response: <KeyPress from None: t=301.95455700007733, value=z, duration=None>
301.9628 	EXP 	New trial (rep=6, index=28): <Trial 28 (28 in rep 6) data={'Pos': np.int64(-50), 'corr_resp': 'x', 'thisN': 28, 'thisTrialN': 28, 'thisRepN': 6}>
301.9644 	DATA 	Keypress: z
301.9807 	EXP 	Fixation2: autoDraw = False
301.9807 	EXP 	line1: autoDraw = False
301.9807 	EXP 	line2: autoDraw = False
301.9807 	EXP 	line3: autoDraw = False
301.9807 	EXP 	line4: autoDraw = False
301.9807 	EXP 	probe2: autoDraw = False
301.9807 	EXP 	Fixation2: autoDraw = True
302.0817 	EXP 	Device response: <KeyPress from None: t=288.680502000032, value=z, duration=13.400604999973439>
302.9646 	EXP 	line1: autoDraw = True
302.9646 	EXP 	line2: autoDraw = True
302.9646 	EXP 	line3: autoDraw = True
302.9646 	EXP 	line4: autoDraw = True
302.9783 	EXP 	Fixation2: autoDraw = False
303.9621 	INFO 	Keyboard events cleared
303.9619 	EXP 	probe2: autoDraw = True
304.4955 	EXP 	Device response: <KeyPress from None: t=304.48968520003837, value=x, duration=None>
304.4959 	EXP 	New trial (rep=7, index=29): <Trial 29 (29 in rep 7) data={'Pos': np.int64(-50), 'corr_resp': 'x', 'thisN': 29, 'thisTrialN': 29, 'thisRepN': 7}>
304.4975 	DATA 	Keypress: x
304.5139 	EXP 	Fixation2: autoDraw = False
304.5139 	EXP 	line1: autoDraw = False
304.5139 	EXP 	line2: autoDraw = False
304.5139 	EXP 	line3: autoDraw = False
304.5139 	EXP 	line4: autoDraw = False
304.5139 	EXP 	probe2: autoDraw = False
304.5139 	EXP 	Fixation2: autoDraw = True
304.6480 	EXP 	Device response: <KeyPress from None: t=304.48968520003837, value=x, duration=0.15020180004648864>
305.4973 	EXP 	line1: autoDraw = True
305.4973 	EXP 	line2: autoDraw = True
305.4973 	EXP 	line3: autoDraw = True
305.4973 	EXP 	line4: autoDraw = True
305.5120 	EXP 	Fixation2: autoDraw = False
306.4955 	INFO 	Keyboard events cleared
306.4953 	EXP 	probe2: autoDraw = True
306.9956 	EXP 	Device response: <KeyPress from None: t=306.98545280005783, value=x, duration=None>
306.9960 	EXP 	New trial (rep=8, index=30): <Trial 30 (30 in rep 8) data={'Pos': np.int64(50), 'corr_resp': 'c', 'thisN': 30, 'thisTrialN': 30, 'thisRepN': 8}>
306.9980 	DATA 	Keypress: x
307.0138 	EXP 	Fixation2: autoDraw = False
307.0138 	EXP 	line1: autoDraw = False
307.0138 	EXP 	line2: autoDraw = False
307.0138 	EXP 	line3: autoDraw = False
307.0138 	EXP 	line4: autoDraw = False
307.0138 	EXP 	probe2: autoDraw = False
307.0138 	EXP 	Fixation2: autoDraw = True
307.0979 	EXP 	Device response: <KeyPress from None: t=306.98545280005783, value=x, duration=0.10265110002364963>
307.9972 	EXP 	line1: autoDraw = True
307.9972 	EXP 	line2: autoDraw = True
307.9972 	EXP 	line3: autoDraw = True
307.9972 	EXP 	line4: autoDraw = True
308.0118 	EXP 	Fixation2: autoDraw = False
308.9957 	INFO 	Keyboard events cleared
308.9955 	EXP 	probe2: autoDraw = True
309.3457 	EXP 	Device response: <KeyPress from None: t=309.3360615000129, value=v, duration=None>
309.3461 	EXP 	New trial (rep=6, index=31): <Trial 31 (31 in rep 6) data={'Pos': np.int64(-150), 'corr_resp': 'z', 'thisN': 31, 'thisTrialN': 31, 'thisRepN': 6}>
309.3477 	DATA 	Keypress: v
309.3638 	EXP 	Fixation2: autoDraw = False
309.3638 	EXP 	line1: autoDraw = False
309.3638 	EXP 	line2: autoDraw = False
309.3638 	EXP 	line3: autoDraw = False
309.3638 	EXP 	line4: autoDraw = False
309.3638 	EXP 	probe2: autoDraw = False
309.3638 	EXP 	Fixation2: autoDraw = True
309.5483 	EXP 	Device response: <KeyPress from None: t=309.3360615000129, value=v, duration=0.20562969997990876>
310.3479 	EXP 	line1: autoDraw = True
310.3479 	EXP 	line2: autoDraw = True
310.3479 	EXP 	line3: autoDraw = True
310.3479 	EXP 	line4: autoDraw = True
310.3617 	EXP 	Fixation2: autoDraw = False
311.3622 	INFO 	Keyboard events cleared
311.3620 	EXP 	probe2: autoDraw = True
313.2787 	EXP 	Device response: <KeyPress from None: t=313.2688826000085, value=z, duration=None>
313.2794 	EXP 	New trial (rep=7, index=32): <Trial 32 (32 in rep 7) data={'Pos': np.int64(-150), 'corr_resp': 'z', 'thisN': 32, 'thisTrialN': 32, 'thisRepN': 7}>
313.2810 	DATA 	Keypress: z
313.2973 	EXP 	Fixation2: autoDraw = False
313.2973 	EXP 	line1: autoDraw = False
313.2973 	EXP 	line2: autoDraw = False
313.2973 	EXP 	line3: autoDraw = False
313.2973 	EXP 	line4: autoDraw = False
313.2973 	EXP 	probe2: autoDraw = False
313.2973 	EXP 	Fixation2: autoDraw = True
313.4138 	EXP 	Device response: <KeyPress from None: t=301.95455700007733, value=z, duration=11.45221459993627>
314.2801 	EXP 	line1: autoDraw = True
314.2801 	EXP 	line2: autoDraw = True
314.2801 	EXP 	line3: autoDraw = True
314.2801 	EXP 	line4: autoDraw = True
314.2951 	EXP 	Fixation2: autoDraw = False
315.2787 	INFO 	Keyboard events cleared
315.2785 	EXP 	probe2: autoDraw = True
315.6624 	EXP 	Device response: <KeyPress from None: t=315.6532288000453, value=z, duration=None>
315.6628 	EXP 	New trial (rep=8, index=33): <Trial 33 (33 in rep 8) data={'Pos': np.int64(150), 'corr_resp': 'v', 'thisN': 33, 'thisTrialN': 33, 'thisRepN': 8}>
315.6644 	DATA 	Keypress: z
315.6802 	EXP 	Fixation2: autoDraw = False
315.6802 	EXP 	line1: autoDraw = False
315.6802 	EXP 	line2: autoDraw = False
315.6802 	EXP 	line3: autoDraw = False
315.6802 	EXP 	line4: autoDraw = False
315.6802 	EXP 	probe2: autoDraw = False
315.6802 	EXP 	Fixation2: autoDraw = True
315.8308 	EXP 	Device response: <KeyPress from None: t=313.2688826000085, value=z, duration=2.5483667000662535>
316.6637 	EXP 	line1: autoDraw = True
316.6637 	EXP 	line2: autoDraw = True
316.6637 	EXP 	line3: autoDraw = True
316.6637 	EXP 	line4: autoDraw = True
316.6785 	EXP 	Fixation2: autoDraw = False
317.6615 	INFO 	Keyboard events cleared
317.6613 	EXP 	probe2: autoDraw = True
318.1816 	DATA 	Keypress: v
318.1960 	EXP 	Device response: <KeyPress from None: t=318.18061959999613, value=v, duration=None>
318.1967 	EXP 	New trial (rep=8, index=34): <Trial 34 (34 in rep 8) data={'Pos': np.int64(-50), 'corr_resp': 'x', 'thisN': 34, 'thisTrialN': 34, 'thisRepN': 8}>
318.2133 	EXP 	Fixation2: autoDraw = False
318.2133 	EXP 	line1: autoDraw = False
318.2133 	EXP 	line2: autoDraw = False
318.2133 	EXP 	line3: autoDraw = False
318.2133 	EXP 	line4: autoDraw = False
318.2133 	EXP 	probe2: autoDraw = False
318.2133 	EXP 	Fixation2: autoDraw = True
318.4807 	EXP 	Device response: <KeyPress from None: t=318.18061959999613, value=v, duration=0.28994869999587536>
319.1964 	EXP 	line1: autoDraw = True
319.1964 	EXP 	line2: autoDraw = True
319.1964 	EXP 	line3: autoDraw = True
319.1964 	EXP 	line4: autoDraw = True
319.2116 	EXP 	Fixation2: autoDraw = False
320.2116 	INFO 	Keyboard events cleared
320.2114 	EXP 	probe2: autoDraw = True
320.7120 	EXP 	Device response: <KeyPress from None: t=320.70434759999625, value=x, duration=None>
320.7125 	EXP 	New trial (rep=9, index=35): <Trial 35 (35 in rep 9) data={'Pos': np.int64(-50), 'corr_resp': 'x', 'thisN': 35, 'thisTrialN': 35, 'thisRepN': 9}>
320.7143 	DATA 	Keypress: x
320.7306 	EXP 	Fixation2: autoDraw = False
320.7306 	EXP 	line1: autoDraw = False
320.7306 	EXP 	line2: autoDraw = False
320.7306 	EXP 	line3: autoDraw = False
320.7306 	EXP 	line4: autoDraw = False
320.7306 	EXP 	probe2: autoDraw = False
320.7306 	EXP 	Fixation2: autoDraw = True
320.8303 	EXP 	Device response: <KeyPress from None: t=320.70434759999625, value=x, duration=0.11430720007047057>
321.7131 	EXP 	line1: autoDraw = True
321.7131 	EXP 	line2: autoDraw = True
321.7131 	EXP 	line3: autoDraw = True
321.7131 	EXP 	line4: autoDraw = True
321.7280 	EXP 	Fixation2: autoDraw = False
322.7280 	INFO 	Keyboard events cleared
322.7278 	EXP 	probe2: autoDraw = True
323.2624 	EXP 	Device response: <KeyPress from None: t=323.26164390007034, value=x, duration=None>
323.2629 	EXP 	New trial (rep=10, index=36): <Trial 36 (36 in rep 10) data={'Pos': np.int64(-50), 'corr_resp': 'x', 'thisN': 36, 'thisTrialN': 36, 'thisRepN': 10}>
323.2648 	DATA 	Keypress: x
323.2799 	EXP 	Fixation2: autoDraw = False
323.2799 	EXP 	line1: autoDraw = False
323.2799 	EXP 	line2: autoDraw = False
323.2799 	EXP 	line3: autoDraw = False
323.2799 	EXP 	line4: autoDraw = False
323.2799 	EXP 	probe2: autoDraw = False
323.2799 	EXP 	Fixation2: autoDraw = True
323.3804 	EXP 	Device response: <KeyPress from None: t=323.26164390007034, value=x, duration=0.10366589995101094>
324.2635 	EXP 	line1: autoDraw = True
324.2635 	EXP 	line2: autoDraw = True
324.2635 	EXP 	line3: autoDraw = True
324.2635 	EXP 	line4: autoDraw = True
324.2779 	EXP 	Fixation2: autoDraw = False
325.2783 	INFO 	Keyboard events cleared
325.2781 	EXP 	probe2: autoDraw = True
325.7307 	DATA 	Keypress: x
325.7451 	EXP 	Device response: <KeyPress from None: t=325.72811859997455, value=x, duration=None>
325.7458 	EXP 	New trial (rep=9, index=37): <Trial 37 (37 in rep 9) data={'Pos': np.int64(150), 'corr_resp': 'v', 'thisN': 37, 'thisTrialN': 37, 'thisRepN': 9}>
325.7630 	EXP 	Fixation2: autoDraw = False
325.7630 	EXP 	line1: autoDraw = False
325.7630 	EXP 	line2: autoDraw = False
325.7630 	EXP 	line3: autoDraw = False
325.7630 	EXP 	line4: autoDraw = False
325.7630 	EXP 	probe2: autoDraw = False
325.7630 	EXP 	Fixation2: autoDraw = True
325.8470 	EXP 	Device response: <KeyPress from None: t=325.72811859997455, value=x, duration=0.10658000002149493>
326.7466 	EXP 	line1: autoDraw = True
326.7466 	EXP 	line2: autoDraw = True
326.7466 	EXP 	line3: autoDraw = True
326.7466 	EXP 	line4: autoDraw = True
326.7618 	EXP 	Fixation2: autoDraw = False
327.7445 	INFO 	Keyboard events cleared
327.7444 	EXP 	probe2: autoDraw = True
328.4454 	EXP 	Device response: <KeyPress from None: t=328.4448116000276, value=v, duration=None>
328.4461 	EXP 	New trial (rep=10, index=38): <Trial 38 (38 in rep 10) data={'Pos': np.int64(150), 'corr_resp': 'v', 'thisN': 38, 'thisTrialN': 38, 'thisRepN': 10}>
328.4483 	DATA 	Keypress: v
328.4629 	EXP 	Fixation2: autoDraw = False
328.4629 	EXP 	line1: autoDraw = False
328.4629 	EXP 	line2: autoDraw = False
328.4629 	EXP 	line3: autoDraw = False
328.4629 	EXP 	line4: autoDraw = False
328.4629 	EXP 	probe2: autoDraw = False
328.4629 	EXP 	Fixation2: autoDraw = True
328.7308 	EXP 	Device response: <KeyPress from None: t=328.4448116000276, value=v, duration=0.2754801999544725>
329.4469 	EXP 	line1: autoDraw = True
329.4469 	EXP 	line2: autoDraw = True
329.4469 	EXP 	line3: autoDraw = True
329.4469 	EXP 	line4: autoDraw = True
329.4617 	EXP 	Fixation2: autoDraw = False
330.4446 	INFO 	Keyboard events cleared
330.4444 	EXP 	probe2: autoDraw = True
330.9471 	DATA 	Keypress: v
330.9617 	EXP 	Device response: <KeyPress from None: t=330.9449737999821, value=v, duration=None>
330.9622 	EXP 	New trial (rep=8, index=39): <Trial 39 (39 in rep 8) data={'Pos': np.int64(-150), 'corr_resp': 'z', 'thisN': 39, 'thisTrialN': 39, 'thisRepN': 8}>
330.9798 	EXP 	Fixation2: autoDraw = False
330.9798 	EXP 	line1: autoDraw = False
330.9798 	EXP 	line2: autoDraw = False
330.9798 	EXP 	line3: autoDraw = False
330.9798 	EXP 	line4: autoDraw = False
330.9798 	EXP 	probe2: autoDraw = False
330.9798 	EXP 	Fixation2: autoDraw = True
331.2305 	EXP 	Device response: <KeyPress from None: t=330.9449737999821, value=v, duration=0.271158599993214>
331.9629 	EXP 	line1: autoDraw = True
331.9629 	EXP 	line2: autoDraw = True
331.9629 	EXP 	line3: autoDraw = True
331.9629 	EXP 	line4: autoDraw = True
331.9779 	EXP 	Fixation2: autoDraw = False
332.9777 	INFO 	Keyboard events cleared
332.9775 	EXP 	probe2: autoDraw = True
333.3812 	DATA 	Keypress: z
333.3949 	EXP 	Device response: <KeyPress from None: t=333.37894229998346, value=z, duration=None>
333.3954 	EXP 	New trial (rep=9, index=40): <Trial 40 (40 in rep 9) data={'Pos': np.int64(50), 'corr_resp': 'c', 'thisN': 40, 'thisTrialN': 40, 'thisRepN': 9}>
333.4135 	EXP 	Fixation2: autoDraw = False
333.4135 	EXP 	line1: autoDraw = False
333.4135 	EXP 	line2: autoDraw = False
333.4135 	EXP 	line3: autoDraw = False
333.4135 	EXP 	line4: autoDraw = False
333.4135 	EXP 	probe2: autoDraw = False
333.4135 	EXP 	Fixation2: autoDraw = True
333.5300 	EXP 	Device response: <KeyPress from None: t=315.6532288000453, value=z, duration=17.86037180002313>
334.3965 	EXP 	line1: autoDraw = True
334.3965 	EXP 	line2: autoDraw = True
334.3965 	EXP 	line3: autoDraw = True
334.3965 	EXP 	line4: autoDraw = True
334.4109 	EXP 	Fixation2: autoDraw = False
335.3946 	INFO 	Keyboard events cleared
335.3944 	EXP 	probe2: autoDraw = True
336.1947 	EXP 	Device response: <KeyPress from None: t=336.18501380004454, value=c, duration=None>
336.1952 	EXP 	New trial (rep=9, index=41): <Trial 41 (41 in rep 9) data={'Pos': np.int64(-150), 'corr_resp': 'z', 'thisN': 41, 'thisTrialN': 41, 'thisRepN': 9}>
336.1973 	DATA 	Keypress: c
336.2129 	EXP 	Fixation2: autoDraw = False
336.2129 	EXP 	line1: autoDraw = False
336.2129 	EXP 	line2: autoDraw = False
336.2129 	EXP 	line3: autoDraw = False
336.2129 	EXP 	line4: autoDraw = False
336.2129 	EXP 	probe2: autoDraw = False
336.2129 	EXP 	Fixation2: autoDraw = True
336.3804 	EXP 	Device response: <KeyPress from None: t=336.18501380004454, value=c, duration=0.18406330002471805>
337.1964 	EXP 	line1: autoDraw = True
337.1964 	EXP 	line2: autoDraw = True
337.1964 	EXP 	line3: autoDraw = True
337.1964 	EXP 	line4: autoDraw = True
337.2110 	EXP 	Fixation2: autoDraw = False
338.1948 	INFO 	Keyboard events cleared
338.1947 	EXP 	probe2: autoDraw = True
338.6615 	EXP 	Device response: <KeyPress from None: t=338.64863349997904, value=z, duration=None>
338.6621 	EXP 	New trial (rep=10, index=42): <Trial 42 (42 in rep 10) data={'Pos': np.int64(-150), 'corr_resp': 'z', 'thisN': 42, 'thisTrialN': 42, 'thisRepN': 10}>
338.6639 	DATA 	Keypress: z
338.6792 	EXP 	Fixation2: autoDraw = False
338.6792 	EXP 	line1: autoDraw = False
338.6792 	EXP 	line2: autoDraw = False
338.6792 	EXP 	line3: autoDraw = False
338.6792 	EXP 	line4: autoDraw = False
338.6792 	EXP 	probe2: autoDraw = False
338.6792 	EXP 	Fixation2: autoDraw = True
338.8135 	EXP 	Device response: <KeyPress from None: t=333.37894229998346, value=z, duration=5.427404600079171>
339.6627 	EXP 	line1: autoDraw = True
339.6627 	EXP 	line2: autoDraw = True
339.6627 	EXP 	line3: autoDraw = True
339.6627 	EXP 	line4: autoDraw = True
339.6781 	EXP 	Fixation2: autoDraw = False
340.6609 	INFO 	Keyboard events cleared
340.6607 	EXP 	probe2: autoDraw = True
341.3948 	EXP 	Device response: <KeyPress from None: t=341.39180049998686, value=z, duration=None>
341.3955 	EXP 	New trial (rep=11, index=43): <Trial 43 (43 in rep 11) data={'Pos': np.int64(-150), 'corr_resp': 'z', 'thisN': 43, 'thisTrialN': 43, 'thisRepN': 11}>
341.3974 	DATA 	Keypress: z
341.4126 	EXP 	Fixation2: autoDraw = False
341.4126 	EXP 	line1: autoDraw = False
341.4126 	EXP 	line2: autoDraw = False
341.4126 	EXP 	line3: autoDraw = False
341.4126 	EXP 	line4: autoDraw = False
341.4126 	EXP 	probe2: autoDraw = False
341.4126 	EXP 	Fixation2: autoDraw = True
341.5967 	EXP 	Device response: <KeyPress from None: t=338.64863349997904, value=z, duration=2.9390489000361413>
342.3958 	EXP 	line1: autoDraw = True
342.3958 	EXP 	line2: autoDraw = True
342.3958 	EXP 	line3: autoDraw = True
342.3958 	EXP 	line4: autoDraw = True
342.4112 	EXP 	Fixation2: autoDraw = False
343.4110 	INFO 	Keyboard events cleared
343.4108 	EXP 	probe2: autoDraw = True
343.7779 	EXP 	Device response: <KeyPress from None: t=343.7653670000145, value=z, duration=None>
343.7785 	EXP 	New trial (rep=11, index=44): <Trial 44 (44 in rep 11) data={'Pos': np.int64(150), 'corr_resp': 'v', 'thisN': 44, 'thisTrialN': 44, 'thisRepN': 11}>
343.7803 	DATA 	Keypress: z
343.7964 	EXP 	Fixation2: autoDraw = False
343.7964 	EXP 	line1: autoDraw = False
343.7964 	EXP 	line2: autoDraw = False
343.7964 	EXP 	line3: autoDraw = False
343.7964 	EXP 	line4: autoDraw = False
343.7964 	EXP 	probe2: autoDraw = False
343.7964 	EXP 	Fixation2: autoDraw = True
343.9131 	EXP 	Device response: <KeyPress from None: t=341.39180049998686, value=z, duration=2.512929000076838>
344.7794 	EXP 	line1: autoDraw = True
344.7794 	EXP 	line2: autoDraw = True
344.7794 	EXP 	line3: autoDraw = True
344.7794 	EXP 	line4: autoDraw = True
344.7939 	EXP 	Fixation2: autoDraw = False
345.7775 	INFO 	Keyboard events cleared
345.7773 	EXP 	probe2: autoDraw = True
346.2945 	EXP 	Device response: <KeyPress from None: t=346.29199300007895, value=v, duration=None>
346.2950 	EXP 	New trial (rep=12, index=45): <Trial 45 (45 in rep 12) data={'Pos': np.int64(150), 'corr_resp': 'v', 'thisN': 45, 'thisTrialN': 45, 'thisRepN': 12}>
346.2967 	DATA 	Keypress: v
346.3124 	EXP 	Fixation2: autoDraw = False
346.3124 	EXP 	line1: autoDraw = False
346.3124 	EXP 	line2: autoDraw = False
346.3124 	EXP 	line3: autoDraw = False
346.3124 	EXP 	line4: autoDraw = False
346.3124 	EXP 	probe2: autoDraw = False
346.3124 	EXP 	Fixation2: autoDraw = True
346.5959 	EXP 	Device response: <KeyPress from None: t=346.29199300007895, value=v, duration=0.3030228998977691>
347.2958 	EXP 	line1: autoDraw = True
347.2958 	EXP 	line2: autoDraw = True
347.2958 	EXP 	line3: autoDraw = True
347.2958 	EXP 	line4: autoDraw = True
347.3110 	EXP 	Fixation2: autoDraw = False
348.3108 	INFO 	Keyboard events cleared
348.3106 	EXP 	probe2: autoDraw = True
348.7613 	EXP 	Device response: <KeyPress from None: t=348.7503074000124, value=c, duration=None>
348.7618 	EXP 	New trial (rep=10, index=46): <Trial 46 (46 in rep 10) data={'Pos': np.int64(50), 'corr_resp': 'c', 'thisN': 46, 'thisTrialN': 46, 'thisRepN': 10}>
348.7634 	DATA 	Keypress: c
348.7796 	EXP 	Fixation2: autoDraw = False
348.7796 	EXP 	line1: autoDraw = False
348.7796 	EXP 	line2: autoDraw = False
348.7796 	EXP 	line3: autoDraw = False
348.7796 	EXP 	line4: autoDraw = False
348.7796 	EXP 	probe2: autoDraw = False
348.7796 	EXP 	Fixation2: autoDraw = True
348.9796 	EXP 	Device response: <KeyPress from None: t=348.7503074000124, value=c, duration=0.21672640007454902>
349.7626 	EXP 	line1: autoDraw = True
349.7626 	EXP 	line2: autoDraw = True
349.7626 	EXP 	line3: autoDraw = True
349.7626 	EXP 	line4: autoDraw = True
349.7771 	EXP 	Fixation2: autoDraw = False
350.7609 	INFO 	Keyboard events cleared
350.7607 	EXP 	probe2: autoDraw = True
351.3110 	EXP 	Device response: <KeyPress from None: t=351.30988960003015, value=c, duration=None>
351.3115 	EXP 	New trial (rep=11, index=47): <Trial 47 (47 in rep 11) data={'Pos': np.int64(50), 'corr_resp': 'c', 'thisN': 47, 'thisTrialN': 47, 'thisRepN': 11}>
351.3137 	DATA 	Keypress: c
351.3290 	EXP 	Fixation2: autoDraw = False
351.3290 	EXP 	line1: autoDraw = False
351.3290 	EXP 	line2: autoDraw = False
351.3290 	EXP 	line3: autoDraw = False
351.3290 	EXP 	line4: autoDraw = False
351.3290 	EXP 	probe2: autoDraw = False
351.3290 	EXP 	Fixation2: autoDraw = True
351.4971 	EXP 	Device response: <KeyPress from None: t=351.30988960003015, value=c, duration=0.18429789994843304>
352.3124 	EXP 	line1: autoDraw = True
352.3124 	EXP 	line2: autoDraw = True
352.3124 	EXP 	line3: autoDraw = True
352.3124 	EXP 	line4: autoDraw = True
352.3271 	EXP 	Fixation2: autoDraw = False
353.3108 	INFO 	Keyboard events cleared
353.3106 	EXP 	probe2: autoDraw = True
354.0273 	EXP 	Device response: <KeyPress from None: t=354.01383369998075, value=c, duration=None>
354.0280 	EXP 	New trial (rep=12, index=48): <Trial 48 (48 in rep 12) data={'Pos': np.int64(-150), 'corr_resp': 'z', 'thisN': 48, 'thisTrialN': 48, 'thisRepN': 12}>
354.0302 	DATA 	Keypress: c
354.0457 	EXP 	Fixation2: autoDraw = False
354.0457 	EXP 	line1: autoDraw = False
354.0457 	EXP 	line2: autoDraw = False
354.0457 	EXP 	line3: autoDraw = False
354.0457 	EXP 	line4: autoDraw = False
354.0457 	EXP 	probe2: autoDraw = False
354.0457 	EXP 	Fixation2: autoDraw = True
354.1635 	EXP 	Device response: <KeyPress from None: t=354.01383369998075, value=c, duration=0.13319880003109574>
355.0294 	EXP 	line1: autoDraw = True
355.0294 	EXP 	line2: autoDraw = True
355.0294 	EXP 	line3: autoDraw = True
355.0294 	EXP 	line4: autoDraw = True
355.0444 	EXP 	Fixation2: autoDraw = False
356.0271 	INFO 	Keyboard events cleared
356.0270 	EXP 	probe2: autoDraw = True
356.4277 	EXP 	Device response: <KeyPress from None: t=356.42391990008764, value=z, duration=None>
356.4282 	EXP 	New trial (rep=12, index=49): <Trial 49 (49 in rep 12) data={'Pos': np.int64(50), 'corr_resp': 'c', 'thisN': 49, 'thisTrialN': 49, 'thisRepN': 12}>
356.4302 	DATA 	Keypress: z
356.4461 	EXP 	Fixation2: autoDraw = False
356.4461 	EXP 	line1: autoDraw = False
356.4461 	EXP 	line2: autoDraw = False
356.4461 	EXP 	line3: autoDraw = False
356.4461 	EXP 	line4: autoDraw = False
356.4461 	EXP 	probe2: autoDraw = False
356.4461 	EXP 	Fixation2: autoDraw = True
356.5631 	EXP 	Device response: <KeyPress from None: t=343.7653670000145, value=z, duration=12.781897200038657>
357.4287 	EXP 	line1: autoDraw = True
357.4287 	EXP 	line2: autoDraw = True
357.4287 	EXP 	line3: autoDraw = True
357.4287 	EXP 	line4: autoDraw = True
357.4437 	EXP 	Fixation2: autoDraw = False
358.4278 	INFO 	Keyboard events cleared
358.4276 	EXP 	probe2: autoDraw = True
358.8948 	EXP 	Device response: <KeyPress from None: t=358.88059770001564, value=v, duration=None>
358.8953 	EXP 	New trial (rep=13, index=50): <Trial 50 (50 in rep 13) data={'Pos': np.int64(-150), 'corr_resp': 'z', 'thisN': 50, 'thisTrialN': 50, 'thisRepN': 13}>
358.8969 	DATA 	Keypress: v
358.9122 	EXP 	Fixation2: autoDraw = False
358.9122 	EXP 	line1: autoDraw = False
358.9122 	EXP 	line2: autoDraw = False
358.9122 	EXP 	line3: autoDraw = False
358.9122 	EXP 	line4: autoDraw = False
358.9122 	EXP 	probe2: autoDraw = False
358.9122 	EXP 	Fixation2: autoDraw = True
359.1796 	EXP 	Device response: <KeyPress from None: t=358.88059770001564, value=v, duration=0.2833138999994844>
359.8960 	EXP 	line1: autoDraw = True
359.8960 	EXP 	line2: autoDraw = True
359.8960 	EXP 	line3: autoDraw = True
359.8960 	EXP 	line4: autoDraw = True
359.9102 	EXP 	Fixation2: autoDraw = False
360.9110 	INFO 	Keyboard events cleared
360.9107 	EXP 	probe2: autoDraw = True
361.2136 	DATA 	Keypress: z
361.2272 	EXP 	Device response: <KeyPress from None: t=361.21180210006423, value=z, duration=None>
361.2277 	EXP 	New trial (rep=13, index=51): <Trial 51 (51 in rep 13) data={'Pos': np.int64(150), 'corr_resp': 'v', 'thisN': 51, 'thisTrialN': 51, 'thisRepN': 13}>
361.2458 	EXP 	Fixation2: autoDraw = False
361.2458 	EXP 	line1: autoDraw = False
361.2458 	EXP 	line2: autoDraw = False
361.2458 	EXP 	line3: autoDraw = False
361.2458 	EXP 	line4: autoDraw = False
361.2458 	EXP 	probe2: autoDraw = False
361.2458 	EXP 	Fixation2: autoDraw = True
361.3467 	EXP 	Device response: <KeyPress from None: t=356.42391990008764, value=z, duration=4.914516199962236>
362.2295 	EXP 	line1: autoDraw = True
362.2295 	EXP 	line2: autoDraw = True
362.2295 	EXP 	line3: autoDraw = True
362.2295 	EXP 	line4: autoDraw = True
362.2435 	EXP 	Fixation2: autoDraw = False
363.2271 	INFO 	Keyboard events cleared
363.2269 	EXP 	probe2: autoDraw = True
363.7774 	EXP 	Device response: <KeyPress from None: t=363.7729483000003, value=v, duration=None>
363.7779 	EXP 	New trial (rep=14, index=52): <Trial 52 (52 in rep 14) data={'Pos': np.int64(-150), 'corr_resp': 'z', 'thisN': 52, 'thisTrialN': 52, 'thisRepN': 14}>
363.7798 	DATA 	Keypress: v
363.7959 	EXP 	Fixation2: autoDraw = False
363.7959 	EXP 	line1: autoDraw = False
363.7959 	EXP 	line2: autoDraw = False
363.7959 	EXP 	line3: autoDraw = False
363.7959 	EXP 	line4: autoDraw = False
363.7959 	EXP 	probe2: autoDraw = False
363.7959 	EXP 	Fixation2: autoDraw = True
364.0301 	EXP 	Device response: <KeyPress from None: t=363.7729483000003, value=v, duration=0.24506410001777112>
364.7788 	EXP 	line1: autoDraw = True
364.7788 	EXP 	line2: autoDraw = True
364.7788 	EXP 	line3: autoDraw = True
364.7788 	EXP 	line4: autoDraw = True
364.7932 	EXP 	Fixation2: autoDraw = False
365.7932 	INFO 	Keyboard events cleared
365.7931 	EXP 	probe2: autoDraw = True
366.1268 	EXP 	Device response: <KeyPress from None: t=366.1134735000087, value=z, duration=None>
366.1275 	EXP 	New trial (rep=11, index=53): <Trial 53 (53 in rep 11) data={'Pos': np.int64(-50), 'corr_resp': 'x', 'thisN': 53, 'thisTrialN': 53, 'thisRepN': 11}>
366.1296 	DATA 	Keypress: z
366.1451 	EXP 	Fixation2: autoDraw = False
366.1451 	EXP 	line1: autoDraw = False
366.1451 	EXP 	line2: autoDraw = False
366.1451 	EXP 	line3: autoDraw = False
366.1451 	EXP 	line4: autoDraw = False
366.1451 	EXP 	probe2: autoDraw = False
366.1451 	EXP 	Fixation2: autoDraw = True
366.2465 	EXP 	Device response: <KeyPress from None: t=361.21180210006423, value=z, duration=5.019771400024183>
367.1294 	EXP 	line1: autoDraw = True
367.1294 	EXP 	line2: autoDraw = True
367.1294 	EXP 	line3: autoDraw = True
367.1294 	EXP 	line4: autoDraw = True
367.1434 	EXP 	Fixation2: autoDraw = False
368.1271 	INFO 	Keyboard events cleared
368.1269 	EXP 	probe2: autoDraw = True
368.6111 	EXP 	Device response: <KeyPress from None: t=368.6002373000374, value=x, duration=None>
368.6116 	EXP 	New trial (rep=14, index=54): <Trial 54 (54 in rep 14) data={'Pos': np.int64(150), 'corr_resp': 'v', 'thisN': 54, 'thisTrialN': 54, 'thisRepN': 14}>
368.6132 	DATA 	Keypress: x
368.6284 	EXP 	Fixation2: autoDraw = False
368.6284 	EXP 	line1: autoDraw = False
368.6284 	EXP 	line2: autoDraw = False
368.6284 	EXP 	line3: autoDraw = False
368.6284 	EXP 	line4: autoDraw = False
368.6284 	EXP 	probe2: autoDraw = False
368.6284 	EXP 	Fixation2: autoDraw = True
368.6964 	EXP 	Device response: <KeyPress from None: t=368.6002373000374, value=x, duration=0.09473250003065914>
369.6122 	EXP 	line1: autoDraw = True
369.6122 	EXP 	line2: autoDraw = True
369.6122 	EXP 	line3: autoDraw = True
369.6122 	EXP 	line4: autoDraw = True
369.6266 	EXP 	Fixation2: autoDraw = False
370.6104 	INFO 	Keyboard events cleared
370.6102 	EXP 	probe2: autoDraw = True
371.1126 	DATA 	Keypress: v
371.1274 	EXP 	Device response: <KeyPress from None: t=371.1108030000469, value=v, duration=None>
371.1280 	EXP 	New trial (rep=12, index=55): <Trial 55 (55 in rep 12) data={'Pos': np.int64(-50), 'corr_resp': 'x', 'thisN': 55, 'thisTrialN': 55, 'thisRepN': 12}>
371.1458 	EXP 	Fixation2: autoDraw = False
371.1458 	EXP 	line1: autoDraw = False
371.1458 	EXP 	line2: autoDraw = False
371.1458 	EXP 	line3: autoDraw = False
371.1458 	EXP 	line4: autoDraw = False
371.1458 	EXP 	probe2: autoDraw = False
371.1458 	EXP 	Fixation2: autoDraw = True
371.3628 	EXP 	Device response: <KeyPress from None: t=371.1108030000469, value=v, duration=0.2503319999668747>
372.1283 	EXP 	line1: autoDraw = True
372.1283 	EXP 	line2: autoDraw = True
372.1283 	EXP 	line3: autoDraw = True
372.1283 	EXP 	line4: autoDraw = True
372.1435 	EXP 	Fixation2: autoDraw = False
373.1429 	INFO 	Keyboard events cleared
373.1427 	EXP 	probe2: autoDraw = True
373.8437 	EXP 	Device response: <KeyPress from None: t=373.82983529998455, value=x, duration=None>
373.8441 	EXP 	New trial (rep=15, index=56): <Trial 56 (56 in rep 15) data={'Pos': np.int64(150), 'corr_resp': 'v', 'thisN': 56, 'thisTrialN': 56, 'thisRepN': 15}>
373.8453 	DATA 	Keypress: x
373.8615 	EXP 	Fixation2: autoDraw = False
373.8615 	EXP 	line1: autoDraw = False
373.8615 	EXP 	line2: autoDraw = False
373.8615 	EXP 	line3: autoDraw = False
373.8615 	EXP 	line4: autoDraw = False
373.8615 	EXP 	probe2: autoDraw = False
373.8615 	EXP 	Fixation2: autoDraw = True
373.9297 	EXP 	Device response: <KeyPress from None: t=373.82983529998455, value=x, duration=0.09481030004099011>
374.8452 	EXP 	line1: autoDraw = True
374.8452 	EXP 	line2: autoDraw = True
374.8452 	EXP 	line3: autoDraw = True
374.8452 	EXP 	line4: autoDraw = True
374.8595 	EXP 	Fixation2: autoDraw = False
375.8594 	INFO 	Keyboard events cleared
375.8593 	EXP 	probe2: autoDraw = True
376.2768 	EXP 	Device response: <KeyPress from None: t=376.26632729999255, value=v, duration=None>
376.2771 	EXP 	New trial (rep=16, index=57): <Trial 57 (57 in rep 16) data={'Pos': np.int64(150), 'corr_resp': 'v', 'thisN': 57, 'thisTrialN': 57, 'thisRepN': 16}>
376.2781 	DATA 	Keypress: v
376.2955 	EXP 	Fixation2: autoDraw = False
376.2955 	EXP 	line1: autoDraw = False
376.2955 	EXP 	line2: autoDraw = False
376.2955 	EXP 	line3: autoDraw = False
376.2955 	EXP 	line4: autoDraw = False
376.2955 	EXP 	probe2: autoDraw = False
376.2955 	EXP 	Fixation2: autoDraw = True
376.6124 	EXP 	Device response: <KeyPress from None: t=376.26632729999255, value=v, duration=0.3404494000133127>
377.2784 	EXP 	line1: autoDraw = True
377.2784 	EXP 	line2: autoDraw = True
377.2784 	EXP 	line3: autoDraw = True
377.2784 	EXP 	line4: autoDraw = True
377.2933 	EXP 	Fixation2: autoDraw = False
378.2766 	INFO 	Keyboard events cleared
378.2765 	EXP 	probe2: autoDraw = True
378.7774 	EXP 	Device response: <KeyPress from None: t=378.7744010000024, value=v, duration=None>
378.7780 	EXP 	New trial (rep=13, index=58): <Trial 58 (58 in rep 13) data={'Pos': np.int64(50), 'corr_resp': 'c', 'thisN': 58, 'thisTrialN': 58, 'thisRepN': 13}>
378.7797 	DATA 	Keypress: v
378.7950 	EXP 	Fixation2: autoDraw = False
378.7950 	EXP 	line1: autoDraw = False
378.7950 	EXP 	line2: autoDraw = False
378.7950 	EXP 	line3: autoDraw = False
378.7950 	EXP 	line4: autoDraw = False
378.7950 	EXP 	probe2: autoDraw = False
378.7950 	EXP 	Fixation2: autoDraw = True
379.0458 	EXP 	Device response: <KeyPress from None: t=378.7744010000024, value=v, duration=0.2544658000115305>
379.7780 	EXP 	line1: autoDraw = True
379.7780 	EXP 	line2: autoDraw = True
379.7780 	EXP 	line3: autoDraw = True
379.7780 	EXP 	line4: autoDraw = True
379.7931 	EXP 	Fixation2: autoDraw = False
380.7934 	INFO 	Keyboard events cleared
380.7931 	EXP 	probe2: autoDraw = True
381.3767 	EXP 	Device response: <KeyPress from None: t=381.37465400004294, value=c, duration=None>
381.3772 	EXP 	New trial (rep=14, index=59): <Trial 59 (59 in rep 14) data={'Pos': np.int64(50), 'corr_resp': 'c', 'thisN': 59, 'thisTrialN': 59, 'thisRepN': 14}>
381.3788 	DATA 	Keypress: c
381.3953 	EXP 	Fixation2: autoDraw = False
381.3953 	EXP 	line1: autoDraw = False
381.3953 	EXP 	line2: autoDraw = False
381.3953 	EXP 	line3: autoDraw = False
381.3953 	EXP 	line4: autoDraw = False
381.3953 	EXP 	probe2: autoDraw = False
381.3953 	EXP 	Fixation2: autoDraw = True
381.5456 	EXP 	Device response: <KeyPress from None: t=381.37465400004294, value=c, duration=0.15992070001084358>
382.3786 	EXP 	line1: autoDraw = True
382.3786 	EXP 	line2: autoDraw = True
382.3786 	EXP 	line3: autoDraw = True
382.3786 	EXP 	line4: autoDraw = True
382.3932 	EXP 	Fixation2: autoDraw = False
383.3767 	INFO 	Keyboard events cleared
383.3765 	EXP 	probe2: autoDraw = True
383.9793 	DATA 	Keypress: c
383.9935 	EXP 	Device response: <KeyPress from None: t=383.97875400003977, value=c, duration=None>
383.9940 	EXP 	New trial (rep=15, index=60): <Trial 60 (60 in rep 15) data={'Pos': np.int64(50), 'corr_resp': 'c', 'thisN': 60, 'thisTrialN': 60, 'thisRepN': 15}>
384.0115 	EXP 	Fixation2: autoDraw = False
384.0115 	EXP 	line1: autoDraw = False
384.0115 	EXP 	line2: autoDraw = False
384.0115 	EXP 	line3: autoDraw = False
384.0115 	EXP 	line4: autoDraw = False
384.0115 	EXP 	probe2: autoDraw = False
384.0115 	EXP 	Fixation2: autoDraw = True
384.1788 	EXP 	Device response: <KeyPress from None: t=383.97875400003977, value=c, duration=0.18705529998987913>
384.9957 	EXP 	line1: autoDraw = True
384.9957 	EXP 	line2: autoDraw = True
384.9957 	EXP 	line3: autoDraw = True
384.9957 	EXP 	line4: autoDraw = True
385.0097 	EXP 	Fixation2: autoDraw = False
386.0104 	INFO 	Keyboard events cleared
386.0102 	EXP 	probe2: autoDraw = True
386.0438 	EXP 	Device response: <KeyPress from None: t=386.0374783000443, value=z, duration=None>
386.0443 	EXP 	New trial (rep=17, index=61): <Trial 61 (61 in rep 17) data={'Pos': np.int64(150), 'corr_resp': 'v', 'thisN': 61, 'thisTrialN': 61, 'thisRepN': 17}>
386.0460 	DATA 	Keypress: z
386.0615 	EXP 	Fixation2: autoDraw = False
386.0615 	EXP 	line1: autoDraw = False
386.0615 	EXP 	line2: autoDraw = False
386.0615 	EXP 	line3: autoDraw = False
386.0615 	EXP 	line4: autoDraw = False
386.0615 	EXP 	probe2: autoDraw = False
386.0615 	EXP 	Fixation2: autoDraw = True
386.1791 	EXP 	Device response: <KeyPress from None: t=366.1134735000087, value=z, duration=20.05066050007008>
387.0449 	EXP 	line1: autoDraw = True
387.0449 	EXP 	line2: autoDraw = True
387.0449 	EXP 	line3: autoDraw = True
387.0449 	EXP 	line4: autoDraw = True
387.0598 	EXP 	Fixation2: autoDraw = False
388.0598 	INFO 	Keyboard events cleared
388.0597 	EXP 	probe2: autoDraw = True
388.5940 	EXP 	Device response: <KeyPress from None: t=388.5800795999821, value=v, duration=None>
388.5945 	EXP 	New trial (rep=15, index=62): <Trial 62 (62 in rep 15) data={'Pos': np.int64(-150), 'corr_resp': 'z', 'thisN': 62, 'thisTrialN': 62, 'thisRepN': 15}>
388.5962 	DATA 	Keypress: v
388.6121 	EXP 	Fixation2: autoDraw = False
388.6121 	EXP 	line1: autoDraw = False
388.6121 	EXP 	line2: autoDraw = False
388.6121 	EXP 	line3: autoDraw = False
388.6121 	EXP 	line4: autoDraw = False
388.6121 	EXP 	probe2: autoDraw = False
388.6121 	EXP 	Fixation2: autoDraw = True
388.8794 	EXP 	Device response: <KeyPress from None: t=388.5800795999821, value=v, duration=0.2848124000011012>
389.5950 	EXP 	line1: autoDraw = True
389.5950 	EXP 	line2: autoDraw = True
389.5950 	EXP 	line3: autoDraw = True
389.5950 	EXP 	line4: autoDraw = True
389.6094 	EXP 	Fixation2: autoDraw = False
390.6098 	INFO 	Keyboard events cleared
390.6096 	EXP 	probe2: autoDraw = True
391.0952 	DATA 	Keypress: z
391.1106 	EXP 	Device response: <KeyPress from None: t=391.09417810000014, value=z, duration=None>
391.1115 	EXP 	New trial (rep=16, index=63): <Trial 63 (63 in rep 16) data={'Pos': np.int64(-150), 'corr_resp': 'z', 'thisN': 63, 'thisTrialN': 63, 'thisRepN': 16}>
391.1289 	EXP 	Fixation2: autoDraw = False
391.1289 	EXP 	line1: autoDraw = False
391.1289 	EXP 	line2: autoDraw = False
391.1289 	EXP 	line3: autoDraw = False
391.1289 	EXP 	line4: autoDraw = False
391.1289 	EXP 	probe2: autoDraw = False
391.1289 	EXP 	Fixation2: autoDraw = True
391.2620 	EXP 	Device response: <KeyPress from None: t=386.0374783000443, value=z, duration=5.212555999984033>
392.1111 	EXP 	line1: autoDraw = True
392.1111 	EXP 	line2: autoDraw = True
392.1111 	EXP 	line3: autoDraw = True
392.1111 	EXP 	line4: autoDraw = True
392.1428 	EXP 	Fixation2: autoDraw = False
393.1262 	INFO 	Keyboard events cleared
393.1260 	EXP 	probe2: autoDraw = True
393.5271 	EXP 	Device response: <KeyPress from None: t=393.52624759997707, value=z, duration=None>
393.5280 	EXP 	New trial (rep=13, index=64): <Trial 64 (64 in rep 13) data={'Pos': np.int64(-50), 'corr_resp': 'x', 'thisN': 64, 'thisTrialN': 64, 'thisRepN': 13}>
393.5297 	DATA 	Keypress: z
393.5444 	EXP 	Fixation2: autoDraw = False
393.5444 	EXP 	line1: autoDraw = False
393.5444 	EXP 	line2: autoDraw = False
393.5444 	EXP 	line3: autoDraw = False
393.5444 	EXP 	line4: autoDraw = False
393.5444 	EXP 	probe2: autoDraw = False
393.5444 	EXP 	Fixation2: autoDraw = True
393.6783 	EXP 	Device response: <KeyPress from None: t=391.09417810000014, value=z, duration=2.5760644000256434>
394.5285 	EXP 	line1: autoDraw = True
394.5285 	EXP 	line2: autoDraw = True
394.5285 	EXP 	line3: autoDraw = True
394.5285 	EXP 	line4: autoDraw = True
394.5433 	EXP 	Fixation2: autoDraw = False
395.5430 	INFO 	Keyboard events cleared
395.5428 	EXP 	probe2: autoDraw = True
396.0295 	DATA 	Keypress: x
396.0433 	EXP 	Device response: <KeyPress from None: t=396.0280630000634, value=x, duration=None>
396.0439 	EXP 	New trial (rep=14, index=65): <Trial 65 (65 in rep 14) data={'Pos': np.int64(-50), 'corr_resp': 'x', 'thisN': 65, 'thisTrialN': 65, 'thisRepN': 14}>
396.0615 	EXP 	Fixation2: autoDraw = False
396.0615 	EXP 	line1: autoDraw = False
396.0615 	EXP 	line2: autoDraw = False
396.0615 	EXP 	line3: autoDraw = False
396.0615 	EXP 	line4: autoDraw = False
396.0615 	EXP 	probe2: autoDraw = False
396.0615 	EXP 	Fixation2: autoDraw = True
396.1619 	EXP 	Device response: <KeyPress from None: t=396.0280630000634, value=x, duration=0.12036699999589473>
397.0450 	EXP 	line1: autoDraw = True
397.0450 	EXP 	line2: autoDraw = True
397.0450 	EXP 	line3: autoDraw = True
397.0450 	EXP 	line4: autoDraw = True
397.0595 	EXP 	Fixation2: autoDraw = False
398.0596 	INFO 	Keyboard events cleared
398.0594 	EXP 	probe2: autoDraw = True
398.5603 	EXP 	Device response: <KeyPress from None: t=398.55701570003293, value=x, duration=None>
398.5611 	EXP 	New trial (rep=16, index=66): <Trial 66 (66 in rep 16) data={'Pos': np.int64(50), 'corr_resp': 'c', 'thisN': 66, 'thisTrialN': 66, 'thisRepN': 16}>
398.5628 	DATA 	Keypress: x
398.5777 	EXP 	Fixation2: autoDraw = False
398.5777 	EXP 	line1: autoDraw = False
398.5777 	EXP 	line2: autoDraw = False
398.5777 	EXP 	line3: autoDraw = False
398.5777 	EXP 	line4: autoDraw = False
398.5777 	EXP 	probe2: autoDraw = False
398.5777 	EXP 	Fixation2: autoDraw = True
398.7121 	EXP 	Device response: <KeyPress from None: t=398.55701570003293, value=x, duration=0.13853039999958128>
399.5612 	EXP 	line1: autoDraw = True
399.5612 	EXP 	line2: autoDraw = True
399.5612 	EXP 	line3: autoDraw = True
399.5612 	EXP 	line4: autoDraw = True
399.5755 	EXP 	Fixation2: autoDraw = False
400.5758 	INFO 	Keyboard events cleared
400.5756 	EXP 	probe2: autoDraw = True
401.2637 	DATA 	Keypress: c
401.2764 	EXP 	Device response: <KeyPress from None: t=401.26086640008725, value=c, duration=None>
401.2770 	EXP 	New trial (rep=18, index=67): <Trial 67 (67 in rep 18) data={'Pos': np.int64(150), 'corr_resp': 'v', 'thisN': 67, 'thisTrialN': 67, 'thisRepN': 18}>
401.2943 	EXP 	Fixation2: autoDraw = False
401.2943 	EXP 	line1: autoDraw = False
401.2943 	EXP 	line2: autoDraw = False
401.2943 	EXP 	line3: autoDraw = False
401.2943 	EXP 	line4: autoDraw = False
401.2943 	EXP 	probe2: autoDraw = False
401.2943 	EXP 	Fixation2: autoDraw = True
401.4451 	EXP 	Device response: <KeyPress from None: t=401.26086640008725, value=c, duration=0.1707059999462217>
402.2786 	EXP 	line1: autoDraw = True
402.2786 	EXP 	line2: autoDraw = True
402.2786 	EXP 	line3: autoDraw = True
402.2786 	EXP 	line4: autoDraw = True
402.2925 	EXP 	Fixation2: autoDraw = False
403.2760 	INFO 	Keyboard events cleared
403.2758 	EXP 	probe2: autoDraw = True
403.6600 	EXP 	Device response: <KeyPress from None: t=403.65893779997714, value=v, duration=None>
403.6606 	EXP 	New trial (rep=19, index=68): <Trial 68 (68 in rep 19) data={'Pos': np.int64(150), 'corr_resp': 'v', 'thisN': 68, 'thisTrialN': 68, 'thisRepN': 19}>
403.6630 	DATA 	Keypress: v
403.6781 	EXP 	Fixation2: autoDraw = False
403.6781 	EXP 	line1: autoDraw = False
403.6781 	EXP 	line2: autoDraw = False
403.6781 	EXP 	line3: autoDraw = False
403.6781 	EXP 	line4: autoDraw = False
403.6781 	EXP 	probe2: autoDraw = False
403.6781 	EXP 	Fixation2: autoDraw = True
403.9290 	EXP 	Device response: <KeyPress from None: t=403.65893779997714, value=v, duration=0.25252930005081>
404.6611 	EXP 	line1: autoDraw = True
404.6611 	EXP 	line2: autoDraw = True
404.6611 	EXP 	line3: autoDraw = True
404.6611 	EXP 	line4: autoDraw = True
404.6763 	EXP 	Fixation2: autoDraw = False
405.6759 	INFO 	Keyboard events cleared
405.6757 	EXP 	probe2: autoDraw = True
406.1098 	EXP 	Device response: <KeyPress from None: t=406.09763149998616, value=v, duration=None>
406.1102 	EXP 	New trial (rep=17, index=69): <Trial 69 (69 in rep 17) data={'Pos': np.int64(-150), 'corr_resp': 'z', 'thisN': 69, 'thisTrialN': 69, 'thisRepN': 17}>
406.1121 	DATA 	Keypress: v
406.1282 	EXP 	Fixation2: autoDraw = False
406.1282 	EXP 	line1: autoDraw = False
406.1282 	EXP 	line2: autoDraw = False
406.1282 	EXP 	line3: autoDraw = False
406.1282 	EXP 	line4: autoDraw = False
406.1282 	EXP 	probe2: autoDraw = False
406.1282 	EXP 	Fixation2: autoDraw = True
406.3950 	EXP 	Device response: <KeyPress from None: t=406.09763149998616, value=v, duration=0.28441389999352396>
407.1108 	EXP 	line1: autoDraw = True
407.1108 	EXP 	line2: autoDraw = True
407.1108 	EXP 	line3: autoDraw = True
407.1108 	EXP 	line4: autoDraw = True
407.1257 	EXP 	Fixation2: autoDraw = False
408.1258 	INFO 	Keyboard events cleared
408.1256 	EXP 	probe2: autoDraw = True
408.7117 	DATA 	Keypress: z
408.7262 	EXP 	Device response: <KeyPress from None: t=408.7111626000842, value=z, duration=None>
408.7267 	EXP 	New trial (rep=17, index=70): <Trial 70 (70 in rep 17) data={'Pos': np.int64(50), 'corr_resp': 'c', 'thisN': 70, 'thisTrialN': 70, 'thisRepN': 17}>
408.7450 	EXP 	Fixation2: autoDraw = False
408.7450 	EXP 	line1: autoDraw = False
408.7450 	EXP 	line2: autoDraw = False
408.7450 	EXP 	line3: autoDraw = False
408.7450 	EXP 	line4: autoDraw = False
408.7450 	EXP 	probe2: autoDraw = False
408.7450 	EXP 	Fixation2: autoDraw = True
408.8783 	EXP 	Device response: <KeyPress from None: t=393.52624759997707, value=z, duration=15.35101010010112>
409.7275 	EXP 	line1: autoDraw = True
409.7275 	EXP 	line2: autoDraw = True
409.7275 	EXP 	line3: autoDraw = True
409.7275 	EXP 	line4: autoDraw = True
409.7423 	EXP 	Fixation2: autoDraw = False
410.7425 	INFO 	Keyboard events cleared
410.7423 	EXP 	probe2: autoDraw = True
411.2596 	EXP 	Device response: <KeyPress from None: t=411.24773860001005, value=c, duration=None>
411.2601 	EXP 	New trial (rep=15, index=71): <Trial 71 (71 in rep 15) data={'Pos': np.int64(-50), 'corr_resp': 'x', 'thisN': 71, 'thisTrialN': 71, 'thisRepN': 15}>
411.2618 	DATA 	Keypress: c
411.2786 	EXP 	Fixation2: autoDraw = False
411.2786 	EXP 	line1: autoDraw = False
411.2786 	EXP 	line2: autoDraw = False
411.2786 	EXP 	line3: autoDraw = False
411.2786 	EXP 	line4: autoDraw = False
411.2786 	EXP 	probe2: autoDraw = False
411.2786 	EXP 	Fixation2: autoDraw = True
411.4447 	EXP 	Device response: <KeyPress from None: t=411.24773860001005, value=c, duration=0.1926691000116989>
412.2610 	EXP 	line1: autoDraw = True
412.2610 	EXP 	line2: autoDraw = True
412.2610 	EXP 	line3: autoDraw = True
412.2610 	EXP 	line4: autoDraw = True
412.2754 	EXP 	Fixation2: autoDraw = False
413.2756 	INFO 	Keyboard events cleared
413.2754 	EXP 	probe2: autoDraw = True
413.7927 	EXP 	Device response: <KeyPress from None: t=413.7901922999881, value=x, duration=None>
413.7932 	EXP 	New trial (rep=16, index=72): <Trial 72 (72 in rep 16) data={'Pos': np.int64(-50), 'corr_resp': 'x', 'thisN': 72, 'thisTrialN': 72, 'thisRepN': 16}>
413.7953 	DATA 	Keypress: x
413.8109 	EXP 	Fixation2: autoDraw = False
413.8109 	EXP 	line1: autoDraw = False
413.8109 	EXP 	line2: autoDraw = False
413.8109 	EXP 	line3: autoDraw = False
413.8109 	EXP 	line4: autoDraw = False
413.8109 	EXP 	probe2: autoDraw = False
413.8109 	EXP 	Fixation2: autoDraw = True
413.9286 	EXP 	Device response: <KeyPress from None: t=413.7901922999881, value=x, duration=0.12671660003252327>
414.7944 	EXP 	line1: autoDraw = True
414.7944 	EXP 	line2: autoDraw = True
414.7944 	EXP 	line3: autoDraw = True
414.7944 	EXP 	line4: autoDraw = True
414.8088 	EXP 	Fixation2: autoDraw = False
415.7921 	INFO 	Keyboard events cleared
415.7919 	EXP 	probe2: autoDraw = True
416.1977 	DATA 	Keypress: x
416.2094 	EXP 	Device response: <KeyPress from None: t=416.1942300000228, value=x, duration=None>
416.2099 	EXP 	New trial (rep=17, index=73): <Trial 73 (73 in rep 17) data={'Pos': np.int64(-50), 'corr_resp': 'x', 'thisN': 73, 'thisTrialN': 73, 'thisRepN': 17}>
416.2277 	EXP 	Fixation2: autoDraw = False
416.2277 	EXP 	line1: autoDraw = False
416.2277 	EXP 	line2: autoDraw = False
416.2277 	EXP 	line3: autoDraw = False
416.2277 	EXP 	line4: autoDraw = False
416.2277 	EXP 	probe2: autoDraw = False
416.2277 	EXP 	Fixation2: autoDraw = True
416.2948 	EXP 	Device response: <KeyPress from None: t=416.1942300000228, value=x, duration=0.09245670004747808>
417.2107 	EXP 	line1: autoDraw = True
417.2107 	EXP 	line2: autoDraw = True
417.2107 	EXP 	line3: autoDraw = True
417.2107 	EXP 	line4: autoDraw = True
417.2255 	EXP 	Fixation2: autoDraw = False
418.2255 	INFO 	Keyboard events cleared
418.2254 	EXP 	probe2: autoDraw = True
418.6445 	DATA 	Keypress: x
418.6594 	EXP 	Device response: <KeyPress from None: t=418.64316370000597, value=x, duration=None>
418.6599 	EXP 	New trial (rep=18, index=74): <Trial 74 (74 in rep 18) data={'Pos': np.int64(50), 'corr_resp': 'c', 'thisN': 74, 'thisTrialN': 74, 'thisRepN': 18}>
418.6778 	EXP 	Fixation2: autoDraw = False
418.6778 	EXP 	line1: autoDraw = False
418.6778 	EXP 	line2: autoDraw = False
418.6778 	EXP 	line3: autoDraw = False
418.6778 	EXP 	line4: autoDraw = False
418.6778 	EXP 	probe2: autoDraw = False
418.6778 	EXP 	Fixation2: autoDraw = True
418.7778 	EXP 	Device response: <KeyPress from None: t=418.64316370000597, value=x, duration=0.1285059000365436>
419.6606 	EXP 	line1: autoDraw = True
419.6606 	EXP 	line2: autoDraw = True
419.6606 	EXP 	line3: autoDraw = True
419.6606 	EXP 	line4: autoDraw = True
419.6751 	EXP 	Fixation2: autoDraw = False
420.6754 	INFO 	Keyboard events cleared
420.6752 	EXP 	probe2: autoDraw = True
421.2117 	DATA 	Keypress: c
421.2257 	EXP 	Device response: <KeyPress from None: t=421.20992340007797, value=c, duration=None>
421.2261 	EXP 	New trial (rep=18, index=75): <Trial 75 (75 in rep 18) data={'Pos': np.int64(-150), 'corr_resp': 'z', 'thisN': 75, 'thisTrialN': 75, 'thisRepN': 18}>
421.2438 	EXP 	Fixation2: autoDraw = False
421.2438 	EXP 	line1: autoDraw = False
421.2438 	EXP 	line2: autoDraw = False
421.2438 	EXP 	line3: autoDraw = False
421.2438 	EXP 	line4: autoDraw = False
421.2438 	EXP 	probe2: autoDraw = False
421.2438 	EXP 	Fixation2: autoDraw = True
421.4113 	EXP 	Device response: <KeyPress from None: t=421.20992340007797, value=c, duration=0.1886844999389723>
422.2276 	EXP 	line1: autoDraw = True
422.2276 	EXP 	line2: autoDraw = True
422.2276 	EXP 	line3: autoDraw = True
422.2276 	EXP 	line4: autoDraw = True
422.2419 	EXP 	Fixation2: autoDraw = False
423.2254 	INFO 	Keyboard events cleared
423.2252 	EXP 	probe2: autoDraw = True
423.8593 	EXP 	Device response: <KeyPress from None: t=423.85586920008063, value=z, duration=None>
423.8598 	EXP 	New trial (rep=19, index=76): <Trial 76 (76 in rep 19) data={'Pos': np.int64(-150), 'corr_resp': 'z', 'thisN': 76, 'thisTrialN': 76, 'thisRepN': 19}>
423.8616 	DATA 	Keypress: z
423.8776 	EXP 	Fixation2: autoDraw = False
423.8776 	EXP 	line1: autoDraw = False
423.8776 	EXP 	line2: autoDraw = False
423.8776 	EXP 	line3: autoDraw = False
423.8776 	EXP 	line4: autoDraw = False
423.8776 	EXP 	probe2: autoDraw = False
423.8776 	EXP 	Fixation2: autoDraw = True
424.0446 	EXP 	Device response: <KeyPress from None: t=408.7111626000842, value=z, duration=15.318504799972288>
424.8607 	EXP 	line1: autoDraw = True
424.8607 	EXP 	line2: autoDraw = True
424.8607 	EXP 	line3: autoDraw = True
424.8607 	EXP 	line4: autoDraw = True
424.8752 	EXP 	Fixation2: autoDraw = False
425.8752 	INFO 	Keyboard events cleared
425.8750 	EXP 	probe2: autoDraw = True
426.8763 	EXP 	Device response: <KeyPress from None: t=426.86572510004044, value=z, duration=None>
426.8769 	EXP 	New trial (rep=18, index=77): <Trial 77 (77 in rep 18) data={'Pos': np.int64(-50), 'corr_resp': 'x', 'thisN': 77, 'thisTrialN': 77, 'thisRepN': 18}>
426.8787 	DATA 	Keypress: z
426.8935 	EXP 	Fixation2: autoDraw = False
426.8935 	EXP 	line1: autoDraw = False
426.8935 	EXP 	line2: autoDraw = False
426.8935 	EXP 	line3: autoDraw = False
426.8935 	EXP 	line4: autoDraw = False
426.8935 	EXP 	probe2: autoDraw = False
426.8935 	EXP 	Fixation2: autoDraw = True
427.0275 	EXP 	Device response: <KeyPress from None: t=423.85586920008063, value=z, duration=3.1589922999264672>
427.8770 	EXP 	line1: autoDraw = True
427.8770 	EXP 	line2: autoDraw = True
427.8770 	EXP 	line3: autoDraw = True
427.8770 	EXP 	line4: autoDraw = True
427.8923 	EXP 	Fixation2: autoDraw = False
428.8920 	INFO 	Keyboard events cleared
428.8918 	EXP 	probe2: autoDraw = True
429.5256 	EXP 	Device response: <KeyPress from None: t=429.5144314999925, value=x, duration=None>
429.5261 	EXP 	New trial (rep=20, index=78): <Trial 78 (78 in rep 20) data={'Pos': np.int64(150), 'corr_resp': 'v', 'thisN': 78, 'thisTrialN': 78, 'thisRepN': 20}>
429.5277 	DATA 	Keypress: x
429.5438 	EXP 	Fixation2: autoDraw = False
429.5438 	EXP 	line1: autoDraw = False
429.5438 	EXP 	line2: autoDraw = False
429.5438 	EXP 	line3: autoDraw = False
429.5438 	EXP 	line4: autoDraw = False
429.5438 	EXP 	probe2: autoDraw = False
429.5438 	EXP 	Fixation2: autoDraw = True
429.6114 	EXP 	Device response: <KeyPress from None: t=429.5144314999925, value=x, duration=0.0792932000476867>
430.5277 	EXP 	line1: autoDraw = True
430.5277 	EXP 	line2: autoDraw = True
430.5277 	EXP 	line3: autoDraw = True
430.5277 	EXP 	line4: autoDraw = True
430.5418 	EXP 	Fixation2: autoDraw = False
431.5251 	INFO 	Keyboard events cleared
431.5249 	EXP 	probe2: autoDraw = True
431.9423 	EXP 	Device response: <KeyPress from None: t=431.94077770004515, value=v, duration=None>
431.9427 	EXP 	New trial (rep=20, index=79): <Trial 79 (79 in rep 20) data={'Pos': np.int64(-150), 'corr_resp': 'z', 'thisN': 79, 'thisTrialN': 79, 'thisRepN': 20}>
431.9443 	DATA 	Keypress: v
431.9602 	EXP 	Fixation2: autoDraw = False
431.9602 	EXP 	line1: autoDraw = False
431.9602 	EXP 	line2: autoDraw = False
431.9602 	EXP 	line3: autoDraw = False
431.9602 	EXP 	line4: autoDraw = False
431.9602 	EXP 	probe2: autoDraw = False
431.9602 	EXP 	Fixation2: autoDraw = True
432.1774 	EXP 	Device response: <KeyPress from None: t=431.94077770004515, value=v, duration=0.22337609995156527>
432.9441 	EXP 	line1: autoDraw = True
432.9441 	EXP 	line2: autoDraw = True
432.9441 	EXP 	line3: autoDraw = True
432.9441 	EXP 	line4: autoDraw = True
432.9584 	EXP 	Fixation2: autoDraw = False
433.9588 	INFO 	Keyboard events cleared
433.9586 	EXP 	probe2: autoDraw = True
434.2950 	DATA 	Keypress: z
434.3088 	EXP 	Device response: <KeyPress from None: t=434.29338769998867, value=z, duration=None>
434.3093 	EXP 	New trial (rep=19, index=80): <Trial 80 (80 in rep 19) data={'Pos': np.int64(50), 'corr_resp': 'c', 'thisN': 80, 'thisTrialN': 80, 'thisRepN': 19}>
434.3270 	EXP 	Fixation2: autoDraw = False
434.3270 	EXP 	line1: autoDraw = False
434.3270 	EXP 	line2: autoDraw = False
434.3270 	EXP 	line3: autoDraw = False
434.3270 	EXP 	line4: autoDraw = False
434.3270 	EXP 	probe2: autoDraw = False
434.3270 	EXP 	Fixation2: autoDraw = True
434.4275 	EXP 	Device response: <KeyPress from None: t=426.86572510004044, value=z, duration=7.5560330000007525>
435.3108 	EXP 	line1: autoDraw = True
435.3108 	EXP 	line2: autoDraw = True
435.3108 	EXP 	line3: autoDraw = True
435.3108 	EXP 	line4: autoDraw = True
435.3251 	EXP 	Fixation2: autoDraw = False
436.3252 	INFO 	Keyboard events cleared
436.3249 	EXP 	probe2: autoDraw = True
437.2272 	DATA 	Keypress: c
437.2422 	EXP 	Device response: <KeyPress from None: t=437.22538910002913, value=c, duration=None>
437.2429 	EXP 	New trial (rep=21, index=81): <Trial 81 (81 in rep 21) data={'Pos': np.int64(150), 'corr_resp': 'v', 'thisN': 81, 'thisTrialN': 81, 'thisRepN': 21}>
437.2603 	EXP 	Fixation2: autoDraw = False
437.2603 	EXP 	line1: autoDraw = False
437.2603 	EXP 	line2: autoDraw = False
437.2603 	EXP 	line3: autoDraw = False
437.2603 	EXP 	line4: autoDraw = False
437.2603 	EXP 	probe2: autoDraw = False
437.2603 	EXP 	Fixation2: autoDraw = True
437.3272 	EXP 	Device response: <KeyPress from None: t=437.22538910002913, value=c, duration=0.0977584000211209>
438.2434 	EXP 	line1: autoDraw = True
438.2434 	EXP 	line2: autoDraw = True
438.2434 	EXP 	line3: autoDraw = True
438.2434 	EXP 	line4: autoDraw = True
438.2588 	EXP 	Fixation2: autoDraw = False
439.2584 	INFO 	Keyboard events cleared
439.2582 	EXP 	probe2: autoDraw = True
439.7586 	EXP 	Device response: <KeyPress from None: t=439.75347930006683, value=v, duration=None>
439.7591 	EXP 	New trial (rep=19, index=82): <Trial 82 (82 in rep 19) data={'Pos': np.int64(-50), 'corr_resp': 'x', 'thisN': 82, 'thisTrialN': 82, 'thisRepN': 19}>
439.7607 	DATA 	Keypress: v
439.7765 	EXP 	Fixation2: autoDraw = False
439.7765 	EXP 	line1: autoDraw = False
439.7765 	EXP 	line2: autoDraw = False
439.7765 	EXP 	line3: autoDraw = False
439.7765 	EXP 	line4: autoDraw = False
439.7765 	EXP 	probe2: autoDraw = False
439.7765 	EXP 	Fixation2: autoDraw = True
440.0102 	EXP 	Device response: <KeyPress from None: t=439.75347930006683, value=v, duration=0.24209670000709593>
440.7603 	EXP 	line1: autoDraw = True
440.7603 	EXP 	line2: autoDraw = True
440.7603 	EXP 	line3: autoDraw = True
440.7603 	EXP 	line4: autoDraw = True
440.7745 	EXP 	Fixation2: autoDraw = False
441.7586 	INFO 	Keyboard events cleared
441.7584 	EXP 	probe2: autoDraw = True
443.2093 	EXP 	Device response: <KeyPress from None: t=443.2021398000652, value=x, duration=None>
443.2099 	EXP 	New trial (rep=20, index=83): <Trial 83 (83 in rep 20) data={'Pos': np.int64(50), 'corr_resp': 'c', 'thisN': 83, 'thisTrialN': 83, 'thisRepN': 20}>
443.2118 	DATA 	Keypress: x
443.2268 	EXP 	Fixation2: autoDraw = False
443.2268 	EXP 	line1: autoDraw = False
443.2268 	EXP 	line2: autoDraw = False
443.2268 	EXP 	line3: autoDraw = False
443.2268 	EXP 	line4: autoDraw = False
443.2268 	EXP 	probe2: autoDraw = False
443.2268 	EXP 	Fixation2: autoDraw = True
443.2771 	EXP 	Device response: <KeyPress from None: t=443.2021398000652, value=x, duration=0.0687865000218153>
444.2099 	EXP 	line1: autoDraw = True
444.2099 	EXP 	line2: autoDraw = True
444.2099 	EXP 	line3: autoDraw = True
444.2099 	EXP 	line4: autoDraw = True
444.2250 	EXP 	Fixation2: autoDraw = False
445.2248 	INFO 	Keyboard events cleared
445.2247 	EXP 	probe2: autoDraw = True
446.0092 	EXP 	Device response: <KeyPress from None: t=446.00334469997324, value=c, duration=None>
446.0097 	EXP 	New trial (rep=20, index=84): <Trial 84 (84 in rep 20) data={'Pos': np.int64(-50), 'corr_resp': 'x', 'thisN': 84, 'thisTrialN': 84, 'thisRepN': 20}>
446.0115 	DATA 	Keypress: c
446.0265 	EXP 	Fixation2: autoDraw = False
446.0265 	EXP 	line1: autoDraw = False
446.0265 	EXP 	line2: autoDraw = False
446.0265 	EXP 	line3: autoDraw = False
446.0265 	EXP 	line4: autoDraw = False
446.0265 	EXP 	probe2: autoDraw = False
446.0265 	EXP 	Fixation2: autoDraw = True
446.1773 	EXP 	Device response: <KeyPress from None: t=446.00334469997324, value=c, duration=0.1706421000417322>
447.0103 	EXP 	line1: autoDraw = True
447.0103 	EXP 	line2: autoDraw = True
447.0103 	EXP 	line3: autoDraw = True
447.0103 	EXP 	line4: autoDraw = True
447.0245 	EXP 	Fixation2: autoDraw = False
448.0250 	INFO 	Keyboard events cleared
448.0248 	EXP 	probe2: autoDraw = True
448.6250 	EXP 	Device response: <KeyPress from None: t=448.6168290000642, value=x, duration=None>
448.6255 	EXP 	New trial (rep=21, index=85): <Trial 85 (85 in rep 21) data={'Pos': np.int64(-50), 'corr_resp': 'x', 'thisN': 85, 'thisTrialN': 85, 'thisRepN': 21}>
448.6273 	DATA 	Keypress: x
448.6430 	EXP 	Fixation2: autoDraw = False
448.6430 	EXP 	line1: autoDraw = False
448.6430 	EXP 	line2: autoDraw = False
448.6430 	EXP 	line3: autoDraw = False
448.6430 	EXP 	line4: autoDraw = False
448.6430 	EXP 	probe2: autoDraw = False
448.6430 	EXP 	Fixation2: autoDraw = True
448.7272 	EXP 	Device response: <KeyPress from None: t=448.6168290000642, value=x, duration=0.1014801999554038>
449.6264 	EXP 	line1: autoDraw = True
449.6264 	EXP 	line2: autoDraw = True
449.6264 	EXP 	line3: autoDraw = True
449.6264 	EXP 	line4: autoDraw = True
449.6417 	EXP 	Fixation2: autoDraw = False
450.6245 	INFO 	Keyboard events cleared
450.6243 	EXP 	probe2: autoDraw = True
451.1111 	DATA 	Keypress: x
451.1253 	EXP 	Device response: <KeyPress from None: t=451.10854950000066, value=x, duration=None>
451.1258 	EXP 	New trial (rep=22, index=86): <Trial 86 (86 in rep 22) data={'Pos': np.int64(150), 'corr_resp': 'v', 'thisN': 86, 'thisTrialN': 86, 'thisRepN': 22}>
451.1429 	EXP 	Fixation2: autoDraw = False
451.1429 	EXP 	line1: autoDraw = False
451.1429 	EXP 	line2: autoDraw = False
451.1429 	EXP 	line3: autoDraw = False
451.1429 	EXP 	line4: autoDraw = False
451.1429 	EXP 	probe2: autoDraw = False
451.1429 	EXP 	Fixation2: autoDraw = True
451.2117 	EXP 	Device response: <KeyPress from None: t=451.10854950000066, value=x, duration=0.10103929997421801>
452.1262 	EXP 	line1: autoDraw = True
452.1262 	EXP 	line2: autoDraw = True
452.1262 	EXP 	line3: autoDraw = True
452.1262 	EXP 	line4: autoDraw = True
452.1417 	EXP 	Fixation2: autoDraw = False
453.1244 	INFO 	Keyboard events cleared
453.1242 	EXP 	probe2: autoDraw = True
453.6249 	EXP 	Device response: <KeyPress from None: t=453.6124838000396, value=v, duration=None>
453.6254 	EXP 	New trial (rep=21, index=87): <Trial 87 (87 in rep 21) data={'Pos': np.int64(-150), 'corr_resp': 'z', 'thisN': 87, 'thisTrialN': 87, 'thisRepN': 21}>
453.6270 	DATA 	Keypress: v
453.6434 	EXP 	Fixation2: autoDraw = False
453.6434 	EXP 	line1: autoDraw = False
453.6434 	EXP 	line2: autoDraw = False
453.6434 	EXP 	line3: autoDraw = False
453.6434 	EXP 	line4: autoDraw = False
453.6434 	EXP 	probe2: autoDraw = False
453.6434 	EXP 	Fixation2: autoDraw = True
453.8601 	EXP 	Device response: <KeyPress from None: t=453.6124838000396, value=v, duration=0.24405159999150783>
454.6261 	EXP 	line1: autoDraw = True
454.6261 	EXP 	line2: autoDraw = True
454.6261 	EXP 	line3: autoDraw = True
454.6261 	EXP 	line4: autoDraw = True
454.6414 	EXP 	Fixation2: autoDraw = False
455.6245 	INFO 	Keyboard events cleared
455.6244 	EXP 	probe2: autoDraw = True
456.6082 	EXP 	Device response: <KeyPress from None: t=456.59526209998876, value=z, duration=None>
456.6087 	EXP 	New trial (rep=22, index=88): <Trial 88 (88 in rep 22) data={'Pos': np.int64(-150), 'corr_resp': 'z', 'thisN': 88, 'thisTrialN': 88, 'thisRepN': 22}>
456.6105 	DATA 	Keypress: z
456.6261 	EXP 	Fixation2: autoDraw = False
456.6261 	EXP 	line1: autoDraw = False
456.6261 	EXP 	line2: autoDraw = False
456.6261 	EXP 	line3: autoDraw = False
456.6261 	EXP 	line4: autoDraw = False
456.6261 	EXP 	probe2: autoDraw = False
456.6261 	EXP 	Fixation2: autoDraw = True
456.7103 	EXP 	Device response: <KeyPress from None: t=434.29338769998867, value=z, duration=22.409415400004946>
457.6097 	EXP 	line1: autoDraw = True
457.6097 	EXP 	line2: autoDraw = True
457.6097 	EXP 	line3: autoDraw = True
457.6097 	EXP 	line4: autoDraw = True
457.6245 	EXP 	Fixation2: autoDraw = False
458.6080 	INFO 	Keyboard events cleared
458.6078 	EXP 	probe2: autoDraw = True
458.9746 	EXP 	Device response: <KeyPress from None: t=458.963239200064, value=z, duration=None>
458.9751 	EXP 	New trial (rep=21, index=89): <Trial 89 (89 in rep 21) data={'Pos': np.int64(50), 'corr_resp': 'c', 'thisN': 89, 'thisTrialN': 89, 'thisRepN': 21}>
458.9766 	DATA 	Keypress: z
458.9930 	EXP 	Fixation2: autoDraw = False
458.9930 	EXP 	line1: autoDraw = False
458.9930 	EXP 	line2: autoDraw = False
458.9930 	EXP 	line3: autoDraw = False
458.9930 	EXP 	line4: autoDraw = False
458.9930 	EXP 	probe2: autoDraw = False
458.9930 	EXP 	Fixation2: autoDraw = True
459.1269 	EXP 	Device response: <KeyPress from None: t=456.59526209998876, value=z, duration=2.519662500009872>
459.9762 	EXP 	line1: autoDraw = True
459.9762 	EXP 	line2: autoDraw = True
459.9762 	EXP 	line3: autoDraw = True
459.9762 	EXP 	line4: autoDraw = True
459.9909 	EXP 	Fixation2: autoDraw = False
460.9742 	INFO 	Keyboard events cleared
460.9740 	EXP 	probe2: autoDraw = True
461.8749 	EXP 	Device response: <KeyPress from None: t=461.871461700066, value=v, duration=None>
461.8754 	EXP 	New trial (rep=22, index=90): <Trial 90 (90 in rep 22) data={'Pos': np.int64(-50), 'corr_resp': 'x', 'thisN': 90, 'thisTrialN': 90, 'thisRepN': 22}>
461.8771 	DATA 	Keypress: v
461.8926 	EXP 	Fixation2: autoDraw = False
461.8926 	EXP 	line1: autoDraw = False
461.8926 	EXP 	line2: autoDraw = False
461.8926 	EXP 	line3: autoDraw = False
461.8926 	EXP 	line4: autoDraw = False
461.8926 	EXP 	probe2: autoDraw = False
461.8926 	EXP 	Fixation2: autoDraw = True
461.9766 	EXP 	Device response: <KeyPress from None: t=461.871461700066, value=v, duration=0.09507369995117188>
462.8764 	EXP 	line1: autoDraw = True
462.8764 	EXP 	line2: autoDraw = True
462.8764 	EXP 	line3: autoDraw = True
462.8764 	EXP 	line4: autoDraw = True
462.8911 	EXP 	Fixation2: autoDraw = False
463.8910 	INFO 	Keyboard events cleared
463.8909 	EXP 	probe2: autoDraw = True
464.5432 	DATA 	Keypress: x
464.5581 	EXP 	Device response: <KeyPress from None: t=464.5416563000763, value=x, duration=None>
464.5586 	EXP 	New trial (rep=22, index=91): <Trial 91 (91 in rep 22) data={'Pos': np.int64(50), 'corr_resp': 'c', 'thisN': 91, 'thisTrialN': 91, 'thisRepN': 22}>
464.5758 	EXP 	Fixation2: autoDraw = False
464.5758 	EXP 	line1: autoDraw = False
464.5758 	EXP 	line2: autoDraw = False
464.5758 	EXP 	line3: autoDraw = False
464.5758 	EXP 	line4: autoDraw = False
464.5758 	EXP 	probe2: autoDraw = False
464.5758 	EXP 	Fixation2: autoDraw = True
464.6768 	EXP 	Device response: <KeyPress from None: t=464.5416563000763, value=x, duration=0.12446739990264177>
465.5595 	EXP 	line1: autoDraw = True
465.5595 	EXP 	line2: autoDraw = True
465.5595 	EXP 	line3: autoDraw = True
465.5595 	EXP 	line4: autoDraw = True
465.5738 	EXP 	Fixation2: autoDraw = False
466.5741 	INFO 	Keyboard events cleared
466.5738 	EXP 	probe2: autoDraw = True
467.1245 	EXP 	Device response: <KeyPress from None: t=467.1183133000741, value=c, duration=None>
467.1251 	EXP 	New trial (rep=23, index=92): <Trial 92 (92 in rep 23) data={'Pos': np.int64(150), 'corr_resp': 'v', 'thisN': 92, 'thisTrialN': 92, 'thisRepN': 23}>
467.1268 	DATA 	Keypress: c
467.1429 	EXP 	Fixation2: autoDraw = False
467.1429 	EXP 	line1: autoDraw = False
467.1429 	EXP 	line2: autoDraw = False
467.1429 	EXP 	line3: autoDraw = False
467.1429 	EXP 	line4: autoDraw = False
467.1429 	EXP 	probe2: autoDraw = False
467.1429 	EXP 	Fixation2: autoDraw = True
467.2932 	EXP 	Device response: <KeyPress from None: t=467.1183133000741, value=c, duration=0.16233859991189092>
468.1261 	EXP 	line1: autoDraw = True
468.1261 	EXP 	line2: autoDraw = True
468.1261 	EXP 	line3: autoDraw = True
468.1261 	EXP 	line4: autoDraw = True
468.1407 	EXP 	Fixation2: autoDraw = False
469.1240 	INFO 	Keyboard events cleared
469.1238 	EXP 	probe2: autoDraw = True
469.5413 	EXP 	Device response: <KeyPress from None: t=469.54000440007076, value=v, duration=None>
469.5418 	EXP 	New trial (rep=23, index=93): <Trial 93 (93 in rep 23) data={'Pos': np.int64(-50), 'corr_resp': 'x', 'thisN': 93, 'thisTrialN': 93, 'thisRepN': 23}>
469.5433 	DATA 	Keypress: v
469.5592 	EXP 	Fixation2: autoDraw = False
469.5592 	EXP 	line1: autoDraw = False
469.5592 	EXP 	line2: autoDraw = False
469.5592 	EXP 	line3: autoDraw = False
469.5592 	EXP 	line4: autoDraw = False
469.5592 	EXP 	probe2: autoDraw = False
469.5592 	EXP 	Fixation2: autoDraw = True
469.7603 	EXP 	Device response: <KeyPress from None: t=469.54000440007076, value=v, duration=0.20696789992507547>
470.5427 	EXP 	line1: autoDraw = True
470.5427 	EXP 	line2: autoDraw = True
470.5427 	EXP 	line3: autoDraw = True
470.5427 	EXP 	line4: autoDraw = True
470.5575 	EXP 	Fixation2: autoDraw = False
471.5408 	INFO 	Keyboard events cleared
471.5406 	EXP 	probe2: autoDraw = True
472.0913 	EXP 	Device response: <KeyPress from None: t=472.07873519998975, value=x, duration=None>
472.0918 	EXP 	New trial (rep=24, index=94): <Trial 94 (94 in rep 24) data={'Pos': np.int64(-50), 'corr_resp': 'x', 'thisN': 94, 'thisTrialN': 94, 'thisRepN': 24}>
472.0934 	DATA 	Keypress: x
472.1092 	EXP 	Fixation2: autoDraw = False
472.1092 	EXP 	line1: autoDraw = False
472.1092 	EXP 	line2: autoDraw = False
472.1092 	EXP 	line3: autoDraw = False
472.1092 	EXP 	line4: autoDraw = False
472.1092 	EXP 	probe2: autoDraw = False
472.1092 	EXP 	Fixation2: autoDraw = True
472.1934 	EXP 	Device response: <KeyPress from None: t=472.07873519998975, value=x, duration=0.10509070008993149>
473.0923 	EXP 	line1: autoDraw = True
473.0923 	EXP 	line2: autoDraw = True
473.0923 	EXP 	line3: autoDraw = True
473.0923 	EXP 	line4: autoDraw = True
473.1073 	EXP 	Fixation2: autoDraw = False
474.1073 	INFO 	Keyboard events cleared
474.1071 	EXP 	probe2: autoDraw = True
474.5906 	EXP 	Device response: <KeyPress from None: t=474.5804525000276, value=x, duration=None>
474.5911 	EXP 	New trial (rep=23, index=95): <Trial 95 (95 in rep 23) data={'Pos': np.int64(50), 'corr_resp': 'c', 'thisN': 95, 'thisTrialN': 95, 'thisRepN': 23}>
474.5923 	DATA 	Keypress: x
474.6089 	EXP 	Fixation2: autoDraw = False
474.6089 	EXP 	line1: autoDraw = False
474.6089 	EXP 	line2: autoDraw = False
474.6089 	EXP 	line3: autoDraw = False
474.6089 	EXP 	line4: autoDraw = False
474.6089 	EXP 	probe2: autoDraw = False
474.6089 	EXP 	Fixation2: autoDraw = True
474.6928 	EXP 	Device response: <KeyPress from None: t=474.5804525000276, value=x, duration=0.10885700001381338>
475.5924 	EXP 	line1: autoDraw = True
475.5924 	EXP 	line2: autoDraw = True
475.5924 	EXP 	line3: autoDraw = True
475.5924 	EXP 	line4: autoDraw = True
475.6072 	EXP 	Fixation2: autoDraw = False
476.5909 	INFO 	Keyboard events cleared
476.5906 	EXP 	probe2: autoDraw = True
477.3412 	EXP 	Device response: <KeyPress from None: t=477.332645000075, value=c, duration=None>
477.3417 	EXP 	New trial (rep=24, index=96): <Trial 96 (96 in rep 24) data={'Pos': np.int64(50), 'corr_resp': 'c', 'thisN': 96, 'thisTrialN': 96, 'thisRepN': 24}>
477.3435 	DATA 	Keypress: c
477.3591 	EXP 	Fixation2: autoDraw = False
477.3591 	EXP 	line1: autoDraw = False
477.3591 	EXP 	line2: autoDraw = False
477.3591 	EXP 	line3: autoDraw = False
477.3591 	EXP 	line4: autoDraw = False
477.3591 	EXP 	probe2: autoDraw = False
477.3591 	EXP 	Fixation2: autoDraw = True
477.5101 	EXP 	Device response: <KeyPress from None: t=477.332645000075, value=c, duration=0.16111240000464022>
478.3426 	EXP 	line1: autoDraw = True
478.3426 	EXP 	line2: autoDraw = True
478.3426 	EXP 	line3: autoDraw = True
478.3426 	EXP 	line4: autoDraw = True
478.3571 	EXP 	Fixation2: autoDraw = False
479.3405 	INFO 	Keyboard events cleared
479.3403 	EXP 	probe2: autoDraw = True
479.9075 	EXP 	Device response: <KeyPress from None: t=479.90517510008067, value=v, duration=None>
479.9082 	EXP 	New trial (rep=24, index=97): <Trial 97 (97 in rep 24) data={'Pos': np.int64(150), 'corr_resp': 'v', 'thisN': 97, 'thisTrialN': 97, 'thisRepN': 24}>
479.9099 	DATA 	Keypress: v
479.9262 	EXP 	Fixation2: autoDraw = False
479.9262 	EXP 	line1: autoDraw = False
479.9262 	EXP 	line2: autoDraw = False
479.9262 	EXP 	line3: autoDraw = False
479.9262 	EXP 	line4: autoDraw = False
479.9262 	EXP 	probe2: autoDraw = False
479.9262 	EXP 	Fixation2: autoDraw = True
480.0605 	EXP 	Device response: <KeyPress from None: t=479.90517510008067, value=v, duration=0.1500691999681294>
480.9092 	EXP 	line1: autoDraw = True
480.9092 	EXP 	line2: autoDraw = True
480.9092 	EXP 	line3: autoDraw = True
480.9092 	EXP 	line4: autoDraw = True
480.9237 	EXP 	Fixation2: autoDraw = False
481.9073 	INFO 	Keyboard events cleared
481.9072 	EXP 	probe2: autoDraw = True
482.3409 	EXP 	Device response: <KeyPress from None: t=482.33448930003215, value=b, duration=None>
482.3415 	EXP 	New trial (rep=23, index=98): <Trial 98 (98 in rep 23) data={'Pos': np.int64(-150), 'corr_resp': 'z', 'thisN': 98, 'thisTrialN': 98, 'thisRepN': 23}>
482.3433 	DATA 	Keypress: b
482.3591 	EXP 	Fixation2: autoDraw = False
482.3591 	EXP 	line1: autoDraw = False
482.3591 	EXP 	line2: autoDraw = False
482.3591 	EXP 	line3: autoDraw = False
482.3591 	EXP 	line4: autoDraw = False
482.3591 	EXP 	probe2: autoDraw = False
482.3591 	EXP 	Fixation2: autoDraw = True
482.5099 	EXP 	Device response: <KeyPress from None: t=482.33448930003215, value=b, duration=0.1732426000526175>
483.3424 	EXP 	line1: autoDraw = True
483.3424 	EXP 	line2: autoDraw = True
483.3424 	EXP 	line3: autoDraw = True
483.3424 	EXP 	line4: autoDraw = True
483.3572 	EXP 	Fixation2: autoDraw = False
484.3572 	INFO 	Keyboard events cleared
484.3570 	EXP 	probe2: autoDraw = True
484.7243 	EXP 	Device response: <KeyPress from None: t=484.7183557000244, value=z, duration=None>
484.7249 	EXP 	New trial (rep=24, index=99): <Trial 99 (99 in rep 24) data={'Pos': np.int64(-150), 'corr_resp': 'z', 'thisN': 99, 'thisTrialN': 99, 'thisRepN': 24}>
484.7269 	DATA 	Keypress: z
484.7424 	EXP 	Fixation2: autoDraw = False
484.7424 	EXP 	line1: autoDraw = False
484.7424 	EXP 	line2: autoDraw = False
484.7424 	EXP 	line3: autoDraw = False
484.7424 	EXP 	line4: autoDraw = False
484.7424 	EXP 	probe2: autoDraw = False
484.7424 	EXP 	Fixation2: autoDraw = True
484.8261 	EXP 	Device response: <KeyPress from None: t=458.963239200064, value=z, duration=25.855085699935444>
485.7256 	EXP 	line1: autoDraw = True
485.7256 	EXP 	line2: autoDraw = True
485.7256 	EXP 	line3: autoDraw = True
485.7256 	EXP 	line4: autoDraw = True
485.7404 	EXP 	Fixation2: autoDraw = False
486.7411 	INFO 	Keyboard events cleared
486.7409 	EXP 	probe2: autoDraw = True
487.2078 	EXP 	Device response: <KeyPress from None: t=487.19313080003485, value=z, duration=None>
487.2087 	DATA 	Keypress: z
487.2233 	EXP 	Fixation2: autoDraw = False
487.2233 	EXP 	line1: autoDraw = False
487.2233 	EXP 	line2: autoDraw = False
487.2233 	EXP 	line3: autoDraw = False
487.2233 	EXP 	line4: autoDraw = False
487.2233 	EXP 	probe2: autoDraw = False
487.2235 	EXP 	MotorSequence: status = STOPPED
487.2955 	INFO 	saved data to 'C:\\Users\\Darsh Modi\\OneDrive\\Documents\\AU\\PSY310\\Motor Sequence\\data\\P001_MotorSequence_2025-10-03_11h29.55.490.csv'
487.3008 	INFO 	saved data to C:\Users\Darsh Modi\OneDrive\Documents\AU\PSY310\Motor Sequence\data\P001_MotorSequence_2025-10-03_11h29.55.490.psydat
487.5913 	WARNING 	Stopping key buffers but this could be dangerous ifother keyboards rely on the same.
487.5935 	WARNING 	Stopping key buffers but this could be dangerous ifother keyboards rely on the same.
487.5936 	WARNING 	Stopping key buffers but this could be dangerous ifother keyboards rely on the same.
