11.5516 	INFO 	Loaded monitor calibration from ['2025_08_11 15:22']
11.5661 	WARNING 	User requested fullscreen with size [1280  720], but screen is actually [1920, 1080]. Using actual size
11.9912 	INFO 	Using renderer 'Intel(R) Iris(R) Xe Graphics' for graphics
11.9912 	INFO 	OpenGL version supported by driver is 4..
12.0650 	EXP 	Created window1 = Window(allowGUI=False, allowStencil=False, autoLog=True, backendConf=UNKNOWN, backgroundFit=<method-wrapper '__getattribute__' of attributeSetter object at 0x0000014403D58D00>, backgroundImage=<method-wrapper '__getattribute__' of attributeSetter object at 0x0000014403D58CA0>, bitsMode=UNKNOWN, blendMode='avg', bpc=(8, 8, 8), color=array([0, 0, 0]), colorSpace='rgb', depthBits=8, fullscr=True, gamma=None, gammaErrorPolicy='raise', infoMsg=UNKNOWN, lms=UNKNOWN, monitor=<psychopy.monitors.calibTools.Monitor object at 0x0000014403E16650>, multiSample=False, name='window1', numSamples=2, pos=[np.float64(0.0), np.float64(0.0)], screen=0, size=array([1920, 1080]), stencilBits=0, stereo=False, title='PsychoPy', units='height', useFBO=True, useRetina=False, viewOri=0.0, viewPos=None, viewScale=None, waitBlanking=True, winType='pyglet')
12.0651 	EXP 	window1: backgroundImage = ''
12.0651 	EXP 	window1: backgroundFit = 'none'
12.5075 	EXP 	window1: Attempting to measure frame rate of screen (0) ...
12.5076 	EXP 	window1: recordFrameIntervals = False
12.6457 	EXP 	window1: recordFrameIntervals = True
12.8293 	EXP 	Screen (0) actual frame rate measured at 60.07Hz
12.8294 	EXP 	window1: recordFrameIntervals = False
13.1337 	INFO 	keyboard.Keyboard is using ptb backend.
13.1339 	INFO 	keyboard.Keyboard is using ptb backend.
13.1340 	INFO 	keyboard.Keyboard is using ptb backend.
13.1340 	EXP 	MotorSequence: status = STARTED
13.1379 	EXP 	Created Fixation = ShapeStim(__class__=<class 'psychopy.visual.shape.ShapeStim'>, anchor=('center', 'center'), autoDraw=False, autoLog=True, closeShape=True, color=method-wrapper(...), colorSpace='rgb', contrast=None, depth=0.0, draggable=False, fillColor=array([-0.2549,  0.2392,  0.2549]), fillColorSpace='rgb', fillRGB=array([-0.2549,  0.2392,  0.2549]), interpolate=True, lineColor=array([-0.2549,  0.2392,  0.2549]), lineColorSpace='rgb', lineRGB=array([-0.2549,  0.2392,  0.2549]), lineWidth=1.0, name='Fixation', opacity=1, ori=0.0, pos=array([0., 0.]), size=array([10., 10.]), units='height', vertices=ndarray(...), win=Window(...), windingRule=None)
13.1391 	EXP 	Created Line1 = Rect(__class__=<class 'psychopy.visual.rect.Rect'>, anchor=('center', 'center'), autoDraw=False, autoLog=True, closeShape=True, color=method-wrapper(...), colorSpace='rgb', contrast=None, depth=-1.0, draggable=False, fillColor=array([1, 1, 1]), fillColorSpace='rgb', fillRGB=array([1, 1, 1]), interpolate=True, lineColor=array([1., 1., 1.]), lineColorSpace='rgb', lineRGB=array([1, 1, 1]), lineWidth=1.0, name='Line1', opacity=1, ori=90.0, pos=array([-150.,    0.]), size=array([100.,  10.]), units='pix', vertices=ndarray(...), win=Window(...))
13.1401 	EXP 	Created Line2 = Rect(__class__=<class 'psychopy.visual.rect.Rect'>, anchor=('center', 'center'), autoDraw=False, autoLog=True, closeShape=True, color=method-wrapper(...), colorSpace='rgb', contrast=None, depth=-2.0, draggable=False, fillColor=array([1, 1, 1]), fillColorSpace='rgb', fillRGB=array([1, 1, 1]), interpolate=True, lineColor=array([1., 1., 1.]), lineColorSpace='rgb', lineRGB=array([1, 1, 1]), lineWidth=1.0, name='Line2', opacity=1, ori=90.0, pos=array([-50.,   0.]), size=array([100.,  10.]), units='pix', vertices=ndarray(...), win=Window(...))
13.1410 	EXP 	Created Line3 = Rect(__class__=<class 'psychopy.visual.rect.Rect'>, anchor=('center', 'center'), autoDraw=False, autoLog=True, closeShape=True, color=method-wrapper(...), colorSpace='rgb', contrast=None, depth=-3.0, draggable=False, fillColor=array([1, 1, 1]), fillColorSpace='rgb', fillRGB=array([1, 1, 1]), interpolate=True, lineColor=array([1., 1., 1.]), lineColorSpace='rgb', lineRGB=array([1, 1, 1]), lineWidth=1.0, name='Line3', opacity=1, ori=90.0, pos=array([50.,  0.]), size=array([100.,  10.]), units='pix', vertices=ndarray(...), win=Window(...))
13.1420 	EXP 	Created Line4 = Rect(__class__=<class 'psychopy.visual.rect.Rect'>, anchor=('center', 'center'), autoDraw=False, autoLog=True, closeShape=True, color=method-wrapper(...), colorSpace='rgb', contrast=None, depth=-4.0, draggable=False, fillColor=array([1, 1, 1]), fillColorSpace='rgb', fillRGB=array([1, 1, 1]), interpolate=True, lineColor=array([1., 1., 1.]), lineColorSpace='rgb', lineRGB=array([1, 1, 1]), lineWidth=1.0, name='Line4', opacity=1, ori=90.0, pos=array([150.,   0.]), size=array([100.,  10.]), units='pix', vertices=ndarray(...), win=Window(...))
13.1437 	EXP 	Created Probe = ShapeStim(__class__=<class 'psychopy.visual.shape.ShapeStim'>, anchor=('center', 'center'), autoDraw=False, autoLog=True, closeShape=True, color=method-wrapper(...), colorSpace='rgb', contrast=None, depth=-5.0, draggable=False, fillColor=array([1, 1, 1]), fillColorSpace='rgb', fillRGB=array([1, 1, 1]), interpolate=True, lineColor=array([1., 1., 1.]), lineColorSpace='rgb', lineRGB=array([1, 1, 1]), lineWidth=1.0, name='Probe', opacity=1, ori=0.0, pos=array([0., 0.]), size=array([10., 10.]), units='pix', vertices=ndarray(...), win=Window(...), windingRule=None)
13.1450 	EXP 	Created Fixation2 = ShapeStim(__class__=<class 'psychopy.visual.shape.ShapeStim'>, anchor=('center', 'center'), autoDraw=False, autoLog=True, closeShape=True, color=method-wrapper(...), colorSpace='rgb', contrast=None, depth=0.0, draggable=False, fillColor=array([-0.2549,  0.2392,  0.2549]), fillColorSpace='rgb', fillRGB=array([-0.2549,  0.2392,  0.2549]), interpolate=True, lineColor=array([-0.2549,  0.2392,  0.2549]), lineColorSpace='rgb', lineRGB=array([-0.2549,  0.2392,  0.2549]), lineWidth=1.0, name='Fixation2', opacity=1, ori=0.0, pos=array([0., 0.]), size=array([10., 10.]), units='height', vertices=ndarray(...), win=Window(...), windingRule=None)
13.1460 	EXP 	Created line1 = Rect(__class__=<class 'psychopy.visual.rect.Rect'>, anchor=('center', 'center'), autoDraw=False, autoLog=True, closeShape=True, color=method-wrapper(...), colorSpace='rgb', contrast=None, depth=-1.0, draggable=False, fillColor=array([1, 1, 1]), fillColorSpace='rgb', fillRGB=array([1, 1, 1]), interpolate=True, lineColor=array([1., 1., 1.]), lineColorSpace='rgb', lineRGB=array([1, 1, 1]), lineWidth=1.0, name='line1', opacity=1, ori=90.0, pos=array([-150.,    0.]), size=array([100.,  10.]), units='pix', vertices=ndarray(...), win=Window(...))
13.1470 	EXP 	Created line2 = Rect(__class__=<class 'psychopy.visual.rect.Rect'>, anchor=('center', 'center'), autoDraw=False, autoLog=True, closeShape=True, color=method-wrapper(...), colorSpace='rgb', contrast=None, depth=-2.0, draggable=False, fillColor=array([1, 1, 1]), fillColorSpace='rgb', fillRGB=array([1, 1, 1]), interpolate=True, lineColor=array([1., 1., 1.]), lineColorSpace='rgb', lineRGB=array([1, 1, 1]), lineWidth=1.0, name='line2', opacity=1, ori=90.0, pos=array([-150.,    0.]), size=array([100.,  10.]), units='pix', vertices=ndarray(...), win=Window(...))
13.1479 	EXP 	Created line3 = Rect(__class__=<class 'psychopy.visual.rect.Rect'>, anchor=('center', 'center'), autoDraw=False, autoLog=True, closeShape=True, color=method-wrapper(...), colorSpace='rgb', contrast=None, depth=-3.0, draggable=False, fillColor=array([1, 1, 1]), fillColorSpace='rgb', fillRGB=array([1, 1, 1]), interpolate=True, lineColor=array([1., 1., 1.]), lineColorSpace='rgb', lineRGB=array([1, 1, 1]), lineWidth=1.0, name='line3', opacity=1, ori=90.0, pos=array([-150.,    0.]), size=array([100.,  10.]), units='pix', vertices=ndarray(...), win=Window(...))
13.1490 	EXP 	Created line4 = Rect(__class__=<class 'psychopy.visual.rect.Rect'>, anchor=('center', 'center'), autoDraw=False, autoLog=True, closeShape=True, color=method-wrapper(...), colorSpace='rgb', contrast=None, depth=-4.0, draggable=False, fillColor=array([1, 1, 1]), fillColorSpace='rgb', fillRGB=array([1, 1, 1]), interpolate=True, lineColor=array([1., 1., 1.]), lineColorSpace='rgb', lineRGB=array([1, 1, 1]), lineWidth=1.0, name='line4', opacity=1, ori=90.0, pos=array([-150.,    0.]), size=array([100.,  10.]), units='pix', vertices=ndarray(...), win=Window(...))
13.1503 	EXP 	Created probe2 = ShapeStim(__class__=<class 'psychopy.visual.shape.ShapeStim'>, anchor=('center', 'center'), autoDraw=False, autoLog=True, closeShape=True, color=method-wrapper(...), colorSpace='rgb', contrast=None, depth=-5.0, draggable=False, fillColor=array([1, 1, 1]), fillColorSpace='rgb', fillRGB=array([1, 1, 1]), interpolate=True, lineColor=array([1., 1., 1.]), lineColorSpace='rgb', lineRGB=array([1, 1, 1]), lineWidth=1.0, name='probe2', opacity=1, ori=0.0, pos=array([0., 0.]), size=array([10., 10.]), units='pix', vertices=ndarray(...), win=Window(...), windingRule=None)
0.0067 	EXP 	Imported ConditionsFile.csv as conditions, 4 conditions, 2 params
0.0075 	EXP 	New trial (rep=0, index=0): <Trial 0 (0 in rep 0) data={'Pos': np.int64(-50), 'corr_resp': 'x', 'thisN': 0, 'thisTrialN': 0, 'thisRepN': 0}>
0.0118 	EXP 	Fixation: autoDraw = True
1.0119 	EXP 	Fixation: autoDraw = False
1.0119 	EXP 	Line1: autoDraw = True
1.0119 	EXP 	Line2: autoDraw = True
1.0119 	EXP 	Line3: autoDraw = True
1.0119 	EXP 	Line4: autoDraw = True
2.0120 	INFO 	Keyboard events cleared
2.0118 	EXP 	Probe: autoDraw = True
2.6023 	EXP 	Device response: <KeyPress from None: t=2.583901199977845, value=x, duration=None>
2.6025 	EXP 	New trial (rep=0, index=1): <Trial 1 (1 in rep 0) data={'Pos': np.int64(150), 'corr_resp': 'v', 'thisN': 1, 'thisTrialN': 1, 'thisRepN': 0}>
2.6034 	DATA 	Keypress: x
2.6136 	EXP 	Fixation: autoDraw = False
2.6136 	EXP 	Line1: autoDraw = False
2.6136 	EXP 	Line2: autoDraw = False
2.6136 	EXP 	Line3: autoDraw = False
2.6136 	EXP 	Line4: autoDraw = False
2.6136 	EXP 	Probe: autoDraw = False
2.6136 	EXP 	Fixation: autoDraw = True
2.6811 	EXP 	Device response: <KeyPress from None: t=2.583901199977845, value=x, duration=0.08855600003153086>
3.6118 	EXP 	Fixation: autoDraw = False
3.6118 	EXP 	Line1: autoDraw = True
3.6118 	EXP 	Line2: autoDraw = True
3.6118 	EXP 	Line3: autoDraw = True
3.6118 	EXP 	Line4: autoDraw = True
4.6120 	INFO 	Keyboard events cleared
4.6119 	EXP 	Probe: autoDraw = True
5.0457 	EXP 	Device response: <KeyPress from None: t=5.042836199980229, value=v, duration=None>
5.0462 	EXP 	New trial (rep=0, index=2): <Trial 2 (2 in rep 0) data={'Pos': np.int64(50), 'corr_resp': 'c', 'thisN': 2, 'thisTrialN': 2, 'thisRepN': 0}>
5.0476 	DATA 	Keypress: v
5.0635 	EXP 	Fixation: autoDraw = False
5.0635 	EXP 	Line1: autoDraw = False
5.0635 	EXP 	Line2: autoDraw = False
5.0635 	EXP 	Line3: autoDraw = False
5.0635 	EXP 	Line4: autoDraw = False
5.0635 	EXP 	Probe: autoDraw = False
5.0635 	EXP 	Fixation: autoDraw = True
5.1474 	EXP 	Device response: <KeyPress from None: t=5.042836199980229, value=v, duration=0.10013190004974604>
6.0469 	EXP 	Line1: autoDraw = True
6.0469 	EXP 	Line2: autoDraw = True
6.0469 	EXP 	Line3: autoDraw = True
6.0469 	EXP 	Line4: autoDraw = True
6.0616 	EXP 	Fixation: autoDraw = False
7.0617 	INFO 	Keyboard events cleared
7.0615 	EXP 	Probe: autoDraw = True
7.3789 	EXP 	Device response: <KeyPress from None: t=7.378227600012906, value=c, duration=None>
7.3794 	EXP 	New trial (rep=0, index=3): <Trial 3 (3 in rep 0) data={'Pos': np.int64(-150), 'corr_resp': 'z', 'thisN': 3, 'thisTrialN': 3, 'thisRepN': 0}>
7.3811 	DATA 	Keypress: c
7.3970 	EXP 	Fixation: autoDraw = False
7.3970 	EXP 	Line1: autoDraw = False
7.3970 	EXP 	Line2: autoDraw = False
7.3970 	EXP 	Line3: autoDraw = False
7.3970 	EXP 	Line4: autoDraw = False
7.3970 	EXP 	Probe: autoDraw = False
7.3970 	EXP 	Fixation: autoDraw = True
7.5142 	EXP 	Device response: <KeyPress from None: t=7.378227600012906, value=c, duration=0.12653120001778007>
8.3808 	EXP 	Line1: autoDraw = True
8.3808 	EXP 	Line2: autoDraw = True
8.3808 	EXP 	Line3: autoDraw = True
8.3808 	EXP 	Line4: autoDraw = True
8.3950 	EXP 	Fixation: autoDraw = False
9.3953 	INFO 	Keyboard events cleared
9.3950 	EXP 	Probe: autoDraw = True
9.6456 	EXP 	Device response: <KeyPress from None: t=9.635231000022031, value=z, duration=None>
9.6460 	EXP 	New trial (rep=1, index=0): <Trial 4 (0 in rep 1) data={'Pos': np.int64(-50), 'corr_resp': 'x', 'thisN': 4, 'thisTrialN': 0, 'thisRepN': 1}>
9.6479 	DATA 	Keypress: z
9.6635 	EXP 	Fixation: autoDraw = False
9.6635 	EXP 	Line1: autoDraw = False
9.6635 	EXP 	Line2: autoDraw = False
9.6635 	EXP 	Line3: autoDraw = False
9.6635 	EXP 	Line4: autoDraw = False
9.6635 	EXP 	Probe: autoDraw = False
9.6635 	EXP 	Fixation: autoDraw = True
9.7478 	EXP 	Device response: <KeyPress from None: t=9.635231000022031, value=z, duration=0.10391599999275059>
10.6472 	EXP 	Line1: autoDraw = True
10.6472 	EXP 	Line2: autoDraw = True
10.6472 	EXP 	Line3: autoDraw = True
10.6472 	EXP 	Line4: autoDraw = True
10.6615 	EXP 	Fixation: autoDraw = False
11.6449 	INFO 	Keyboard events cleared
11.6447 	EXP 	Probe: autoDraw = True
11.9623 	EXP 	Device response: <KeyPress from None: t=11.961579299997538, value=x, duration=None>
11.9629 	EXP 	New trial (rep=1, index=1): <Trial 5 (1 in rep 1) data={'Pos': np.int64(150), 'corr_resp': 'v', 'thisN': 5, 'thisTrialN': 1, 'thisRepN': 1}>
11.9644 	DATA 	Keypress: x
11.9801 	EXP 	Fixation: autoDraw = False
11.9801 	EXP 	Line1: autoDraw = False
11.9801 	EXP 	Line2: autoDraw = False
11.9801 	EXP 	Line3: autoDraw = False
11.9801 	EXP 	Line4: autoDraw = False
11.9801 	EXP 	Probe: autoDraw = False
11.9801 	EXP 	Fixation: autoDraw = True
12.0471 	EXP 	Device response: <KeyPress from None: t=11.961579299997538, value=x, duration=0.08167920005507767>
12.9634 	EXP 	Line1: autoDraw = True
12.9634 	EXP 	Line2: autoDraw = True
12.9634 	EXP 	Line3: autoDraw = True
12.9634 	EXP 	Line4: autoDraw = True
12.9783 	EXP 	Fixation: autoDraw = False
13.9781 	INFO 	Keyboard events cleared
13.9780 	EXP 	Probe: autoDraw = True
14.0294 	EXP 	Device response: <KeyPress from None: t=14.016530000022613, value=v, duration=None>
14.0300 	EXP 	New trial (rep=1, index=2): <Trial 6 (2 in rep 1) data={'Pos': np.int64(50), 'corr_resp': 'c', 'thisN': 6, 'thisTrialN': 2, 'thisRepN': 1}>
14.0322 	DATA 	Keypress: v
14.0467 	EXP 	Fixation: autoDraw = False
14.0467 	EXP 	Line1: autoDraw = False
14.0467 	EXP 	Line2: autoDraw = False
14.0467 	EXP 	Line3: autoDraw = False
14.0467 	EXP 	Line4: autoDraw = False
14.0467 	EXP 	Probe: autoDraw = False
14.0467 	EXP 	Fixation: autoDraw = True
14.1648 	EXP 	Device response: <KeyPress from None: t=14.016530000022613, value=v, duration=0.13146509998477995>
15.0303 	EXP 	Line1: autoDraw = True
15.0303 	EXP 	Line2: autoDraw = True
15.0303 	EXP 	Line3: autoDraw = True
15.0303 	EXP 	Line4: autoDraw = True
15.0449 	EXP 	Fixation: autoDraw = False
16.0448 	INFO 	Keyboard events cleared
16.0445 	EXP 	Probe: autoDraw = True
16.1616 	EXP 	Device response: <KeyPress from None: t=16.157291600015014, value=c, duration=None>
16.1619 	EXP 	New trial (rep=1, index=3): <Trial 7 (3 in rep 1) data={'Pos': np.int64(-150), 'corr_resp': 'z', 'thisN': 7, 'thisTrialN': 3, 'thisRepN': 1}>
16.1630 	DATA 	Keypress: c
16.1801 	EXP 	Fixation: autoDraw = False
16.1801 	EXP 	Line1: autoDraw = False
16.1801 	EXP 	Line2: autoDraw = False
16.1801 	EXP 	Line3: autoDraw = False
16.1801 	EXP 	Line4: autoDraw = False
16.1801 	EXP 	Probe: autoDraw = False
16.1801 	EXP 	Fixation: autoDraw = True
16.3304 	EXP 	Device response: <KeyPress from None: t=16.157291600015014, value=c, duration=0.15700380003545433>
17.1636 	EXP 	Line1: autoDraw = True
17.1636 	EXP 	Line2: autoDraw = True
17.1636 	EXP 	Line3: autoDraw = True
17.1636 	EXP 	Line4: autoDraw = True
17.1779 	EXP 	Fixation: autoDraw = False
18.0117 	EXP 	Device response: <KeyPress from None: t=18.00737480004318, value=z, duration=None>
18.0131 	DATA 	Keypress: z
18.1613 	INFO 	Keyboard events cleared
18.1612 	EXP 	Probe: autoDraw = True
18.1953 	EXP 	Device response: <KeyPress from None: t=18.00737480004318, value=z, duration=0.17986020003445446>
18.3617 	EXP 	Device response: <KeyPress from None: t=18.35186860000249, value=z, duration=None>
18.3620 	EXP 	New trial (rep=2, index=0): <Trial 8 (0 in rep 2) data={'Pos': np.int64(-50), 'corr_resp': 'x', 'thisN': 8, 'thisTrialN': 0, 'thisRepN': 2}>
18.3633 	DATA 	Keypress: z
18.3806 	EXP 	Fixation: autoDraw = False
18.3806 	EXP 	Line1: autoDraw = False
18.3806 	EXP 	Line2: autoDraw = False
18.3806 	EXP 	Line3: autoDraw = False
18.3806 	EXP 	Line4: autoDraw = False
18.3806 	EXP 	Probe: autoDraw = False
18.3806 	EXP 	Fixation: autoDraw = True
18.4809 	EXP 	Device response: <KeyPress from None: t=18.35186860000249, value=z, duration=0.1186819999711588>
19.3635 	EXP 	Line1: autoDraw = True
19.3635 	EXP 	Line2: autoDraw = True
19.3635 	EXP 	Line3: autoDraw = True
19.3635 	EXP 	Line4: autoDraw = True
19.3778 	EXP 	Fixation: autoDraw = False
20.3614 	INFO 	Keyboard events cleared
20.3613 	EXP 	Probe: autoDraw = True
20.6451 	EXP 	Device response: <KeyPress from None: t=20.63359980005771, value=x, duration=None>
20.6456 	EXP 	New trial (rep=2, index=1): <Trial 9 (1 in rep 2) data={'Pos': np.int64(150), 'corr_resp': 'v', 'thisN': 9, 'thisTrialN': 1, 'thisRepN': 2}>
20.6471 	DATA 	Keypress: x
20.6631 	EXP 	Fixation: autoDraw = False
20.6631 	EXP 	Line1: autoDraw = False
20.6631 	EXP 	Line2: autoDraw = False
20.6631 	EXP 	Line3: autoDraw = False
20.6631 	EXP 	Line4: autoDraw = False
20.6631 	EXP 	Probe: autoDraw = False
20.6631 	EXP 	Fixation: autoDraw = True
20.7305 	EXP 	Device response: <KeyPress from None: t=20.63359980005771, value=x, duration=0.0834737999830395>
21.6466 	EXP 	Line1: autoDraw = True
21.6466 	EXP 	Line2: autoDraw = True
21.6466 	EXP 	Line3: autoDraw = True
21.6466 	EXP 	Line4: autoDraw = True
21.6618 	EXP 	Fixation: autoDraw = False
22.6446 	INFO 	Keyboard events cleared
22.6445 	EXP 	Probe: autoDraw = True
22.8961 	DATA 	Keypress: v
22.9119 	EXP 	Device response: <KeyPress from None: t=22.89533129998017, value=v, duration=None>
22.9125 	EXP 	New trial (rep=2, index=2): <Trial 10 (2 in rep 2) data={'Pos': np.int64(50), 'corr_resp': 'c', 'thisN': 10, 'thisTrialN': 2, 'thisRepN': 2}>
22.9300 	EXP 	Fixation: autoDraw = False
22.9300 	EXP 	Line1: autoDraw = False
22.9300 	EXP 	Line2: autoDraw = False
22.9300 	EXP 	Line3: autoDraw = False
22.9300 	EXP 	Line4: autoDraw = False
22.9300 	EXP 	Probe: autoDraw = False
22.9300 	EXP 	Fixation: autoDraw = True
23.0139 	EXP 	Device response: <KeyPress from None: t=22.89533129998017, value=v, duration=0.10650370002258569>
23.9130 	EXP 	Line1: autoDraw = True
23.9130 	EXP 	Line2: autoDraw = True
23.9130 	EXP 	Line3: autoDraw = True
23.9130 	EXP 	Line4: autoDraw = True
23.9279 	EXP 	Fixation: autoDraw = False
24.9281 	INFO 	Keyboard events cleared
24.9279 	EXP 	Probe: autoDraw = True
25.2284 	EXP 	Device response: <KeyPress from None: t=25.218611899996176, value=c, duration=None>
25.2289 	EXP 	New trial (rep=2, index=3): <Trial 11 (3 in rep 2) data={'Pos': np.int64(-150), 'corr_resp': 'z', 'thisN': 11, 'thisTrialN': 3, 'thisRepN': 2}>
25.2308 	DATA 	Keypress: c
25.2462 	EXP 	Fixation: autoDraw = False
25.2462 	EXP 	Line1: autoDraw = False
25.2462 	EXP 	Line2: autoDraw = False
25.2462 	EXP 	Line3: autoDraw = False
25.2462 	EXP 	Line4: autoDraw = False
25.2462 	EXP 	Probe: autoDraw = False
25.2462 	EXP 	Fixation: autoDraw = True
25.3302 	EXP 	Device response: <KeyPress from None: t=25.218611899996176, value=c, duration=0.09563019999768585>
26.2303 	EXP 	Line1: autoDraw = True
26.2303 	EXP 	Line2: autoDraw = True
26.2303 	EXP 	Line3: autoDraw = True
26.2303 	EXP 	Line4: autoDraw = True
26.2445 	EXP 	Fixation: autoDraw = False
27.2281 	INFO 	Keyboard events cleared
27.2279 	EXP 	Probe: autoDraw = True
27.2945 	EXP 	Device response: <KeyPress from None: t=27.29224039998371, value=z, duration=None>
27.2948 	EXP 	New trial (rep=3, index=0): <Trial 12 (0 in rep 3) data={'Pos': np.int64(-50), 'corr_resp': 'x', 'thisN': 12, 'thisTrialN': 0, 'thisRepN': 3}>
27.2959 	DATA 	Keypress: z
27.3130 	EXP 	Fixation: autoDraw = False
27.3130 	EXP 	Line1: autoDraw = False
27.3130 	EXP 	Line2: autoDraw = False
27.3130 	EXP 	Line3: autoDraw = False
27.3130 	EXP 	Line4: autoDraw = False
27.3130 	EXP 	Probe: autoDraw = False
27.3130 	EXP 	Fixation: autoDraw = True
27.3968 	EXP 	Device response: <KeyPress from None: t=27.29224039998371, value=z, duration=0.09788980009034276>
28.2974 	EXP 	Line1: autoDraw = True
28.2974 	EXP 	Line2: autoDraw = True
28.2974 	EXP 	Line3: autoDraw = True
28.2974 	EXP 	Line4: autoDraw = True
28.3111 	EXP 	Fixation: autoDraw = False
29.2946 	INFO 	Keyboard events cleared
29.2943 	EXP 	Probe: autoDraw = True
29.6312 	DATA 	Keypress: x
29.6450 	EXP 	Device response: <KeyPress from None: t=29.630510300048627, value=x, duration=None>
29.6455 	EXP 	New trial (rep=3, index=1): <Trial 13 (1 in rep 3) data={'Pos': np.int64(150), 'corr_resp': 'v', 'thisN': 13, 'thisTrialN': 1, 'thisRepN': 3}>
29.6630 	EXP 	Fixation: autoDraw = False
29.6630 	EXP 	Line1: autoDraw = False
29.6630 	EXP 	Line2: autoDraw = False
29.6630 	EXP 	Line3: autoDraw = False
29.6630 	EXP 	Line4: autoDraw = False
29.6630 	EXP 	Probe: autoDraw = False
29.6630 	EXP 	Fixation: autoDraw = True
29.7468 	EXP 	Device response: <KeyPress from None: t=29.630510300048627, value=x, duration=0.10121160000562668>
30.6465 	EXP 	Line1: autoDraw = True
30.6465 	EXP 	Line2: autoDraw = True
30.6465 	EXP 	Line3: autoDraw = True
30.6465 	EXP 	Line4: autoDraw = True
30.6614 	EXP 	Fixation: autoDraw = False
31.6609 	INFO 	Keyboard events cleared
31.6608 	EXP 	Probe: autoDraw = True
31.7615 	EXP 	Device response: <KeyPress from None: t=31.7495418000035, value=v, duration=None>
31.7620 	EXP 	New trial (rep=3, index=2): <Trial 14 (2 in rep 3) data={'Pos': np.int64(50), 'corr_resp': 'c', 'thisN': 14, 'thisTrialN': 2, 'thisRepN': 3}>
31.7638 	DATA 	Keypress: v
31.7794 	EXP 	Fixation: autoDraw = False
31.7794 	EXP 	Line1: autoDraw = False
31.7794 	EXP 	Line2: autoDraw = False
31.7794 	EXP 	Line3: autoDraw = False
31.7794 	EXP 	Line4: autoDraw = False
31.7794 	EXP 	Probe: autoDraw = False
31.7794 	EXP 	Fixation: autoDraw = True
31.8967 	EXP 	Device response: <KeyPress from None: t=31.7495418000035, value=v, duration=0.13703240000177175>
32.7630 	EXP 	Line1: autoDraw = True
32.7630 	EXP 	Line2: autoDraw = True
32.7630 	EXP 	Line3: autoDraw = True
32.7630 	EXP 	Line4: autoDraw = True
32.7777 	EXP 	Fixation: autoDraw = False
33.7776 	INFO 	Keyboard events cleared
33.7774 	EXP 	Probe: autoDraw = True
34.0611 	EXP 	Device response: <KeyPress from None: t=34.05749969999306, value=c, duration=None>
34.0613 	EXP 	New trial (rep=3, index=3): <Trial 15 (3 in rep 3) data={'Pos': np.int64(-150), 'corr_resp': 'z', 'thisN': 15, 'thisTrialN': 3, 'thisRepN': 3}>
34.0626 	DATA 	Keypress: c
34.0794 	EXP 	Fixation: autoDraw = False
34.0794 	EXP 	Line1: autoDraw = False
34.0794 	EXP 	Line2: autoDraw = False
34.0794 	EXP 	Line3: autoDraw = False
34.0794 	EXP 	Line4: autoDraw = False
34.0794 	EXP 	Probe: autoDraw = False
34.0794 	EXP 	Fixation: autoDraw = True
34.1465 	EXP 	Device response: <KeyPress from None: t=34.05749969999306, value=c, duration=0.07795200007967651>
35.0629 	EXP 	Line1: autoDraw = True
35.0629 	EXP 	Line2: autoDraw = True
35.0629 	EXP 	Line3: autoDraw = True
35.0629 	EXP 	Line4: autoDraw = True
35.0776 	EXP 	Fixation: autoDraw = False
36.0608 	INFO 	Keyboard events cleared
36.0607 	EXP 	Probe: autoDraw = True
36.2611 	EXP 	Device response: <KeyPress from None: t=36.253167500020936, value=z, duration=None>
36.2614 	EXP 	New trial (rep=4, index=0): <Trial 16 (0 in rep 4) data={'Pos': np.int64(-50), 'corr_resp': 'x', 'thisN': 16, 'thisTrialN': 0, 'thisRepN': 4}>
36.2626 	DATA 	Keypress: z
36.2800 	EXP 	Fixation: autoDraw = False
36.2800 	EXP 	Line1: autoDraw = False
36.2800 	EXP 	Line2: autoDraw = False
36.2800 	EXP 	Line3: autoDraw = False
36.2800 	EXP 	Line4: autoDraw = False
36.2800 	EXP 	Probe: autoDraw = False
36.2800 	EXP 	Fixation: autoDraw = True
36.3647 	EXP 	Device response: <KeyPress from None: t=36.253167500020936, value=z, duration=0.09872500004712492>
37.2627 	EXP 	Line1: autoDraw = True
37.2627 	EXP 	Line2: autoDraw = True
37.2627 	EXP 	Line3: autoDraw = True
37.2627 	EXP 	Line4: autoDraw = True
37.2773 	EXP 	Fixation: autoDraw = False
38.2610 	INFO 	Keyboard events cleared
38.2608 	EXP 	Probe: autoDraw = True
38.5614 	EXP 	Device response: <KeyPress from None: t=38.55972710007336, value=x, duration=None>
38.5618 	EXP 	New trial (rep=4, index=1): <Trial 17 (1 in rep 4) data={'Pos': np.int64(150), 'corr_resp': 'v', 'thisN': 17, 'thisTrialN': 1, 'thisRepN': 4}>
38.5631 	DATA 	Keypress: x
38.5795 	EXP 	Fixation: autoDraw = False
38.5795 	EXP 	Line1: autoDraw = False
38.5795 	EXP 	Line2: autoDraw = False
38.5795 	EXP 	Line3: autoDraw = False
38.5795 	EXP 	Line4: autoDraw = False
38.5795 	EXP 	Probe: autoDraw = False
38.5795 	EXP 	Fixation: autoDraw = True
38.6133 	EXP 	Device response: <KeyPress from None: t=38.55972710007336, value=x, duration=0.04521549993660301>
39.5627 	EXP 	Line1: autoDraw = True
39.5627 	EXP 	Line2: autoDraw = True
39.5627 	EXP 	Line3: autoDraw = True
39.5627 	EXP 	Line4: autoDraw = True
39.5774 	EXP 	Fixation: autoDraw = False
40.4447 	EXP 	Device response: <KeyPress from None: t=40.43696690001525, value=v, duration=None>
40.4471 	DATA 	Keypress: v
40.5112 	EXP 	Device response: <KeyPress from None: t=40.43696690001525, value=v, duration=0.06695210002362728>
40.5607 	INFO 	Keyboard events cleared
40.5606 	EXP 	Probe: autoDraw = True
40.7464 	DATA 	Keypress: v
40.7616 	EXP 	Device response: <KeyPress from None: t=40.744642800069414, value=v, duration=None>
40.7621 	EXP 	New trial (rep=4, index=2): <Trial 18 (2 in rep 4) data={'Pos': np.int64(50), 'corr_resp': 'c', 'thisN': 18, 'thisTrialN': 2, 'thisRepN': 4}>
40.7794 	EXP 	Fixation: autoDraw = False
40.7794 	EXP 	Line1: autoDraw = False
40.7794 	EXP 	Line2: autoDraw = False
40.7794 	EXP 	Line3: autoDraw = False
40.7794 	EXP 	Line4: autoDraw = False
40.7794 	EXP 	Probe: autoDraw = False
40.7794 	EXP 	Fixation: autoDraw = True
40.8305 	EXP 	Device response: <KeyPress from None: t=40.744642800069414, value=v, duration=0.07099069992545992>
41.7628 	EXP 	Line1: autoDraw = True
41.7628 	EXP 	Line2: autoDraw = True
41.7628 	EXP 	Line3: autoDraw = True
41.7628 	EXP 	Line4: autoDraw = True
41.7773 	EXP 	Fixation: autoDraw = False
42.7777 	INFO 	Keyboard events cleared
42.7775 	EXP 	Probe: autoDraw = True
43.0284 	EXP 	Device response: <KeyPress from None: t=43.018698500003666, value=c, duration=None>
43.0289 	EXP 	New trial (rep=4, index=3): <Trial 19 (3 in rep 4) data={'Pos': np.int64(-150), 'corr_resp': 'z', 'thisN': 19, 'thisTrialN': 3, 'thisRepN': 4}>
43.0306 	DATA 	Keypress: c
43.0460 	EXP 	Fixation: autoDraw = False
43.0460 	EXP 	Line1: autoDraw = False
43.0460 	EXP 	Line2: autoDraw = False
43.0460 	EXP 	Line3: autoDraw = False
43.0460 	EXP 	Line4: autoDraw = False
43.0460 	EXP 	Probe: autoDraw = False
43.0460 	EXP 	Fixation: autoDraw = True
43.1135 	EXP 	Device response: <KeyPress from None: t=43.018698500003666, value=c, duration=0.09078610001597553>
44.0295 	EXP 	Line1: autoDraw = True
44.0295 	EXP 	Line2: autoDraw = True
44.0295 	EXP 	Line3: autoDraw = True
44.0295 	EXP 	Line4: autoDraw = True
44.0440 	EXP 	Fixation: autoDraw = False
45.0442 	INFO 	Keyboard events cleared
45.0440 	EXP 	Probe: autoDraw = True
45.2612 	EXP 	Device response: <KeyPress from None: t=45.24974800006021, value=z, duration=None>
45.2616 	EXP 	New trial (rep=5, index=0): <Trial 20 (0 in rep 5) data={'Pos': np.int64(-50), 'corr_resp': 'x', 'thisN': 20, 'thisTrialN': 0, 'thisRepN': 5}>
45.2634 	DATA 	Keypress: z
45.2795 	EXP 	Fixation: autoDraw = False
45.2795 	EXP 	Line1: autoDraw = False
45.2795 	EXP 	Line2: autoDraw = False
45.2795 	EXP 	Line3: autoDraw = False
45.2795 	EXP 	Line4: autoDraw = False
45.2795 	EXP 	Probe: autoDraw = False
45.2795 	EXP 	Fixation: autoDraw = True
45.3633 	EXP 	Device response: <KeyPress from None: t=45.24974800006021, value=z, duration=0.09700229996815324>
46.2626 	EXP 	Line1: autoDraw = True
46.2626 	EXP 	Line2: autoDraw = True
46.2626 	EXP 	Line3: autoDraw = True
46.2626 	EXP 	Line4: autoDraw = True
46.2771 	EXP 	Fixation: autoDraw = False
47.2772 	INFO 	Keyboard events cleared
47.2771 	EXP 	Probe: autoDraw = True
47.7443 	EXP 	Device response: <KeyPress from None: t=47.73647530004382, value=x, duration=None>
47.7447 	EXP 	New trial (rep=5, index=1): <Trial 21 (1 in rep 5) data={'Pos': np.int64(150), 'corr_resp': 'v', 'thisN': 21, 'thisTrialN': 1, 'thisRepN': 5}>
47.7461 	DATA 	Keypress: x
47.7627 	EXP 	Fixation: autoDraw = False
47.7627 	EXP 	Line1: autoDraw = False
47.7627 	EXP 	Line2: autoDraw = False
47.7627 	EXP 	Line3: autoDraw = False
47.7627 	EXP 	Line4: autoDraw = False
47.7627 	EXP 	Probe: autoDraw = False
47.7627 	EXP 	Fixation: autoDraw = True
47.8135 	EXP 	Device response: <KeyPress from None: t=47.73647530004382, value=x, duration=0.06164049997460097>
48.7460 	EXP 	Line1: autoDraw = True
48.7460 	EXP 	Line2: autoDraw = True
48.7460 	EXP 	Line3: autoDraw = True
48.7460 	EXP 	Line4: autoDraw = True
48.7604 	EXP 	Fixation: autoDraw = False
49.2954 	DATA 	Keypress: v
49.3112 	EXP 	Device response: <KeyPress from None: t=49.294415100011975, value=v, duration=None>
49.3776 	EXP 	Device response: <KeyPress from None: t=49.294415100011975, value=v, duration=0.06833040004130453>
49.5940 	EXP 	Device response: <KeyPress from None: t=49.58768090000376, value=v, duration=None>
49.5951 	DATA 	Keypress: v
49.7108 	EXP 	Device response: <KeyPress from None: t=49.58768090000376, value=v, duration=0.11820480006281286>
49.7440 	INFO 	Keyboard events cleared
49.7438 	EXP 	Probe: autoDraw = True
49.8777 	EXP 	Device response: <KeyPress from None: t=49.86787560000084, value=v, duration=None>
49.8781 	EXP 	New trial (rep=5, index=2): <Trial 22 (2 in rep 5) data={'Pos': np.int64(50), 'corr_resp': 'c', 'thisN': 22, 'thisTrialN': 2, 'thisRepN': 5}>
49.8795 	DATA 	Keypress: v
49.8959 	EXP 	Fixation: autoDraw = False
49.8959 	EXP 	Line1: autoDraw = False
49.8959 	EXP 	Line2: autoDraw = False
49.8959 	EXP 	Line3: autoDraw = False
49.8959 	EXP 	Line4: autoDraw = False
49.8959 	EXP 	Probe: autoDraw = False
49.8959 	EXP 	Fixation: autoDraw = True
50.0297 	EXP 	Device response: <KeyPress from None: t=49.86787560000084, value=v, duration=0.14848410000558943>
50.8794 	EXP 	Line1: autoDraw = True
50.8794 	EXP 	Line2: autoDraw = True
50.8794 	EXP 	Line3: autoDraw = True
50.8794 	EXP 	Line4: autoDraw = True
50.8940 	EXP 	Fixation: autoDraw = False
51.8772 	INFO 	Keyboard events cleared
51.8770 	EXP 	Probe: autoDraw = True
52.0777 	EXP 	Device response: <KeyPress from None: t=52.065556599991396, value=c, duration=None>
52.0781 	EXP 	New trial (rep=5, index=3): <Trial 23 (3 in rep 5) data={'Pos': np.int64(-150), 'corr_resp': 'z', 'thisN': 23, 'thisTrialN': 3, 'thisRepN': 5}>
52.0794 	DATA 	Keypress: c
52.0954 	EXP 	Fixation: autoDraw = False
52.0954 	EXP 	Line1: autoDraw = False
52.0954 	EXP 	Line2: autoDraw = False
52.0954 	EXP 	Line3: autoDraw = False
52.0954 	EXP 	Line4: autoDraw = False
52.0954 	EXP 	Probe: autoDraw = False
52.0954 	EXP 	Fixation: autoDraw = True
52.2130 	EXP 	Device response: <KeyPress from None: t=52.065556599991396, value=c, duration=0.13529060001019388>
53.0791 	EXP 	Line1: autoDraw = True
53.0791 	EXP 	Line2: autoDraw = True
53.0791 	EXP 	Line3: autoDraw = True
53.0791 	EXP 	Line4: autoDraw = True
53.0940 	EXP 	Fixation: autoDraw = False
54.0612 	EXP 	Device response: <KeyPress from None: t=54.05015869997442, value=z, duration=None>
54.0642 	DATA 	Keypress: z
54.0772 	INFO 	Keyboard events cleared
54.0771 	EXP 	Probe: autoDraw = True
54.2109 	EXP 	Device response: <KeyPress from None: t=54.05015869997442, value=z, duration=0.14466030010953546>
54.3775 	EXP 	Device response: <KeyPress from None: t=54.36602690001018, value=z, duration=None>
54.3780 	EXP 	New trial (rep=6, index=0): <Trial 24 (0 in rep 6) data={'Pos': np.int64(-50), 'corr_resp': 'x', 'thisN': 24, 'thisTrialN': 0, 'thisRepN': 6}>
54.3797 	DATA 	Keypress: z
54.3955 	EXP 	Fixation: autoDraw = False
54.3955 	EXP 	Line1: autoDraw = False
54.3955 	EXP 	Line2: autoDraw = False
54.3955 	EXP 	Line3: autoDraw = False
54.3955 	EXP 	Line4: autoDraw = False
54.3955 	EXP 	Probe: autoDraw = False
54.3955 	EXP 	Fixation: autoDraw = True
54.4797 	EXP 	Device response: <KeyPress from None: t=54.36602690001018, value=z, duration=0.0998690000269562>
55.3793 	EXP 	Line1: autoDraw = True
55.3793 	EXP 	Line2: autoDraw = True
55.3793 	EXP 	Line3: autoDraw = True
55.3793 	EXP 	Line4: autoDraw = True
55.3937 	EXP 	Fixation: autoDraw = False
56.3937 	INFO 	Keyboard events cleared
56.3936 	EXP 	Probe: autoDraw = True
56.5111 	EXP 	Device response: <KeyPress from None: t=56.50981990003493, value=x, duration=None>
56.5116 	EXP 	New trial (rep=6, index=1): <Trial 25 (1 in rep 6) data={'Pos': np.int64(150), 'corr_resp': 'v', 'thisN': 25, 'thisTrialN': 1, 'thisRepN': 6}>
56.5131 	DATA 	Keypress: x
56.5288 	EXP 	Fixation: autoDraw = False
56.5288 	EXP 	Line1: autoDraw = False
56.5288 	EXP 	Line2: autoDraw = False
56.5288 	EXP 	Line3: autoDraw = False
56.5288 	EXP 	Line4: autoDraw = False
56.5288 	EXP 	Probe: autoDraw = False
56.5288 	EXP 	Fixation: autoDraw = True
56.6961 	EXP 	Device response: <KeyPress from None: t=56.50981990003493, value=x, duration=0.17012959998100996>
57.5123 	EXP 	Line1: autoDraw = True
57.5123 	EXP 	Line2: autoDraw = True
57.5123 	EXP 	Line3: autoDraw = True
57.5123 	EXP 	Line4: autoDraw = True
57.5273 	EXP 	Fixation: autoDraw = False
58.5272 	INFO 	Keyboard events cleared
58.5270 	EXP 	Probe: autoDraw = True
58.7618 	DATA 	Keypress: v
58.7773 	EXP 	Device response: <KeyPress from None: t=58.76074990001507, value=v, duration=None>
58.7775 	EXP 	New trial (rep=6, index=2): <Trial 26 (2 in rep 6) data={'Pos': np.int64(50), 'corr_resp': 'c', 'thisN': 26, 'thisTrialN': 2, 'thisRepN': 6}>
58.7956 	EXP 	Fixation: autoDraw = False
58.7956 	EXP 	Line1: autoDraw = False
58.7956 	EXP 	Line2: autoDraw = False
58.7956 	EXP 	Line3: autoDraw = False
58.7956 	EXP 	Line4: autoDraw = False
58.7956 	EXP 	Probe: autoDraw = False
58.7956 	EXP 	Fixation: autoDraw = True
58.8960 	EXP 	Device response: <KeyPress from None: t=58.76074990001507, value=v, duration=0.1310380999930203>
59.7788 	EXP 	Line1: autoDraw = True
59.7788 	EXP 	Line2: autoDraw = True
59.7788 	EXP 	Line3: autoDraw = True
59.7788 	EXP 	Line4: autoDraw = True
59.7933 	EXP 	Fixation: autoDraw = False
60.7770 	INFO 	Keyboard events cleared
60.7768 	EXP 	Probe: autoDraw = True
60.8273 	EXP 	Device response: <KeyPress from None: t=60.820675699971616, value=c, duration=None>
60.8277 	EXP 	New trial (rep=6, index=3): <Trial 27 (3 in rep 6) data={'Pos': np.int64(-150), 'corr_resp': 'z', 'thisN': 27, 'thisTrialN': 3, 'thisRepN': 6}>
60.8290 	DATA 	Keypress: c
60.8452 	EXP 	Fixation: autoDraw = False
60.8452 	EXP 	Line1: autoDraw = False
60.8452 	EXP 	Line2: autoDraw = False
60.8452 	EXP 	Line3: autoDraw = False
60.8452 	EXP 	Line4: autoDraw = False
60.8452 	EXP 	Probe: autoDraw = False
60.8452 	EXP 	Fixation: autoDraw = True
60.9632 	EXP 	Device response: <KeyPress from None: t=60.820675699971616, value=c, duration=0.1408297000452876>
61.8289 	EXP 	Line1: autoDraw = True
61.8289 	EXP 	Line2: autoDraw = True
61.8289 	EXP 	Line3: autoDraw = True
61.8289 	EXP 	Line4: autoDraw = True
61.8436 	EXP 	Fixation: autoDraw = False
62.7775 	EXP 	Device response: <KeyPress from None: t=62.77029340004083, value=z, duration=None>
62.7787 	DATA 	Keypress: z
62.8269 	INFO 	Keyboard events cleared
62.8267 	EXP 	Probe: autoDraw = True
62.9277 	EXP 	Device response: <KeyPress from None: t=62.77029340004083, value=z, duration=0.1445971999783069>
63.0775 	EXP 	Device response: <KeyPress from None: t=63.07578040007502, value=z, duration=None>
63.0780 	EXP 	New trial (rep=7, index=0): <Trial 28 (0 in rep 7) data={'Pos': np.int64(-50), 'corr_resp': 'x', 'thisN': 28, 'thisTrialN': 0, 'thisRepN': 7}>
63.0797 	DATA 	Keypress: z
63.0954 	EXP 	Fixation: autoDraw = False
63.0954 	EXP 	Line1: autoDraw = False
63.0954 	EXP 	Line2: autoDraw = False
63.0954 	EXP 	Line3: autoDraw = False
63.0954 	EXP 	Line4: autoDraw = False
63.0954 	EXP 	Probe: autoDraw = False
63.0954 	EXP 	Fixation: autoDraw = True
63.2127 	EXP 	Device response: <KeyPress from None: t=63.07578040007502, value=z, duration=0.12809639994520694>
64.0791 	EXP 	Line1: autoDraw = True
64.0791 	EXP 	Line2: autoDraw = True
64.0791 	EXP 	Line3: autoDraw = True
64.0791 	EXP 	Line4: autoDraw = True
64.0937 	EXP 	Fixation: autoDraw = False
65.0773 	INFO 	Keyboard events cleared
65.0772 	EXP 	Probe: autoDraw = True
65.4611 	EXP 	Device response: <KeyPress from None: t=65.45404550002422, value=x, duration=None>
65.4616 	EXP 	New trial (rep=7, index=1): <Trial 29 (1 in rep 7) data={'Pos': np.int64(150), 'corr_resp': 'v', 'thisN': 29, 'thisTrialN': 1, 'thisRepN': 7}>
65.4634 	DATA 	Keypress: x
65.4791 	EXP 	Fixation: autoDraw = False
65.4791 	EXP 	Line1: autoDraw = False
65.4791 	EXP 	Line2: autoDraw = False
65.4791 	EXP 	Line3: autoDraw = False
65.4791 	EXP 	Line4: autoDraw = False
65.4791 	EXP 	Probe: autoDraw = False
65.4791 	EXP 	Fixation: autoDraw = True
65.5795 	EXP 	Device response: <KeyPress from None: t=65.45404550002422, value=x, duration=0.10956490004900843>
66.4623 	EXP 	Line1: autoDraw = True
66.4623 	EXP 	Line2: autoDraw = True
66.4623 	EXP 	Line3: autoDraw = True
66.4623 	EXP 	Line4: autoDraw = True
66.4772 	EXP 	Fixation: autoDraw = False
67.4772 	INFO 	Keyboard events cleared
67.4770 	EXP 	Probe: autoDraw = True
67.7607 	EXP 	Device response: <KeyPress from None: t=67.76009019999765, value=v, duration=None>
67.7611 	EXP 	New trial (rep=7, index=2): <Trial 30 (2 in rep 7) data={'Pos': np.int64(50), 'corr_resp': 'c', 'thisN': 30, 'thisTrialN': 2, 'thisRepN': 7}>
67.7627 	DATA 	Keypress: v
67.7789 	EXP 	Fixation: autoDraw = False
67.7789 	EXP 	Line1: autoDraw = False
67.7789 	EXP 	Line2: autoDraw = False
67.7789 	EXP 	Line3: autoDraw = False
67.7789 	EXP 	Line4: autoDraw = False
67.7789 	EXP 	Probe: autoDraw = False
67.7789 	EXP 	Fixation: autoDraw = True
67.9467 	EXP 	Device response: <KeyPress from None: t=67.76009019999765, value=v, duration=0.17080770002212375>
68.7622 	EXP 	Line1: autoDraw = True
68.7622 	EXP 	Line2: autoDraw = True
68.7622 	EXP 	Line3: autoDraw = True
68.7622 	EXP 	Line4: autoDraw = True
68.7767 	EXP 	Fixation: autoDraw = False
69.7602 	INFO 	Keyboard events cleared
69.7600 	EXP 	Probe: autoDraw = True
70.0448 	EXP 	Device response: <KeyPress from None: t=70.0367230999982, value=c, duration=None>
70.0453 	EXP 	New trial (rep=7, index=3): <Trial 31 (3 in rep 7) data={'Pos': np.int64(-150), 'corr_resp': 'z', 'thisN': 31, 'thisTrialN': 3, 'thisRepN': 7}>
70.0470 	DATA 	Keypress: c
70.0625 	EXP 	Fixation: autoDraw = False
70.0625 	EXP 	Line1: autoDraw = False
70.0625 	EXP 	Line2: autoDraw = False
70.0625 	EXP 	Line3: autoDraw = False
70.0625 	EXP 	Line4: autoDraw = False
70.0625 	EXP 	Probe: autoDraw = False
70.0625 	EXP 	Fixation: autoDraw = True
70.1795 	EXP 	Device response: <KeyPress from None: t=70.0367230999982, value=c, duration=0.13189130008686334>
71.0454 	EXP 	Line1: autoDraw = True
71.0454 	EXP 	Line2: autoDraw = True
71.0454 	EXP 	Line3: autoDraw = True
71.0454 	EXP 	Line4: autoDraw = True
71.0603 	EXP 	Fixation: autoDraw = False
72.0108 	EXP 	Device response: <KeyPress from None: t=72.00584690005053, value=z, duration=None>
72.0125 	DATA 	Keypress: z
72.0609 	INFO 	Keyboard events cleared
72.0607 	EXP 	Probe: autoDraw = True
72.1447 	EXP 	Device response: <KeyPress from None: t=72.00584690005053, value=z, duration=0.13785299996379763>
72.3113 	EXP 	Device response: <KeyPress from None: t=72.30183650006074, value=z, duration=None>
72.3120 	EXP 	New trial (rep=8, index=0): <Trial 32 (0 in rep 8) data={'Pos': np.int64(-50), 'corr_resp': 'x', 'thisN': 32, 'thisTrialN': 0, 'thisRepN': 8}>
72.3138 	DATA 	Keypress: z
72.3290 	EXP 	Fixation: autoDraw = False
72.3290 	EXP 	Line1: autoDraw = False
72.3290 	EXP 	Line2: autoDraw = False
72.3290 	EXP 	Line3: autoDraw = False
72.3290 	EXP 	Line4: autoDraw = False
72.3290 	EXP 	Probe: autoDraw = False
72.3290 	EXP 	Fixation: autoDraw = True
72.4128 	EXP 	Device response: <KeyPress from None: t=72.30183650006074, value=z, duration=0.09483710001222789>
73.3120 	EXP 	Line1: autoDraw = True
73.3120 	EXP 	Line2: autoDraw = True
73.3120 	EXP 	Line3: autoDraw = True
73.3120 	EXP 	Line4: autoDraw = True
73.3275 	EXP 	Fixation: autoDraw = False
74.1454 	DATA 	Keypress: x
74.1607 	EXP 	Device response: <KeyPress from None: t=74.14343459997326, value=x, duration=None>
74.2440 	EXP 	Device response: <KeyPress from None: t=74.14343459997326, value=x, duration=0.09142380009870976>
74.3269 	INFO 	Keyboard events cleared
74.3268 	EXP 	Probe: autoDraw = True
74.4127 	DATA 	Keypress: x
74.4276 	EXP 	Device response: <KeyPress from None: t=74.41124510008376, value=x, duration=None>
74.4282 	EXP 	New trial (rep=8, index=1): <Trial 33 (1 in rep 8) data={'Pos': np.int64(150), 'corr_resp': 'v', 'thisN': 33, 'thisTrialN': 1, 'thisRepN': 8}>
74.4454 	EXP 	Fixation: autoDraw = False
74.4454 	EXP 	Line1: autoDraw = False
74.4454 	EXP 	Line2: autoDraw = False
74.4454 	EXP 	Line3: autoDraw = False
74.4454 	EXP 	Line4: autoDraw = False
74.4454 	EXP 	Probe: autoDraw = False
74.4454 	EXP 	Fixation: autoDraw = True
74.4958 	EXP 	Device response: <KeyPress from None: t=74.41124510008376, value=x, duration=0.0794340999564156>
75.4284 	EXP 	Line1: autoDraw = True
75.4284 	EXP 	Line2: autoDraw = True
75.4284 	EXP 	Line3: autoDraw = True
75.4284 	EXP 	Line4: autoDraw = True
75.4438 	EXP 	Fixation: autoDraw = False
76.3796 	DATA 	Keypress: v
76.3938 	EXP 	Device response: <KeyPress from None: t=76.37784580001608, value=v, duration=None>
76.4435 	INFO 	Keyboard events cleared
76.4434 	EXP 	Probe: autoDraw = True
76.6106 	EXP 	Device response: <KeyPress from None: t=76.37784580001608, value=v, duration=0.2307312999619171>
76.8772 	EXP 	Device response: <KeyPress from None: t=76.87262949999422, value=v, duration=None>
76.8777 	EXP 	New trial (rep=8, index=2): <Trial 34 (2 in rep 8) data={'Pos': np.int64(50), 'corr_resp': 'c', 'thisN': 34, 'thisTrialN': 2, 'thisRepN': 8}>
76.8794 	DATA 	Keypress: v
76.8953 	EXP 	Fixation: autoDraw = False
76.8953 	EXP 	Line1: autoDraw = False
76.8953 	EXP 	Line2: autoDraw = False
76.8953 	EXP 	Line3: autoDraw = False
76.8953 	EXP 	Line4: autoDraw = False
76.8953 	EXP 	Probe: autoDraw = False
76.8953 	EXP 	Fixation: autoDraw = True
77.0456 	EXP 	Device response: <KeyPress from None: t=76.87262949999422, value=v, duration=0.15781780006363988>
77.8785 	EXP 	Line1: autoDraw = True
77.8785 	EXP 	Line2: autoDraw = True
77.8785 	EXP 	Line3: autoDraw = True
77.8785 	EXP 	Line4: autoDraw = True
77.8933 	EXP 	Fixation: autoDraw = False
78.8774 	INFO 	Keyboard events cleared
78.8772 	EXP 	Probe: autoDraw = True
79.1127 	DATA 	Keypress: c
79.1275 	EXP 	Device response: <KeyPress from None: t=79.11053070006892, value=c, duration=None>
79.1282 	EXP 	New trial (rep=8, index=3): <Trial 35 (3 in rep 8) data={'Pos': np.int64(-150), 'corr_resp': 'z', 'thisN': 35, 'thisTrialN': 3, 'thisRepN': 8}>
79.1449 	EXP 	Fixation: autoDraw = False
79.1449 	EXP 	Line1: autoDraw = False
79.1449 	EXP 	Line2: autoDraw = False
79.1449 	EXP 	Line3: autoDraw = False
79.1449 	EXP 	Line4: autoDraw = False
79.1449 	EXP 	Probe: autoDraw = False
79.1449 	EXP 	Fixation: autoDraw = True
79.2791 	EXP 	Device response: <KeyPress from None: t=79.11053070006892, value=c, duration=0.15995709993876517>
80.1292 	EXP 	Line1: autoDraw = True
80.1292 	EXP 	Line2: autoDraw = True
80.1292 	EXP 	Line3: autoDraw = True
80.1292 	EXP 	Line4: autoDraw = True
80.1435 	EXP 	Fixation: autoDraw = False
80.8435 	EXP 	Device response: <KeyPress from None: t=80.8380763999885, value=z, duration=None>
80.8451 	DATA 	Keypress: z
80.9439 	EXP 	Device response: <KeyPress from None: t=80.8380763999885, value=z, duration=0.09511240001302212>
81.0776 	EXP 	Device response: <KeyPress from None: t=81.06511940003838, value=z, duration=None>
81.0795 	DATA 	Keypress: z
81.1435 	INFO 	Keyboard events cleared
81.1433 	EXP 	Probe: autoDraw = True
81.1940 	EXP 	Device response: <KeyPress from None: t=81.06511940003838, value=z, duration=0.11289400001987815>
81.5604 	EXP 	Device response: <KeyPress from None: t=81.55492340005003, value=z, duration=None>
81.5609 	EXP 	New trial (rep=9, index=0): <Trial 36 (0 in rep 9) data={'Pos': np.int64(-50), 'corr_resp': 'x', 'thisN': 36, 'thisTrialN': 0, 'thisRepN': 9}>
81.5626 	DATA 	Keypress: z
81.5787 	EXP 	Fixation: autoDraw = False
81.5787 	EXP 	Line1: autoDraw = False
81.5787 	EXP 	Line2: autoDraw = False
81.5787 	EXP 	Line3: autoDraw = False
81.5787 	EXP 	Line4: autoDraw = False
81.5787 	EXP 	Probe: autoDraw = False
81.5787 	EXP 	Fixation: autoDraw = True
81.7296 	EXP 	Device response: <KeyPress from None: t=81.55492340005003, value=z, duration=0.1725262999534607>
82.5620 	EXP 	Line1: autoDraw = True
82.5620 	EXP 	Line2: autoDraw = True
82.5620 	EXP 	Line3: autoDraw = True
82.5620 	EXP 	Line4: autoDraw = True
82.5766 	EXP 	Fixation: autoDraw = False
83.5600 	INFO 	Keyboard events cleared
83.5598 	EXP 	Probe: autoDraw = True
83.6463 	DATA 	Keypress: x
83.6609 	EXP 	Device response: <KeyPress from None: t=83.64399740006775, value=x, duration=None>
83.6615 	EXP 	New trial (rep=9, index=1): <Trial 37 (1 in rep 9) data={'Pos': np.int64(150), 'corr_resp': 'v', 'thisN': 37, 'thisTrialN': 1, 'thisRepN': 9}>
83.6785 	EXP 	Fixation: autoDraw = False
83.6785 	EXP 	Line1: autoDraw = False
83.6785 	EXP 	Line2: autoDraw = False
83.6785 	EXP 	Line3: autoDraw = False
83.6785 	EXP 	Line4: autoDraw = False
83.6785 	EXP 	Probe: autoDraw = False
83.6785 	EXP 	Fixation: autoDraw = True
83.8454 	EXP 	Device response: <KeyPress from None: t=83.64399740006775, value=x, duration=0.18780149996746331>
84.6616 	EXP 	Line1: autoDraw = True
84.6616 	EXP 	Line2: autoDraw = True
84.6616 	EXP 	Line3: autoDraw = True
84.6616 	EXP 	Line4: autoDraw = True
84.6770 	EXP 	Fixation: autoDraw = False
85.6766 	INFO 	Keyboard events cleared
85.6764 	EXP 	Probe: autoDraw = True
85.9269 	EXP 	Device response: <KeyPress from None: t=85.91638940002304, value=v, duration=None>
85.9274 	EXP 	New trial (rep=9, index=2): <Trial 38 (2 in rep 9) data={'Pos': np.int64(50), 'corr_resp': 'c', 'thisN': 38, 'thisTrialN': 2, 'thisRepN': 9}>
85.9289 	DATA 	Keypress: v
85.9448 	EXP 	Fixation: autoDraw = False
85.9448 	EXP 	Line1: autoDraw = False
85.9448 	EXP 	Line2: autoDraw = False
85.9448 	EXP 	Line3: autoDraw = False
85.9448 	EXP 	Line4: autoDraw = False
85.9448 	EXP 	Probe: autoDraw = False
85.9448 	EXP 	Fixation: autoDraw = True
86.1300 	EXP 	Device response: <KeyPress from None: t=85.91638940002304, value=v, duration=0.21307179995346814>
86.9286 	EXP 	Line1: autoDraw = True
86.9286 	EXP 	Line2: autoDraw = True
86.9286 	EXP 	Line3: autoDraw = True
86.9286 	EXP 	Line4: autoDraw = True
86.9429 	EXP 	Fixation: autoDraw = False
87.9266 	INFO 	Keyboard events cleared
87.9264 	EXP 	Probe: autoDraw = True
88.2271 	EXP 	Device response: <KeyPress from None: t=88.22251250001136, value=c, duration=None>
88.2277 	EXP 	New trial (rep=9, index=3): <Trial 39 (3 in rep 9) data={'Pos': np.int64(-150), 'corr_resp': 'z', 'thisN': 39, 'thisTrialN': 3, 'thisRepN': 9}>
88.2295 	DATA 	Keypress: c
88.2451 	EXP 	Fixation: autoDraw = False
88.2451 	EXP 	Line1: autoDraw = False
88.2451 	EXP 	Line2: autoDraw = False
88.2451 	EXP 	Line3: autoDraw = False
88.2451 	EXP 	Line4: autoDraw = False
88.2451 	EXP 	Probe: autoDraw = False
88.2451 	EXP 	Fixation: autoDraw = True
88.3453 	EXP 	Device response: <KeyPress from None: t=88.22251250001136, value=c, duration=0.1169031000463292>
89.2288 	EXP 	Line1: autoDraw = True
89.2288 	EXP 	Line2: autoDraw = True
89.2288 	EXP 	Line3: autoDraw = True
89.2288 	EXP 	Line4: autoDraw = True
89.2431 	EXP 	Fixation: autoDraw = False
90.1602 	EXP 	Device response: <KeyPress from None: t=90.15309919998981, value=z, duration=None>
90.1626 	DATA 	Keypress: z
90.2431 	INFO 	Keyboard events cleared
90.2429 	EXP 	Probe: autoDraw = True
90.3271 	EXP 	Device response: <KeyPress from None: t=90.15309919998981, value=z, duration=0.1702508000889793>
90.4770 	EXP 	Device response: <KeyPress from None: t=90.46390279999468, value=z, duration=None>
90.4774 	EXP 	New trial (rep=10, index=0): <Trial 40 (0 in rep 10) data={'Pos': np.int64(-50), 'corr_resp': 'x', 'thisN': 40, 'thisTrialN': 0, 'thisRepN': 10}>
90.4795 	DATA 	Keypress: z
90.4951 	EXP 	Fixation: autoDraw = False
90.4951 	EXP 	Line1: autoDraw = False
90.4951 	EXP 	Line2: autoDraw = False
90.4951 	EXP 	Line3: autoDraw = False
90.4951 	EXP 	Line4: autoDraw = False
90.4951 	EXP 	Probe: autoDraw = False
90.4951 	EXP 	Fixation: autoDraw = True
90.5954 	EXP 	Device response: <KeyPress from None: t=90.46390279999468, value=z, duration=0.126950400066562>
91.4780 	EXP 	Line1: autoDraw = True
91.4780 	EXP 	Line2: autoDraw = True
91.4780 	EXP 	Line3: autoDraw = True
91.4780 	EXP 	Line4: autoDraw = True
91.4931 	EXP 	Fixation: autoDraw = False
92.4769 	INFO 	Keyboard events cleared
92.4767 	EXP 	Probe: autoDraw = True
92.8267 	EXP 	Device response: <KeyPress from None: t=92.82491920003667, value=x, duration=None>
92.8272 	EXP 	New trial (rep=10, index=1): <Trial 41 (1 in rep 10) data={'Pos': np.int64(150), 'corr_resp': 'v', 'thisN': 41, 'thisTrialN': 1, 'thisRepN': 10}>
92.8289 	DATA 	Keypress: x
92.8448 	EXP 	Fixation: autoDraw = False
92.8448 	EXP 	Line1: autoDraw = False
92.8448 	EXP 	Line2: autoDraw = False
92.8448 	EXP 	Line3: autoDraw = False
92.8448 	EXP 	Line4: autoDraw = False
92.8448 	EXP 	Probe: autoDraw = False
92.8448 	EXP 	Fixation: autoDraw = True
92.9299 	EXP 	Device response: <KeyPress from None: t=92.82491920003667, value=x, duration=0.0947669999441132>
93.8282 	EXP 	Line1: autoDraw = True
93.8282 	EXP 	Line2: autoDraw = True
93.8282 	EXP 	Line3: autoDraw = True
93.8282 	EXP 	Line4: autoDraw = True
93.8425 	EXP 	Fixation: autoDraw = False
94.8108 	EXP 	Device response: <KeyPress from None: t=94.79989770008251, value=v, duration=None>
94.8131 	DATA 	Keypress: v
94.8264 	INFO 	Keyboard events cleared
94.8262 	EXP 	Probe: autoDraw = True
94.9435 	EXP 	Device response: <KeyPress from None: t=94.79989770008251, value=v, duration=0.12908299989067018>
95.1269 	EXP 	Device response: <KeyPress from None: t=95.11397210007999, value=v, duration=None>
95.1276 	EXP 	New trial (rep=10, index=2): <Trial 42 (2 in rep 10) data={'Pos': np.int64(50), 'corr_resp': 'c', 'thisN': 42, 'thisTrialN': 2, 'thisRepN': 10}>
95.1299 	DATA 	Keypress: v
95.1450 	EXP 	Fixation: autoDraw = False
95.1450 	EXP 	Line1: autoDraw = False
95.1450 	EXP 	Line2: autoDraw = False
95.1450 	EXP 	Line3: autoDraw = False
95.1450 	EXP 	Line4: autoDraw = False
95.1450 	EXP 	Probe: autoDraw = False
95.1450 	EXP 	Fixation: autoDraw = True
95.2288 	EXP 	Device response: <KeyPress from None: t=95.11397210007999, value=v, duration=0.10470349993556738>
96.1286 	EXP 	Line1: autoDraw = True
96.1286 	EXP 	Line2: autoDraw = True
96.1286 	EXP 	Line3: autoDraw = True
96.1286 	EXP 	Line4: autoDraw = True
96.1427 	EXP 	Fixation: autoDraw = False
97.1435 	INFO 	Keyboard events cleared
97.1433 	EXP 	Probe: autoDraw = True
97.3267 	EXP 	Device response: <KeyPress from None: t=97.32402529998217, value=c, duration=None>
97.3273 	EXP 	New trial (rep=10, index=3): <Trial 43 (3 in rep 10) data={'Pos': np.int64(-150), 'corr_resp': 'z', 'thisN': 43, 'thisTrialN': 3, 'thisRepN': 10}>
97.3291 	DATA 	Keypress: c
97.3447 	EXP 	Fixation: autoDraw = False
97.3447 	EXP 	Line1: autoDraw = False
97.3447 	EXP 	Line2: autoDraw = False
97.3447 	EXP 	Line3: autoDraw = False
97.3447 	EXP 	Line4: autoDraw = False
97.3447 	EXP 	Probe: autoDraw = False
97.3447 	EXP 	Fixation: autoDraw = True
97.5122 	EXP 	Device response: <KeyPress from None: t=97.32402529998217, value=c, duration=0.17350979999173433>
98.3288 	EXP 	Line1: autoDraw = True
98.3288 	EXP 	Line2: autoDraw = True
98.3288 	EXP 	Line3: autoDraw = True
98.3288 	EXP 	Line4: autoDraw = True
98.3427 	EXP 	Fixation: autoDraw = False
99.3434 	INFO 	Keyboard events cleared
99.3433 	EXP 	Probe: autoDraw = True
99.4765 	EXP 	Device response: <KeyPress from None: t=99.47002990008332, value=z, duration=None>
99.4770 	EXP 	New trial (rep=11, index=0): <Trial 44 (0 in rep 11) data={'Pos': np.int64(-50), 'corr_resp': 'x', 'thisN': 44, 'thisTrialN': 0, 'thisRepN': 11}>
99.4788 	DATA 	Keypress: z
99.4953 	EXP 	Fixation: autoDraw = False
99.4953 	EXP 	Line1: autoDraw = False
99.4953 	EXP 	Line2: autoDraw = False
99.4953 	EXP 	Line3: autoDraw = False
99.4953 	EXP 	Line4: autoDraw = False
99.4953 	EXP 	Probe: autoDraw = False
99.4953 	EXP 	Fixation: autoDraw = True
99.6455 	EXP 	Device response: <KeyPress from None: t=99.47002990008332, value=z, duration=0.16468889999669045>
100.4784 	EXP 	Line1: autoDraw = True
100.4784 	EXP 	Line2: autoDraw = True
100.4784 	EXP 	Line3: autoDraw = True
100.4784 	EXP 	Line4: autoDraw = True
100.4933 	EXP 	Fixation: autoDraw = False
101.4761 	INFO 	Keyboard events cleared
101.4759 	EXP 	Probe: autoDraw = True
101.6793 	DATA 	Keypress: x
101.6932 	EXP 	Device response: <KeyPress from None: t=101.67882070003543, value=x, duration=None>
101.6937 	EXP 	New trial (rep=11, index=1): <Trial 45 (1 in rep 11) data={'Pos': np.int64(150), 'corr_resp': 'v', 'thisN': 45, 'thisTrialN': 1, 'thisRepN': 11}>
101.7113 	EXP 	Fixation: autoDraw = False
101.7113 	EXP 	Line1: autoDraw = False
101.7113 	EXP 	Line2: autoDraw = False
101.7113 	EXP 	Line3: autoDraw = False
101.7113 	EXP 	Line4: autoDraw = False
101.7113 	EXP 	Probe: autoDraw = False
101.7113 	EXP 	Fixation: autoDraw = True
101.8124 	EXP 	Device response: <KeyPress from None: t=101.67882070003543, value=x, duration=0.13299610000103712>
102.6953 	EXP 	Line1: autoDraw = True
102.6953 	EXP 	Line2: autoDraw = True
102.6953 	EXP 	Line3: autoDraw = True
102.6953 	EXP 	Line4: autoDraw = True
102.7093 	EXP 	Fixation: autoDraw = False
103.6928 	INFO 	Keyboard events cleared
103.6926 	EXP 	Probe: autoDraw = True
103.8600 	EXP 	Device response: <KeyPress from None: t=103.84991510002874, value=v, duration=None>
103.8605 	EXP 	New trial (rep=11, index=2): <Trial 46 (2 in rep 11) data={'Pos': np.int64(50), 'corr_resp': 'c', 'thisN': 46, 'thisTrialN': 2, 'thisRepN': 11}>
103.8621 	DATA 	Keypress: v
103.8788 	EXP 	Fixation: autoDraw = False
103.8788 	EXP 	Line1: autoDraw = False
103.8788 	EXP 	Line2: autoDraw = False
103.8788 	EXP 	Line3: autoDraw = False
103.8788 	EXP 	Line4: autoDraw = False
103.8788 	EXP 	Probe: autoDraw = False
103.8788 	EXP 	Fixation: autoDraw = True
104.0283 	EXP 	Device response: <KeyPress from None: t=103.84991510002874, value=v, duration=0.17374300002120435>
104.8611 	EXP 	Line1: autoDraw = True
104.8611 	EXP 	Line2: autoDraw = True
104.8611 	EXP 	Line3: autoDraw = True
104.8611 	EXP 	Line4: autoDraw = True
104.8759 	EXP 	Fixation: autoDraw = False
105.8761 	INFO 	Keyboard events cleared
105.8759 	EXP 	Probe: autoDraw = True
106.1606 	EXP 	Device response: <KeyPress from None: t=106.1508028000826, value=c, duration=None>
106.1612 	EXP 	New trial (rep=11, index=3): <Trial 47 (3 in rep 11) data={'Pos': np.int64(-150), 'corr_resp': 'z', 'thisN': 47, 'thisTrialN': 3, 'thisRepN': 11}>
106.1629 	DATA 	Keypress: c
106.1778 	EXP 	Fixation: autoDraw = False
106.1778 	EXP 	Line1: autoDraw = False
106.1778 	EXP 	Line2: autoDraw = False
106.1778 	EXP 	Line3: autoDraw = False
106.1778 	EXP 	Line4: autoDraw = False
106.1778 	EXP 	Probe: autoDraw = False
106.1778 	EXP 	Fixation: autoDraw = True
106.2450 	EXP 	Device response: <KeyPress from None: t=106.1508028000826, value=c, duration=0.08782669994980097>
107.1610 	EXP 	Line1: autoDraw = True
107.1610 	EXP 	Line2: autoDraw = True
107.1610 	EXP 	Line3: autoDraw = True
107.1610 	EXP 	Line4: autoDraw = True
107.1762 	EXP 	Fixation: autoDraw = False
108.1760 	INFO 	Keyboard events cleared
108.1758 	EXP 	Probe: autoDraw = True
108.2597 	EXP 	Device response: <KeyPress from None: t=108.24943119997624, value=z, duration=None>
108.2602 	EXP 	New trial (rep=12, index=0): <Trial 48 (0 in rep 12) data={'Pos': np.int64(-50), 'corr_resp': 'x', 'thisN': 48, 'thisTrialN': 0, 'thisRepN': 12}>
108.2619 	DATA 	Keypress: z
108.2779 	EXP 	Fixation: autoDraw = False
108.2779 	EXP 	Line1: autoDraw = False
108.2779 	EXP 	Line2: autoDraw = False
108.2779 	EXP 	Line3: autoDraw = False
108.2779 	EXP 	Line4: autoDraw = False
108.2779 	EXP 	Probe: autoDraw = False
108.2779 	EXP 	Fixation: autoDraw = True
108.4283 	EXP 	Device response: <KeyPress from None: t=108.24943119997624, value=z, duration=0.16327630006708205>
109.2615 	EXP 	Line1: autoDraw = True
109.2615 	EXP 	Line2: autoDraw = True
109.2615 	EXP 	Line3: autoDraw = True
109.2615 	EXP 	Line4: autoDraw = True
109.2758 	EXP 	Fixation: autoDraw = False
110.2594 	INFO 	Keyboard events cleared
110.2591 	EXP 	Probe: autoDraw = True
110.3931 	EXP 	Device response: <KeyPress from None: t=110.39251110004261, value=x, duration=None>
110.3940 	EXP 	New trial (rep=12, index=1): <Trial 49 (1 in rep 12) data={'Pos': np.int64(150), 'corr_resp': 'v', 'thisN': 49, 'thisTrialN': 1, 'thisRepN': 12}>
110.3958 	DATA 	Keypress: x
110.4116 	EXP 	Fixation: autoDraw = False
110.4116 	EXP 	Line1: autoDraw = False
110.4116 	EXP 	Line2: autoDraw = False
110.4116 	EXP 	Line3: autoDraw = False
110.4116 	EXP 	Line4: autoDraw = False
110.4116 	EXP 	Probe: autoDraw = False
110.4116 	EXP 	Fixation: autoDraw = True
110.4786 	EXP 	Device response: <KeyPress from None: t=110.39251110004261, value=x, duration=0.07618929992895573>
111.3941 	EXP 	Line1: autoDraw = True
111.3941 	EXP 	Line2: autoDraw = True
111.3941 	EXP 	Line3: autoDraw = True
111.3941 	EXP 	Line4: autoDraw = True
111.4093 	EXP 	Fixation: autoDraw = False
111.9424 	EXP 	Device response: <KeyPress from None: t=111.9320250999881, value=v, duration=None>
111.9435 	DATA 	Keypress: v
112.0428 	EXP 	Device response: <KeyPress from None: t=111.9320250999881, value=v, duration=0.11029250000137836>
112.2927 	EXP 	Device response: <KeyPress from None: t=112.2896519000642, value=v, duration=None>
112.2944 	DATA 	Keypress: v
112.4094 	INFO 	Keyboard events cleared
112.4092 	EXP 	Probe: autoDraw = True
112.4263 	EXP 	Device response: <KeyPress from None: t=112.2896519000642, value=v, duration=0.12680739990901202>
112.6263 	EXP 	Device response: <KeyPress from None: t=112.62329740007408, value=v, duration=None>
112.6270 	EXP 	New trial (rep=12, index=2): <Trial 50 (2 in rep 12) data={'Pos': np.int64(50), 'corr_resp': 'c', 'thisN': 50, 'thisTrialN': 2, 'thisRepN': 12}>
112.6287 	DATA 	Keypress: v
112.6442 	EXP 	Fixation: autoDraw = False
112.6442 	EXP 	Line1: autoDraw = False
112.6442 	EXP 	Line2: autoDraw = False
112.6442 	EXP 	Line3: autoDraw = False
112.6442 	EXP 	Line4: autoDraw = False
112.6442 	EXP 	Probe: autoDraw = False
112.6442 	EXP 	Fixation: autoDraw = True
112.7617 	EXP 	Device response: <KeyPress from None: t=112.62329740007408, value=v, duration=0.12343429995235056>
113.6279 	EXP 	Line1: autoDraw = True
113.6279 	EXP 	Line2: autoDraw = True
113.6279 	EXP 	Line3: autoDraw = True
113.6279 	EXP 	Line4: autoDraw = True
113.6426 	EXP 	Fixation: autoDraw = False
114.6431 	INFO 	Keyboard events cleared
114.6429 	EXP 	Probe: autoDraw = True
114.8931 	EXP 	Device response: <KeyPress from None: t=114.88707559998147, value=c, duration=None>
114.8935 	EXP 	New trial (rep=12, index=3): <Trial 51 (3 in rep 12) data={'Pos': np.int64(-150), 'corr_resp': 'z', 'thisN': 51, 'thisTrialN': 3, 'thisRepN': 12}>
114.8953 	DATA 	Keypress: c
114.9109 	EXP 	Fixation: autoDraw = False
114.9109 	EXP 	Line1: autoDraw = False
114.9109 	EXP 	Line2: autoDraw = False
114.9109 	EXP 	Line3: autoDraw = False
114.9109 	EXP 	Line4: autoDraw = False
114.9109 	EXP 	Probe: autoDraw = False
114.9109 	EXP 	Fixation: autoDraw = True
115.0116 	EXP 	Device response: <KeyPress from None: t=114.88707559998147, value=c, duration=0.11172770010307431>
115.8941 	EXP 	Line1: autoDraw = True
115.8941 	EXP 	Line2: autoDraw = True
115.8941 	EXP 	Line3: autoDraw = True
115.8941 	EXP 	Line4: autoDraw = True
115.9096 	EXP 	Fixation: autoDraw = False
116.9092 	INFO 	Keyboard events cleared
116.9090 	EXP 	Probe: autoDraw = True
116.9927 	EXP 	Device response: <KeyPress from None: t=116.98530349996872, value=z, duration=None>
116.9933 	EXP 	New trial (rep=13, index=0): <Trial 52 (0 in rep 13) data={'Pos': np.int64(-50), 'corr_resp': 'x', 'thisN': 52, 'thisTrialN': 0, 'thisRepN': 13}>
116.9953 	DATA 	Keypress: z
117.0110 	EXP 	Fixation: autoDraw = False
117.0110 	EXP 	Line1: autoDraw = False
117.0110 	EXP 	Line2: autoDraw = False
117.0110 	EXP 	Line3: autoDraw = False
117.0110 	EXP 	Line4: autoDraw = False
117.0110 	EXP 	Probe: autoDraw = False
117.0110 	EXP 	Fixation: autoDraw = True
117.0950 	EXP 	Device response: <KeyPress from None: t=116.98530349996872, value=z, duration=0.10678110003937036>
117.9941 	EXP 	Line1: autoDraw = True
117.9941 	EXP 	Line2: autoDraw = True
117.9941 	EXP 	Line3: autoDraw = True
117.9941 	EXP 	Line4: autoDraw = True
118.0094 	EXP 	Fixation: autoDraw = False
118.9929 	INFO 	Keyboard events cleared
118.9926 	EXP 	Probe: autoDraw = True
118.9950 	DATA 	Keypress: x
119.2593 	EXP 	Device response: <KeyPress from None: t=119.245143200038, value=x, duration=None>
119.2598 	EXP 	New trial (rep=13, index=1): <Trial 53 (1 in rep 13) data={'Pos': np.int64(150), 'corr_resp': 'v', 'thisN': 53, 'thisTrialN': 1, 'thisRepN': 13}>
119.2613 	DATA 	Keypress: x
119.2775 	EXP 	Fixation: autoDraw = False
119.2775 	EXP 	Line1: autoDraw = False
119.2775 	EXP 	Line2: autoDraw = False
119.2775 	EXP 	Line3: autoDraw = False
119.2775 	EXP 	Line4: autoDraw = False
119.2775 	EXP 	Probe: autoDraw = False
119.2775 	EXP 	Fixation: autoDraw = True
119.3281 	EXP 	Device response: <KeyPress from None: t=119.245143200038, value=x, duration=0.07739839993882924>
120.2608 	EXP 	Line1: autoDraw = True
120.2608 	EXP 	Line2: autoDraw = True
120.2608 	EXP 	Line3: autoDraw = True
120.2608 	EXP 	Line4: autoDraw = True
120.2756 	EXP 	Fixation: autoDraw = False
120.8768 	EXP 	Device response: <KeyPress from None: t=120.86571939999703, value=v, duration=None>
120.8787 	DATA 	Keypress: v
121.0260 	EXP 	Device response: <KeyPress from None: t=120.86571939999703, value=v, duration=0.1457809000276029>
121.2092 	EXP 	Device response: <KeyPress from None: t=121.19681770005263, value=v, duration=None>
121.2117 	DATA 	Keypress: v
121.2592 	INFO 	Keyboard events cleared
121.2590 	EXP 	Probe: autoDraw = True
121.3430 	EXP 	Device response: <KeyPress from None: t=121.19681770005263, value=v, duration=0.13113999995402992>
121.4260 	EXP 	Device response: <KeyPress from None: t=121.42131970007904, value=v, duration=None>
121.4265 	EXP 	New trial (rep=13, index=2): <Trial 54 (2 in rep 13) data={'Pos': np.int64(50), 'corr_resp': 'c', 'thisN': 54, 'thisTrialN': 2, 'thisRepN': 13}>
121.4282 	DATA 	Keypress: v
121.4440 	EXP 	Fixation: autoDraw = False
121.4440 	EXP 	Line1: autoDraw = False
121.4440 	EXP 	Line2: autoDraw = False
121.4440 	EXP 	Line3: autoDraw = False
121.4440 	EXP 	Line4: autoDraw = False
121.4440 	EXP 	Probe: autoDraw = False
121.4440 	EXP 	Fixation: autoDraw = True
121.5452 	EXP 	Device response: <KeyPress from None: t=121.42131970007904, value=v, duration=0.11496539996005595>
122.4273 	EXP 	Line1: autoDraw = True
122.4273 	EXP 	Line2: autoDraw = True
122.4273 	EXP 	Line3: autoDraw = True
122.4273 	EXP 	Line4: autoDraw = True
122.4423 	EXP 	Fixation: autoDraw = False
123.4257 	INFO 	Keyboard events cleared
123.4256 	EXP 	Probe: autoDraw = True
123.6283 	DATA 	Keypress: c
123.6425 	EXP 	Device response: <KeyPress from None: t=123.62686720001511, value=c, duration=None>
123.6429 	EXP 	New trial (rep=13, index=3): <Trial 55 (3 in rep 13) data={'Pos': np.int64(-150), 'corr_resp': 'z', 'thisN': 55, 'thisTrialN': 3, 'thisRepN': 13}>
123.6615 	EXP 	Fixation: autoDraw = False
123.6615 	EXP 	Line1: autoDraw = False
123.6615 	EXP 	Line2: autoDraw = False
123.6615 	EXP 	Line3: autoDraw = False
123.6615 	EXP 	Line4: autoDraw = False
123.6615 	EXP 	Probe: autoDraw = False
123.6615 	EXP 	Fixation: autoDraw = True
123.7949 	EXP 	Device response: <KeyPress from None: t=123.62686720001511, value=c, duration=0.15385959995910525>
124.6442 	EXP 	Line1: autoDraw = True
124.6442 	EXP 	Line2: autoDraw = True
124.6442 	EXP 	Line3: autoDraw = True
124.6442 	EXP 	Line4: autoDraw = True
124.6588 	EXP 	Fixation: autoDraw = False
125.5424 	EXP 	Device response: <KeyPress from None: t=125.53732990007848, value=z, duration=None>
125.5441 	DATA 	Keypress: z
125.6423 	INFO 	Keyboard events cleared
125.6421 	EXP 	Probe: autoDraw = True
125.6758 	EXP 	Device response: <KeyPress from None: t=125.53732990007848, value=z, duration=0.12402549991384149>
125.7769 	EXP 	Device response: <KeyPress from None: t=125.77589070005342, value=z, duration=None>
125.7789 	DATA 	Keypress: z
125.7929 	EXP 	New trial (rep=14, index=0): <Trial 56 (0 in rep 14) data={'Pos': np.int64(-50), 'corr_resp': 'x', 'thisN': 56, 'thisTrialN': 0, 'thisRepN': 14}>
125.8106 	EXP 	Fixation: autoDraw = False
125.8106 	EXP 	Line1: autoDraw = False
125.8106 	EXP 	Line2: autoDraw = False
125.8106 	EXP 	Line3: autoDraw = False
125.8106 	EXP 	Line4: autoDraw = False
125.8106 	EXP 	Probe: autoDraw = False
125.8106 	EXP 	Fixation: autoDraw = True
125.8787 	EXP 	Device response: <KeyPress from None: t=125.77589070005342, value=z, duration=0.09237909992225468>
126.7932 	EXP 	Line1: autoDraw = True
126.7932 	EXP 	Line2: autoDraw = True
126.7932 	EXP 	Line3: autoDraw = True
126.7932 	EXP 	Line4: autoDraw = True
126.8087 	EXP 	Fixation: autoDraw = False
127.7919 	INFO 	Keyboard events cleared
127.7917 	EXP 	Probe: autoDraw = True
128.0261 	EXP 	Device response: <KeyPress from None: t=128.02214999997523, value=x, duration=None>
128.0266 	EXP 	New trial (rep=14, index=1): <Trial 57 (1 in rep 14) data={'Pos': np.int64(150), 'corr_resp': 'v', 'thisN': 57, 'thisTrialN': 1, 'thisRepN': 14}>
128.0282 	DATA 	Keypress: x
128.0437 	EXP 	Fixation: autoDraw = False
128.0437 	EXP 	Line1: autoDraw = False
128.0437 	EXP 	Line2: autoDraw = False
128.0437 	EXP 	Line3: autoDraw = False
128.0437 	EXP 	Line4: autoDraw = False
128.0437 	EXP 	Probe: autoDraw = False
128.0437 	EXP 	Fixation: autoDraw = True
128.1114 	EXP 	Device response: <KeyPress from None: t=128.02214999997523, value=x, duration=0.07568390003871173>
129.0270 	EXP 	Line1: autoDraw = True
129.0270 	EXP 	Line2: autoDraw = True
129.0270 	EXP 	Line3: autoDraw = True
129.0270 	EXP 	Line4: autoDraw = True
129.0420 	EXP 	Fixation: autoDraw = False
130.0420 	INFO 	Keyboard events cleared
130.0418 	EXP 	Probe: autoDraw = True
130.0616 	DATA 	Keypress: v
130.0762 	EXP 	Device response: <KeyPress from None: t=130.0602618000703, value=v, duration=None>
130.0767 	EXP 	New trial (rep=14, index=2): <Trial 58 (2 in rep 14) data={'Pos': np.int64(50), 'corr_resp': 'c', 'thisN': 58, 'thisTrialN': 2, 'thisRepN': 14}>
130.0939 	EXP 	Fixation: autoDraw = False
130.0939 	EXP 	Line1: autoDraw = False
130.0939 	EXP 	Line2: autoDraw = False
130.0939 	EXP 	Line3: autoDraw = False
130.0939 	EXP 	Line4: autoDraw = False
130.0939 	EXP 	Probe: autoDraw = False
130.0939 	EXP 	Fixation: autoDraw = True
130.2116 	EXP 	Device response: <KeyPress from None: t=130.0602618000703, value=v, duration=0.1380917999194935>
131.0773 	EXP 	Line1: autoDraw = True
131.0773 	EXP 	Line2: autoDraw = True
131.0773 	EXP 	Line3: autoDraw = True
131.0773 	EXP 	Line4: autoDraw = True
131.0920 	EXP 	Fixation: autoDraw = False
132.0922 	INFO 	Keyboard events cleared
132.0920 	EXP 	Probe: autoDraw = True
132.5257 	EXP 	Device response: <KeyPress from None: t=132.51464680000208, value=c, duration=None>
132.5261 	EXP 	New trial (rep=14, index=3): <Trial 59 (3 in rep 14) data={'Pos': np.int64(-150), 'corr_resp': 'z', 'thisN': 59, 'thisTrialN': 3, 'thisRepN': 14}>
132.5279 	DATA 	Keypress: c
132.5437 	EXP 	Fixation: autoDraw = False
132.5437 	EXP 	Line1: autoDraw = False
132.5437 	EXP 	Line2: autoDraw = False
132.5437 	EXP 	Line3: autoDraw = False
132.5437 	EXP 	Line4: autoDraw = False
132.5437 	EXP 	Probe: autoDraw = False
132.5437 	EXP 	Fixation: autoDraw = True
132.6777 	EXP 	Device response: <KeyPress from None: t=132.51464680000208, value=c, duration=0.15436669997870922>
133.5270 	EXP 	Line1: autoDraw = True
133.5270 	EXP 	Line2: autoDraw = True
133.5270 	EXP 	Line3: autoDraw = True
133.5270 	EXP 	Line4: autoDraw = True
133.5418 	EXP 	Fixation: autoDraw = False
134.5252 	INFO 	Keyboard events cleared
134.5250 	EXP 	Probe: autoDraw = True
134.7594 	EXP 	Device response: <KeyPress from None: t=134.74792150000576, value=z, duration=None>
134.7601 	EXP 	New trial (rep=15, index=0): <Trial 60 (0 in rep 15) data={'Pos': np.int64(-50), 'corr_resp': 'x', 'thisN': 60, 'thisTrialN': 0, 'thisRepN': 15}>
134.7619 	DATA 	Keypress: z
134.7773 	EXP 	Fixation: autoDraw = False
134.7773 	EXP 	Line1: autoDraw = False
134.7773 	EXP 	Line2: autoDraw = False
134.7773 	EXP 	Line3: autoDraw = False
134.7773 	EXP 	Line4: autoDraw = False
134.7773 	EXP 	Probe: autoDraw = False
134.7773 	EXP 	Fixation: autoDraw = True
134.8944 	EXP 	Device response: <KeyPress from None: t=134.74792150000576, value=z, duration=0.1396824000403285>
135.7606 	EXP 	Line1: autoDraw = True
135.7606 	EXP 	Line2: autoDraw = True
135.7606 	EXP 	Line3: autoDraw = True
135.7606 	EXP 	Line4: autoDraw = True
135.7753 	EXP 	Fixation: autoDraw = False
136.7095 	EXP 	Device response: <KeyPress from None: t=136.69707240001298, value=x, duration=None>
136.7113 	DATA 	Keypress: x
136.7753 	INFO 	Keyboard events cleared
136.7751 	EXP 	Probe: autoDraw = True
136.8762 	EXP 	Device response: <KeyPress from None: t=136.69707240001298, value=x, duration=0.1652917000465095>
137.0087 	EXP 	Device response: <KeyPress from None: t=137.00459050002974, value=x, duration=None>
137.0094 	EXP 	New trial (rep=15, index=1): <Trial 61 (1 in rep 15) data={'Pos': np.int64(150), 'corr_resp': 'v', 'thisN': 61, 'thisTrialN': 1, 'thisRepN': 15}>
137.0117 	DATA 	Keypress: x
137.0270 	EXP 	Fixation: autoDraw = False
137.0270 	EXP 	Line1: autoDraw = False
137.0270 	EXP 	Line2: autoDraw = False
137.0270 	EXP 	Line3: autoDraw = False
137.0270 	EXP 	Line4: autoDraw = False
137.0270 	EXP 	Probe: autoDraw = False
137.0270 	EXP 	Fixation: autoDraw = True
137.1280 	EXP 	Device response: <KeyPress from None: t=137.00459050002974, value=x, duration=0.12150430004112422>
138.0104 	EXP 	Line1: autoDraw = True
138.0104 	EXP 	Line2: autoDraw = True
138.0104 	EXP 	Line3: autoDraw = True
138.0104 	EXP 	Line4: autoDraw = True
138.0251 	EXP 	Fixation: autoDraw = False
139.0084 	INFO 	Keyboard events cleared
139.0082 	EXP 	Probe: autoDraw = True
139.2757 	EXP 	Device response: <KeyPress from None: t=139.26120509998873, value=v, duration=None>
139.2763 	EXP 	New trial (rep=15, index=2): <Trial 62 (2 in rep 15) data={'Pos': np.int64(50), 'corr_resp': 'c', 'thisN': 62, 'thisTrialN': 2, 'thisRepN': 15}>
139.2781 	DATA 	Keypress: v
139.2934 	EXP 	Fixation: autoDraw = False
139.2934 	EXP 	Line1: autoDraw = False
139.2934 	EXP 	Line2: autoDraw = False
139.2934 	EXP 	Line3: autoDraw = False
139.2934 	EXP 	Line4: autoDraw = False
139.2934 	EXP 	Probe: autoDraw = False
139.2934 	EXP 	Fixation: autoDraw = True
139.3777 	EXP 	Device response: <KeyPress from None: t=139.26120509998873, value=v, duration=0.10215649998281151>
140.2769 	EXP 	Line1: autoDraw = True
140.2769 	EXP 	Line2: autoDraw = True
140.2769 	EXP 	Line3: autoDraw = True
140.2769 	EXP 	Line4: autoDraw = True
140.2919 	EXP 	Fixation: autoDraw = False
141.1255 	EXP 	Device response: <KeyPress from None: t=141.1192571000429, value=c, duration=None>
141.1272 	DATA 	Keypress: c
141.2760 	EXP 	Device response: <KeyPress from None: t=141.1192571000429, value=c, duration=0.1508079000050202>
141.2916 	INFO 	Keyboard events cleared
141.2915 	EXP 	Probe: autoDraw = True
141.6420 	EXP 	Device response: <KeyPress from None: t=141.64090670004953, value=c, duration=None>
141.6427 	EXP 	New trial (rep=15, index=3): <Trial 63 (3 in rep 15) data={'Pos': np.int64(-150), 'corr_resp': 'z', 'thisN': 63, 'thisTrialN': 3, 'thisRepN': 15}>
141.6444 	DATA 	Keypress: c
141.6607 	EXP 	Fixation: autoDraw = False
141.6607 	EXP 	Line1: autoDraw = False
141.6607 	EXP 	Line2: autoDraw = False
141.6607 	EXP 	Line3: autoDraw = False
141.6607 	EXP 	Line4: autoDraw = False
141.6607 	EXP 	Probe: autoDraw = False
141.6607 	EXP 	Fixation: autoDraw = True
141.7608 	EXP 	Device response: <KeyPress from None: t=141.64090670004953, value=c, duration=0.10837899998296052>
142.6433 	EXP 	Line1: autoDraw = True
142.6433 	EXP 	Line2: autoDraw = True
142.6433 	EXP 	Line3: autoDraw = True
142.6433 	EXP 	Line4: autoDraw = True
142.6583 	EXP 	Fixation: autoDraw = False
143.5422 	EXP 	Device response: <KeyPress from None: t=143.5313967000693, value=z, duration=None>
143.5439 	DATA 	Keypress: z
143.6426 	INFO 	Keyboard events cleared
143.6423 	EXP 	Probe: autoDraw = True
143.7920 	EXP 	Device response: <KeyPress from None: t=143.7900974000804, value=z, duration=None>
143.7925 	EXP 	New trial (rep=16, index=0): <Trial 64 (0 in rep 16) data={'Pos': np.int64(-50), 'corr_resp': 'x', 'thisN': 64, 'thisTrialN': 0, 'thisRepN': 16}>
143.7943 	DATA 	Keypress: z
143.8106 	EXP 	Fixation: autoDraw = False
143.8106 	EXP 	Line1: autoDraw = False
143.8106 	EXP 	Line2: autoDraw = False
143.8106 	EXP 	Line3: autoDraw = False
143.8106 	EXP 	Line4: autoDraw = False
143.8106 	EXP 	Probe: autoDraw = False
143.8106 	EXP 	Fixation: autoDraw = True
143.8781 	EXP 	Device response: <KeyPress from None: t=143.5313967000693, value=z, duration=0.34607520001009107>
144.7939 	EXP 	Line1: autoDraw = True
144.7939 	EXP 	Line2: autoDraw = True
144.7939 	EXP 	Line3: autoDraw = True
144.7939 	EXP 	Line4: autoDraw = True
144.8083 	EXP 	Fixation: autoDraw = False
145.7417 	EXP 	Device response: <KeyPress from None: t=145.7408247999847, value=x, duration=None>
145.7438 	DATA 	Keypress: x
145.7917 	INFO 	Keyboard events cleared
145.7915 	EXP 	Probe: autoDraw = True
145.8587 	EXP 	Device response: <KeyPress from None: t=145.7408247999847, value=x, duration=0.11592720006592572>
146.0254 	EXP 	Device response: <KeyPress from None: t=146.02002559998073, value=x, duration=None>
146.0258 	EXP 	New trial (rep=16, index=1): <Trial 65 (1 in rep 16) data={'Pos': np.int64(150), 'corr_resp': 'v', 'thisN': 65, 'thisTrialN': 1, 'thisRepN': 16}>
146.0274 	DATA 	Keypress: x
146.0435 	EXP 	Fixation: autoDraw = False
146.0435 	EXP 	Line1: autoDraw = False
146.0435 	EXP 	Line2: autoDraw = False
146.0435 	EXP 	Line3: autoDraw = False
146.0435 	EXP 	Line4: autoDraw = False
146.0435 	EXP 	Probe: autoDraw = False
146.0435 	EXP 	Fixation: autoDraw = True
146.1279 	EXP 	Device response: <KeyPress from None: t=146.02002559998073, value=x, duration=0.09559120004996657>
147.0270 	EXP 	Line1: autoDraw = True
147.0270 	EXP 	Line2: autoDraw = True
147.0270 	EXP 	Line3: autoDraw = True
147.0270 	EXP 	Line4: autoDraw = True
147.0414 	EXP 	Fixation: autoDraw = False
148.0249 	INFO 	Keyboard events cleared
148.0248 	EXP 	Probe: autoDraw = True
148.3092 	EXP 	Device response: <KeyPress from None: t=148.29527470003814, value=v, duration=None>
148.3097 	EXP 	New trial (rep=16, index=2): <Trial 66 (2 in rep 16) data={'Pos': np.int64(50), 'corr_resp': 'c', 'thisN': 66, 'thisTrialN': 2, 'thisRepN': 16}>
148.3115 	DATA 	Keypress: v
148.3266 	EXP 	Fixation: autoDraw = False
148.3266 	EXP 	Line1: autoDraw = False
148.3266 	EXP 	Line2: autoDraw = False
148.3266 	EXP 	Line3: autoDraw = False
148.3266 	EXP 	Line4: autoDraw = False
148.3266 	EXP 	Probe: autoDraw = False
148.3266 	EXP 	Fixation: autoDraw = True
148.4437 	EXP 	Device response: <KeyPress from None: t=148.29527470003814, value=v, duration=0.14306219993159175>
149.3103 	EXP 	Line1: autoDraw = True
149.3103 	EXP 	Line2: autoDraw = True
149.3103 	EXP 	Line3: autoDraw = True
149.3103 	EXP 	Line4: autoDraw = True
149.3251 	EXP 	Fixation: autoDraw = False
150.3248 	INFO 	Keyboard events cleared
150.3246 	EXP 	Probe: autoDraw = True
150.3942 	DATA 	Keypress: c
150.4084 	EXP 	Device response: <KeyPress from None: t=150.39211910008453, value=c, duration=None>
150.4088 	EXP 	New trial (rep=16, index=3): <Trial 67 (3 in rep 16) data={'Pos': np.int64(-150), 'corr_resp': 'z', 'thisN': 67, 'thisTrialN': 3, 'thisRepN': 16}>
150.4266 	EXP 	Fixation: autoDraw = False
150.4266 	EXP 	Line1: autoDraw = False
150.4266 	EXP 	Line2: autoDraw = False
150.4266 	EXP 	Line3: autoDraw = False
150.4266 	EXP 	Line4: autoDraw = False
150.4266 	EXP 	Probe: autoDraw = False
150.4266 	EXP 	Fixation: autoDraw = True
150.5612 	EXP 	Device response: <KeyPress from None: t=150.39211910008453, value=c, duration=0.15413649997208267>
151.4101 	EXP 	Line1: autoDraw = True
151.4101 	EXP 	Line2: autoDraw = True
151.4101 	EXP 	Line3: autoDraw = True
151.4101 	EXP 	Line4: autoDraw = True
151.4245 	EXP 	Fixation: autoDraw = False
152.4087 	INFO 	Keyboard events cleared
152.4082 	EXP 	Probe: autoDraw = True
152.6086 	EXP 	Device response: <KeyPress from None: t=152.59846330003347, value=z, duration=None>
152.6090 	EXP 	New trial (rep=17, index=0): <Trial 68 (0 in rep 17) data={'Pos': np.int64(-50), 'corr_resp': 'x', 'thisN': 68, 'thisTrialN': 0, 'thisRepN': 17}>
152.6114 	DATA 	Keypress: z
152.6270 	EXP 	Fixation: autoDraw = False
152.6270 	EXP 	Line1: autoDraw = False
152.6270 	EXP 	Line2: autoDraw = False
152.6270 	EXP 	Line3: autoDraw = False
152.6270 	EXP 	Line4: autoDraw = False
152.6270 	EXP 	Probe: autoDraw = False
152.6270 	EXP 	Fixation: autoDraw = True
152.7612 	EXP 	Device response: <KeyPress from None: t=143.7900974000804, value=z, duration=8.965608899947256>
153.6106 	EXP 	Line1: autoDraw = True
153.6106 	EXP 	Line2: autoDraw = True
153.6106 	EXP 	Line3: autoDraw = True
153.6106 	EXP 	Line4: autoDraw = True
153.6247 	EXP 	Fixation: autoDraw = False
154.6081 	INFO 	Keyboard events cleared
154.6080 	EXP 	Probe: autoDraw = True
154.9253 	EXP 	Device response: <KeyPress from None: t=154.91930880001746, value=x, duration=None>
154.9258 	EXP 	New trial (rep=17, index=1): <Trial 69 (1 in rep 17) data={'Pos': np.int64(150), 'corr_resp': 'v', 'thisN': 69, 'thisTrialN': 1, 'thisRepN': 17}>
154.9277 	DATA 	Keypress: x
154.9433 	EXP 	Fixation: autoDraw = False
154.9433 	EXP 	Line1: autoDraw = False
154.9433 	EXP 	Line2: autoDraw = False
154.9433 	EXP 	Line3: autoDraw = False
154.9433 	EXP 	Line4: autoDraw = False
154.9433 	EXP 	Probe: autoDraw = False
154.9433 	EXP 	Fixation: autoDraw = True
155.0271 	EXP 	Device response: <KeyPress from None: t=154.91930880001746, value=x, duration=0.10074829997029155>
155.9268 	EXP 	Line1: autoDraw = True
155.9268 	EXP 	Line2: autoDraw = True
155.9268 	EXP 	Line3: autoDraw = True
155.9268 	EXP 	Line4: autoDraw = True
155.9411 	EXP 	Fixation: autoDraw = False
156.9248 	INFO 	Keyboard events cleared
156.9246 	EXP 	Probe: autoDraw = True
157.6084 	EXP 	Device response: <KeyPress from None: t=157.6065836000489, value=v, duration=None>
157.6090 	EXP 	New trial (rep=17, index=2): <Trial 70 (2 in rep 17) data={'Pos': np.int64(50), 'corr_resp': 'c', 'thisN': 70, 'thisTrialN': 2, 'thisRepN': 17}>
157.6108 	DATA 	Keypress: v
157.6276 	EXP 	Fixation: autoDraw = False
157.6276 	EXP 	Line1: autoDraw = False
157.6276 	EXP 	Line2: autoDraw = False
157.6276 	EXP 	Line3: autoDraw = False
157.6276 	EXP 	Line4: autoDraw = False
157.6276 	EXP 	Probe: autoDraw = False
157.6276 	EXP 	Fixation: autoDraw = True
157.7437 	EXP 	Device response: <KeyPress from None: t=157.6065836000489, value=v, duration=0.13494879996869713>
158.6095 	EXP 	Line1: autoDraw = True
158.6095 	EXP 	Line2: autoDraw = True
158.6095 	EXP 	Line3: autoDraw = True
158.6095 	EXP 	Line4: autoDraw = True
158.6406 	EXP 	Fixation: autoDraw = False
159.6244 	INFO 	Keyboard events cleared
159.6242 	EXP 	Probe: autoDraw = True
159.6576 	EXP 	Device response: <KeyPress from None: t=159.64251150004566, value=c, duration=None>
159.6579 	EXP 	New trial (rep=17, index=3): <Trial 71 (3 in rep 17) data={'Pos': np.int64(-150), 'corr_resp': 'z', 'thisN': 71, 'thisTrialN': 3, 'thisRepN': 17}>
159.6587 	DATA 	Keypress: c
159.6765 	EXP 	Fixation: autoDraw = False
159.6765 	EXP 	Line1: autoDraw = False
159.6765 	EXP 	Line2: autoDraw = False
159.6765 	EXP 	Line3: autoDraw = False
159.6765 	EXP 	Line4: autoDraw = False
159.6765 	EXP 	Probe: autoDraw = False
159.6765 	EXP 	Fixation: autoDraw = True
159.8277 	EXP 	Device response: <KeyPress from None: t=159.64251150004566, value=c, duration=0.17434769996907562>
160.6602 	EXP 	Line1: autoDraw = True
160.6602 	EXP 	Line2: autoDraw = True
160.6602 	EXP 	Line3: autoDraw = True
160.6602 	EXP 	Line4: autoDraw = True
160.6752 	EXP 	Fixation: autoDraw = False
161.6451 	DATA 	Keypress: z
161.6582 	INFO 	Keyboard events cleared
161.6579 	EXP 	Probe: autoDraw = True
161.8085 	EXP 	Device response: <KeyPress from None: t=152.59846330003347, value=z, duration=9.196830700035207>
162.3083 	EXP 	Device response: <KeyPress from None: t=162.29557110008318, value=z, duration=None>
162.3089 	EXP 	New trial (rep=18, index=0): <Trial 72 (0 in rep 18) data={'Pos': np.int64(-50), 'corr_resp': 'x', 'thisN': 72, 'thisTrialN': 0, 'thisRepN': 18}>
162.3107 	DATA 	Keypress: z
162.3264 	EXP 	Fixation: autoDraw = False
162.3264 	EXP 	Line1: autoDraw = False
162.3264 	EXP 	Line2: autoDraw = False
162.3264 	EXP 	Line3: autoDraw = False
162.3264 	EXP 	Line4: autoDraw = False
162.3264 	EXP 	Probe: autoDraw = False
162.3264 	EXP 	Fixation: autoDraw = True
162.4103 	EXP 	Device response: <KeyPress from None: t=162.29557110008318, value=z, duration=0.10445439990144223>
163.3098 	EXP 	Line1: autoDraw = True
163.3098 	EXP 	Line2: autoDraw = True
163.3098 	EXP 	Line3: autoDraw = True
163.3098 	EXP 	Line4: autoDraw = True
163.3243 	EXP 	Fixation: autoDraw = False
164.3245 	INFO 	Keyboard events cleared
164.3243 	EXP 	Probe: autoDraw = True
164.6916 	EXP 	Device response: <KeyPress from None: t=164.68710680003278, value=x, duration=None>
164.6921 	EXP 	New trial (rep=18, index=1): <Trial 73 (1 in rep 18) data={'Pos': np.int64(150), 'corr_resp': 'v', 'thisN': 73, 'thisTrialN': 1, 'thisRepN': 18}>
164.6938 	DATA 	Keypress: x
164.7096 	EXP 	Fixation: autoDraw = False
164.7096 	EXP 	Line1: autoDraw = False
164.7096 	EXP 	Line2: autoDraw = False
164.7096 	EXP 	Line3: autoDraw = False
164.7096 	EXP 	Line4: autoDraw = False
164.7096 	EXP 	Probe: autoDraw = False
164.7096 	EXP 	Fixation: autoDraw = True
164.8102 	EXP 	Device response: <KeyPress from None: t=164.68710680003278, value=x, duration=0.11123959999531507>
165.6928 	EXP 	Line1: autoDraw = True
165.6928 	EXP 	Line2: autoDraw = True
165.6928 	EXP 	Line3: autoDraw = True
165.6928 	EXP 	Line4: autoDraw = True
165.7079 	EXP 	Fixation: autoDraw = False
166.7081 	INFO 	Keyboard events cleared
166.7079 	EXP 	Probe: autoDraw = True
167.0111 	DATA 	Keypress: v
167.0247 	EXP 	Device response: <KeyPress from None: t=167.00975910003763, value=v, duration=None>
167.0252 	EXP 	New trial (rep=18, index=2): <Trial 74 (2 in rep 18) data={'Pos': np.int64(50), 'corr_resp': 'c', 'thisN': 74, 'thisTrialN': 2, 'thisRepN': 18}>
167.0431 	EXP 	Fixation: autoDraw = False
167.0431 	EXP 	Line1: autoDraw = False
167.0431 	EXP 	Line2: autoDraw = False
167.0431 	EXP 	Line3: autoDraw = False
167.0431 	EXP 	Line4: autoDraw = False
167.0431 	EXP 	Probe: autoDraw = False
167.0431 	EXP 	Fixation: autoDraw = True
167.1605 	EXP 	Device response: <KeyPress from None: t=167.00975910003763, value=v, duration=0.14395419997163117>
168.0265 	EXP 	Line1: autoDraw = True
168.0265 	EXP 	Line2: autoDraw = True
168.0265 	EXP 	Line3: autoDraw = True
168.0265 	EXP 	Line4: autoDraw = True
168.0409 	EXP 	Fixation: autoDraw = False
169.0246 	INFO 	Keyboard events cleared
169.0244 	EXP 	Probe: autoDraw = True
169.2264 	DATA 	Keypress: c
169.2414 	EXP 	Device response: <KeyPress from None: t=169.22434409998823, value=c, duration=None>
169.2419 	EXP 	New trial (rep=18, index=3): <Trial 75 (3 in rep 18) data={'Pos': np.int64(-150), 'corr_resp': 'z', 'thisN': 75, 'thisTrialN': 3, 'thisRepN': 18}>
169.2602 	EXP 	Fixation: autoDraw = False
169.2602 	EXP 	Line1: autoDraw = False
169.2602 	EXP 	Line2: autoDraw = False
169.2602 	EXP 	Line3: autoDraw = False
169.2602 	EXP 	Line4: autoDraw = False
169.2602 	EXP 	Probe: autoDraw = False
169.2602 	EXP 	Fixation: autoDraw = True
169.3776 	EXP 	Device response: <KeyPress from None: t=169.22434409998823, value=c, duration=0.15132479998283088>
170.2430 	EXP 	Line1: autoDraw = True
170.2430 	EXP 	Line2: autoDraw = True
170.2430 	EXP 	Line3: autoDraw = True
170.2430 	EXP 	Line4: autoDraw = True
170.2576 	EXP 	Fixation: autoDraw = False
171.2422 	INFO 	Keyboard events cleared
171.2417 	EXP 	Probe: autoDraw = True
171.4413 	EXP 	Device response: <KeyPress from None: t=171.42833200003952, value=z, duration=None>
171.4418 	EXP 	New trial (rep=19, index=0): <Trial 76 (0 in rep 19) data={'Pos': np.int64(-50), 'corr_resp': 'x', 'thisN': 76, 'thisTrialN': 0, 'thisRepN': 19}>
171.4434 	DATA 	Keypress: z
171.4596 	EXP 	Fixation: autoDraw = False
171.4596 	EXP 	Line1: autoDraw = False
171.4596 	EXP 	Line2: autoDraw = False
171.4596 	EXP 	Line3: autoDraw = False
171.4596 	EXP 	Line4: autoDraw = False
171.4596 	EXP 	Probe: autoDraw = False
171.4596 	EXP 	Fixation: autoDraw = True
171.5600 	EXP 	Device response: <KeyPress from None: t=171.42833200003952, value=z, duration=0.1155596999451518>
172.4428 	EXP 	Line1: autoDraw = True
172.4428 	EXP 	Line2: autoDraw = True
172.4428 	EXP 	Line3: autoDraw = True
172.4428 	EXP 	Line4: autoDraw = True
172.4576 	EXP 	Fixation: autoDraw = False
173.4409 	INFO 	Keyboard events cleared
173.4408 	EXP 	Probe: autoDraw = True
173.8251 	EXP 	Device response: <KeyPress from None: t=173.81752659997437, value=x, duration=None>
173.8256 	EXP 	New trial (rep=19, index=1): <Trial 77 (1 in rep 19) data={'Pos': np.int64(150), 'corr_resp': 'v', 'thisN': 77, 'thisTrialN': 1, 'thisRepN': 19}>
173.8281 	DATA 	Keypress: x
173.8425 	EXP 	Fixation: autoDraw = False
173.8425 	EXP 	Line1: autoDraw = False
173.8425 	EXP 	Line2: autoDraw = False
173.8425 	EXP 	Line3: autoDraw = False
173.8425 	EXP 	Line4: autoDraw = False
173.8425 	EXP 	Probe: autoDraw = False
173.8425 	EXP 	Fixation: autoDraw = True
173.9766 	EXP 	Device response: <KeyPress from None: t=173.81752659997437, value=x, duration=0.1488528000190854>
174.8259 	EXP 	Line1: autoDraw = True
174.8259 	EXP 	Line2: autoDraw = True
174.8259 	EXP 	Line3: autoDraw = True
174.8259 	EXP 	Line4: autoDraw = True
174.8413 	EXP 	Fixation: autoDraw = False
175.8409 	INFO 	Keyboard events cleared
175.8408 	EXP 	Probe: autoDraw = True
175.9765 	DATA 	Keypress: v
175.9919 	EXP 	Device response: <KeyPress from None: t=175.97520179999992, value=v, duration=None>
175.9924 	EXP 	New trial (rep=19, index=2): <Trial 78 (2 in rep 19) data={'Pos': np.int64(50), 'corr_resp': 'c', 'thisN': 78, 'thisTrialN': 2, 'thisRepN': 19}>
176.0096 	EXP 	Fixation: autoDraw = False
176.0096 	EXP 	Line1: autoDraw = False
176.0096 	EXP 	Line2: autoDraw = False
176.0096 	EXP 	Line3: autoDraw = False
176.0096 	EXP 	Line4: autoDraw = False
176.0096 	EXP 	Probe: autoDraw = False
176.0096 	EXP 	Fixation: autoDraw = True
176.1767 	EXP 	Device response: <KeyPress from None: t=175.97520179999992, value=v, duration=0.20068570005241781>
176.9929 	EXP 	Line1: autoDraw = True
176.9929 	EXP 	Line2: autoDraw = True
176.9929 	EXP 	Line3: autoDraw = True
176.9929 	EXP 	Line4: autoDraw = True
177.0079 	EXP 	Fixation: autoDraw = False
177.5910 	EXP 	Device response: <KeyPress from None: t=177.58957409998402, value=c, duration=None>
177.5930 	DATA 	Keypress: c
177.7409 	EXP 	Device response: <KeyPress from None: t=177.58957409998402, value=c, duration=0.1464301000814885>
178.0075 	INFO 	Keyboard events cleared
178.0073 	EXP 	Probe: autoDraw = True
178.8912 	EXP 	Device response: <KeyPress from None: t=178.8877252000384, value=c, duration=None>
178.8918 	EXP 	New trial (rep=19, index=3): <Trial 79 (3 in rep 19) data={'Pos': np.int64(-150), 'corr_resp': 'z', 'thisN': 79, 'thisTrialN': 3, 'thisRepN': 19}>
178.8936 	DATA 	Keypress: c
178.9093 	EXP 	Fixation: autoDraw = False
178.9093 	EXP 	Line1: autoDraw = False
178.9093 	EXP 	Line2: autoDraw = False
178.9093 	EXP 	Line3: autoDraw = False
178.9093 	EXP 	Line4: autoDraw = False
178.9093 	EXP 	Probe: autoDraw = False
178.9093 	EXP 	Fixation: autoDraw = True
179.0437 	EXP 	Device response: <KeyPress from None: t=178.8877252000384, value=c, duration=0.13972780003678054>
179.8928 	EXP 	Line1: autoDraw = True
179.8928 	EXP 	Line2: autoDraw = True
179.8928 	EXP 	Line3: autoDraw = True
179.8928 	EXP 	Line4: autoDraw = True
179.9072 	EXP 	Fixation: autoDraw = False
180.8915 	EXP 	Device response: <KeyPress from None: t=180.8884661999764, value=z, duration=None>
180.8943 	DATA 	Keypress: z
180.9077 	INFO 	Keyboard events cleared
180.9075 	EXP 	Probe: autoDraw = True
181.0579 	EXP 	Device response: <KeyPress from None: t=180.8884661999764, value=z, duration=0.16355130006559193>
181.3582 	EXP 	Device response: <KeyPress from None: t=181.35183940001298, value=z, duration=None>
181.3589 	EXP 	New trial (rep=20, index=0): <Trial 80 (0 in rep 20) data={'Pos': np.int64(-50), 'corr_resp': 'x', 'thisN': 80, 'thisTrialN': 0, 'thisRepN': 20}>
181.3606 	DATA 	Keypress: z
181.3759 	EXP 	Fixation: autoDraw = False
181.3759 	EXP 	Line1: autoDraw = False
181.3759 	EXP 	Line2: autoDraw = False
181.3759 	EXP 	Line3: autoDraw = False
181.3759 	EXP 	Line4: autoDraw = False
181.3759 	EXP 	Probe: autoDraw = False
181.3759 	EXP 	Fixation: autoDraw = True
181.4931 	EXP 	Device response: <KeyPress from None: t=181.35183940001298, value=z, duration=0.13873590005096048>
182.3592 	EXP 	Line1: autoDraw = True
182.3592 	EXP 	Line2: autoDraw = True
182.3592 	EXP 	Line3: autoDraw = True
182.3592 	EXP 	Line4: autoDraw = True
182.3739 	EXP 	Fixation: autoDraw = False
183.3741 	INFO 	Keyboard events cleared
183.3739 	EXP 	Probe: autoDraw = True
183.6918 	EXP 	Device response: <KeyPress from None: t=183.6866783000296, value=x, duration=None>
183.6925 	EXP 	New trial (rep=20, index=1): <Trial 81 (1 in rep 20) data={'Pos': np.int64(150), 'corr_resp': 'v', 'thisN': 81, 'thisTrialN': 1, 'thisRepN': 20}>
183.6949 	DATA 	Keypress: x
183.7091 	EXP 	Fixation: autoDraw = False
183.7091 	EXP 	Line1: autoDraw = False
183.7091 	EXP 	Line2: autoDraw = False
183.7091 	EXP 	Line3: autoDraw = False
183.7091 	EXP 	Line4: autoDraw = False
183.7091 	EXP 	Probe: autoDraw = False
183.7091 	EXP 	Fixation: autoDraw = True
183.8271 	EXP 	Device response: <KeyPress from None: t=183.6866783000296, value=x, duration=0.12487509998027235>
184.6919 	EXP 	Line1: autoDraw = True
184.6919 	EXP 	Line2: autoDraw = True
184.6919 	EXP 	Line3: autoDraw = True
184.6919 	EXP 	Line4: autoDraw = True
184.7072 	EXP 	Fixation: autoDraw = False
185.7069 	INFO 	Keyboard events cleared
185.7067 	EXP 	Probe: autoDraw = True
185.7570 	EXP 	Device response: <KeyPress from None: t=185.75443710002583, value=v, duration=None>
185.7573 	EXP 	New trial (rep=20, index=2): <Trial 82 (2 in rep 20) data={'Pos': np.int64(50), 'corr_resp': 'c', 'thisN': 82, 'thisTrialN': 2, 'thisRepN': 20}>
185.7585 	DATA 	Keypress: v
185.7755 	EXP 	Fixation: autoDraw = False
185.7755 	EXP 	Line1: autoDraw = False
185.7755 	EXP 	Line2: autoDraw = False
185.7755 	EXP 	Line3: autoDraw = False
185.7755 	EXP 	Line4: autoDraw = False
185.7755 	EXP 	Probe: autoDraw = False
185.7755 	EXP 	Fixation: autoDraw = True
185.9758 	EXP 	Device response: <KeyPress from None: t=185.75443710002583, value=v, duration=0.2077475000405684>
186.7590 	EXP 	Line1: autoDraw = True
186.7590 	EXP 	Line2: autoDraw = True
186.7590 	EXP 	Line3: autoDraw = True
186.7590 	EXP 	Line4: autoDraw = True
186.7733 	EXP 	Fixation: autoDraw = False
187.7574 	INFO 	Keyboard events cleared
187.7572 	EXP 	Probe: autoDraw = True
187.7935 	DATA 	Keypress: c
187.8071 	EXP 	Device response: <KeyPress from None: t=187.79198290000204, value=c, duration=None>
187.8076 	EXP 	New trial (rep=20, index=3): <Trial 83 (3 in rep 20) data={'Pos': np.int64(-150), 'corr_resp': 'z', 'thisN': 83, 'thisTrialN': 3, 'thisRepN': 20}>
187.8260 	EXP 	Fixation: autoDraw = False
187.8260 	EXP 	Line1: autoDraw = False
187.8260 	EXP 	Line2: autoDraw = False
187.8260 	EXP 	Line3: autoDraw = False
187.8260 	EXP 	Line4: autoDraw = False
187.8260 	EXP 	Probe: autoDraw = False
187.8260 	EXP 	Fixation: autoDraw = True
187.8924 	EXP 	Device response: <KeyPress from None: t=187.79198290000204, value=c, duration=0.09221470006741583>
188.8082 	EXP 	Line1: autoDraw = True
188.8082 	EXP 	Line2: autoDraw = True
188.8082 	EXP 	Line3: autoDraw = True
188.8082 	EXP 	Line4: autoDraw = True
188.8402 	EXP 	Fixation: autoDraw = False
189.8067 	INFO 	Keyboard events cleared
189.8066 	EXP 	Probe: autoDraw = True
190.0415 	EXP 	Device response: <KeyPress from None: t=190.02970299997833, value=z, duration=None>
190.0419 	EXP 	New trial (rep=21, index=0): <Trial 84 (0 in rep 21) data={'Pos': np.int64(-50), 'corr_resp': 'x', 'thisN': 84, 'thisTrialN': 0, 'thisRepN': 21}>
190.0437 	DATA 	Keypress: z
190.0587 	EXP 	Fixation: autoDraw = False
190.0587 	EXP 	Line1: autoDraw = False
190.0587 	EXP 	Line2: autoDraw = False
190.0587 	EXP 	Line3: autoDraw = False
190.0587 	EXP 	Line4: autoDraw = False
190.0587 	EXP 	Probe: autoDraw = False
190.0587 	EXP 	Fixation: autoDraw = True
190.1763 	EXP 	Device response: <KeyPress from None: t=190.02970299997833, value=z, duration=0.1336209001019597>
191.0426 	EXP 	Line1: autoDraw = True
191.0426 	EXP 	Line2: autoDraw = True
191.0426 	EXP 	Line3: autoDraw = True
191.0426 	EXP 	Line4: autoDraw = True
191.0569 	EXP 	Fixation: autoDraw = False
192.0574 	INFO 	Keyboard events cleared
192.0572 	EXP 	Probe: autoDraw = True
192.7075 	EXP 	Device response: <KeyPress from None: t=192.7017764999764, value=x, duration=None>
192.7080 	EXP 	New trial (rep=21, index=1): <Trial 85 (1 in rep 21) data={'Pos': np.int64(150), 'corr_resp': 'v', 'thisN': 85, 'thisTrialN': 1, 'thisRepN': 21}>
192.7097 	DATA 	Keypress: x
192.7259 	EXP 	Fixation: autoDraw = False
192.7259 	EXP 	Line1: autoDraw = False
192.7259 	EXP 	Line2: autoDraw = False
192.7259 	EXP 	Line3: autoDraw = False
192.7259 	EXP 	Line4: autoDraw = False
192.7259 	EXP 	Probe: autoDraw = False
192.7259 	EXP 	Fixation: autoDraw = True
192.7759 	EXP 	Device response: <KeyPress from None: t=192.7017764999764, value=x, duration=0.06509270006790757>
193.7090 	EXP 	Line1: autoDraw = True
193.7090 	EXP 	Line2: autoDraw = True
193.7090 	EXP 	Line3: autoDraw = True
193.7090 	EXP 	Line4: autoDraw = True
193.7237 	EXP 	Fixation: autoDraw = False
194.6077 	EXP 	Device response: <KeyPress from None: t=194.60387019999325, value=v, duration=None>
194.6093 	DATA 	Keypress: v
194.7235 	INFO 	Keyboard events cleared
194.7233 	EXP 	Probe: autoDraw = True
194.7575 	EXP 	Device response: <KeyPress from None: t=194.60387019999325, value=v, duration=0.14635070005897433>
194.9241 	EXP 	Device response: <KeyPress from None: t=194.92092369997408, value=v, duration=None>
194.9246 	EXP 	New trial (rep=21, index=2): <Trial 86 (2 in rep 21) data={'Pos': np.int64(50), 'corr_resp': 'c', 'thisN': 86, 'thisTrialN': 2, 'thisRepN': 21}>
194.9265 	DATA 	Keypress: v
194.9422 	EXP 	Fixation: autoDraw = False
194.9422 	EXP 	Line1: autoDraw = False
194.9422 	EXP 	Line2: autoDraw = False
194.9422 	EXP 	Line3: autoDraw = False
194.9422 	EXP 	Line4: autoDraw = False
194.9422 	EXP 	Probe: autoDraw = False
194.9422 	EXP 	Fixation: autoDraw = True
195.0598 	EXP 	Device response: <KeyPress from None: t=194.92092369997408, value=v, duration=0.13253679999615997>
195.9257 	EXP 	Line1: autoDraw = True
195.9257 	EXP 	Line2: autoDraw = True
195.9257 	EXP 	Line3: autoDraw = True
195.9257 	EXP 	Line4: autoDraw = True
195.9401 	EXP 	Fixation: autoDraw = False
196.9241 	INFO 	Keyboard events cleared
196.9240 	EXP 	Probe: autoDraw = True
197.0576 	EXP 	Device response: <KeyPress from None: t=197.04876300005708, value=c, duration=None>
197.0580 	EXP 	New trial (rep=21, index=3): <Trial 87 (3 in rep 21) data={'Pos': np.int64(-150), 'corr_resp': 'z', 'thisN': 87, 'thisTrialN': 3, 'thisRepN': 21}>
197.0597 	DATA 	Keypress: c
197.0758 	EXP 	Fixation: autoDraw = False
197.0758 	EXP 	Line1: autoDraw = False
197.0758 	EXP 	Line2: autoDraw = False
197.0758 	EXP 	Line3: autoDraw = False
197.0758 	EXP 	Line4: autoDraw = False
197.0758 	EXP 	Probe: autoDraw = False
197.0758 	EXP 	Fixation: autoDraw = True
197.2093 	EXP 	Device response: <KeyPress from None: t=197.04876300005708, value=c, duration=0.15023839997593313>
198.0591 	EXP 	Line1: autoDraw = True
198.0591 	EXP 	Line2: autoDraw = True
198.0591 	EXP 	Line3: autoDraw = True
198.0591 	EXP 	Line4: autoDraw = True
198.0734 	EXP 	Fixation: autoDraw = False
198.7072 	EXP 	Device response: <KeyPress from None: t=198.69598459999543, value=z, duration=None>
198.7088 	DATA 	Keypress: z
198.8403 	EXP 	Device response: <KeyPress from None: t=198.69598459999543, value=z, duration=0.13183389999903738>
199.0569 	INFO 	Keyboard events cleared
199.0567 	EXP 	Probe: autoDraw = True
199.1074 	EXP 	Device response: <KeyPress from None: t=199.09508570004255, value=z, duration=None>
199.1080 	EXP 	New trial (rep=22, index=0): <Trial 88 (0 in rep 22) data={'Pos': np.int64(-50), 'corr_resp': 'x', 'thisN': 88, 'thisTrialN': 0, 'thisRepN': 22}>
199.1096 	DATA 	Keypress: z
199.1260 	EXP 	Fixation: autoDraw = False
199.1260 	EXP 	Line1: autoDraw = False
199.1260 	EXP 	Line2: autoDraw = False
199.1260 	EXP 	Line3: autoDraw = False
199.1260 	EXP 	Line4: autoDraw = False
199.1260 	EXP 	Probe: autoDraw = False
199.1260 	EXP 	Fixation: autoDraw = True
199.2261 	EXP 	Device response: <KeyPress from None: t=199.09508570004255, value=z, duration=0.12129689997527748>
200.1087 	EXP 	Line1: autoDraw = True
200.1087 	EXP 	Line2: autoDraw = True
200.1087 	EXP 	Line3: autoDraw = True
200.1087 	EXP 	Line4: autoDraw = True
200.1235 	EXP 	Fixation: autoDraw = False
201.1239 	INFO 	Keyboard events cleared
201.1237 	EXP 	Probe: autoDraw = True
201.3070 	EXP 	Device response: <KeyPress from None: t=201.30364709999412, value=x, duration=None>
201.3076 	EXP 	New trial (rep=22, index=1): <Trial 89 (1 in rep 22) data={'Pos': np.int64(150), 'corr_resp': 'v', 'thisN': 89, 'thisTrialN': 1, 'thisRepN': 22}>
201.3103 	DATA 	Keypress: x
201.3260 	EXP 	Fixation: autoDraw = False
201.3260 	EXP 	Line1: autoDraw = False
201.3260 	EXP 	Line2: autoDraw = False
201.3260 	EXP 	Line3: autoDraw = False
201.3260 	EXP 	Line4: autoDraw = False
201.3260 	EXP 	Probe: autoDraw = False
201.3260 	EXP 	Fixation: autoDraw = True
201.3924 	EXP 	Device response: <KeyPress from None: t=201.30364709999412, value=x, duration=0.07963579997885972>
202.3085 	EXP 	Line1: autoDraw = True
202.3085 	EXP 	Line2: autoDraw = True
202.3085 	EXP 	Line3: autoDraw = True
202.3085 	EXP 	Line4: autoDraw = True
202.3232 	EXP 	Fixation: autoDraw = False
203.3074 	INFO 	Keyboard events cleared
203.3072 	EXP 	Probe: autoDraw = True
203.4102 	DATA 	Keypress: v
203.4239 	EXP 	Device response: <KeyPress from None: t=203.40851640002802, value=v, duration=None>
203.4244 	EXP 	New trial (rep=22, index=2): <Trial 90 (2 in rep 22) data={'Pos': np.int64(50), 'corr_resp': 'c', 'thisN': 90, 'thisTrialN': 2, 'thisRepN': 22}>
203.4423 	EXP 	Fixation: autoDraw = False
203.4423 	EXP 	Line1: autoDraw = False
203.4423 	EXP 	Line2: autoDraw = False
203.4423 	EXP 	Line3: autoDraw = False
203.4423 	EXP 	Line4: autoDraw = False
203.4423 	EXP 	Probe: autoDraw = False
203.4423 	EXP 	Fixation: autoDraw = True
203.5257 	EXP 	Device response: <KeyPress from None: t=203.40851640002802, value=v, duration=0.1135634999955073>
204.4252 	EXP 	Line1: autoDraw = True
204.4252 	EXP 	Line2: autoDraw = True
204.4252 	EXP 	Line3: autoDraw = True
204.4252 	EXP 	Line4: autoDraw = True
204.4401 	EXP 	Fixation: autoDraw = False
205.4243 	EXP 	Device response: <KeyPress from None: t=205.41045010008384, value=c, duration=None>
205.4269 	DATA 	Keypress: c
205.4399 	INFO 	Keyboard events cleared
205.4397 	EXP 	Probe: autoDraw = True
205.5738 	EXP 	Device response: <KeyPress from None: t=205.41045010008384, value=c, duration=0.1505944998934865>
205.7069 	EXP 	Device response: <KeyPress from None: t=205.69685409998056, value=c, duration=None>
205.7074 	EXP 	New trial (rep=22, index=3): <Trial 91 (3 in rep 22) data={'Pos': np.int64(-150), 'corr_resp': 'z', 'thisN': 91, 'thisTrialN': 3, 'thisRepN': 22}>
205.7090 	DATA 	Keypress: c
205.7253 	EXP 	Fixation: autoDraw = False
205.7253 	EXP 	Line1: autoDraw = False
205.7253 	EXP 	Line2: autoDraw = False
205.7253 	EXP 	Line3: autoDraw = False
205.7253 	EXP 	Line4: autoDraw = False
205.7253 	EXP 	Probe: autoDraw = False
205.7253 	EXP 	Fixation: autoDraw = True
205.8258 	EXP 	Device response: <KeyPress from None: t=205.69685409998056, value=c, duration=0.11726420000195503>
206.7093 	EXP 	Line1: autoDraw = True
206.7093 	EXP 	Line2: autoDraw = True
206.7093 	EXP 	Line3: autoDraw = True
206.7093 	EXP 	Line4: autoDraw = True
206.7231 	EXP 	Fixation: autoDraw = False
207.7068 	INFO 	Keyboard events cleared
207.7066 	EXP 	Probe: autoDraw = True
207.8912 	EXP 	Device response: <KeyPress from None: t=207.88407500006724, value=z, duration=None>
207.8917 	EXP 	New trial (rep=23, index=0): <Trial 92 (0 in rep 23) data={'Pos': np.int64(-50), 'corr_resp': 'x', 'thisN': 92, 'thisTrialN': 0, 'thisRepN': 23}>
207.8934 	DATA 	Keypress: z
207.9089 	EXP 	Fixation: autoDraw = False
207.9089 	EXP 	Line1: autoDraw = False
207.9089 	EXP 	Line2: autoDraw = False
207.9089 	EXP 	Line3: autoDraw = False
207.9089 	EXP 	Line4: autoDraw = False
207.9089 	EXP 	Probe: autoDraw = False
207.9089 	EXP 	Fixation: autoDraw = True
207.9924 	EXP 	Device response: <KeyPress from None: t=207.88407500006724, value=z, duration=0.10601769993081689>
208.8917 	EXP 	Line1: autoDraw = True
208.8917 	EXP 	Line2: autoDraw = True
208.8917 	EXP 	Line3: autoDraw = True
208.8917 	EXP 	Line4: autoDraw = True
208.9068 	EXP 	Fixation: autoDraw = False
209.9067 	INFO 	Keyboard events cleared
209.9065 	EXP 	Probe: autoDraw = True
210.1069 	EXP 	Device response: <KeyPress from None: t=210.09464370005298, value=x, duration=None>
210.1074 	EXP 	New trial (rep=23, index=1): <Trial 93 (1 in rep 23) data={'Pos': np.int64(150), 'corr_resp': 'v', 'thisN': 93, 'thisTrialN': 1, 'thisRepN': 23}>
210.1093 	DATA 	Keypress: x
210.1256 	EXP 	Fixation: autoDraw = False
210.1256 	EXP 	Line1: autoDraw = False
210.1256 	EXP 	Line2: autoDraw = False
210.1256 	EXP 	Line3: autoDraw = False
210.1256 	EXP 	Line4: autoDraw = False
210.1256 	EXP 	Probe: autoDraw = False
210.1256 	EXP 	Fixation: autoDraw = True
210.2088 	EXP 	Device response: <KeyPress from None: t=210.09464370005298, value=x, duration=0.10104620002675802>
211.1085 	EXP 	Line1: autoDraw = True
211.1085 	EXP 	Line2: autoDraw = True
211.1085 	EXP 	Line3: autoDraw = True
211.1085 	EXP 	Line4: autoDraw = True
211.1230 	EXP 	Fixation: autoDraw = False
212.0400 	EXP 	Device response: <KeyPress from None: t=212.03818480006885, value=v, duration=None>
212.0417 	DATA 	Keypress: v
212.1065 	INFO 	Keyboard events cleared
212.1064 	EXP 	Probe: autoDraw = True
212.2736 	EXP 	Device response: <KeyPress from None: t=212.03818480006885, value=v, duration=0.21952169993892312>
212.4401 	EXP 	Device response: <KeyPress from None: t=212.43145090003964, value=v, duration=None>
212.4405 	EXP 	New trial (rep=23, index=2): <Trial 94 (2 in rep 23) data={'Pos': np.int64(50), 'corr_resp': 'c', 'thisN': 94, 'thisTrialN': 2, 'thisRepN': 23}>
212.4422 	DATA 	Keypress: v
212.4582 	EXP 	Fixation: autoDraw = False
212.4582 	EXP 	Line1: autoDraw = False
212.4582 	EXP 	Line2: autoDraw = False
212.4582 	EXP 	Line3: autoDraw = False
212.4582 	EXP 	Line4: autoDraw = False
212.4582 	EXP 	Probe: autoDraw = False
212.4582 	EXP 	Fixation: autoDraw = True
212.6083 	EXP 	Device response: <KeyPress from None: t=212.43145090003964, value=v, duration=0.1761865000007674>
213.4417 	EXP 	Line1: autoDraw = True
213.4417 	EXP 	Line2: autoDraw = True
213.4417 	EXP 	Line3: autoDraw = True
213.4417 	EXP 	Line4: autoDraw = True
213.4564 	EXP 	Fixation: autoDraw = False
214.4398 	INFO 	Keyboard events cleared
214.4396 	EXP 	Probe: autoDraw = True
214.5902 	EXP 	Device response: <KeyPress from None: t=214.57796799996868, value=c, duration=None>
214.5907 	EXP 	New trial (rep=23, index=3): <Trial 95 (3 in rep 23) data={'Pos': np.int64(-150), 'corr_resp': 'z', 'thisN': 95, 'thisTrialN': 3, 'thisRepN': 23}>
214.5924 	DATA 	Keypress: c
214.6079 	EXP 	Fixation: autoDraw = False
214.6079 	EXP 	Line1: autoDraw = False
214.6079 	EXP 	Line2: autoDraw = False
214.6079 	EXP 	Line3: autoDraw = False
214.6079 	EXP 	Line4: autoDraw = False
214.6079 	EXP 	Probe: autoDraw = False
214.6079 	EXP 	Fixation: autoDraw = True
214.7090 	EXP 	Device response: <KeyPress from None: t=214.57796799996868, value=c, duration=0.1216986000072211>
215.5925 	EXP 	Line1: autoDraw = True
215.5925 	EXP 	Line2: autoDraw = True
215.5925 	EXP 	Line3: autoDraw = True
215.5925 	EXP 	Line4: autoDraw = True
215.6063 	EXP 	Fixation: autoDraw = False
216.6064 	INFO 	Keyboard events cleared
216.6062 	EXP 	Probe: autoDraw = True
216.6739 	EXP 	Device response: <KeyPress from None: t=216.66045810002834, value=z, duration=None>
216.6743 	EXP 	New trial (rep=24, index=0): <Trial 96 (0 in rep 24) data={'Pos': np.int64(-50), 'corr_resp': 'x', 'thisN': 96, 'thisTrialN': 0, 'thisRepN': 24}>
216.6759 	DATA 	Keypress: z
216.6915 	EXP 	Fixation: autoDraw = False
216.6915 	EXP 	Line1: autoDraw = False
216.6915 	EXP 	Line2: autoDraw = False
216.6915 	EXP 	Line3: autoDraw = False
216.6915 	EXP 	Line4: autoDraw = False
216.6915 	EXP 	Probe: autoDraw = False
216.6915 	EXP 	Fixation: autoDraw = True
216.8088 	EXP 	Device response: <KeyPress from None: t=216.66045810002834, value=z, duration=0.13396560004912317>
217.6753 	EXP 	Line1: autoDraw = True
217.6753 	EXP 	Line2: autoDraw = True
217.6753 	EXP 	Line3: autoDraw = True
217.6753 	EXP 	Line4: autoDraw = True
217.6902 	EXP 	Fixation: autoDraw = False
218.6731 	INFO 	Keyboard events cleared
218.6729 	EXP 	Probe: autoDraw = True
219.0398 	EXP 	Device response: <KeyPress from None: t=219.03718460001983, value=x, duration=None>
219.0403 	EXP 	New trial (rep=24, index=1): <Trial 97 (1 in rep 24) data={'Pos': np.int64(150), 'corr_resp': 'v', 'thisN': 97, 'thisTrialN': 1, 'thisRepN': 24}>
219.0420 	DATA 	Keypress: x
219.0582 	EXP 	Fixation: autoDraw = False
219.0582 	EXP 	Line1: autoDraw = False
219.0582 	EXP 	Line2: autoDraw = False
219.0582 	EXP 	Line3: autoDraw = False
219.0582 	EXP 	Line4: autoDraw = False
219.0582 	EXP 	Probe: autoDraw = False
219.0582 	EXP 	Fixation: autoDraw = True
219.1417 	EXP 	Device response: <KeyPress from None: t=219.03718460001983, value=x, duration=0.09595099999569356>
220.0413 	EXP 	Line1: autoDraw = True
220.0413 	EXP 	Line2: autoDraw = True
220.0413 	EXP 	Line3: autoDraw = True
220.0413 	EXP 	Line4: autoDraw = True
220.0562 	EXP 	Fixation: autoDraw = False
221.0393 	INFO 	Keyboard events cleared
221.0392 	EXP 	Probe: autoDraw = True
221.2065 	EXP 	Device response: <KeyPress from None: t=221.20217750000302, value=v, duration=None>
221.2070 	EXP 	New trial (rep=24, index=2): <Trial 98 (2 in rep 24) data={'Pos': np.int64(50), 'corr_resp': 'c', 'thisN': 98, 'thisTrialN': 2, 'thisRepN': 24}>
221.2086 	DATA 	Keypress: v
221.2246 	EXP 	Fixation: autoDraw = False
221.2246 	EXP 	Line1: autoDraw = False
221.2246 	EXP 	Line2: autoDraw = False
221.2246 	EXP 	Line3: autoDraw = False
221.2246 	EXP 	Line4: autoDraw = False
221.2246 	EXP 	Probe: autoDraw = False
221.2246 	EXP 	Fixation: autoDraw = True
221.3753 	EXP 	Device response: <KeyPress from None: t=221.20217750000302, value=v, duration=0.16270680003799498>
222.2084 	EXP 	Line1: autoDraw = True
222.2084 	EXP 	Line2: autoDraw = True
222.2084 	EXP 	Line3: autoDraw = True
222.2084 	EXP 	Line4: autoDraw = True
222.2227 	EXP 	Fixation: autoDraw = False
223.2062 	INFO 	Keyboard events cleared
223.2060 	EXP 	Probe: autoDraw = True
223.2917 	DATA 	Keypress: c
223.3071 	EXP 	Device response: <KeyPress from None: t=223.29009889997542, value=c, duration=None>
223.3075 	EXP 	New trial (rep=24, index=3): <Trial 99 (3 in rep 24) data={'Pos': np.int64(-150), 'corr_resp': 'z', 'thisN': 99, 'thisTrialN': 3, 'thisRepN': 24}>
223.3249 	EXP 	Fixation: autoDraw = False
223.3249 	EXP 	Line1: autoDraw = False
223.3249 	EXP 	Line2: autoDraw = False
223.3249 	EXP 	Line3: autoDraw = False
223.3249 	EXP 	Line4: autoDraw = False
223.3249 	EXP 	Probe: autoDraw = False
223.3249 	EXP 	Fixation: autoDraw = True
223.4584 	EXP 	Device response: <KeyPress from None: t=223.29009889997542, value=c, duration=0.16141010005958378>
224.3082 	EXP 	Line1: autoDraw = True
224.3082 	EXP 	Line2: autoDraw = True
224.3082 	EXP 	Line3: autoDraw = True
224.3082 	EXP 	Line4: autoDraw = True
224.3231 	EXP 	Fixation: autoDraw = False
225.3230 	INFO 	Keyboard events cleared
225.3228 	EXP 	Probe: autoDraw = True
225.5755 	DATA 	Keypress: z
225.5900 	EXP 	Device response: <KeyPress from None: t=225.57406880008057, value=z, duration=None>
225.6264 	EXP 	Imported ConditionsFile.csv as conditions, 4 conditions, 2 params
225.6278 	EXP 	New trial (rep=0, index=0): <Trial 0 (0 in rep 0) data={'Pos': np.int64(-50), 'corr_resp': 'x', 'thisN': 0, 'thisTrialN': 0, 'thisRepN': 0}>
225.6333 	EXP 	Fixation: autoDraw = False
225.6333 	EXP 	Line1: autoDraw = False
225.6333 	EXP 	Line2: autoDraw = False
225.6333 	EXP 	Line3: autoDraw = False
225.6333 	EXP 	Line4: autoDraw = False
225.6333 	EXP 	Probe: autoDraw = False
225.6333 	EXP 	Fixation2: autoDraw = True
225.7416 	EXP 	Device response: <KeyPress from None: t=225.57406880008057, value=z, duration=0.16387229994870722>
226.5911 	EXP 	line1: autoDraw = True
226.5911 	EXP 	line2: autoDraw = True
226.5911 	EXP 	line3: autoDraw = True
226.5911 	EXP 	line4: autoDraw = True
226.6393 	EXP 	Fixation2: autoDraw = False
227.6079 	INFO 	Keyboard events cleared
227.6076 	EXP 	probe2: autoDraw = True
227.9762 	DATA 	Keypress: x
227.9898 	EXP 	Device response: <KeyPress from None: t=227.97558990004472, value=x, duration=None>
227.9903 	EXP 	New trial (rep=0, index=1): <Trial 1 (1 in rep 0) data={'Pos': np.int64(50), 'corr_resp': 'c', 'thisN': 1, 'thisTrialN': 1, 'thisRepN': 0}>
228.0079 	EXP 	Fixation2: autoDraw = False
228.0079 	EXP 	line1: autoDraw = False
228.0079 	EXP 	line2: autoDraw = False
228.0079 	EXP 	line3: autoDraw = False
228.0079 	EXP 	line4: autoDraw = False
228.0079 	EXP 	probe2: autoDraw = False
228.0079 	EXP 	Fixation2: autoDraw = True
228.1084 	EXP 	Device response: <KeyPress from None: t=227.97558990004472, value=x, duration=0.11842660000547767>
228.9918 	EXP 	line1: autoDraw = True
228.9918 	EXP 	line2: autoDraw = True
228.9918 	EXP 	line3: autoDraw = True
228.9918 	EXP 	line4: autoDraw = True
229.0060 	EXP 	Fixation2: autoDraw = False
229.9896 	INFO 	Keyboard events cleared
229.9894 	EXP 	probe2: autoDraw = True
230.6065 	EXP 	Device response: <KeyPress from None: t=230.60014240001328, value=c, duration=None>
230.6070 	EXP 	New trial (rep=1, index=2): <Trial 2 (2 in rep 1) data={'Pos': np.int64(50), 'corr_resp': 'c', 'thisN': 2, 'thisTrialN': 2, 'thisRepN': 1}>
230.6088 	DATA 	Keypress: c
230.6244 	EXP 	Fixation2: autoDraw = False
230.6244 	EXP 	line1: autoDraw = False
230.6244 	EXP 	line2: autoDraw = False
230.6244 	EXP 	line3: autoDraw = False
230.6244 	EXP 	line4: autoDraw = False
230.6244 	EXP 	probe2: autoDraw = False
230.6244 	EXP 	Fixation2: autoDraw = True
230.7422 	EXP 	Device response: <KeyPress from None: t=230.60014240001328, value=c, duration=0.14054250007029623>
231.6078 	EXP 	line1: autoDraw = True
231.6078 	EXP 	line2: autoDraw = True
231.6078 	EXP 	line3: autoDraw = True
231.6078 	EXP 	line4: autoDraw = True
231.6229 	EXP 	Fixation2: autoDraw = False
232.6060 	INFO 	Keyboard events cleared
232.6059 	EXP 	probe2: autoDraw = True
233.1421 	DATA 	Keypress: c
233.1563 	EXP 	Device response: <KeyPress from None: t=233.14083000004757, value=c, duration=None>
233.1569 	EXP 	New trial (rep=2, index=3): <Trial 3 (3 in rep 2) data={'Pos': np.int64(50), 'corr_resp': 'c', 'thisN': 3, 'thisTrialN': 3, 'thisRepN': 2}>
233.1743 	EXP 	Fixation2: autoDraw = False
233.1743 	EXP 	line1: autoDraw = False
233.1743 	EXP 	line2: autoDraw = False
233.1743 	EXP 	line3: autoDraw = False
233.1743 	EXP 	line4: autoDraw = False
233.1743 	EXP 	probe2: autoDraw = False
233.1743 	EXP 	Fixation2: autoDraw = True
233.3421 	EXP 	Device response: <KeyPress from None: t=233.14083000004757, value=c, duration=0.19187189999502152>
234.1575 	EXP 	line1: autoDraw = True
234.1575 	EXP 	line2: autoDraw = True
234.1575 	EXP 	line3: autoDraw = True
234.1575 	EXP 	line4: autoDraw = True
234.1722 	EXP 	Fixation2: autoDraw = False
235.1558 	INFO 	Keyboard events cleared
235.1556 	EXP 	probe2: autoDraw = True
235.8590 	DATA 	Keypress: c
235.8730 	EXP 	Device response: <KeyPress from None: t=235.85763680003583, value=c, duration=None>
235.8734 	EXP 	New trial (rep=0, index=4): <Trial 4 (4 in rep 0) data={'Pos': np.int64(150), 'corr_resp': 'v', 'thisN': 4, 'thisTrialN': 4, 'thisRepN': 0}>
235.8912 	EXP 	Fixation2: autoDraw = False
235.8912 	EXP 	line1: autoDraw = False
235.8912 	EXP 	line2: autoDraw = False
235.8912 	EXP 	line3: autoDraw = False
235.8912 	EXP 	line4: autoDraw = False
235.8912 	EXP 	probe2: autoDraw = False
235.8912 	EXP 	Fixation2: autoDraw = True
236.0084 	EXP 	Device response: <KeyPress from None: t=235.85763680003583, value=c, duration=0.1489212999586016>
236.8748 	EXP 	line1: autoDraw = True
236.8748 	EXP 	line2: autoDraw = True
236.8748 	EXP 	line3: autoDraw = True
236.8748 	EXP 	line4: autoDraw = True
236.8889 	EXP 	Fixation2: autoDraw = False
237.8728 	INFO 	Keyboard events cleared
237.8726 	EXP 	probe2: autoDraw = True
238.5235 	EXP 	Device response: <KeyPress from None: t=238.50937280000653, value=c, duration=None>
238.5240 	EXP 	New trial (rep=3, index=5): <Trial 5 (5 in rep 3) data={'Pos': np.int64(50), 'corr_resp': 'c', 'thisN': 5, 'thisTrialN': 5, 'thisRepN': 3}>
238.5257 	DATA 	Keypress: c
238.5408 	EXP 	Fixation2: autoDraw = False
238.5408 	EXP 	line1: autoDraw = False
238.5408 	EXP 	line2: autoDraw = False
238.5408 	EXP 	line3: autoDraw = False
238.5408 	EXP 	line4: autoDraw = False
238.5408 	EXP 	probe2: autoDraw = False
238.5408 	EXP 	Fixation2: autoDraw = True
238.6919 	EXP 	Device response: <KeyPress from None: t=238.50937280000653, value=c, duration=0.16558020003139973>
239.5246 	EXP 	line1: autoDraw = True
239.5246 	EXP 	line2: autoDraw = True
239.5246 	EXP 	line3: autoDraw = True
239.5246 	EXP 	line4: autoDraw = True
239.5395 	EXP 	Fixation2: autoDraw = False
240.5390 	INFO 	Keyboard events cleared
240.5388 	EXP 	probe2: autoDraw = True
241.2892 	EXP 	Device response: <KeyPress from None: t=241.28201810002793, value=c, duration=None>
241.2896 	EXP 	New trial (rep=4, index=6): <Trial 6 (6 in rep 4) data={'Pos': np.int64(50), 'corr_resp': 'c', 'thisN': 6, 'thisTrialN': 6, 'thisRepN': 4}>
241.2912 	DATA 	Keypress: c
241.3078 	EXP 	Fixation2: autoDraw = False
241.3078 	EXP 	line1: autoDraw = False
241.3078 	EXP 	line2: autoDraw = False
241.3078 	EXP 	line3: autoDraw = False
241.3078 	EXP 	line4: autoDraw = False
241.3078 	EXP 	probe2: autoDraw = False
241.3078 	EXP 	Fixation2: autoDraw = True
241.4421 	EXP 	Device response: <KeyPress from None: t=241.28201810002793, value=c, duration=0.1516774999909103>
242.2910 	EXP 	line1: autoDraw = True
242.2910 	EXP 	line2: autoDraw = True
242.2910 	EXP 	line3: autoDraw = True
242.2910 	EXP 	line4: autoDraw = True
242.3056 	EXP 	Fixation2: autoDraw = False
243.2892 	INFO 	Keyboard events cleared
243.2890 	EXP 	probe2: autoDraw = True
244.0894 	EXP 	Device response: <KeyPress from None: t=244.07760219997726, value=c, duration=None>
244.0898 	EXP 	New trial (rep=1, index=7): <Trial 7 (7 in rep 1) data={'Pos': np.int64(150), 'corr_resp': 'v', 'thisN': 7, 'thisTrialN': 7, 'thisRepN': 1}>
244.0914 	DATA 	Keypress: c
244.1077 	EXP 	Fixation2: autoDraw = False
244.1077 	EXP 	line1: autoDraw = False
244.1077 	EXP 	line2: autoDraw = False
244.1077 	EXP 	line3: autoDraw = False
244.1077 	EXP 	line4: autoDraw = False
244.1077 	EXP 	probe2: autoDraw = False
244.1077 	EXP 	Fixation2: autoDraw = True
244.2412 	EXP 	Device response: <KeyPress from None: t=244.07760219997726, value=c, duration=0.14992320002056658>
245.0906 	EXP 	line1: autoDraw = True
245.0906 	EXP 	line2: autoDraw = True
245.0906 	EXP 	line3: autoDraw = True
245.0906 	EXP 	line4: autoDraw = True
245.1051 	EXP 	Fixation2: autoDraw = False
246.0890 	INFO 	Keyboard events cleared
246.0888 	EXP 	probe2: autoDraw = True
246.5064 	EXP 	Device response: <KeyPress from None: t=246.49703560001217, value=v, duration=None>
246.5069 	EXP 	New trial (rep=1, index=8): <Trial 8 (8 in rep 1) data={'Pos': np.int64(-50), 'corr_resp': 'x', 'thisN': 8, 'thisTrialN': 8, 'thisRepN': 1}>
246.5085 	DATA 	Keypress: v
246.5243 	EXP 	Fixation2: autoDraw = False
246.5243 	EXP 	line1: autoDraw = False
246.5243 	EXP 	line2: autoDraw = False
246.5243 	EXP 	line3: autoDraw = False
246.5243 	EXP 	line4: autoDraw = False
246.5243 	EXP 	probe2: autoDraw = False
246.5243 	EXP 	Fixation2: autoDraw = True
246.6915 	EXP 	Device response: <KeyPress from None: t=246.49703560001217, value=v, duration=0.186820000060834>
247.5074 	EXP 	line1: autoDraw = True
247.5074 	EXP 	line2: autoDraw = True
247.5074 	EXP 	line3: autoDraw = True
247.5074 	EXP 	line4: autoDraw = True
247.5220 	EXP 	Fixation2: autoDraw = False
248.5222 	INFO 	Keyboard events cleared
248.5220 	EXP 	probe2: autoDraw = True
248.9393 	EXP 	Device response: <KeyPress from None: t=248.9342437000014, value=x, duration=None>
248.9400 	EXP 	New trial (rep=5, index=9): <Trial 9 (9 in rep 5) data={'Pos': np.int64(50), 'corr_resp': 'c', 'thisN': 9, 'thisTrialN': 9, 'thisRepN': 5}>
248.9424 	DATA 	Keypress: x
248.9573 	EXP 	Fixation2: autoDraw = False
248.9573 	EXP 	line1: autoDraw = False
248.9573 	EXP 	line2: autoDraw = False
248.9573 	EXP 	line3: autoDraw = False
248.9573 	EXP 	line4: autoDraw = False
248.9573 	EXP 	probe2: autoDraw = False
248.9573 	EXP 	Fixation2: autoDraw = True
249.0243 	EXP 	Device response: <KeyPress from None: t=248.9342437000014, value=x, duration=0.08721250004600734>
249.9410 	EXP 	line1: autoDraw = True
249.9410 	EXP 	line2: autoDraw = True
249.9410 	EXP 	line3: autoDraw = True
249.9410 	EXP 	line4: autoDraw = True
249.9559 	EXP 	Fixation2: autoDraw = False
250.9389 	INFO 	Keyboard events cleared
250.9387 	EXP 	probe2: autoDraw = True
251.4557 	EXP 	Device response: <KeyPress from None: t=251.4425427999813, value=c, duration=None>
251.4562 	EXP 	New trial (rep=2, index=10): <Trial 10 (10 in rep 2) data={'Pos': np.int64(150), 'corr_resp': 'v', 'thisN': 10, 'thisTrialN': 10, 'thisRepN': 2}>
251.4578 	DATA 	Keypress: c
251.4739 	EXP 	Fixation2: autoDraw = False
251.4739 	EXP 	line1: autoDraw = False
251.4739 	EXP 	line2: autoDraw = False
251.4739 	EXP 	line3: autoDraw = False
251.4739 	EXP 	line4: autoDraw = False
251.4739 	EXP 	probe2: autoDraw = False
251.4739 	EXP 	Fixation2: autoDraw = True
251.6249 	EXP 	Device response: <KeyPress from None: t=251.4425427999813, value=c, duration=0.17223370005376637>
252.4579 	EXP 	line1: autoDraw = True
252.4579 	EXP 	line2: autoDraw = True
252.4579 	EXP 	line3: autoDraw = True
252.4579 	EXP 	line4: autoDraw = True
252.4719 	EXP 	Fixation2: autoDraw = False
253.4555 	INFO 	Keyboard events cleared
253.4553 	EXP 	probe2: autoDraw = True
253.9395 	EXP 	Device response: <KeyPress from None: t=253.93597910006065, value=c, duration=None>
253.9400 	EXP 	New trial (rep=6, index=11): <Trial 11 (11 in rep 6) data={'Pos': np.int64(50), 'corr_resp': 'c', 'thisN': 11, 'thisTrialN': 11, 'thisRepN': 6}>
253.9416 	DATA 	Keypress: c
253.9571 	EXP 	Fixation2: autoDraw = False
253.9571 	EXP 	line1: autoDraw = False
253.9571 	EXP 	line2: autoDraw = False
253.9571 	EXP 	line3: autoDraw = False
253.9571 	EXP 	line4: autoDraw = False
253.9571 	EXP 	probe2: autoDraw = False
253.9571 	EXP 	Fixation2: autoDraw = True
254.1244 	EXP 	Device response: <KeyPress from None: t=253.93597910006065, value=c, duration=0.17254089994821697>
254.9406 	EXP 	line1: autoDraw = True
254.9406 	EXP 	line2: autoDraw = True
254.9406 	EXP 	line3: autoDraw = True
254.9406 	EXP 	line4: autoDraw = True
254.9560 	EXP 	Fixation2: autoDraw = False
255.9554 	INFO 	Keyboard events cleared
255.9553 	EXP 	probe2: autoDraw = True
257.2557 	EXP 	Device response: <KeyPress from None: t=257.2443905000109, value=c, duration=None>
257.2562 	EXP 	New trial (rep=3, index=12): <Trial 12 (12 in rep 3) data={'Pos': np.int64(150), 'corr_resp': 'v', 'thisN': 12, 'thisTrialN': 12, 'thisRepN': 3}>
257.2577 	DATA 	Keypress: c
257.2735 	EXP 	Fixation2: autoDraw = False
257.2735 	EXP 	line1: autoDraw = False
257.2735 	EXP 	line2: autoDraw = False
257.2735 	EXP 	line3: autoDraw = False
257.2735 	EXP 	line4: autoDraw = False
257.2735 	EXP 	probe2: autoDraw = False
257.2735 	EXP 	Fixation2: autoDraw = True
257.4408 	EXP 	Device response: <KeyPress from None: t=257.2443905000109, value=c, duration=0.18378580000717193>
258.2577 	EXP 	line1: autoDraw = True
258.2577 	EXP 	line2: autoDraw = True
258.2577 	EXP 	line3: autoDraw = True
258.2577 	EXP 	line4: autoDraw = True
258.2717 	EXP 	Fixation2: autoDraw = False
259.2555 	INFO 	Keyboard events cleared
259.2553 	EXP 	probe2: autoDraw = True
259.6562 	EXP 	Device response: <KeyPress from None: t=259.64937320002355, value=v, duration=None>
259.6567 	EXP 	New trial (rep=0, index=13): <Trial 13 (13 in rep 0) data={'Pos': np.int64(-150), 'corr_resp': 'z', 'thisN': 13, 'thisTrialN': 13, 'thisRepN': 0}>
259.6583 	DATA 	Keypress: v
259.6738 	EXP 	Fixation2: autoDraw = False
259.6738 	EXP 	line1: autoDraw = False
259.6738 	EXP 	line2: autoDraw = False
259.6738 	EXP 	line3: autoDraw = False
259.6738 	EXP 	line4: autoDraw = False
259.6738 	EXP 	probe2: autoDraw = False
259.6738 	EXP 	Fixation2: autoDraw = True
259.8909 	EXP 	Device response: <KeyPress from None: t=259.64937320002355, value=v, duration=0.23040839994791895>
260.6572 	EXP 	line1: autoDraw = True
260.6572 	EXP 	line2: autoDraw = True
260.6572 	EXP 	line3: autoDraw = True
260.6572 	EXP 	line4: autoDraw = True
260.6723 	EXP 	Fixation2: autoDraw = False
261.6721 	INFO 	Keyboard events cleared
261.6719 	EXP 	probe2: autoDraw = True
262.1059 	EXP 	Device response: <KeyPress from None: t=262.10161050001625, value=z, duration=None>
262.1065 	EXP 	New trial (rep=1, index=14): <Trial 14 (14 in rep 1) data={'Pos': np.int64(-150), 'corr_resp': 'z', 'thisN': 14, 'thisTrialN': 14, 'thisRepN': 1}>
262.1083 	DATA 	Keypress: z
262.1239 	EXP 	Fixation2: autoDraw = False
262.1239 	EXP 	line1: autoDraw = False
262.1239 	EXP 	line2: autoDraw = False
262.1239 	EXP 	line3: autoDraw = False
262.1239 	EXP 	line4: autoDraw = False
262.1239 	EXP 	probe2: autoDraw = False
262.1239 	EXP 	Fixation2: autoDraw = True
262.2247 	EXP 	Device response: <KeyPress from None: t=262.10161050001625, value=z, duration=0.11748889996670187>
263.1069 	EXP 	line1: autoDraw = True
263.1069 	EXP 	line2: autoDraw = True
263.1069 	EXP 	line3: autoDraw = True
263.1069 	EXP 	line4: autoDraw = True
263.1220 	EXP 	Fixation2: autoDraw = False
264.1218 	INFO 	Keyboard events cleared
264.1216 	EXP 	probe2: autoDraw = True
264.6060 	EXP 	Device response: <KeyPress from None: t=264.5940209000837, value=z, duration=None>
264.6066 	EXP 	New trial (rep=2, index=15): <Trial 15 (15 in rep 2) data={'Pos': np.int64(-50), 'corr_resp': 'x', 'thisN': 15, 'thisTrialN': 15, 'thisRepN': 2}>
264.6092 	DATA 	Keypress: z
264.6236 	EXP 	Fixation2: autoDraw = False
264.6236 	EXP 	line1: autoDraw = False
264.6236 	EXP 	line2: autoDraw = False
264.6236 	EXP 	line3: autoDraw = False
264.6236 	EXP 	line4: autoDraw = False
264.6236 	EXP 	probe2: autoDraw = False
264.6236 	EXP 	Fixation2: autoDraw = True
264.7252 	EXP 	Device response: <KeyPress from None: t=264.5940209000837, value=z, duration=0.12118869996629655>
265.6066 	EXP 	line1: autoDraw = True
265.6066 	EXP 	line2: autoDraw = True
265.6066 	EXP 	line3: autoDraw = True
265.6066 	EXP 	line4: autoDraw = True
265.6216 	EXP 	Fixation2: autoDraw = False
266.6218 	INFO 	Keyboard events cleared
266.6216 	EXP 	probe2: autoDraw = True
267.0077 	DATA 	Keypress: z
267.0225 	EXP 	Device response: <KeyPress from None: t=267.0062716000248, value=z, duration=None>
267.0231 	EXP 	New trial (rep=3, index=16): <Trial 16 (16 in rep 3) data={'Pos': np.int64(-50), 'corr_resp': 'x', 'thisN': 16, 'thisTrialN': 16, 'thisRepN': 3}>
267.0399 	EXP 	Fixation2: autoDraw = False
267.0399 	EXP 	line1: autoDraw = False
267.0399 	EXP 	line2: autoDraw = False
267.0399 	EXP 	line3: autoDraw = False
267.0399 	EXP 	line4: autoDraw = False
267.0399 	EXP 	probe2: autoDraw = False
267.0399 	EXP 	Fixation2: autoDraw = True
267.1740 	EXP 	Device response: <KeyPress from None: t=267.0062716000248, value=z, duration=0.16017469996586442>
268.0234 	EXP 	line1: autoDraw = True
268.0234 	EXP 	line2: autoDraw = True
268.0234 	EXP 	line3: autoDraw = True
268.0234 	EXP 	line4: autoDraw = True
268.0386 	EXP 	Fixation2: autoDraw = False
269.0380 	INFO 	Keyboard events cleared
269.0379 	EXP 	probe2: autoDraw = True
269.5554 	EXP 	Device response: <KeyPress from None: t=269.5462757999776, value=x, duration=None>
269.5563 	EXP 	New trial (rep=4, index=17): <Trial 17 (17 in rep 4) data={'Pos': np.int64(150), 'corr_resp': 'v', 'thisN': 17, 'thisTrialN': 17, 'thisRepN': 4}>
269.5580 	DATA 	Keypress: x
269.5741 	EXP 	Fixation2: autoDraw = False
269.5741 	EXP 	line1: autoDraw = False
269.5741 	EXP 	line2: autoDraw = False
269.5741 	EXP 	line3: autoDraw = False
269.5741 	EXP 	line4: autoDraw = False
269.5741 	EXP 	probe2: autoDraw = False
269.5741 	EXP 	Fixation2: autoDraw = True
269.6581 	EXP 	Device response: <KeyPress from None: t=269.5462757999776, value=x, duration=0.09617250005248934>
270.5565 	EXP 	line1: autoDraw = True
270.5565 	EXP 	line2: autoDraw = True
270.5565 	EXP 	line3: autoDraw = True
270.5565 	EXP 	line4: autoDraw = True
270.5714 	EXP 	Fixation2: autoDraw = False
271.5715 	INFO 	Keyboard events cleared
271.5713 	EXP 	probe2: autoDraw = True
271.9053 	EXP 	Device response: <KeyPress from None: t=271.90067820006516, value=x, duration=None>
271.9057 	EXP 	New trial (rep=4, index=18): <Trial 18 (18 in rep 4) data={'Pos': np.int64(-50), 'corr_resp': 'x', 'thisN': 18, 'thisTrialN': 18, 'thisRepN': 4}>
271.9073 	DATA 	Keypress: x
271.9239 	EXP 	Fixation2: autoDraw = False
271.9239 	EXP 	line1: autoDraw = False
271.9239 	EXP 	line2: autoDraw = False
271.9239 	EXP 	line3: autoDraw = False
271.9239 	EXP 	line4: autoDraw = False
271.9239 	EXP 	probe2: autoDraw = False
271.9239 	EXP 	Fixation2: autoDraw = True
271.9743 	EXP 	Device response: <KeyPress from None: t=271.90067820006516, value=x, duration=0.059610199998132885>
272.9066 	EXP 	line1: autoDraw = True
272.9066 	EXP 	line2: autoDraw = True
272.9066 	EXP 	line3: autoDraw = True
272.9066 	EXP 	line4: autoDraw = True
272.9215 	EXP 	Fixation2: autoDraw = False
273.9048 	INFO 	Keyboard events cleared
273.9047 	EXP 	probe2: autoDraw = True
274.8386 	EXP 	Device response: <KeyPress from None: t=274.8277938000392, value=x, duration=None>
274.8391 	EXP 	New trial (rep=7, index=19): <Trial 19 (19 in rep 7) data={'Pos': np.int64(50), 'corr_resp': 'c', 'thisN': 19, 'thisTrialN': 19, 'thisRepN': 7}>
274.8410 	DATA 	Keypress: x
274.8566 	EXP 	Fixation2: autoDraw = False
274.8566 	EXP 	line1: autoDraw = False
274.8566 	EXP 	line2: autoDraw = False
274.8566 	EXP 	line3: autoDraw = False
274.8566 	EXP 	line4: autoDraw = False
274.8566 	EXP 	probe2: autoDraw = False
274.8566 	EXP 	Fixation2: autoDraw = True
274.9080 	EXP 	Device response: <KeyPress from None: t=274.8277938000392, value=x, duration=0.07026299997232854>
275.8399 	EXP 	line1: autoDraw = True
275.8399 	EXP 	line2: autoDraw = True
275.8399 	EXP 	line3: autoDraw = True
275.8399 	EXP 	line4: autoDraw = True
275.8547 	EXP 	Fixation2: autoDraw = False
276.8550 	INFO 	Keyboard events cleared
276.8548 	EXP 	probe2: autoDraw = True
277.9719 	EXP 	Device response: <KeyPress from None: t=277.9586646000389, value=c, duration=None>
277.9723 	EXP 	New trial (rep=2, index=20): <Trial 20 (20 in rep 2) data={'Pos': np.int64(-150), 'corr_resp': 'z', 'thisN': 20, 'thisTrialN': 20, 'thisRepN': 2}>
277.9739 	DATA 	Keypress: c
277.9901 	EXP 	Fixation2: autoDraw = False
277.9901 	EXP 	line1: autoDraw = False
277.9901 	EXP 	line2: autoDraw = False
277.9901 	EXP 	line3: autoDraw = False
277.9901 	EXP 	line4: autoDraw = False
277.9901 	EXP 	probe2: autoDraw = False
277.9901 	EXP 	Fixation2: autoDraw = True
278.2077 	EXP 	Device response: <KeyPress from None: t=277.9586646000389, value=c, duration=0.23880219995044172>
278.9735 	EXP 	line1: autoDraw = True
278.9735 	EXP 	line2: autoDraw = True
278.9735 	EXP 	line3: autoDraw = True
278.9735 	EXP 	line4: autoDraw = True
278.9880 	EXP 	Fixation2: autoDraw = False
279.9884 	INFO 	Keyboard events cleared
279.9882 	EXP 	probe2: autoDraw = True
281.1905 	DATA 	Keypress: z
281.2052 	EXP 	Device response: <KeyPress from None: t=281.18825870007277, value=z, duration=None>
281.2058 	EXP 	New trial (rep=8, index=21): <Trial 21 (21 in rep 8) data={'Pos': np.int64(50), 'corr_resp': 'c', 'thisN': 21, 'thisTrialN': 21, 'thisRepN': 8}>
281.2230 	EXP 	Fixation2: autoDraw = False
281.2230 	EXP 	line1: autoDraw = False
281.2230 	EXP 	line2: autoDraw = False
281.2230 	EXP 	line3: autoDraw = False
281.2230 	EXP 	line4: autoDraw = False
281.2230 	EXP 	probe2: autoDraw = False
281.2230 	EXP 	Fixation2: autoDraw = True
281.3902 	EXP 	Device response: <KeyPress from None: t=281.18825870007277, value=z, duration=0.18624279997311532>
282.2070 	EXP 	line1: autoDraw = True
282.2070 	EXP 	line2: autoDraw = True
282.2070 	EXP 	line3: autoDraw = True
282.2070 	EXP 	line4: autoDraw = True
282.2218 	EXP 	Fixation2: autoDraw = False
283.2214 	INFO 	Keyboard events cleared
283.2212 	EXP 	probe2: autoDraw = True
283.7053 	EXP 	Device response: <KeyPress from None: t=283.6972732000286, value=v, duration=None>
283.7058 	EXP 	New trial (rep=9, index=22): <Trial 22 (22 in rep 9) data={'Pos': np.int64(50), 'corr_resp': 'c', 'thisN': 22, 'thisTrialN': 22, 'thisRepN': 9}>
283.7074 	DATA 	Keypress: v
283.7230 	EXP 	Fixation2: autoDraw = False
283.7230 	EXP 	line1: autoDraw = False
283.7230 	EXP 	line2: autoDraw = False
283.7230 	EXP 	line3: autoDraw = False
283.7230 	EXP 	line4: autoDraw = False
283.7230 	EXP 	probe2: autoDraw = False
283.7230 	EXP 	Fixation2: autoDraw = True
283.7572 	EXP 	Device response: <KeyPress from None: t=283.6972732000286, value=v, duration=0.045014900038950145>
283.8242 	EXP 	Device response: <KeyPress from None: t=283.8229671000736, value=c, duration=None>
283.8254 	DATA 	Keypress: c
283.9570 	EXP 	Device response: <KeyPress from None: t=283.8229671000736, value=c, duration=0.1318017999874428>
284.7070 	EXP 	line1: autoDraw = True
284.7070 	EXP 	line2: autoDraw = True
284.7070 	EXP 	line3: autoDraw = True
284.7070 	EXP 	line4: autoDraw = True
284.7219 	EXP 	Fixation2: autoDraw = False
285.7047 	INFO 	Keyboard events cleared
285.7045 	EXP 	probe2: autoDraw = True
286.3050 	EXP 	Device response: <KeyPress from None: t=286.3044974000659, value=c, duration=None>
286.3055 	EXP 	New trial (rep=3, index=23): <Trial 23 (23 in rep 3) data={'Pos': np.int64(-150), 'corr_resp': 'z', 'thisN': 23, 'thisTrialN': 23, 'thisRepN': 3}>
286.3070 	DATA 	Keypress: c
286.3229 	EXP 	Fixation2: autoDraw = False
286.3229 	EXP 	line1: autoDraw = False
286.3229 	EXP 	line2: autoDraw = False
286.3229 	EXP 	line3: autoDraw = False
286.3229 	EXP 	line4: autoDraw = False
286.3229 	EXP 	probe2: autoDraw = False
286.3229 	EXP 	Fixation2: autoDraw = True
286.4729 	EXP 	Device response: <KeyPress from None: t=286.3044974000659, value=c, duration=0.16169609990902245>
287.3065 	EXP 	line1: autoDraw = True
287.3065 	EXP 	line2: autoDraw = True
287.3065 	EXP 	line3: autoDraw = True
287.3065 	EXP 	line4: autoDraw = True
287.3210 	EXP 	Fixation2: autoDraw = False
288.3047 	INFO 	Keyboard events cleared
288.3045 	EXP 	probe2: autoDraw = True
288.7211 	EXP 	Device response: <KeyPress from None: t=288.71601229999214, value=z, duration=None>
288.7215 	EXP 	New trial (rep=5, index=24): <Trial 24 (24 in rep 5) data={'Pos': np.int64(150), 'corr_resp': 'v', 'thisN': 24, 'thisTrialN': 24, 'thisRepN': 5}>
288.7229 	DATA 	Keypress: z
288.7393 	EXP 	Fixation2: autoDraw = False
288.7393 	EXP 	line1: autoDraw = False
288.7393 	EXP 	line2: autoDraw = False
288.7393 	EXP 	line3: autoDraw = False
288.7393 	EXP 	line4: autoDraw = False
288.7393 	EXP 	probe2: autoDraw = False
288.7393 	EXP 	Fixation2: autoDraw = True
288.8567 	EXP 	Device response: <KeyPress from None: t=288.71601229999214, value=z, duration=0.139992400072515>
289.7233 	EXP 	line1: autoDraw = True
289.7233 	EXP 	line2: autoDraw = True
289.7233 	EXP 	line3: autoDraw = True
289.7233 	EXP 	line4: autoDraw = True
289.7376 	EXP 	Fixation2: autoDraw = False
290.7213 	INFO 	Keyboard events cleared
290.7211 	EXP 	probe2: autoDraw = True
291.3572 	DATA 	Keypress: v
291.3718 	EXP 	Device response: <KeyPress from None: t=291.35495940002147, value=v, duration=None>
291.3723 	EXP 	New trial (rep=10, index=25): <Trial 25 (25 in rep 10) data={'Pos': np.int64(50), 'corr_resp': 'c', 'thisN': 25, 'thisTrialN': 25, 'thisRepN': 10}>
291.3895 	EXP 	Fixation2: autoDraw = False
291.3895 	EXP 	line1: autoDraw = False
291.3895 	EXP 	line2: autoDraw = False
291.3895 	EXP 	line3: autoDraw = False
291.3895 	EXP 	line4: autoDraw = False
291.3895 	EXP 	probe2: autoDraw = False
291.3895 	EXP 	Fixation2: autoDraw = True
291.6400 	EXP 	Device response: <KeyPress from None: t=291.35495940002147, value=v, duration=0.2826467000413686>
292.3730 	EXP 	line1: autoDraw = True
292.3730 	EXP 	line2: autoDraw = True
292.3730 	EXP 	line3: autoDraw = True
292.3730 	EXP 	line4: autoDraw = True
292.3877 	EXP 	Fixation2: autoDraw = False
293.3877 	INFO 	Keyboard events cleared
293.3875 	EXP 	probe2: autoDraw = True
294.0745 	DATA 	Keypress: c
294.0879 	EXP 	Device response: <KeyPress from None: t=294.07339180004783, value=c, duration=None>
294.0885 	EXP 	New trial (rep=11, index=26): <Trial 26 (26 in rep 11) data={'Pos': np.int64(50), 'corr_resp': 'c', 'thisN': 26, 'thisTrialN': 26, 'thisRepN': 11}>
294.1066 	EXP 	Fixation2: autoDraw = False
294.1066 	EXP 	line1: autoDraw = False
294.1066 	EXP 	line2: autoDraw = False
294.1066 	EXP 	line3: autoDraw = False
294.1066 	EXP 	line4: autoDraw = False
294.1066 	EXP 	probe2: autoDraw = False
294.1066 	EXP 	Fixation2: autoDraw = True
294.2571 	EXP 	Device response: <KeyPress from None: t=294.07339180004783, value=c, duration=0.17426280002109706>
295.0894 	EXP 	line1: autoDraw = True
295.0894 	EXP 	line2: autoDraw = True
295.0894 	EXP 	line3: autoDraw = True
295.0894 	EXP 	line4: autoDraw = True
295.1042 	EXP 	Fixation2: autoDraw = False
296.0876 	INFO 	Keyboard events cleared
296.0874 	EXP 	probe2: autoDraw = True
296.7404 	DATA 	Keypress: c
296.7545 	EXP 	Device response: <KeyPress from None: t=296.73939630005043, value=c, duration=None>
296.7552 	EXP 	New trial (rep=12, index=27): <Trial 27 (27 in rep 12) data={'Pos': np.int64(50), 'corr_resp': 'c', 'thisN': 27, 'thisTrialN': 27, 'thisRepN': 12}>
296.7725 	EXP 	Fixation2: autoDraw = False
296.7725 	EXP 	line1: autoDraw = False
296.7725 	EXP 	line2: autoDraw = False
296.7725 	EXP 	line3: autoDraw = False
296.7725 	EXP 	line4: autoDraw = False
296.7725 	EXP 	probe2: autoDraw = False
296.7725 	EXP 	Fixation2: autoDraw = True
296.9239 	EXP 	Device response: <KeyPress from None: t=296.73939630005043, value=c, duration=0.17886350001208484>
297.7563 	EXP 	line1: autoDraw = True
297.7563 	EXP 	line2: autoDraw = True
297.7563 	EXP 	line3: autoDraw = True
297.7563 	EXP 	line4: autoDraw = True
297.7708 	EXP 	Fixation2: autoDraw = False
298.7709 	INFO 	Keyboard events cleared
298.7707 	EXP 	probe2: autoDraw = True
299.1216 	EXP 	Device response: <KeyPress from None: t=299.1180974000599, value=x, duration=None>
299.1221 	EXP 	New trial (rep=6, index=28): <Trial 28 (28 in rep 6) data={'Pos': np.int64(150), 'corr_resp': 'v', 'thisN': 28, 'thisTrialN': 28, 'thisRepN': 6}>
299.1237 	DATA 	Keypress: x
299.1392 	EXP 	Fixation2: autoDraw = False
299.1392 	EXP 	line1: autoDraw = False
299.1392 	EXP 	line2: autoDraw = False
299.1392 	EXP 	line3: autoDraw = False
299.1392 	EXP 	line4: autoDraw = False
299.1392 	EXP 	probe2: autoDraw = False
299.1392 	EXP 	Fixation2: autoDraw = True
299.2397 	EXP 	Device response: <KeyPress from None: t=299.1180974000599, value=x, duration=0.10676959995180368>
300.1227 	EXP 	line1: autoDraw = True
300.1227 	EXP 	line2: autoDraw = True
300.1227 	EXP 	line3: autoDraw = True
300.1227 	EXP 	line4: autoDraw = True
300.1379 	EXP 	Fixation2: autoDraw = False
301.1377 	INFO 	Keyboard events cleared
301.1375 	EXP 	probe2: autoDraw = True
301.6212 	EXP 	Device response: <KeyPress from None: t=301.6110968000721, value=x, duration=None>
301.6217 	EXP 	New trial (rep=5, index=29): <Trial 29 (29 in rep 5) data={'Pos': np.int64(-50), 'corr_resp': 'x', 'thisN': 29, 'thisTrialN': 29, 'thisRepN': 5}>
301.6235 	DATA 	Keypress: x
301.6390 	EXP 	Fixation2: autoDraw = False
301.6390 	EXP 	line1: autoDraw = False
301.6390 	EXP 	line2: autoDraw = False
301.6390 	EXP 	line3: autoDraw = False
301.6390 	EXP 	line4: autoDraw = False
301.6390 	EXP 	probe2: autoDraw = False
301.6390 	EXP 	Fixation2: autoDraw = True
301.7391 	EXP 	Device response: <KeyPress from None: t=301.6110968000721, value=x, duration=0.11864649993367493>
302.6231 	EXP 	line1: autoDraw = True
302.6231 	EXP 	line2: autoDraw = True
302.6231 	EXP 	line3: autoDraw = True
302.6231 	EXP 	line4: autoDraw = True
302.6374 	EXP 	Fixation2: autoDraw = False
303.6372 	INFO 	Keyboard events cleared
303.6370 	EXP 	probe2: autoDraw = True
304.2378 	EXP 	Device response: <KeyPress from None: t=304.22611120005604, value=x, duration=None>
304.2382 	EXP 	New trial (rep=13, index=30): <Trial 30 (30 in rep 13) data={'Pos': np.int64(50), 'corr_resp': 'c', 'thisN': 30, 'thisTrialN': 30, 'thisRepN': 13}>
304.2396 	DATA 	Keypress: x
304.2556 	EXP 	Fixation2: autoDraw = False
304.2556 	EXP 	line1: autoDraw = False
304.2556 	EXP 	line2: autoDraw = False
304.2556 	EXP 	line3: autoDraw = False
304.2556 	EXP 	line4: autoDraw = False
304.2556 	EXP 	probe2: autoDraw = False
304.2556 	EXP 	Fixation2: autoDraw = True
304.3231 	EXP 	Device response: <KeyPress from None: t=304.22611120005604, value=x, duration=0.08481869997922331>
305.2389 	EXP 	line1: autoDraw = True
305.2389 	EXP 	line2: autoDraw = True
305.2389 	EXP 	line3: autoDraw = True
305.2389 	EXP 	line4: autoDraw = True
305.2544 	EXP 	Fixation2: autoDraw = False
306.2378 	INFO 	Keyboard events cleared
306.2377 	EXP 	probe2: autoDraw = True
306.7708 	EXP 	Device response: <KeyPress from None: t=306.76696999999695, value=c, duration=None>
306.7711 	EXP 	New trial (rep=14, index=31): <Trial 31 (31 in rep 14) data={'Pos': np.int64(50), 'corr_resp': 'c', 'thisN': 31, 'thisTrialN': 31, 'thisRepN': 14}>
306.7721 	DATA 	Keypress: c
306.7889 	EXP 	Fixation2: autoDraw = False
306.7889 	EXP 	line1: autoDraw = False
306.7889 	EXP 	line2: autoDraw = False
306.7889 	EXP 	line3: autoDraw = False
306.7889 	EXP 	line4: autoDraw = False
306.7889 	EXP 	probe2: autoDraw = False
306.7889 	EXP 	Fixation2: autoDraw = True
306.9572 	EXP 	Device response: <KeyPress from None: t=306.76696999999695, value=c, duration=0.17766879999544472>
307.7723 	EXP 	line1: autoDraw = True
307.7723 	EXP 	line2: autoDraw = True
307.7723 	EXP 	line3: autoDraw = True
307.7723 	EXP 	line4: autoDraw = True
307.7870 	EXP 	Fixation2: autoDraw = False
308.7707 	INFO 	Keyboard events cleared
308.7705 	EXP 	probe2: autoDraw = True
309.2710 	EXP 	Device response: <KeyPress from None: t=309.2602278999984, value=c, duration=None>
309.2715 	EXP 	New trial (rep=15, index=32): <Trial 32 (32 in rep 15) data={'Pos': np.int64(50), 'corr_resp': 'c', 'thisN': 32, 'thisTrialN': 32, 'thisRepN': 15}>
309.2734 	DATA 	Keypress: c
309.2892 	EXP 	Fixation2: autoDraw = False
309.2892 	EXP 	line1: autoDraw = False
309.2892 	EXP 	line2: autoDraw = False
309.2892 	EXP 	line3: autoDraw = False
309.2892 	EXP 	line4: autoDraw = False
309.2892 	EXP 	probe2: autoDraw = False
309.2892 	EXP 	Fixation2: autoDraw = True
309.4229 	EXP 	Device response: <KeyPress from None: t=309.2602278999984, value=c, duration=0.15633939998224378>
310.2724 	EXP 	line1: autoDraw = True
310.2724 	EXP 	line2: autoDraw = True
310.2724 	EXP 	line3: autoDraw = True
310.2724 	EXP 	line4: autoDraw = True
310.2872 	EXP 	Fixation2: autoDraw = False
311.2707 	INFO 	Keyboard events cleared
311.2704 	EXP 	probe2: autoDraw = True
311.7063 	DATA 	Keypress: x
311.7209 	EXP 	Device response: <KeyPress from None: t=311.7049651000416, value=x, duration=None>
311.7214 	EXP 	New trial (rep=16, index=33): <Trial 33 (33 in rep 16) data={'Pos': np.int64(50), 'corr_resp': 'c', 'thisN': 33, 'thisTrialN': 33, 'thisRepN': 16}>
311.7390 	EXP 	Fixation2: autoDraw = False
311.7390 	EXP 	line1: autoDraw = False
311.7390 	EXP 	line2: autoDraw = False
311.7390 	EXP 	line3: autoDraw = False
311.7390 	EXP 	line4: autoDraw = False
311.7390 	EXP 	probe2: autoDraw = False
311.7390 	EXP 	Fixation2: autoDraw = True
311.8068 	EXP 	Device response: <KeyPress from None: t=311.7049651000416, value=x, duration=0.086136500001885>
312.7223 	EXP 	line1: autoDraw = True
312.7223 	EXP 	line2: autoDraw = True
312.7223 	EXP 	line3: autoDraw = True
312.7223 	EXP 	line4: autoDraw = True
312.7369 	EXP 	Fixation2: autoDraw = False
313.7208 	INFO 	Keyboard events cleared
313.7202 	EXP 	probe2: autoDraw = True
314.0043 	EXP 	Device response: <KeyPress from None: t=313.9987285999814, value=v, duration=None>
314.0048 	EXP 	New trial (rep=17, index=34): <Trial 34 (34 in rep 17) data={'Pos': np.int64(50), 'corr_resp': 'c', 'thisN': 34, 'thisTrialN': 34, 'thisRepN': 17}>
314.0066 	DATA 	Keypress: v
314.0222 	EXP 	Fixation2: autoDraw = False
314.0222 	EXP 	line1: autoDraw = False
314.0222 	EXP 	line2: autoDraw = False
314.0222 	EXP 	line3: autoDraw = False
314.0222 	EXP 	line4: autoDraw = False
314.0222 	EXP 	probe2: autoDraw = False
314.0222 	EXP 	Fixation2: autoDraw = True
314.2563 	EXP 	Device response: <KeyPress from None: t=313.9987285999814, value=v, duration=0.24215450009796768>
315.0060 	EXP 	line1: autoDraw = True
315.0060 	EXP 	line2: autoDraw = True
315.0060 	EXP 	line3: autoDraw = True
315.0060 	EXP 	line4: autoDraw = True
315.0204 	EXP 	Fixation2: autoDraw = False
316.0206 	INFO 	Keyboard events cleared
316.0204 	EXP 	probe2: autoDraw = True
316.4714 	EXP 	Device response: <KeyPress from None: t=316.4592961000744, value=c, duration=None>
316.4719 	EXP 	New trial (rep=4, index=35): <Trial 35 (35 in rep 4) data={'Pos': np.int64(-150), 'corr_resp': 'z', 'thisN': 35, 'thisTrialN': 35, 'thisRepN': 4}>
316.4738 	DATA 	Keypress: c
316.4892 	EXP 	Fixation2: autoDraw = False
316.4892 	EXP 	line1: autoDraw = False
316.4892 	EXP 	line2: autoDraw = False
316.4892 	EXP 	line3: autoDraw = False
316.4892 	EXP 	line4: autoDraw = False
316.4892 	EXP 	probe2: autoDraw = False
316.4892 	EXP 	Fixation2: autoDraw = True
316.6395 	EXP 	Device response: <KeyPress from None: t=316.4592961000744, value=c, duration=0.17492689995560795>
317.4720 	EXP 	line1: autoDraw = True
317.4720 	EXP 	line2: autoDraw = True
317.4720 	EXP 	line3: autoDraw = True
317.4720 	EXP 	line4: autoDraw = True
317.4871 	EXP 	Fixation2: autoDraw = False
318.4868 	INFO 	Keyboard events cleared
318.4866 	EXP 	probe2: autoDraw = True
318.9039 	EXP 	Device response: <KeyPress from None: t=318.9010477999691, value=z, duration=None>
318.9045 	EXP 	New trial (rep=6, index=36): <Trial 36 (36 in rep 6) data={'Pos': np.int64(-50), 'corr_resp': 'x', 'thisN': 36, 'thisTrialN': 36, 'thisRepN': 6}>
318.9067 	DATA 	Keypress: z
318.9230 	EXP 	Fixation2: autoDraw = False
318.9230 	EXP 	line1: autoDraw = False
318.9230 	EXP 	line2: autoDraw = False
318.9230 	EXP 	line3: autoDraw = False
318.9230 	EXP 	line4: autoDraw = False
318.9230 	EXP 	probe2: autoDraw = False
318.9230 	EXP 	Fixation2: autoDraw = True
319.1228 	EXP 	Device response: <KeyPress from None: t=318.9010477999691, value=z, duration=0.20566460001282394>
319.9053 	EXP 	line1: autoDraw = True
319.9053 	EXP 	line2: autoDraw = True
319.9053 	EXP 	line3: autoDraw = True
319.9053 	EXP 	line4: autoDraw = True
319.9200 	EXP 	Fixation2: autoDraw = False
320.9037 	INFO 	Keyboard events cleared
320.9034 	EXP 	probe2: autoDraw = True
321.4379 	EXP 	Device response: <KeyPress from None: t=321.43548780004494, value=x, duration=None>
321.4384 	EXP 	New trial (rep=5, index=37): <Trial 37 (37 in rep 5) data={'Pos': np.int64(-150), 'corr_resp': 'z', 'thisN': 37, 'thisTrialN': 37, 'thisRepN': 5}>
321.4400 	DATA 	Keypress: x
321.4552 	EXP 	Fixation2: autoDraw = False
321.4552 	EXP 	line1: autoDraw = False
321.4552 	EXP 	line2: autoDraw = False
321.4552 	EXP 	line3: autoDraw = False
321.4552 	EXP 	line4: autoDraw = False
321.4552 	EXP 	probe2: autoDraw = False
321.4552 	EXP 	Fixation2: autoDraw = True
321.5390 	EXP 	Device response: <KeyPress from None: t=321.43548780004494, value=x, duration=0.08775529998820275>
322.4391 	EXP 	line1: autoDraw = True
322.4391 	EXP 	line2: autoDraw = True
322.4391 	EXP 	line3: autoDraw = True
322.4391 	EXP 	line4: autoDraw = True
322.4539 	EXP 	Fixation2: autoDraw = False
323.4367 	INFO 	Keyboard events cleared
323.4365 	EXP 	probe2: autoDraw = True
324.1707 	EXP 	Device response: <KeyPress from None: t=324.16218480002135, value=z, duration=None>
324.1712 	EXP 	New trial (rep=7, index=38): <Trial 38 (38 in rep 7) data={'Pos': np.int64(-50), 'corr_resp': 'x', 'thisN': 38, 'thisTrialN': 38, 'thisRepN': 7}>
324.1728 	DATA 	Keypress: z
324.1886 	EXP 	Fixation2: autoDraw = False
324.1886 	EXP 	line1: autoDraw = False
324.1886 	EXP 	line2: autoDraw = False
324.1886 	EXP 	line3: autoDraw = False
324.1886 	EXP 	line4: autoDraw = False
324.1886 	EXP 	probe2: autoDraw = False
324.1886 	EXP 	Fixation2: autoDraw = True
324.3231 	EXP 	Device response: <KeyPress from None: t=324.16218480002135, value=z, duration=0.15913309995085>
325.1728 	EXP 	line1: autoDraw = True
325.1728 	EXP 	line2: autoDraw = True
325.1728 	EXP 	line3: autoDraw = True
325.1728 	EXP 	line4: autoDraw = True
325.1867 	EXP 	Fixation2: autoDraw = False
326.1872 	INFO 	Keyboard events cleared
326.1871 	EXP 	probe2: autoDraw = True
326.6373 	EXP 	Device response: <KeyPress from None: t=326.6247349000769, value=x, duration=None>
326.6378 	EXP 	New trial (rep=8, index=39): <Trial 39 (39 in rep 8) data={'Pos': np.int64(-50), 'corr_resp': 'x', 'thisN': 39, 'thisTrialN': 39, 'thisRepN': 8}>
326.6394 	DATA 	Keypress: x
326.6558 	EXP 	Fixation2: autoDraw = False
326.6558 	EXP 	line1: autoDraw = False
326.6558 	EXP 	line2: autoDraw = False
326.6558 	EXP 	line3: autoDraw = False
326.6558 	EXP 	line4: autoDraw = False
326.6558 	EXP 	probe2: autoDraw = False
326.6558 	EXP 	Fixation2: autoDraw = True
326.7058 	EXP 	Device response: <KeyPress from None: t=326.6247349000769, value=x, duration=0.07101569999940693>
327.6386 	EXP 	line1: autoDraw = True
327.6386 	EXP 	line2: autoDraw = True
327.6386 	EXP 	line3: autoDraw = True
327.6386 	EXP 	line4: autoDraw = True
327.6533 	EXP 	Fixation2: autoDraw = False
328.6536 	INFO 	Keyboard events cleared
328.6534 	EXP 	probe2: autoDraw = True
328.8750 	DATA 	Mouse: Left button down, pos=(1032,567)
329.0462 	DATA 	Mouse:  Left button up, pos=(1351,608)
329.1740 	DATA 	Mouse: Left button down, pos=(1238,630)
329.4435 	DATA 	Mouse:  Left button up, pos=(1156,433)
329.5372 	EXP 	Device response: <KeyPress from None: t=329.52365680004004, value=x, duration=None>
329.5377 	EXP 	New trial (rep=7, index=40): <Trial 40 (40 in rep 7) data={'Pos': np.int64(150), 'corr_resp': 'v', 'thisN': 40, 'thisTrialN': 40, 'thisRepN': 7}>
329.5395 	DATA 	Keypress: x
329.5554 	EXP 	Fixation2: autoDraw = False
329.5554 	EXP 	line1: autoDraw = False
329.5554 	EXP 	line2: autoDraw = False
329.5554 	EXP 	line3: autoDraw = False
329.5554 	EXP 	line4: autoDraw = False
329.5554 	EXP 	probe2: autoDraw = False
329.5554 	EXP 	Fixation2: autoDraw = True
329.6224 	EXP 	Device response: <KeyPress from None: t=329.52365680004004, value=x, duration=0.09100399992894381>
330.4799 	DATA 	Mouse: Left button down, pos=(1099,571)
330.5383 	EXP 	line1: autoDraw = True
330.5383 	EXP 	line2: autoDraw = True
330.5383 	EXP 	line3: autoDraw = True
330.5383 	EXP 	line4: autoDraw = True
330.5533 	EXP 	Fixation2: autoDraw = False
330.7939 	DATA 	Mouse:  Left button up, pos=(1232,502)
331.5364 	INFO 	Keyboard events cleared
331.5362 	EXP 	probe2: autoDraw = True
332.5703 	EXP 	Device response: <KeyPress from None: t=332.5692223000806, value=b, duration=None>
332.5708 	EXP 	New trial (rep=6, index=41): <Trial 41 (41 in rep 6) data={'Pos': np.int64(-150), 'corr_resp': 'z', 'thisN': 41, 'thisTrialN': 41, 'thisRepN': 6}>
332.5725 	DATA 	Keypress: b
332.5883 	EXP 	Fixation2: autoDraw = False
332.5883 	EXP 	line1: autoDraw = False
332.5883 	EXP 	line2: autoDraw = False
332.5883 	EXP 	line3: autoDraw = False
332.5883 	EXP 	line4: autoDraw = False
332.5883 	EXP 	probe2: autoDraw = False
332.5883 	EXP 	Fixation2: autoDraw = True
332.7891 	EXP 	Device response: <KeyPress from None: t=332.5692223000806, value=b, duration=0.21111489995382726>
333.5719 	EXP 	line1: autoDraw = True
333.5719 	EXP 	line2: autoDraw = True
333.5719 	EXP 	line3: autoDraw = True
333.5719 	EXP 	line4: autoDraw = True
333.5870 	EXP 	Fixation2: autoDraw = False
334.5705 	INFO 	Keyboard events cleared
334.5703 	EXP 	probe2: autoDraw = True
335.0702 	EXP 	Device response: <KeyPress from None: t=335.0582522000186, value=z, duration=None>
335.0706 	EXP 	New trial (rep=9, index=42): <Trial 42 (42 in rep 9) data={'Pos': np.int64(-50), 'corr_resp': 'x', 'thisN': 42, 'thisTrialN': 42, 'thisRepN': 9}>
335.0721 	DATA 	Keypress: z
335.0890 	EXP 	Fixation2: autoDraw = False
335.0890 	EXP 	line1: autoDraw = False
335.0890 	EXP 	line2: autoDraw = False
335.0890 	EXP 	line3: autoDraw = False
335.0890 	EXP 	line4: autoDraw = False
335.0890 	EXP 	probe2: autoDraw = False
335.0890 	EXP 	Fixation2: autoDraw = True
335.1567 	EXP 	Device response: <KeyPress from None: t=335.0582522000186, value=z, duration=0.0973672999534756>
336.0718 	EXP 	line1: autoDraw = True
336.0718 	EXP 	line2: autoDraw = True
336.0718 	EXP 	line3: autoDraw = True
336.0718 	EXP 	line4: autoDraw = True
336.0864 	EXP 	Fixation2: autoDraw = False
337.0697 	INFO 	Keyboard events cleared
337.0695 	EXP 	probe2: autoDraw = True
337.5219 	DATA 	Keypress: x
337.5369 	EXP 	Device response: <KeyPress from None: t=337.521009100019, value=x, duration=None>
337.5377 	EXP 	New trial (rep=7, index=43): <Trial 43 (43 in rep 7) data={'Pos': np.int64(-150), 'corr_resp': 'z', 'thisN': 43, 'thisTrialN': 43, 'thisRepN': 7}>
337.5548 	EXP 	Fixation2: autoDraw = False
337.5548 	EXP 	line1: autoDraw = False
337.5548 	EXP 	line2: autoDraw = False
337.5548 	EXP 	line3: autoDraw = False
337.5548 	EXP 	line4: autoDraw = False
337.5548 	EXP 	probe2: autoDraw = False
337.5548 	EXP 	Fixation2: autoDraw = True
337.6054 	EXP 	Device response: <KeyPress from None: t=337.521009100019, value=x, duration=0.06789830001071095>
338.5380 	EXP 	line1: autoDraw = True
338.5380 	EXP 	line2: autoDraw = True
338.5380 	EXP 	line3: autoDraw = True
338.5380 	EXP 	line4: autoDraw = True
338.5534 	EXP 	Fixation2: autoDraw = False
339.5533 	INFO 	Keyboard events cleared
339.5531 	EXP 	probe2: autoDraw = True
340.0371 	EXP 	Device response: <KeyPress from None: t=340.0344468000112, value=z, duration=None>
340.0377 	EXP 	New trial (rep=8, index=44): <Trial 44 (44 in rep 8) data={'Pos': np.int64(150), 'corr_resp': 'v', 'thisN': 44, 'thisTrialN': 44, 'thisRepN': 8}>
340.0393 	DATA 	Keypress: z
340.0549 	EXP 	Fixation2: autoDraw = False
340.0549 	EXP 	line1: autoDraw = False
340.0549 	EXP 	line2: autoDraw = False
340.0549 	EXP 	line3: autoDraw = False
340.0549 	EXP 	line4: autoDraw = False
340.0549 	EXP 	probe2: autoDraw = False
340.0549 	EXP 	Fixation2: autoDraw = True
340.1223 	EXP 	Device response: <KeyPress from None: t=340.0344468000112, value=z, duration=0.07156900002155453>
341.0383 	EXP 	line1: autoDraw = True
341.0383 	EXP 	line2: autoDraw = True
341.0383 	EXP 	line3: autoDraw = True
341.0383 	EXP 	line4: autoDraw = True
341.0533 	EXP 	Fixation2: autoDraw = False
342.0531 	INFO 	Keyboard events cleared
342.0529 	EXP 	probe2: autoDraw = True
342.7036 	EXP 	Device response: <KeyPress from None: t=342.7009516999824, value=v, duration=None>
342.7043 	EXP 	New trial (rep=9, index=45): <Trial 45 (45 in rep 9) data={'Pos': np.int64(150), 'corr_resp': 'v', 'thisN': 45, 'thisTrialN': 45, 'thisRepN': 9}>
342.7058 	DATA 	Keypress: v
342.7213 	EXP 	Fixation2: autoDraw = False
342.7213 	EXP 	line1: autoDraw = False
342.7213 	EXP 	line2: autoDraw = False
342.7213 	EXP 	line3: autoDraw = False
342.7213 	EXP 	line4: autoDraw = False
342.7213 	EXP 	probe2: autoDraw = False
342.7213 	EXP 	Fixation2: autoDraw = True
342.9229 	EXP 	Device response: <KeyPress from None: t=342.7009516999824, value=v, duration=0.2113095000386238>
343.7048 	EXP 	line1: autoDraw = True
343.7048 	EXP 	line2: autoDraw = True
343.7048 	EXP 	line3: autoDraw = True
343.7048 	EXP 	line4: autoDraw = True
343.7201 	EXP 	Fixation2: autoDraw = False
344.7196 	INFO 	Keyboard events cleared
344.7194 	EXP 	probe2: autoDraw = True
345.1532 	EXP 	Device response: <KeyPress from None: t=345.14689380000345, value=c, duration=None>
345.1536 	EXP 	New trial (rep=10, index=46): <Trial 46 (46 in rep 10) data={'Pos': np.int64(-50), 'corr_resp': 'x', 'thisN': 46, 'thisTrialN': 46, 'thisRepN': 10}>
345.1558 	DATA 	Keypress: c
345.1718 	EXP 	Fixation2: autoDraw = False
345.1718 	EXP 	line1: autoDraw = False
345.1718 	EXP 	line2: autoDraw = False
345.1718 	EXP 	line3: autoDraw = False
345.1718 	EXP 	line4: autoDraw = False
345.1718 	EXP 	probe2: autoDraw = False
345.1718 	EXP 	Fixation2: autoDraw = True
345.2892 	EXP 	Device response: <KeyPress from None: t=345.14689380000345, value=c, duration=0.14163149998057634>
346.1547 	EXP 	line1: autoDraw = True
346.1547 	EXP 	line2: autoDraw = True
346.1547 	EXP 	line3: autoDraw = True
346.1547 	EXP 	line4: autoDraw = True
346.1695 	EXP 	Fixation2: autoDraw = False
347.1536 	INFO 	Keyboard events cleared
347.1534 	EXP 	probe2: autoDraw = True
348.9532 	EXP 	Device response: <KeyPress from None: t=348.94925720000174, value=x, duration=None>
348.9537 	EXP 	New trial (rep=8, index=47): <Trial 47 (47 in rep 8) data={'Pos': np.int64(-150), 'corr_resp': 'z', 'thisN': 47, 'thisTrialN': 47, 'thisRepN': 8}>
348.9555 	DATA 	Keypress: x
348.9715 	EXP 	Fixation2: autoDraw = False
348.9715 	EXP 	line1: autoDraw = False
348.9715 	EXP 	line2: autoDraw = False
348.9715 	EXP 	line3: autoDraw = False
348.9715 	EXP 	line4: autoDraw = False
348.9715 	EXP 	probe2: autoDraw = False
348.9715 	EXP 	Fixation2: autoDraw = True
349.0554 	EXP 	Device response: <KeyPress from None: t=348.94925720000174, value=x, duration=0.10009590000845492>
349.9551 	EXP 	line1: autoDraw = True
349.9551 	EXP 	line2: autoDraw = True
349.9551 	EXP 	line3: autoDraw = True
349.9551 	EXP 	line4: autoDraw = True
349.9695 	EXP 	Fixation2: autoDraw = False
350.9695 	INFO 	Keyboard events cleared
350.9693 	EXP 	probe2: autoDraw = True
351.4032 	EXP 	Device response: <KeyPress from None: t=351.39603850001004, value=z, duration=None>
351.4037 	EXP 	New trial (rep=9, index=48): <Trial 48 (48 in rep 9) data={'Pos': np.int64(-150), 'corr_resp': 'z', 'thisN': 48, 'thisTrialN': 48, 'thisRepN': 9}>
351.4053 	DATA 	Keypress: z
351.4213 	EXP 	Fixation2: autoDraw = False
351.4213 	EXP 	line1: autoDraw = False
351.4213 	EXP 	line2: autoDraw = False
351.4213 	EXP 	line3: autoDraw = False
351.4213 	EXP 	line4: autoDraw = False
351.4213 	EXP 	probe2: autoDraw = False
351.4213 	EXP 	Fixation2: autoDraw = True
351.5055 	EXP 	Device response: <KeyPress from None: t=351.39603850001004, value=z, duration=0.0940490000648424>
352.4053 	EXP 	line1: autoDraw = True
352.4053 	EXP 	line2: autoDraw = True
352.4053 	EXP 	line3: autoDraw = True
352.4053 	EXP 	line4: autoDraw = True
352.4193 	EXP 	Fixation2: autoDraw = False
353.4028 	INFO 	Keyboard events cleared
353.4026 	EXP 	probe2: autoDraw = True
354.0034 	EXP 	Device response: <KeyPress from None: t=354.00285340007395, value=z, duration=None>
354.0040 	EXP 	New trial (rep=11, index=49): <Trial 49 (49 in rep 11) data={'Pos': np.int64(-50), 'corr_resp': 'x', 'thisN': 49, 'thisTrialN': 49, 'thisRepN': 11}>
354.0058 	DATA 	Keypress: z
354.0211 	EXP 	Fixation2: autoDraw = False
354.0211 	EXP 	line1: autoDraw = False
354.0211 	EXP 	line2: autoDraw = False
354.0211 	EXP 	line3: autoDraw = False
354.0211 	EXP 	line4: autoDraw = False
354.0211 	EXP 	probe2: autoDraw = False
354.0211 	EXP 	Fixation2: autoDraw = True
354.1224 	EXP 	Device response: <KeyPress from None: t=354.00285340007395, value=z, duration=0.11888540000654757>
355.0049 	EXP 	line1: autoDraw = True
355.0049 	EXP 	line2: autoDraw = True
355.0049 	EXP 	line3: autoDraw = True
355.0049 	EXP 	line4: autoDraw = True
355.0197 	EXP 	Fixation2: autoDraw = False
356.0195 	INFO 	Keyboard events cleared
356.0193 	EXP 	probe2: autoDraw = True
356.4702 	EXP 	Device response: <KeyPress from None: t=356.46160080004483, value=x, duration=None>
356.4707 	EXP 	New trial (rep=18, index=50): <Trial 50 (50 in rep 18) data={'Pos': np.int64(50), 'corr_resp': 'c', 'thisN': 50, 'thisTrialN': 50, 'thisRepN': 18}>
356.4723 	DATA 	Keypress: x
356.4876 	EXP 	Fixation2: autoDraw = False
356.4876 	EXP 	line1: autoDraw = False
356.4876 	EXP 	line2: autoDraw = False
356.4876 	EXP 	line3: autoDraw = False
356.4876 	EXP 	line4: autoDraw = False
356.4876 	EXP 	probe2: autoDraw = False
356.4876 	EXP 	Fixation2: autoDraw = True
356.5558 	EXP 	Device response: <KeyPress from None: t=356.46160080004483, value=x, duration=0.08067619998473674>
357.4710 	EXP 	line1: autoDraw = True
357.4710 	EXP 	line2: autoDraw = True
357.4710 	EXP 	line3: autoDraw = True
357.4710 	EXP 	line4: autoDraw = True
357.4860 	EXP 	Fixation2: autoDraw = False
358.4859 	INFO 	Keyboard events cleared
358.4858 	EXP 	probe2: autoDraw = True
361.7361 	EXP 	Device response: <KeyPress from None: t=361.73378210002556, value=c, duration=None>
361.7365 	EXP 	New trial (rep=10, index=51): <Trial 51 (51 in rep 10) data={'Pos': np.int64(150), 'corr_resp': 'v', 'thisN': 51, 'thisTrialN': 51, 'thisRepN': 10}>
361.7381 	DATA 	Keypress: c
361.7544 	EXP 	Fixation2: autoDraw = False
361.7544 	EXP 	line1: autoDraw = False
361.7544 	EXP 	line2: autoDraw = False
361.7544 	EXP 	line3: autoDraw = False
361.7544 	EXP 	line4: autoDraw = False
361.7544 	EXP 	probe2: autoDraw = False
361.7544 	EXP 	Fixation2: autoDraw = True
361.8885 	EXP 	Device response: <KeyPress from None: t=361.73378210002556, value=c, duration=0.1450366999488324>
362.7380 	EXP 	line1: autoDraw = True
362.7380 	EXP 	line2: autoDraw = True
362.7380 	EXP 	line3: autoDraw = True
362.7380 	EXP 	line4: autoDraw = True
362.7524 	EXP 	Fixation2: autoDraw = False
363.7359 	INFO 	Keyboard events cleared
363.7358 	EXP 	probe2: autoDraw = True
364.1367 	EXP 	Device response: <KeyPress from None: t=364.12523040000815, value=v, duration=None>
364.1372 	EXP 	New trial (rep=11, index=52): <Trial 52 (52 in rep 11) data={'Pos': np.int64(150), 'corr_resp': 'v', 'thisN': 52, 'thisTrialN': 52, 'thisRepN': 11}>
364.1389 	DATA 	Keypress: v
364.1540 	EXP 	Fixation2: autoDraw = False
364.1540 	EXP 	line1: autoDraw = False
364.1540 	EXP 	line2: autoDraw = False
364.1540 	EXP 	line3: autoDraw = False
364.1540 	EXP 	line4: autoDraw = False
364.1540 	EXP 	probe2: autoDraw = False
364.1540 	EXP 	Fixation2: autoDraw = True
364.3050 	EXP 	Device response: <KeyPress from None: t=364.12523040000815, value=v, duration=0.1778472000733018>
365.1380 	EXP 	line1: autoDraw = True
365.1380 	EXP 	line2: autoDraw = True
365.1380 	EXP 	line3: autoDraw = True
365.1380 	EXP 	line4: autoDraw = True
365.1523 	EXP 	Fixation2: autoDraw = False
366.1523 	INFO 	Keyboard events cleared
366.1521 	EXP 	probe2: autoDraw = True
366.7197 	EXP 	Device response: <KeyPress from None: t=366.7124118000502, value=v, duration=None>
366.7203 	EXP 	New trial (rep=12, index=53): <Trial 53 (53 in rep 12) data={'Pos': np.int64(-50), 'corr_resp': 'x', 'thisN': 53, 'thisTrialN': 53, 'thisRepN': 12}>
366.7221 	DATA 	Keypress: v
366.7374 	EXP 	Fixation2: autoDraw = False
366.7374 	EXP 	line1: autoDraw = False
366.7374 	EXP 	line2: autoDraw = False
366.7374 	EXP 	line3: autoDraw = False
366.7374 	EXP 	line4: autoDraw = False
366.7374 	EXP 	probe2: autoDraw = False
366.7374 	EXP 	Fixation2: autoDraw = True
366.9213 	EXP 	Device response: <KeyPress from None: t=366.7124118000502, value=v, duration=0.1981544999871403>
367.7214 	EXP 	line1: autoDraw = True
367.7214 	EXP 	line2: autoDraw = True
367.7214 	EXP 	line3: autoDraw = True
367.7214 	EXP 	line4: autoDraw = True
367.7358 	EXP 	Fixation2: autoDraw = False
368.7356 	INFO 	Keyboard events cleared
368.7354 	EXP 	probe2: autoDraw = True
369.2197 	EXP 	Device response: <KeyPress from None: t=369.21084660000633, value=x, duration=None>
369.2202 	EXP 	New trial (rep=10, index=54): <Trial 54 (54 in rep 10) data={'Pos': np.int64(-150), 'corr_resp': 'z', 'thisN': 54, 'thisTrialN': 54, 'thisRepN': 10}>
369.2219 	DATA 	Keypress: x
369.2374 	EXP 	Fixation2: autoDraw = False
369.2374 	EXP 	line1: autoDraw = False
369.2374 	EXP 	line2: autoDraw = False
369.2374 	EXP 	line3: autoDraw = False
369.2374 	EXP 	line4: autoDraw = False
369.2374 	EXP 	probe2: autoDraw = False
369.2374 	EXP 	Fixation2: autoDraw = True
369.3546 	EXP 	Device response: <KeyPress from None: t=369.21084660000633, value=x, duration=0.12931730004493147>
370.2207 	EXP 	line1: autoDraw = True
370.2207 	EXP 	line2: autoDraw = True
370.2207 	EXP 	line3: autoDraw = True
370.2207 	EXP 	line4: autoDraw = True
370.2356 	EXP 	Fixation2: autoDraw = False
371.2356 	INFO 	Keyboard events cleared
371.2354 	EXP 	probe2: autoDraw = True
371.6857 	EXP 	Device response: <KeyPress from None: t=371.6823908999795, value=z, duration=None>
371.6862 	EXP 	New trial (rep=12, index=55): <Trial 55 (55 in rep 12) data={'Pos': np.int64(150), 'corr_resp': 'v', 'thisN': 55, 'thisTrialN': 55, 'thisRepN': 12}>
371.6878 	DATA 	Keypress: z
371.7037 	EXP 	Fixation2: autoDraw = False
371.7037 	EXP 	line1: autoDraw = False
371.7037 	EXP 	line2: autoDraw = False
371.7037 	EXP 	line3: autoDraw = False
371.7037 	EXP 	line4: autoDraw = False
371.7037 	EXP 	probe2: autoDraw = False
371.7037 	EXP 	Fixation2: autoDraw = True
371.8385 	EXP 	Device response: <KeyPress from None: t=371.6823908999795, value=z, duration=0.14199330005794764>
372.6875 	EXP 	line1: autoDraw = True
372.6875 	EXP 	line2: autoDraw = True
372.6875 	EXP 	line3: autoDraw = True
372.6875 	EXP 	line4: autoDraw = True
372.7020 	EXP 	Fixation2: autoDraw = False
373.6854 	INFO 	Keyboard events cleared
373.6852 	EXP 	probe2: autoDraw = True
374.2226 	DATA 	Keypress: v
374.2356 	EXP 	Device response: <KeyPress from None: t=374.2201797000598, value=v, duration=None>
374.2361 	EXP 	New trial (rep=13, index=56): <Trial 56 (56 in rep 13) data={'Pos': np.int64(-50), 'corr_resp': 'x', 'thisN': 56, 'thisTrialN': 56, 'thisRepN': 13}>
374.2540 	EXP 	Fixation2: autoDraw = False
374.2540 	EXP 	line1: autoDraw = False
374.2540 	EXP 	line2: autoDraw = False
374.2540 	EXP 	line3: autoDraw = False
374.2540 	EXP 	line4: autoDraw = False
374.2540 	EXP 	probe2: autoDraw = False
374.2540 	EXP 	Fixation2: autoDraw = True
374.3878 	EXP 	Device response: <KeyPress from None: t=374.2201797000598, value=v, duration=0.1535173999145627>
375.2372 	EXP 	line1: autoDraw = True
375.2372 	EXP 	line2: autoDraw = True
375.2372 	EXP 	line3: autoDraw = True
375.2372 	EXP 	line4: autoDraw = True
375.2520 	EXP 	Fixation2: autoDraw = False
376.2355 	INFO 	Keyboard events cleared
376.2353 	EXP 	probe2: autoDraw = True
377.2856 	EXP 	Device response: <KeyPress from None: t=377.2807033000281, value=x, duration=None>
377.2861 	EXP 	New trial (rep=13, index=57): <Trial 57 (57 in rep 13) data={'Pos': np.int64(150), 'corr_resp': 'v', 'thisN': 57, 'thisTrialN': 57, 'thisRepN': 13}>
377.2880 	DATA 	Keypress: x
377.3043 	EXP 	Fixation2: autoDraw = False
377.3043 	EXP 	line1: autoDraw = False
377.3043 	EXP 	line2: autoDraw = False
377.3043 	EXP 	line3: autoDraw = False
377.3043 	EXP 	line4: autoDraw = False
377.3043 	EXP 	probe2: autoDraw = False
377.3043 	EXP 	Fixation2: autoDraw = True
377.3712 	EXP 	Device response: <KeyPress from None: t=377.2807033000281, value=x, duration=0.08752089994959533>
378.2872 	EXP 	line1: autoDraw = True
378.2872 	EXP 	line2: autoDraw = True
378.2872 	EXP 	line3: autoDraw = True
378.2872 	EXP 	line4: autoDraw = True
378.3023 	EXP 	Fixation2: autoDraw = False
379.2853 	INFO 	Keyboard events cleared
379.2851 	EXP 	probe2: autoDraw = True
379.9360 	EXP 	Device response: <KeyPress from None: t=379.9252503999742, value=c, duration=None>
379.9365 	EXP 	New trial (rep=11, index=58): <Trial 58 (58 in rep 11) data={'Pos': np.int64(-150), 'corr_resp': 'z', 'thisN': 58, 'thisTrialN': 58, 'thisRepN': 11}>
379.9384 	DATA 	Keypress: c
379.9543 	EXP 	Fixation2: autoDraw = False
379.9543 	EXP 	line1: autoDraw = False
379.9543 	EXP 	line2: autoDraw = False
379.9543 	EXP 	line3: autoDraw = False
379.9543 	EXP 	line4: autoDraw = False
379.9543 	EXP 	probe2: autoDraw = False
379.9543 	EXP 	Fixation2: autoDraw = True
380.1212 	EXP 	Device response: <KeyPress from None: t=379.9252503999742, value=c, duration=0.18821680010296404>
380.9371 	EXP 	line1: autoDraw = True
380.9371 	EXP 	line2: autoDraw = True
380.9371 	EXP 	line3: autoDraw = True
380.9371 	EXP 	line4: autoDraw = True
380.9520 	EXP 	Fixation2: autoDraw = False
381.9520 	INFO 	Keyboard events cleared
381.9518 	EXP 	probe2: autoDraw = True
382.3023 	EXP 	Device response: <KeyPress from None: t=382.28917570004705, value=z, duration=None>
382.3028 	EXP 	New trial (rep=19, index=59): <Trial 59 (59 in rep 19) data={'Pos': np.int64(50), 'corr_resp': 'c', 'thisN': 59, 'thisTrialN': 59, 'thisRepN': 19}>
382.3049 	DATA 	Keypress: z
382.3205 	EXP 	Fixation2: autoDraw = False
382.3205 	EXP 	line1: autoDraw = False
382.3205 	EXP 	line2: autoDraw = False
382.3205 	EXP 	line3: autoDraw = False
382.3205 	EXP 	line4: autoDraw = False
382.3205 	EXP 	probe2: autoDraw = False
382.3205 	EXP 	Fixation2: autoDraw = True
382.4381 	EXP 	Device response: <KeyPress from None: t=382.28917570004705, value=z, duration=0.14453609997872263>
383.3044 	EXP 	line1: autoDraw = True
383.3044 	EXP 	line2: autoDraw = True
383.3044 	EXP 	line3: autoDraw = True
383.3044 	EXP 	line4: autoDraw = True
383.3184 	EXP 	Fixation2: autoDraw = False
384.3019 	INFO 	Keyboard events cleared
384.3017 	EXP 	probe2: autoDraw = True
384.9354 	EXP 	Device response: <KeyPress from None: t=384.92910190008115, value=c, duration=None>
384.9359 	EXP 	New trial (rep=12, index=60): <Trial 60 (60 in rep 12) data={'Pos': np.int64(-150), 'corr_resp': 'z', 'thisN': 60, 'thisTrialN': 60, 'thisRepN': 12}>
384.9379 	DATA 	Keypress: c
384.9539 	EXP 	Fixation2: autoDraw = False
384.9539 	EXP 	line1: autoDraw = False
384.9539 	EXP 	line2: autoDraw = False
384.9539 	EXP 	line3: autoDraw = False
384.9539 	EXP 	line4: autoDraw = False
384.9539 	EXP 	probe2: autoDraw = False
384.9539 	EXP 	Fixation2: autoDraw = True
385.1044 	EXP 	Device response: <KeyPress from None: t=384.92910190008115, value=c, duration=0.1638187998905778>
385.9371 	EXP 	line1: autoDraw = True
385.9371 	EXP 	line2: autoDraw = True
385.9371 	EXP 	line3: autoDraw = True
385.9371 	EXP 	line4: autoDraw = True
385.9516 	EXP 	Fixation2: autoDraw = False
386.9352 	INFO 	Keyboard events cleared
386.9350 	EXP 	probe2: autoDraw = True
389.2854 	EXP 	Device response: <KeyPress from None: t=389.27432319999207, value=z, duration=None>
389.2859 	EXP 	New trial (rep=20, index=61): <Trial 61 (61 in rep 20) data={'Pos': np.int64(50), 'corr_resp': 'c', 'thisN': 61, 'thisTrialN': 61, 'thisRepN': 20}>
389.2875 	DATA 	Keypress: z
389.3035 	EXP 	Fixation2: autoDraw = False
389.3035 	EXP 	line1: autoDraw = False
389.3035 	EXP 	line2: autoDraw = False
389.3035 	EXP 	line3: autoDraw = False
389.3035 	EXP 	line4: autoDraw = False
389.3035 	EXP 	probe2: autoDraw = False
389.3035 	EXP 	Fixation2: autoDraw = True
389.4374 	EXP 	Device response: <KeyPress from None: t=389.27432319999207, value=z, duration=0.1496799000306055>
390.2869 	EXP 	line1: autoDraw = True
390.2869 	EXP 	line2: autoDraw = True
390.2869 	EXP 	line3: autoDraw = True
390.2869 	EXP 	line4: autoDraw = True
390.3022 	EXP 	Fixation2: autoDraw = False
391.2851 	INFO 	Keyboard events cleared
391.2849 	EXP 	probe2: autoDraw = True
392.0688 	EXP 	Device response: <KeyPress from None: t=392.05890619999263, value=c, duration=None>
392.0698 	EXP 	New trial (rep=14, index=62): <Trial 62 (62 in rep 14) data={'Pos': np.int64(150), 'corr_resp': 'v', 'thisN': 62, 'thisTrialN': 62, 'thisRepN': 14}>
392.0717 	DATA 	Keypress: c
392.0872 	EXP 	Fixation2: autoDraw = False
392.0872 	EXP 	line1: autoDraw = False
392.0872 	EXP 	line2: autoDraw = False
392.0872 	EXP 	line3: autoDraw = False
392.0872 	EXP 	line4: autoDraw = False
392.0872 	EXP 	probe2: autoDraw = False
392.0872 	EXP 	Fixation2: autoDraw = True
392.2379 	EXP 	Device response: <KeyPress from None: t=392.05890619999263, value=c, duration=0.1647950999904424>
393.0703 	EXP 	line1: autoDraw = True
393.0703 	EXP 	line2: autoDraw = True
393.0703 	EXP 	line3: autoDraw = True
393.0703 	EXP 	line4: autoDraw = True
393.0846 	EXP 	Fixation2: autoDraw = False
394.0849 	INFO 	Keyboard events cleared
394.0847 	EXP 	probe2: autoDraw = True
394.7193 	EXP 	Device response: <KeyPress from None: t=394.71064920001663, value=v, duration=None>
394.7197 	EXP 	New trial (rep=21, index=63): <Trial 63 (63 in rep 21) data={'Pos': np.int64(50), 'corr_resp': 'c', 'thisN': 63, 'thisTrialN': 63, 'thisRepN': 21}>
394.7214 	DATA 	Keypress: v
394.7364 	EXP 	Fixation2: autoDraw = False
394.7364 	EXP 	line1: autoDraw = False
394.7364 	EXP 	line2: autoDraw = False
394.7364 	EXP 	line3: autoDraw = False
394.7364 	EXP 	line4: autoDraw = False
394.7364 	EXP 	probe2: autoDraw = False
394.7364 	EXP 	Fixation2: autoDraw = True
394.8710 	EXP 	Device response: <KeyPress from None: t=394.71064920001663, value=v, duration=0.15639540005940944>
395.7200 	EXP 	line1: autoDraw = True
395.7200 	EXP 	line2: autoDraw = True
395.7200 	EXP 	line3: autoDraw = True
395.7200 	EXP 	line4: autoDraw = True
395.7354 	EXP 	Fixation2: autoDraw = False
396.7348 	INFO 	Keyboard events cleared
396.7346 	EXP 	probe2: autoDraw = True
397.2854 	EXP 	Device response: <KeyPress from None: t=397.2758255000226, value=c, duration=None>
397.2859 	EXP 	New trial (rep=14, index=64): <Trial 64 (64 in rep 14) data={'Pos': np.int64(-50), 'corr_resp': 'x', 'thisN': 64, 'thisTrialN': 64, 'thisRepN': 14}>
397.2878 	DATA 	Keypress: c
397.3041 	EXP 	Fixation2: autoDraw = False
397.3041 	EXP 	line1: autoDraw = False
397.3041 	EXP 	line2: autoDraw = False
397.3041 	EXP 	line3: autoDraw = False
397.3041 	EXP 	line4: autoDraw = False
397.3041 	EXP 	probe2: autoDraw = False
397.3041 	EXP 	Fixation2: autoDraw = True
397.4371 	EXP 	Device response: <KeyPress from None: t=397.2758255000226, value=c, duration=0.15755140001419932>
398.2865 	EXP 	line1: autoDraw = True
398.2865 	EXP 	line2: autoDraw = True
398.2865 	EXP 	line3: autoDraw = True
398.2865 	EXP 	line4: autoDraw = True
398.3016 	EXP 	Fixation2: autoDraw = False
399.3015 	INFO 	Keyboard events cleared
399.3013 	EXP 	probe2: autoDraw = True
400.5018 	EXP 	Device response: <KeyPress from None: t=400.4918856000295, value=x, duration=None>
400.5023 	EXP 	New trial (rep=13, index=65): <Trial 65 (65 in rep 13) data={'Pos': np.int64(-150), 'corr_resp': 'z', 'thisN': 65, 'thisTrialN': 65, 'thisRepN': 13}>
400.5046 	DATA 	Keypress: x
400.5202 	EXP 	Fixation2: autoDraw = False
400.5202 	EXP 	line1: autoDraw = False
400.5202 	EXP 	line2: autoDraw = False
400.5202 	EXP 	line3: autoDraw = False
400.5202 	EXP 	line4: autoDraw = False
400.5202 	EXP 	probe2: autoDraw = False
400.5202 	EXP 	Fixation2: autoDraw = True
400.6204 	EXP 	Device response: <KeyPress from None: t=400.4918856000295, value=x, duration=0.11145650001708418>
401.5033 	EXP 	line1: autoDraw = True
401.5033 	EXP 	line2: autoDraw = True
401.5033 	EXP 	line3: autoDraw = True
401.5033 	EXP 	line4: autoDraw = True
401.5179 	EXP 	Fixation2: autoDraw = False
402.5014 	INFO 	Keyboard events cleared
402.5012 	EXP 	probe2: autoDraw = True
402.8016 	EXP 	Device response: <KeyPress from None: t=402.7992109999759, value=z, duration=None>
402.8022 	EXP 	New trial (rep=15, index=66): <Trial 66 (66 in rep 15) data={'Pos': np.int64(-50), 'corr_resp': 'x', 'thisN': 66, 'thisTrialN': 66, 'thisRepN': 15}>
402.8039 	DATA 	Keypress: z
402.8199 	EXP 	Fixation2: autoDraw = False
402.8199 	EXP 	line1: autoDraw = False
402.8199 	EXP 	line2: autoDraw = False
402.8199 	EXP 	line3: autoDraw = False
402.8199 	EXP 	line4: autoDraw = False
402.8199 	EXP 	probe2: autoDraw = False
402.8199 	EXP 	Fixation2: autoDraw = True
402.9373 	EXP 	Device response: <KeyPress from None: t=402.7992109999759, value=z, duration=0.13578190002590418>
403.8030 	EXP 	line1: autoDraw = True
403.8030 	EXP 	line2: autoDraw = True
403.8030 	EXP 	line3: autoDraw = True
403.8030 	EXP 	line4: autoDraw = True
403.8180 	EXP 	Fixation2: autoDraw = False
404.8017 	INFO 	Keyboard events cleared
404.8013 	EXP 	probe2: autoDraw = True
405.2686 	EXP 	Device response: <KeyPress from None: t=405.2613798000384, value=x, duration=None>
405.2691 	EXP 	New trial (rep=22, index=67): <Trial 67 (67 in rep 22) data={'Pos': np.int64(50), 'corr_resp': 'c', 'thisN': 67, 'thisTrialN': 67, 'thisRepN': 22}>
405.2707 	DATA 	Keypress: x
405.2862 	EXP 	Fixation2: autoDraw = False
405.2862 	EXP 	line1: autoDraw = False
405.2862 	EXP 	line2: autoDraw = False
405.2862 	EXP 	line3: autoDraw = False
405.2862 	EXP 	line4: autoDraw = False
405.2862 	EXP 	probe2: autoDraw = False
405.2862 	EXP 	Fixation2: autoDraw = True
405.3702 	EXP 	Device response: <KeyPress from None: t=405.2613798000384, value=x, duration=0.09969009994529188>
406.2700 	EXP 	line1: autoDraw = True
406.2700 	EXP 	line2: autoDraw = True
406.2700 	EXP 	line3: autoDraw = True
406.2700 	EXP 	line4: autoDraw = True
406.2846 	EXP 	Fixation2: autoDraw = False
407.2680 	INFO 	Keyboard events cleared
407.2678 	EXP 	probe2: autoDraw = True
407.8848 	EXP 	Device response: <KeyPress from None: t=407.88369619997684, value=c, duration=None>
407.8853 	EXP 	New trial (rep=15, index=68): <Trial 68 (68 in rep 15) data={'Pos': np.int64(150), 'corr_resp': 'v', 'thisN': 68, 'thisTrialN': 68, 'thisRepN': 15}>
407.8872 	DATA 	Keypress: c
407.9036 	EXP 	Fixation2: autoDraw = False
407.9036 	EXP 	line1: autoDraw = False
407.9036 	EXP 	line2: autoDraw = False
407.9036 	EXP 	line3: autoDraw = False
407.9036 	EXP 	line4: autoDraw = False
407.9036 	EXP 	probe2: autoDraw = False
407.9036 	EXP 	Fixation2: autoDraw = True
408.0537 	EXP 	Device response: <KeyPress from None: t=407.88369619997684, value=c, duration=0.15374040009919554>
408.8864 	EXP 	line1: autoDraw = True
408.8864 	EXP 	line2: autoDraw = True
408.8864 	EXP 	line3: autoDraw = True
408.8864 	EXP 	line4: autoDraw = True
408.9011 	EXP 	Fixation2: autoDraw = False
409.9010 	INFO 	Keyboard events cleared
409.9008 	EXP 	probe2: autoDraw = True
410.6182 	EXP 	Device response: <KeyPress from None: t=410.61032930004876, value=v, duration=None>
410.6187 	EXP 	New trial (rep=16, index=69): <Trial 69 (69 in rep 16) data={'Pos': np.int64(-50), 'corr_resp': 'x', 'thisN': 69, 'thisTrialN': 69, 'thisRepN': 16}>
410.6205 	DATA 	Keypress: v
410.6365 	EXP 	Fixation2: autoDraw = False
410.6365 	EXP 	line1: autoDraw = False
410.6365 	EXP 	line2: autoDraw = False
410.6365 	EXP 	line3: autoDraw = False
410.6365 	EXP 	line4: autoDraw = False
410.6365 	EXP 	probe2: autoDraw = False
410.6365 	EXP 	Fixation2: autoDraw = True
410.7867 	EXP 	Device response: <KeyPress from None: t=410.61032930004876, value=v, duration=0.1700746000278741>
411.6196 	EXP 	line1: autoDraw = True
411.6196 	EXP 	line2: autoDraw = True
411.6196 	EXP 	line3: autoDraw = True
411.6196 	EXP 	line4: autoDraw = True
411.6341 	EXP 	Fixation2: autoDraw = False
412.6180 	INFO 	Keyboard events cleared
412.6178 	EXP 	probe2: autoDraw = True
413.0847 	EXP 	Device response: <KeyPress from None: t=413.0798616000684, value=x, duration=None>
413.0852 	EXP 	New trial (rep=17, index=70): <Trial 70 (70 in rep 17) data={'Pos': np.int64(-50), 'corr_resp': 'x', 'thisN': 70, 'thisTrialN': 70, 'thisRepN': 17}>
413.0869 	DATA 	Keypress: x
413.1028 	EXP 	Fixation2: autoDraw = False
413.1028 	EXP 	line1: autoDraw = False
413.1028 	EXP 	line2: autoDraw = False
413.1028 	EXP 	line3: autoDraw = False
413.1028 	EXP 	line4: autoDraw = False
413.1028 	EXP 	probe2: autoDraw = False
413.1028 	EXP 	Fixation2: autoDraw = True
413.2041 	EXP 	Device response: <KeyPress from None: t=413.0798616000684, value=x, duration=0.1127254000166431>
414.0859 	EXP 	line1: autoDraw = True
414.0859 	EXP 	line2: autoDraw = True
414.0859 	EXP 	line3: autoDraw = True
414.0859 	EXP 	line4: autoDraw = True
414.1009 	EXP 	Fixation2: autoDraw = False
415.0845 	INFO 	Keyboard events cleared
415.0843 	EXP 	probe2: autoDraw = True
415.6682 	EXP 	Device response: <KeyPress from None: t=415.65362070000265, value=x, duration=None>
415.6687 	EXP 	New trial (rep=14, index=71): <Trial 71 (71 in rep 14) data={'Pos': np.int64(-150), 'corr_resp': 'z', 'thisN': 71, 'thisTrialN': 71, 'thisRepN': 14}>
415.6705 	DATA 	Keypress: x
415.6865 	EXP 	Fixation2: autoDraw = False
415.6865 	EXP 	line1: autoDraw = False
415.6865 	EXP 	line2: autoDraw = False
415.6865 	EXP 	line3: autoDraw = False
415.6865 	EXP 	line4: autoDraw = False
415.6865 	EXP 	probe2: autoDraw = False
415.6865 	EXP 	Fixation2: autoDraw = True
415.7538 	EXP 	Device response: <KeyPress from None: t=415.65362070000265, value=x, duration=0.08361610001884401>
416.6696 	EXP 	line1: autoDraw = True
416.6696 	EXP 	line2: autoDraw = True
416.6696 	EXP 	line3: autoDraw = True
416.6696 	EXP 	line4: autoDraw = True
416.6842 	EXP 	Fixation2: autoDraw = False
417.6844 	INFO 	Keyboard events cleared
417.6842 	EXP 	probe2: autoDraw = True
418.0183 	EXP 	Device response: <KeyPress from None: t=418.0057549000485, value=z, duration=None>
418.0188 	EXP 	New trial (rep=15, index=72): <Trial 72 (72 in rep 15) data={'Pos': np.int64(-150), 'corr_resp': 'z', 'thisN': 72, 'thisTrialN': 72, 'thisRepN': 15}>
418.0204 	DATA 	Keypress: z
418.0363 	EXP 	Fixation2: autoDraw = False
418.0363 	EXP 	line1: autoDraw = False
418.0363 	EXP 	line2: autoDraw = False
418.0363 	EXP 	line3: autoDraw = False
418.0363 	EXP 	line4: autoDraw = False
418.0363 	EXP 	probe2: autoDraw = False
418.0363 	EXP 	Fixation2: autoDraw = True
418.1693 	EXP 	Device response: <KeyPress from None: t=418.0057549000485, value=z, duration=0.1553299999795854>
419.0193 	EXP 	line1: autoDraw = True
419.0193 	EXP 	line2: autoDraw = True
419.0193 	EXP 	line3: autoDraw = True
419.0193 	EXP 	line4: autoDraw = True
419.0343 	EXP 	Fixation2: autoDraw = False
420.0348 	INFO 	Keyboard events cleared
420.0346 	EXP 	probe2: autoDraw = True
420.4018 	EXP 	Device response: <KeyPress from None: t=420.38806350005325, value=z, duration=None>
420.4023 	EXP 	New trial (rep=16, index=73): <Trial 73 (73 in rep 16) data={'Pos': np.int64(150), 'corr_resp': 'v', 'thisN': 73, 'thisTrialN': 73, 'thisRepN': 16}>
420.4039 	DATA 	Keypress: z
420.4194 	EXP 	Fixation2: autoDraw = False
420.4194 	EXP 	line1: autoDraw = False
420.4194 	EXP 	line2: autoDraw = False
420.4194 	EXP 	line3: autoDraw = False
420.4194 	EXP 	line4: autoDraw = False
420.4194 	EXP 	probe2: autoDraw = False
420.4194 	EXP 	Fixation2: autoDraw = True
420.5034 	EXP 	Device response: <KeyPress from None: t=420.38806350005325, value=z, duration=0.11105930001940578>
421.4027 	EXP 	line1: autoDraw = True
421.4027 	EXP 	line2: autoDraw = True
421.4027 	EXP 	line3: autoDraw = True
421.4027 	EXP 	line4: autoDraw = True
421.4177 	EXP 	Fixation2: autoDraw = False
422.4170 	INFO 	Keyboard events cleared
422.4169 	EXP 	probe2: autoDraw = True
422.9344 	EXP 	Device response: <KeyPress from None: t=422.9247381000314, value=v, duration=None>
422.9351 	EXP 	New trial (rep=23, index=74): <Trial 74 (74 in rep 23) data={'Pos': np.int64(50), 'corr_resp': 'c', 'thisN': 74, 'thisTrialN': 74, 'thisRepN': 23}>
422.9372 	DATA 	Keypress: v
422.9523 	EXP 	Fixation2: autoDraw = False
422.9523 	EXP 	line1: autoDraw = False
422.9523 	EXP 	line2: autoDraw = False
422.9523 	EXP 	line3: autoDraw = False
422.9523 	EXP 	line4: autoDraw = False
422.9523 	EXP 	probe2: autoDraw = False
422.9523 	EXP 	Fixation2: autoDraw = True
423.1031 	EXP 	Device response: <KeyPress from None: t=422.9247381000314, value=v, duration=0.17174130002968013>
423.9359 	EXP 	line1: autoDraw = True
423.9359 	EXP 	line2: autoDraw = True
423.9359 	EXP 	line3: autoDraw = True
423.9359 	EXP 	line4: autoDraw = True
423.9509 	EXP 	Fixation2: autoDraw = False
424.9339 	INFO 	Keyboard events cleared
424.9337 	EXP 	probe2: autoDraw = True
425.3514 	EXP 	Device response: <KeyPress from None: t=425.34106480004266, value=c, duration=None>
425.3519 	EXP 	New trial (rep=17, index=75): <Trial 75 (75 in rep 17) data={'Pos': np.int64(150), 'corr_resp': 'v', 'thisN': 75, 'thisTrialN': 75, 'thisRepN': 17}>
425.3538 	DATA 	Keypress: c
425.3700 	EXP 	Fixation2: autoDraw = False
425.3700 	EXP 	line1: autoDraw = False
425.3700 	EXP 	line2: autoDraw = False
425.3700 	EXP 	line3: autoDraw = False
425.3700 	EXP 	line4: autoDraw = False
425.3700 	EXP 	probe2: autoDraw = False
425.3700 	EXP 	Fixation2: autoDraw = True
425.4862 	EXP 	Device response: <KeyPress from None: t=425.34106480004266, value=c, duration=0.14079239999409765>
426.3533 	EXP 	line1: autoDraw = True
426.3533 	EXP 	line2: autoDraw = True
426.3533 	EXP 	line3: autoDraw = True
426.3533 	EXP 	line4: autoDraw = True
426.3672 	EXP 	Fixation2: autoDraw = False
427.3674 	INFO 	Keyboard events cleared
427.3672 	EXP 	probe2: autoDraw = True
427.8840 	EXP 	Device response: <KeyPress from None: t=427.87532200000715, value=v, duration=None>
427.8844 	EXP 	New trial (rep=16, index=76): <Trial 76 (76 in rep 16) data={'Pos': np.int64(-150), 'corr_resp': 'z', 'thisN': 76, 'thisTrialN': 76, 'thisRepN': 16}>
427.8859 	DATA 	Keypress: v
427.9026 	EXP 	Fixation2: autoDraw = False
427.9026 	EXP 	line1: autoDraw = False
427.9026 	EXP 	line2: autoDraw = False
427.9026 	EXP 	line3: autoDraw = False
427.9026 	EXP 	line4: autoDraw = False
427.9026 	EXP 	probe2: autoDraw = False
427.9026 	EXP 	Fixation2: autoDraw = True
428.0865 	EXP 	Device response: <KeyPress from None: t=427.87532200000715, value=v, duration=0.20922219997737557>
428.8863 	EXP 	line1: autoDraw = True
428.8863 	EXP 	line2: autoDraw = True
428.8863 	EXP 	line3: autoDraw = True
428.8863 	EXP 	line4: autoDraw = True
428.9004 	EXP 	Fixation2: autoDraw = False
429.8838 	INFO 	Keyboard events cleared
429.8836 	EXP 	probe2: autoDraw = True
430.2342 	EXP 	Device response: <KeyPress from None: t=430.2331306000706, value=z, duration=None>
430.2349 	EXP 	New trial (rep=17, index=77): <Trial 77 (77 in rep 17) data={'Pos': np.int64(-150), 'corr_resp': 'z', 'thisN': 77, 'thisTrialN': 77, 'thisRepN': 17}>
430.2367 	DATA 	Keypress: z
430.2527 	EXP 	Fixation2: autoDraw = False
430.2527 	EXP 	line1: autoDraw = False
430.2527 	EXP 	line2: autoDraw = False
430.2527 	EXP 	line3: autoDraw = False
430.2527 	EXP 	line4: autoDraw = False
430.2527 	EXP 	probe2: autoDraw = False
430.2527 	EXP 	Fixation2: autoDraw = True
430.3863 	EXP 	Device response: <KeyPress from None: t=430.2331306000706, value=z, duration=0.1388627999695018>
431.2358 	EXP 	line1: autoDraw = True
431.2358 	EXP 	line2: autoDraw = True
431.2358 	EXP 	line3: autoDraw = True
431.2358 	EXP 	line4: autoDraw = True
431.2510 	EXP 	Fixation2: autoDraw = False
432.2346 	INFO 	Keyboard events cleared
432.2344 	EXP 	probe2: autoDraw = True
432.6676 	EXP 	Device response: <KeyPress from None: t=432.66118380008265, value=z, duration=None>
432.6681 	EXP 	New trial (rep=18, index=78): <Trial 78 (78 in rep 18) data={'Pos': np.int64(150), 'corr_resp': 'v', 'thisN': 78, 'thisTrialN': 78, 'thisRepN': 18}>
432.6697 	DATA 	Keypress: z
432.6863 	EXP 	Fixation2: autoDraw = False
432.6863 	EXP 	line1: autoDraw = False
432.6863 	EXP 	line2: autoDraw = False
432.6863 	EXP 	line3: autoDraw = False
432.6863 	EXP 	line4: autoDraw = False
432.6863 	EXP 	probe2: autoDraw = False
432.6863 	EXP 	Fixation2: autoDraw = True
432.8198 	EXP 	Device response: <KeyPress from None: t=432.66118380008265, value=z, duration=0.14974029990844429>
433.6691 	EXP 	line1: autoDraw = True
433.6691 	EXP 	line2: autoDraw = True
433.6691 	EXP 	line3: autoDraw = True
433.6691 	EXP 	line4: autoDraw = True
433.6837 	EXP 	Fixation2: autoDraw = False
434.6673 	INFO 	Keyboard events cleared
434.6671 	EXP 	probe2: autoDraw = True
435.2175 	EXP 	Device response: <KeyPress from None: t=435.21232030005194, value=v, duration=None>
435.2180 	EXP 	New trial (rep=18, index=79): <Trial 79 (79 in rep 18) data={'Pos': np.int64(-50), 'corr_resp': 'x', 'thisN': 79, 'thisTrialN': 79, 'thisRepN': 18}>
435.2195 	DATA 	Keypress: v
435.2354 	EXP 	Fixation2: autoDraw = False
435.2354 	EXP 	line1: autoDraw = False
435.2354 	EXP 	line2: autoDraw = False
435.2354 	EXP 	line3: autoDraw = False
435.2354 	EXP 	line4: autoDraw = False
435.2354 	EXP 	probe2: autoDraw = False
435.2354 	EXP 	Fixation2: autoDraw = True
435.3703 	EXP 	Device response: <KeyPress from None: t=435.21232030005194, value=v, duration=0.15228559996467084>
436.2199 	EXP 	line1: autoDraw = True
436.2199 	EXP 	line2: autoDraw = True
436.2199 	EXP 	line3: autoDraw = True
436.2199 	EXP 	line4: autoDraw = True
436.2336 	EXP 	Fixation2: autoDraw = False
437.2171 	INFO 	Keyboard events cleared
437.2169 	EXP 	probe2: autoDraw = True
437.7848 	EXP 	Device response: <KeyPress from None: t=437.7704583000159, value=x, duration=None>
437.7852 	EXP 	New trial (rep=19, index=80): <Trial 80 (80 in rep 19) data={'Pos': np.int64(150), 'corr_resp': 'v', 'thisN': 80, 'thisTrialN': 80, 'thisRepN': 19}>
437.7868 	DATA 	Keypress: x
437.8022 	EXP 	Fixation2: autoDraw = False
437.8022 	EXP 	line1: autoDraw = False
437.8022 	EXP 	line2: autoDraw = False
437.8022 	EXP 	line3: autoDraw = False
437.8022 	EXP 	line4: autoDraw = False
437.8022 	EXP 	probe2: autoDraw = False
437.8022 	EXP 	Fixation2: autoDraw = True
437.9195 	EXP 	Device response: <KeyPress from None: t=437.7704583000159, value=x, duration=0.14000360004138201>
438.7858 	EXP 	line1: autoDraw = True
438.7858 	EXP 	line2: autoDraw = True
438.7858 	EXP 	line3: autoDraw = True
438.7858 	EXP 	line4: autoDraw = True
438.8008 	EXP 	Fixation2: autoDraw = False
439.8006 	INFO 	Keyboard events cleared
439.8004 	EXP 	probe2: autoDraw = True
440.3841 	EXP 	Device response: <KeyPress from None: t=440.37452640000265, value=v, duration=None>
440.3846 	EXP 	New trial (rep=18, index=81): <Trial 81 (81 in rep 18) data={'Pos': np.int64(-150), 'corr_resp': 'z', 'thisN': 81, 'thisTrialN': 81, 'thisRepN': 18}>
440.3863 	DATA 	Keypress: v
440.4023 	EXP 	Fixation2: autoDraw = False
440.4023 	EXP 	line1: autoDraw = False
440.4023 	EXP 	line2: autoDraw = False
440.4023 	EXP 	line3: autoDraw = False
440.4023 	EXP 	line4: autoDraw = False
440.4023 	EXP 	probe2: autoDraw = False
440.4023 	EXP 	Fixation2: autoDraw = True
440.5701 	EXP 	Device response: <KeyPress from None: t=440.37452640000265, value=v, duration=0.19361730001401156>
441.3855 	EXP 	line1: autoDraw = True
441.3855 	EXP 	line2: autoDraw = True
441.3855 	EXP 	line3: autoDraw = True
441.3855 	EXP 	line4: autoDraw = True
441.4002 	EXP 	Fixation2: autoDraw = False
442.3836 	INFO 	Keyboard events cleared
442.3834 	EXP 	probe2: autoDraw = True
443.0172 	EXP 	Device response: <KeyPress from None: t=443.0076643000357, value=z, duration=None>
443.0176 	EXP 	New trial (rep=19, index=82): <Trial 82 (82 in rep 19) data={'Pos': np.int64(-50), 'corr_resp': 'x', 'thisN': 82, 'thisTrialN': 82, 'thisRepN': 19}>
443.0203 	DATA 	Keypress: z
443.0357 	EXP 	Fixation2: autoDraw = False
443.0357 	EXP 	line1: autoDraw = False
443.0357 	EXP 	line2: autoDraw = False
443.0357 	EXP 	line3: autoDraw = False
443.0357 	EXP 	line4: autoDraw = False
443.0357 	EXP 	probe2: autoDraw = False
443.0357 	EXP 	Fixation2: autoDraw = True
443.1697 	EXP 	Device response: <KeyPress from None: t=443.0076643000357, value=z, duration=0.15800970001146197>
444.0189 	EXP 	line1: autoDraw = True
444.0189 	EXP 	line2: autoDraw = True
444.0189 	EXP 	line3: autoDraw = True
444.0189 	EXP 	line4: autoDraw = True
444.0330 	EXP 	Fixation2: autoDraw = False
445.0333 	INFO 	Keyboard events cleared
445.0331 	EXP 	probe2: autoDraw = True
445.4170 	EXP 	Device response: <KeyPress from None: t=445.4101931999903, value=x, duration=None>
445.4173 	EXP 	New trial (rep=19, index=83): <Trial 83 (83 in rep 19) data={'Pos': np.int64(-150), 'corr_resp': 'z', 'thisN': 83, 'thisTrialN': 83, 'thisRepN': 19}>
445.4188 	DATA 	Keypress: x
445.4350 	EXP 	Fixation2: autoDraw = False
445.4350 	EXP 	line1: autoDraw = False
445.4350 	EXP 	line2: autoDraw = False
445.4350 	EXP 	line3: autoDraw = False
445.4350 	EXP 	line4: autoDraw = False
445.4350 	EXP 	probe2: autoDraw = False
445.4350 	EXP 	Fixation2: autoDraw = True
445.5025 	EXP 	Device response: <KeyPress from None: t=445.4101931999903, value=x, duration=0.08313590008765459>
446.4184 	EXP 	line1: autoDraw = True
446.4184 	EXP 	line2: autoDraw = True
446.4184 	EXP 	line3: autoDraw = True
446.4184 	EXP 	line4: autoDraw = True
446.4330 	EXP 	Fixation2: autoDraw = False
447.4164 	INFO 	Keyboard events cleared
447.4163 	EXP 	probe2: autoDraw = True
448.3505 	EXP 	Device response: <KeyPress from None: t=448.33688100008294, value=z, duration=None>
448.3511 	EXP 	New trial (rep=20, index=84): <Trial 84 (84 in rep 20) data={'Pos': np.int64(-50), 'corr_resp': 'x', 'thisN': 84, 'thisTrialN': 84, 'thisRepN': 20}>
448.3531 	DATA 	Keypress: z
448.3684 	EXP 	Fixation2: autoDraw = False
448.3684 	EXP 	line1: autoDraw = False
448.3684 	EXP 	line2: autoDraw = False
448.3684 	EXP 	line3: autoDraw = False
448.3684 	EXP 	line4: autoDraw = False
448.3684 	EXP 	probe2: autoDraw = False
448.3684 	EXP 	Fixation2: autoDraw = True
448.4694 	EXP 	Device response: <KeyPress from None: t=448.33688100008294, value=z, duration=0.11866219993680716>
449.3530 	EXP 	line1: autoDraw = True
449.3530 	EXP 	line2: autoDraw = True
449.3530 	EXP 	line3: autoDraw = True
449.3530 	EXP 	line4: autoDraw = True
449.3666 	EXP 	Fixation2: autoDraw = False
450.3669 	INFO 	Keyboard events cleared
450.3667 	EXP 	probe2: autoDraw = True
451.0530 	DATA 	Keypress: x
451.0671 	EXP 	Device response: <KeyPress from None: t=451.05137490003835, value=x, duration=None>
451.0676 	EXP 	New trial (rep=21, index=85): <Trial 85 (85 in rep 21) data={'Pos': np.int64(-50), 'corr_resp': 'x', 'thisN': 85, 'thisTrialN': 85, 'thisRepN': 21}>
451.0851 	EXP 	Fixation2: autoDraw = False
451.0851 	EXP 	line1: autoDraw = False
451.0851 	EXP 	line2: autoDraw = False
451.0851 	EXP 	line3: autoDraw = False
451.0851 	EXP 	line4: autoDraw = False
451.0851 	EXP 	probe2: autoDraw = False
451.0851 	EXP 	Fixation2: autoDraw = True
451.1692 	EXP 	Device response: <KeyPress from None: t=451.05137490003835, value=x, duration=0.11076720000710338>
452.0688 	EXP 	line1: autoDraw = True
452.0688 	EXP 	line2: autoDraw = True
452.0688 	EXP 	line3: autoDraw = True
452.0688 	EXP 	line4: autoDraw = True
452.0833 	EXP 	Fixation2: autoDraw = False
453.0838 	INFO 	Keyboard events cleared
453.0836 	EXP 	probe2: autoDraw = True
453.5177 	EXP 	Device response: <KeyPress from None: t=453.51651440002024, value=x, duration=None>
453.5182 	EXP 	New trial (rep=20, index=86): <Trial 86 (86 in rep 20) data={'Pos': np.int64(-150), 'corr_resp': 'z', 'thisN': 86, 'thisTrialN': 86, 'thisRepN': 20}>
453.5198 	DATA 	Keypress: x
453.5355 	EXP 	Fixation2: autoDraw = False
453.5355 	EXP 	line1: autoDraw = False
453.5355 	EXP 	line2: autoDraw = False
453.5355 	EXP 	line3: autoDraw = False
453.5355 	EXP 	line4: autoDraw = False
453.5355 	EXP 	probe2: autoDraw = False
453.5355 	EXP 	Fixation2: autoDraw = True
453.6197 	EXP 	Device response: <KeyPress from None: t=453.51651440002024, value=x, duration=0.09066880005411804>
454.5186 	EXP 	line1: autoDraw = True
454.5186 	EXP 	line2: autoDraw = True
454.5186 	EXP 	line3: autoDraw = True
454.5186 	EXP 	line4: autoDraw = True
454.5334 	EXP 	Fixation2: autoDraw = False
455.5331 	INFO 	Keyboard events cleared
455.5330 	EXP 	probe2: autoDraw = True
455.9337 	EXP 	Device response: <KeyPress from None: t=455.927237899974, value=x, duration=None>
455.9341 	EXP 	New trial (rep=24, index=87): <Trial 87 (87 in rep 24) data={'Pos': np.int64(50), 'corr_resp': 'c', 'thisN': 87, 'thisTrialN': 87, 'thisRepN': 24}>
455.9370 	DATA 	Keypress: x
455.9522 	EXP 	Fixation2: autoDraw = False
455.9522 	EXP 	line1: autoDraw = False
455.9522 	EXP 	line2: autoDraw = False
455.9522 	EXP 	line3: autoDraw = False
455.9522 	EXP 	line4: autoDraw = False
455.9522 	EXP 	probe2: autoDraw = False
455.9522 	EXP 	Fixation2: autoDraw = True
456.0025 	EXP 	Device response: <KeyPress from None: t=455.927237899974, value=x, duration=0.05851890007033944>
456.9350 	EXP 	line1: autoDraw = True
456.9350 	EXP 	line2: autoDraw = True
456.9350 	EXP 	line3: autoDraw = True
456.9350 	EXP 	line4: autoDraw = True
456.9499 	EXP 	Fixation2: autoDraw = False
457.9333 	INFO 	Keyboard events cleared
457.9331 	EXP 	probe2: autoDraw = True
458.6335 	EXP 	Device response: <KeyPress from None: t=458.6310915000504, value=c, duration=None>
458.6339 	EXP 	New trial (rep=20, index=88): <Trial 88 (88 in rep 20) data={'Pos': np.int64(150), 'corr_resp': 'v', 'thisN': 88, 'thisTrialN': 88, 'thisRepN': 20}>
458.6357 	DATA 	Keypress: c
458.6515 	EXP 	Fixation2: autoDraw = False
458.6515 	EXP 	line1: autoDraw = False
458.6515 	EXP 	line2: autoDraw = False
458.6515 	EXP 	line3: autoDraw = False
458.6515 	EXP 	line4: autoDraw = False
458.6515 	EXP 	probe2: autoDraw = False
458.6515 	EXP 	Fixation2: autoDraw = True
458.8354 	EXP 	Device response: <KeyPress from None: t=458.6310915000504, value=c, duration=0.200443199952133>
459.6347 	EXP 	line1: autoDraw = True
459.6347 	EXP 	line2: autoDraw = True
459.6347 	EXP 	line3: autoDraw = True
459.6347 	EXP 	line4: autoDraw = True
459.6498 	EXP 	Fixation2: autoDraw = False
460.6339 	INFO 	Keyboard events cleared
460.6338 	EXP 	probe2: autoDraw = True
461.0676 	EXP 	Device response: <KeyPress from None: t=461.06688629998825, value=v, duration=None>
461.0683 	EXP 	New trial (rep=21, index=89): <Trial 89 (89 in rep 21) data={'Pos': np.int64(150), 'corr_resp': 'v', 'thisN': 89, 'thisTrialN': 89, 'thisRepN': 21}>
461.0700 	DATA 	Keypress: v
461.0847 	EXP 	Fixation2: autoDraw = False
461.0847 	EXP 	line1: autoDraw = False
461.0847 	EXP 	line2: autoDraw = False
461.0847 	EXP 	line3: autoDraw = False
461.0847 	EXP 	line4: autoDraw = False
461.0847 	EXP 	probe2: autoDraw = False
461.0847 	EXP 	Fixation2: autoDraw = True
461.2691 	EXP 	Device response: <KeyPress from None: t=461.06688629998825, value=v, duration=0.19935770006850362>
462.0686 	EXP 	line1: autoDraw = True
462.0686 	EXP 	line2: autoDraw = True
462.0686 	EXP 	line3: autoDraw = True
462.0686 	EXP 	line4: autoDraw = True
462.0836 	EXP 	Fixation2: autoDraw = False
463.0831 	INFO 	Keyboard events cleared
463.0830 	EXP 	probe2: autoDraw = True
463.8834 	EXP 	Device response: <KeyPress from None: t=463.8759369000327, value=c, duration=None>
463.8839 	EXP 	New trial (rep=22, index=90): <Trial 90 (90 in rep 22) data={'Pos': np.int64(150), 'corr_resp': 'v', 'thisN': 90, 'thisTrialN': 90, 'thisRepN': 22}>
463.8856 	DATA 	Keypress: c
463.9018 	EXP 	Fixation2: autoDraw = False
463.9018 	EXP 	line1: autoDraw = False
463.9018 	EXP 	line2: autoDraw = False
463.9018 	EXP 	line3: autoDraw = False
463.9018 	EXP 	line4: autoDraw = False
463.9018 	EXP 	probe2: autoDraw = False
463.9018 	EXP 	Fixation2: autoDraw = True
464.0357 	EXP 	Device response: <KeyPress from None: t=463.8759369000327, value=c, duration=0.14490910002496094>
464.8851 	EXP 	line1: autoDraw = True
464.8851 	EXP 	line2: autoDraw = True
464.8851 	EXP 	line3: autoDraw = True
464.8851 	EXP 	line4: autoDraw = True
464.8998 	EXP 	Fixation2: autoDraw = False
465.8829 	INFO 	Keyboard events cleared
465.8828 	EXP 	probe2: autoDraw = True
466.5004 	EXP 	Device response: <KeyPress from None: t=466.49369270005263, value=v, duration=None>
466.5008 	EXP 	New trial (rep=22, index=91): <Trial 91 (91 in rep 22) data={'Pos': np.int64(-50), 'corr_resp': 'x', 'thisN': 91, 'thisTrialN': 91, 'thisRepN': 22}>
466.5024 	DATA 	Keypress: v
466.5180 	EXP 	Fixation2: autoDraw = False
466.5180 	EXP 	line1: autoDraw = False
466.5180 	EXP 	line2: autoDraw = False
466.5180 	EXP 	line3: autoDraw = False
466.5180 	EXP 	line4: autoDraw = False
466.5180 	EXP 	probe2: autoDraw = False
466.5180 	EXP 	Fixation2: autoDraw = True
466.6850 	EXP 	Device response: <KeyPress from None: t=466.49369270005263, value=v, duration=0.1767135999398306>
467.5018 	EXP 	line1: autoDraw = True
467.5018 	EXP 	line2: autoDraw = True
467.5018 	EXP 	line3: autoDraw = True
467.5018 	EXP 	line4: autoDraw = True
467.5160 	EXP 	Fixation2: autoDraw = False
468.5164 	INFO 	Keyboard events cleared
468.5162 	EXP 	probe2: autoDraw = True
468.9172 	EXP 	Device response: <KeyPress from None: t=468.9071634999709, value=x, duration=None>
468.9176 	EXP 	New trial (rep=23, index=92): <Trial 92 (92 in rep 23) data={'Pos': np.int64(-50), 'corr_resp': 'x', 'thisN': 92, 'thisTrialN': 92, 'thisRepN': 23}>
468.9194 	DATA 	Keypress: x
468.9346 	EXP 	Fixation2: autoDraw = False
468.9346 	EXP 	line1: autoDraw = False
468.9346 	EXP 	line2: autoDraw = False
468.9346 	EXP 	line3: autoDraw = False
468.9346 	EXP 	line4: autoDraw = False
468.9346 	EXP 	probe2: autoDraw = False
468.9346 	EXP 	Fixation2: autoDraw = True
469.0023 	EXP 	Device response: <KeyPress from None: t=468.9071634999709, value=x, duration=0.08235020004212856>
469.9181 	EXP 	line1: autoDraw = True
469.9181 	EXP 	line2: autoDraw = True
469.9181 	EXP 	line3: autoDraw = True
469.9181 	EXP 	line4: autoDraw = True
469.9327 	EXP 	Fixation2: autoDraw = False
470.9332 	INFO 	Keyboard events cleared
470.9330 	EXP 	probe2: autoDraw = True
471.7832 	EXP 	Device response: <KeyPress from None: t=471.7738512000069, value=z, duration=None>
471.7837 	EXP 	New trial (rep=21, index=93): <Trial 93 (93 in rep 21) data={'Pos': np.int64(-150), 'corr_resp': 'z', 'thisN': 93, 'thisTrialN': 93, 'thisRepN': 21}>
471.7852 	DATA 	Keypress: z
471.8014 	EXP 	Fixation2: autoDraw = False
471.8014 	EXP 	line1: autoDraw = False
471.8014 	EXP 	line2: autoDraw = False
471.8014 	EXP 	line3: autoDraw = False
471.8014 	EXP 	line4: autoDraw = False
471.8014 	EXP 	probe2: autoDraw = False
471.8014 	EXP 	Fixation2: autoDraw = True
471.9188 	EXP 	Device response: <KeyPress from None: t=471.7738512000069, value=z, duration=0.12939690006896853>
472.7845 	EXP 	line1: autoDraw = True
472.7845 	EXP 	line2: autoDraw = True
472.7845 	EXP 	line3: autoDraw = True
472.7845 	EXP 	line4: autoDraw = True
472.7993 	EXP 	Fixation2: autoDraw = False
473.7828 	INFO 	Keyboard events cleared
473.7827 	EXP 	probe2: autoDraw = True
474.1997 	EXP 	Device response: <KeyPress from None: t=474.1985580000328, value=z, duration=None>
474.2002 	EXP 	New trial (rep=24, index=94): <Trial 94 (94 in rep 24) data={'Pos': np.int64(-50), 'corr_resp': 'x', 'thisN': 94, 'thisTrialN': 94, 'thisRepN': 24}>
474.2034 	DATA 	Keypress: z
474.2179 	EXP 	Fixation2: autoDraw = False
474.2179 	EXP 	line1: autoDraw = False
474.2179 	EXP 	line2: autoDraw = False
474.2179 	EXP 	line3: autoDraw = False
474.2179 	EXP 	line4: autoDraw = False
474.2179 	EXP 	probe2: autoDraw = False
474.2179 	EXP 	Fixation2: autoDraw = True
474.3183 	EXP 	Device response: <KeyPress from None: t=474.1985580000328, value=z, duration=0.11401589994784445>
475.2015 	EXP 	line1: autoDraw = True
475.2015 	EXP 	line2: autoDraw = True
475.2015 	EXP 	line3: autoDraw = True
475.2015 	EXP 	line4: autoDraw = True
475.2159 	EXP 	Fixation2: autoDraw = False
476.1995 	INFO 	Keyboard events cleared
476.1994 	EXP 	probe2: autoDraw = True
476.5998 	EXP 	Device response: <KeyPress from None: t=476.5906838000519, value=x, duration=None>
476.6003 	EXP 	New trial (rep=23, index=95): <Trial 95 (95 in rep 23) data={'Pos': np.int64(150), 'corr_resp': 'v', 'thisN': 95, 'thisTrialN': 95, 'thisRepN': 23}>
476.6012 	EXP 	Device response: <KeyPress from None: t=476.6009054000024, value=z, duration=None>
476.6024 	DATA 	Keypress: x
476.6028 	DATA 	Keypress: z
476.6183 	EXP 	Fixation2: autoDraw = False
476.6183 	EXP 	line1: autoDraw = False
476.6183 	EXP 	line2: autoDraw = False
476.6183 	EXP 	line3: autoDraw = False
476.6183 	EXP 	line4: autoDraw = False
476.6183 	EXP 	probe2: autoDraw = False
476.6183 	EXP 	Fixation2: autoDraw = True
476.6353 	EXP 	Device response: <KeyPress from None: t=476.6009054000024, value=z, duration=0.019858999992720783>
476.6520 	EXP 	Device response: <KeyPress from None: t=476.5906838000519, value=x, duration=0.05962419998832047>
477.6013 	EXP 	line1: autoDraw = True
477.6013 	EXP 	line2: autoDraw = True
477.6013 	EXP 	line3: autoDraw = True
477.6013 	EXP 	line4: autoDraw = True
477.6160 	EXP 	Fixation2: autoDraw = False
478.5995 	INFO 	Keyboard events cleared
478.5993 	EXP 	probe2: autoDraw = True
478.9669 	EXP 	Device response: <KeyPress from None: t=478.96033300005365, value=v, duration=None>
478.9675 	EXP 	New trial (rep=22, index=96): <Trial 96 (96 in rep 22) data={'Pos': np.int64(-150), 'corr_resp': 'z', 'thisN': 96, 'thisTrialN': 96, 'thisRepN': 22}>
478.9693 	DATA 	Keypress: v
478.9844 	EXP 	Fixation2: autoDraw = False
478.9844 	EXP 	line1: autoDraw = False
478.9844 	EXP 	line2: autoDraw = False
478.9844 	EXP 	line3: autoDraw = False
478.9844 	EXP 	line4: autoDraw = False
478.9844 	EXP 	probe2: autoDraw = False
478.9844 	EXP 	Fixation2: autoDraw = True
479.1518 	EXP 	Device response: <KeyPress from None: t=478.96033300005365, value=v, duration=0.18820470001082867>
479.9676 	EXP 	line1: autoDraw = True
479.9676 	EXP 	line2: autoDraw = True
479.9676 	EXP 	line3: autoDraw = True
479.9676 	EXP 	line4: autoDraw = True
479.9824 	EXP 	Fixation2: autoDraw = False
480.9828 	INFO 	Keyboard events cleared
480.9826 	EXP 	probe2: autoDraw = True
481.6163 	EXP 	Device response: <KeyPress from None: t=481.61024960002396, value=z, duration=None>
481.6168 	EXP 	New trial (rep=23, index=97): <Trial 97 (97 in rep 23) data={'Pos': np.int64(-150), 'corr_resp': 'z', 'thisN': 97, 'thisTrialN': 97, 'thisRepN': 23}>
481.6186 	DATA 	Keypress: z
481.6341 	EXP 	Fixation2: autoDraw = False
481.6341 	EXP 	line1: autoDraw = False
481.6341 	EXP 	line2: autoDraw = False
481.6341 	EXP 	line3: autoDraw = False
481.6341 	EXP 	line4: autoDraw = False
481.6341 	EXP 	probe2: autoDraw = False
481.6341 	EXP 	Fixation2: autoDraw = True
481.7516 	EXP 	Device response: <KeyPress from None: t=481.61024960002396, value=z, duration=0.12980630004312843>
482.6180 	EXP 	line1: autoDraw = True
482.6180 	EXP 	line2: autoDraw = True
482.6180 	EXP 	line3: autoDraw = True
482.6180 	EXP 	line4: autoDraw = True
482.6324 	EXP 	Fixation2: autoDraw = False
483.6160 	INFO 	Keyboard events cleared
483.6158 	EXP 	probe2: autoDraw = True
484.0166 	EXP 	Device response: <KeyPress from None: t=484.0080218000803, value=z, duration=None>
484.0171 	EXP 	New trial (rep=24, index=98): <Trial 98 (98 in rep 24) data={'Pos': np.int64(-150), 'corr_resp': 'z', 'thisN': 98, 'thisTrialN': 98, 'thisRepN': 24}>
484.0188 	DATA 	Keypress: z
484.0340 	EXP 	Fixation2: autoDraw = False
484.0340 	EXP 	line1: autoDraw = False
484.0340 	EXP 	line2: autoDraw = False
484.0340 	EXP 	line3: autoDraw = False
484.0340 	EXP 	line4: autoDraw = False
484.0340 	EXP 	probe2: autoDraw = False
484.0340 	EXP 	Fixation2: autoDraw = True
484.1182 	EXP 	Device response: <KeyPress from None: t=484.0080218000803, value=z, duration=0.09800839994568378>
485.0179 	EXP 	line1: autoDraw = True
485.0179 	EXP 	line2: autoDraw = True
485.0179 	EXP 	line3: autoDraw = True
485.0179 	EXP 	line4: autoDraw = True
485.0326 	EXP 	Fixation2: autoDraw = False
486.0326 	INFO 	Keyboard events cleared
486.0324 	EXP 	probe2: autoDraw = True
486.9995 	EXP 	Device response: <KeyPress from None: t=486.993562299991, value=z, duration=None>
487.0001 	EXP 	New trial (rep=24, index=99): <Trial 99 (99 in rep 24) data={'Pos': np.int64(150), 'corr_resp': 'v', 'thisN': 99, 'thisTrialN': 99, 'thisRepN': 24}>
487.0024 	DATA 	Keypress: z
487.0175 	EXP 	Fixation2: autoDraw = False
487.0175 	EXP 	line1: autoDraw = False
487.0175 	EXP 	line2: autoDraw = False
487.0175 	EXP 	line3: autoDraw = False
487.0175 	EXP 	line4: autoDraw = False
487.0175 	EXP 	probe2: autoDraw = False
487.0175 	EXP 	Fixation2: autoDraw = True
487.1182 	EXP 	Device response: <KeyPress from None: t=486.993562299991, value=z, duration=0.10818700003437698>
488.0018 	EXP 	line1: autoDraw = True
488.0018 	EXP 	line2: autoDraw = True
488.0018 	EXP 	line3: autoDraw = True
488.0018 	EXP 	line4: autoDraw = True
488.0156 	EXP 	Fixation2: autoDraw = False
489.0157 	INFO 	Keyboard events cleared
489.0155 	EXP 	probe2: autoDraw = True
489.7835 	EXP 	Device response: <KeyPress from None: t=489.7794748999877, value=v, duration=None>
489.7849 	DATA 	Keypress: v
489.7990 	EXP 	Fixation2: autoDraw = False
489.7990 	EXP 	line1: autoDraw = False
489.7990 	EXP 	line2: autoDraw = False
489.7990 	EXP 	line3: autoDraw = False
489.7990 	EXP 	line4: autoDraw = False
489.7990 	EXP 	probe2: autoDraw = False
489.7993 	EXP 	MotorSequence: status = STOPPED
489.8875 	INFO 	saved data to 'C:\\Users\\Darsh Modi\\OneDrive\\Documents\\AU\\PSY310\\Motor Sequence\\data\\P002_MotorSequence_2025-10-03_11h44.41.630.csv'
489.8908 	INFO 	saved data to C:\Users\Darsh Modi\OneDrive\Documents\AU\PSY310\Motor Sequence\data\P002_MotorSequence_2025-10-03_11h44.41.630.psydat
490.7971 	WARNING 	Stopping key buffers but this could be dangerous ifother keyboards rely on the same.
490.8482 	WARNING 	Stopping key buffers but this could be dangerous ifother keyboards rely on the same.
490.8483 	WARNING 	Stopping key buffers but this could be dangerous ifother keyboards rely on the same.
