10.6534 	INFO 	Loaded monitor calibration from ['2025_08_11 15:22']
10.6666 	WARNING 	User requested fullscreen with size [1280  720], but screen is actually [1920, 1080]. Using actual size
11.1003 	INFO 	Using renderer 'Intel(R) Iris(R) Xe Graphics' for graphics
11.1003 	INFO 	OpenGL version supported by driver is 4..
11.1687 	EXP 	Created window1 = Window(allowGUI=False, allowStencil=False, autoLog=True, backendConf=UNKNOWN, backgroundFit=<method-wrapper '__getattribute__' of attributeSetter object at 0x000002B3C73CCD00>, backgroundImage=<method-wrapper '__getattribute__' of attributeSetter object at 0x000002B3C73CCCA0>, bitsMode=UNKNOWN, blendMode='avg', bpc=(8, 8, 8), color=array([0, 0, 0]), colorSpace='rgb', depthBits=8, fullscr=True, gamma=None, gammaErrorPolicy='raise', infoMsg=UNKNOWN, lms=UNKNOWN, monitor=<psychopy.monitors.calibTools.Monitor object at 0x000002B3C7486650>, multiSample=False, name='window1', numSamples=2, pos=[np.float64(0.0), np.float64(0.0)], screen=0, size=array([1920, 1080]), stencilBits=0, stereo=False, title='PsychoPy', units='height', useFBO=True, useRetina=False, viewOri=0.0, viewPos=None, viewScale=None, waitBlanking=True, winType='pyglet')
11.1688 	EXP 	window1: backgroundImage = ''
11.1688 	EXP 	window1: backgroundFit = 'none'
11.5839 	EXP 	window1: Attempting to measure frame rate of screen (0) ...
11.5839 	EXP 	window1: recordFrameIntervals = False
11.7420 	EXP 	window1: recordFrameIntervals = True
11.8136 	WARNING 	t of last frame was 20.93ms (=1/47)
11.9929 	EXP 	Screen (0) actual frame rate measured at 59.90Hz
11.9930 	EXP 	window1: recordFrameIntervals = False
12.3646 	INFO 	keyboard.Keyboard is using ptb backend.
12.3649 	INFO 	keyboard.Keyboard is using ptb backend.
12.3651 	INFO 	keyboard.Keyboard is using ptb backend.
12.3651 	EXP 	MotorSequence: status = STARTED
12.3726 	EXP 	Created Fixation = ShapeStim(__class__=<class 'psychopy.visual.shape.ShapeStim'>, anchor=('center', 'center'), autoDraw=False, autoLog=True, closeShape=True, color=method-wrapper(...), colorSpace='rgb', contrast=None, depth=0.0, draggable=False, fillColor=array([-0.2549,  0.2392,  0.2549]), fillColorSpace='rgb', fillRGB=array([-0.2549,  0.2392,  0.2549]), interpolate=True, lineColor=array([-0.2549,  0.2392,  0.2549]), lineColorSpace='rgb', lineRGB=array([-0.2549,  0.2392,  0.2549]), lineWidth=1.0, name='Fixation', opacity=1, ori=0.0, pos=array([0., 0.]), size=array([10., 10.]), units='height', vertices=ndarray(...), win=Window(...), windingRule=None)
12.3753 	EXP 	Created Line1 = Rect(__class__=<class 'psychopy.visual.rect.Rect'>, anchor=('center', 'center'), autoDraw=False, autoLog=True, closeShape=True, color=method-wrapper(...), colorSpace='rgb', contrast=None, depth=-1.0, draggable=False, fillColor=array([1, 1, 1]), fillColorSpace='rgb', fillRGB=array([1, 1, 1]), interpolate=True, lineColor=array([1., 1., 1.]), lineColorSpace='rgb', lineRGB=array([1, 1, 1]), lineWidth=1.0, name='Line1', opacity=1, ori=90.0, pos=array([-150.,    0.]), size=array([100.,  10.]), units='pix', vertices=ndarray(...), win=Window(...))
12.3777 	EXP 	Created Line2 = Rect(__class__=<class 'psychopy.visual.rect.Rect'>, anchor=('center', 'center'), autoDraw=False, autoLog=True, closeShape=True, color=method-wrapper(...), colorSpace='rgb', contrast=None, depth=-2.0, draggable=False, fillColor=array([1, 1, 1]), fillColorSpace='rgb', fillRGB=array([1, 1, 1]), interpolate=True, lineColor=array([1., 1., 1.]), lineColorSpace='rgb', lineRGB=array([1, 1, 1]), lineWidth=1.0, name='Line2', opacity=1, ori=90.0, pos=array([-50.,   0.]), size=array([100.,  10.]), units='pix', vertices=ndarray(...), win=Window(...))
12.3797 	EXP 	Created Line3 = Rect(__class__=<class 'psychopy.visual.rect.Rect'>, anchor=('center', 'center'), autoDraw=False, autoLog=True, closeShape=True, color=method-wrapper(...), colorSpace='rgb', contrast=None, depth=-3.0, draggable=False, fillColor=array([1, 1, 1]), fillColorSpace='rgb', fillRGB=array([1, 1, 1]), interpolate=True, lineColor=array([1., 1., 1.]), lineColorSpace='rgb', lineRGB=array([1, 1, 1]), lineWidth=1.0, name='Line3', opacity=1, ori=90.0, pos=array([50.,  0.]), size=array([100.,  10.]), units='pix', vertices=ndarray(...), win=Window(...))
12.3818 	EXP 	Created Line4 = Rect(__class__=<class 'psychopy.visual.rect.Rect'>, anchor=('center', 'center'), autoDraw=False, autoLog=True, closeShape=True, color=method-wrapper(...), colorSpace='rgb', contrast=None, depth=-4.0, draggable=False, fillColor=array([1, 1, 1]), fillColorSpace='rgb', fillRGB=array([1, 1, 1]), interpolate=True, lineColor=array([1., 1., 1.]), lineColorSpace='rgb', lineRGB=array([1, 1, 1]), lineWidth=1.0, name='Line4', opacity=1, ori=90.0, pos=array([150.,   0.]), size=array([100.,  10.]), units='pix', vertices=ndarray(...), win=Window(...))
12.3842 	EXP 	Created Probe = ShapeStim(__class__=<class 'psychopy.visual.shape.ShapeStim'>, anchor=('center', 'center'), autoDraw=False, autoLog=True, closeShape=True, color=method-wrapper(...), colorSpace='rgb', contrast=None, depth=-5.0, draggable=False, fillColor=array([1, 1, 1]), fillColorSpace='rgb', fillRGB=array([1, 1, 1]), interpolate=True, lineColor=array([1., 1., 1.]), lineColorSpace='rgb', lineRGB=array([1, 1, 1]), lineWidth=1.0, name='Probe', opacity=1, ori=0.0, pos=array([0., 0.]), size=array([10., 10.]), units='pix', vertices=ndarray(...), win=Window(...), windingRule=None)
12.3860 	EXP 	Created Fixation2 = ShapeStim(__class__=<class 'psychopy.visual.shape.ShapeStim'>, anchor=('center', 'center'), autoDraw=False, autoLog=True, closeShape=True, color=method-wrapper(...), colorSpace='rgb', contrast=None, depth=0.0, draggable=False, fillColor=array([-0.2549,  0.2392,  0.2549]), fillColorSpace='rgb', fillRGB=array([-0.2549,  0.2392,  0.2549]), interpolate=True, lineColor=array([-0.2549,  0.2392,  0.2549]), lineColorSpace='rgb', lineRGB=array([-0.2549,  0.2392,  0.2549]), lineWidth=1.0, name='Fixation2', opacity=1, ori=0.0, pos=array([0., 0.]), size=array([10., 10.]), units='height', vertices=ndarray(...), win=Window(...), windingRule=None)
12.3875 	EXP 	Created line1 = Rect(__class__=<class 'psychopy.visual.rect.Rect'>, anchor=('center', 'center'), autoDraw=False, autoLog=True, closeShape=True, color=method-wrapper(...), colorSpace='rgb', contrast=None, depth=-1.0, draggable=False, fillColor=array([1, 1, 1]), fillColorSpace='rgb', fillRGB=array([1, 1, 1]), interpolate=True, lineColor=array([1., 1., 1.]), lineColorSpace='rgb', lineRGB=array([1, 1, 1]), lineWidth=1.0, name='line1', opacity=1, ori=90.0, pos=array([-150.,    0.]), size=array([100.,  10.]), units='pix', vertices=ndarray(...), win=Window(...))
12.3890 	EXP 	Created line2 = Rect(__class__=<class 'psychopy.visual.rect.Rect'>, anchor=('center', 'center'), autoDraw=False, autoLog=True, closeShape=True, color=method-wrapper(...), colorSpace='rgb', contrast=None, depth=-2.0, draggable=False, fillColor=array([1, 1, 1]), fillColorSpace='rgb', fillRGB=array([1, 1, 1]), interpolate=True, lineColor=array([1., 1., 1.]), lineColorSpace='rgb', lineRGB=array([1, 1, 1]), lineWidth=1.0, name='line2', opacity=1, ori=90.0, pos=array([-150.,    0.]), size=array([100.,  10.]), units='pix', vertices=ndarray(...), win=Window(...))
12.3904 	EXP 	Created line3 = Rect(__class__=<class 'psychopy.visual.rect.Rect'>, anchor=('center', 'center'), autoDraw=False, autoLog=True, closeShape=True, color=method-wrapper(...), colorSpace='rgb', contrast=None, depth=-3.0, draggable=False, fillColor=array([1, 1, 1]), fillColorSpace='rgb', fillRGB=array([1, 1, 1]), interpolate=True, lineColor=array([1., 1., 1.]), lineColorSpace='rgb', lineRGB=array([1, 1, 1]), lineWidth=1.0, name='line3', opacity=1, ori=90.0, pos=array([-150.,    0.]), size=array([100.,  10.]), units='pix', vertices=ndarray(...), win=Window(...))
12.3916 	EXP 	Created line4 = Rect(__class__=<class 'psychopy.visual.rect.Rect'>, anchor=('center', 'center'), autoDraw=False, autoLog=True, closeShape=True, color=method-wrapper(...), colorSpace='rgb', contrast=None, depth=-4.0, draggable=False, fillColor=array([1, 1, 1]), fillColorSpace='rgb', fillRGB=array([1, 1, 1]), interpolate=True, lineColor=array([1., 1., 1.]), lineColorSpace='rgb', lineRGB=array([1, 1, 1]), lineWidth=1.0, name='line4', opacity=1, ori=90.0, pos=array([-150.,    0.]), size=array([100.,  10.]), units='pix', vertices=ndarray(...), win=Window(...))
12.3929 	EXP 	Created probe2 = ShapeStim(__class__=<class 'psychopy.visual.shape.ShapeStim'>, anchor=('center', 'center'), autoDraw=False, autoLog=True, closeShape=True, color=method-wrapper(...), colorSpace='rgb', contrast=None, depth=-5.0, draggable=False, fillColor=array([1, 1, 1]), fillColorSpace='rgb', fillRGB=array([1, 1, 1]), interpolate=True, lineColor=array([1., 1., 1.]), lineColorSpace='rgb', lineRGB=array([1, 1, 1]), lineWidth=1.0, name='probe2', opacity=1, ori=0.0, pos=array([0., 0.]), size=array([10., 10.]), units='pix', vertices=ndarray(...), win=Window(...), windingRule=None)
0.0079 	EXP 	Imported ConditionsFile.csv as conditions, 4 conditions, 2 params
0.0088 	EXP 	New trial (rep=0, index=0): <Trial 0 (0 in rep 0) data={'Pos': np.int64(-50), 'corr_resp': 'x', 'thisN': 0, 'thisTrialN': 0, 'thisRepN': 0}>
0.0134 	EXP 	Fixation: autoDraw = True
1.0012 	EXP 	Line1: autoDraw = True
1.0012 	EXP 	Line2: autoDraw = True
1.0012 	EXP 	Line3: autoDraw = True
1.0012 	EXP 	Line4: autoDraw = True
1.0158 	EXP 	Fixation: autoDraw = False
1.9996 	INFO 	Keyboard events cleared
1.9994 	EXP 	Probe: autoDraw = True
3.3254 	EXP 	Device response: <KeyPress from None: t=3.306423500063829, value=x, duration=None>
3.3259 	EXP 	New trial (rep=0, index=1): <Trial 1 (1 in rep 0) data={'Pos': np.int64(150), 'corr_resp': 'v', 'thisN': 1, 'thisTrialN': 1, 'thisRepN': 0}>
3.3276 	DATA 	Keypress: x
3.3343 	EXP 	Fixation: autoDraw = False
3.3343 	EXP 	Line1: autoDraw = False
3.3343 	EXP 	Line2: autoDraw = False
3.3343 	EXP 	Line3: autoDraw = False
3.3343 	EXP 	Line4: autoDraw = False
3.3343 	EXP 	Probe: autoDraw = False
3.3343 	EXP 	Fixation: autoDraw = True
3.4014 	EXP 	Device response: <KeyPress from None: t=3.306423500063829, value=x, duration=0.07972809998318553>
4.3327 	EXP 	Fixation: autoDraw = False
4.3327 	EXP 	Line1: autoDraw = True
4.3327 	EXP 	Line2: autoDraw = True
4.3327 	EXP 	Line3: autoDraw = True
4.3327 	EXP 	Line4: autoDraw = True
5.3326 	INFO 	Keyboard events cleared
5.3324 	EXP 	Probe: autoDraw = True
6.6831 	EXP 	Device response: <KeyPress from None: t=6.669095700024627, value=v, duration=None>
6.6836 	EXP 	New trial (rep=0, index=2): <Trial 2 (2 in rep 0) data={'Pos': np.int64(50), 'corr_resp': 'c', 'thisN': 2, 'thisTrialN': 2, 'thisRepN': 0}>
6.6854 	DATA 	Keypress: v
6.7010 	EXP 	Fixation: autoDraw = False
6.7010 	EXP 	Line1: autoDraw = False
6.7010 	EXP 	Line2: autoDraw = False
6.7010 	EXP 	Line3: autoDraw = False
6.7010 	EXP 	Line4: autoDraw = False
6.7010 	EXP 	Probe: autoDraw = False
6.7010 	EXP 	Fixation: autoDraw = True
6.8853 	EXP 	Device response: <KeyPress from None: t=6.669095700024627, value=v, duration=0.20589820004533976>
7.6843 	EXP 	Line1: autoDraw = True
7.6843 	EXP 	Line2: autoDraw = True
7.6843 	EXP 	Line3: autoDraw = True
7.6843 	EXP 	Line4: autoDraw = True
7.6995 	EXP 	Fixation: autoDraw = False
8.6827 	INFO 	Keyboard events cleared
8.6825 	EXP 	Probe: autoDraw = True
10.1857 	DATA 	Keypress: c
10.1998 	EXP 	Device response: <KeyPress from None: t=10.185214400058612, value=c, duration=None>
10.2003 	EXP 	New trial (rep=0, index=3): <Trial 3 (3 in rep 0) data={'Pos': np.int64(-150), 'corr_resp': 'z', 'thisN': 3, 'thisTrialN': 3, 'thisRepN': 0}>
10.2180 	EXP 	Fixation: autoDraw = False
10.2180 	EXP 	Line1: autoDraw = False
10.2180 	EXP 	Line2: autoDraw = False
10.2180 	EXP 	Line3: autoDraw = False
10.2180 	EXP 	Line4: autoDraw = False
10.2180 	EXP 	Probe: autoDraw = False
10.2180 	EXP 	Fixation: autoDraw = True
10.4009 	EXP 	Device response: <KeyPress from None: t=10.185214400058612, value=c, duration=0.20054550003260374>
11.2008 	EXP 	Line1: autoDraw = True
11.2008 	EXP 	Line2: autoDraw = True
11.2008 	EXP 	Line3: autoDraw = True
11.2008 	EXP 	Line4: autoDraw = True
11.2155 	EXP 	Fixation: autoDraw = False
12.2160 	INFO 	Keyboard events cleared
12.2158 	EXP 	Probe: autoDraw = True
12.7160 	EXP 	Device response: <KeyPress from None: t=12.709554900065996, value=z, duration=None>
12.7165 	EXP 	New trial (rep=1, index=0): <Trial 4 (0 in rep 1) data={'Pos': np.int64(-50), 'corr_resp': 'x', 'thisN': 4, 'thisTrialN': 0, 'thisRepN': 1}>
12.7183 	DATA 	Keypress: z
12.7344 	EXP 	Fixation: autoDraw = False
12.7344 	EXP 	Line1: autoDraw = False
12.7344 	EXP 	Line2: autoDraw = False
12.7344 	EXP 	Line3: autoDraw = False
12.7344 	EXP 	Line4: autoDraw = False
12.7344 	EXP 	Probe: autoDraw = False
12.7344 	EXP 	Fixation: autoDraw = True
13.0517 	EXP 	Device response: <KeyPress from None: t=12.709554900065996, value=z, duration=0.3324947999790311>
13.7172 	EXP 	Line1: autoDraw = True
13.7172 	EXP 	Line2: autoDraw = True
13.7172 	EXP 	Line3: autoDraw = True
13.7172 	EXP 	Line4: autoDraw = True
13.7324 	EXP 	Fixation: autoDraw = False
14.7161 	INFO 	Keyboard events cleared
14.7159 	EXP 	Probe: autoDraw = True
15.3496 	EXP 	Device response: <KeyPress from None: t=15.34701660007704, value=x, duration=None>
15.3501 	EXP 	New trial (rep=1, index=1): <Trial 5 (1 in rep 1) data={'Pos': np.int64(150), 'corr_resp': 'v', 'thisN': 5, 'thisTrialN': 1, 'thisRepN': 1}>
15.3521 	DATA 	Keypress: x
15.3675 	EXP 	Fixation: autoDraw = False
15.3675 	EXP 	Line1: autoDraw = False
15.3675 	EXP 	Line2: autoDraw = False
15.3675 	EXP 	Line3: autoDraw = False
15.3675 	EXP 	Line4: autoDraw = False
15.3675 	EXP 	Probe: autoDraw = False
15.3675 	EXP 	Fixation: autoDraw = True
15.6014 	EXP 	Device response: <KeyPress from None: t=15.34701660007704, value=x, duration=0.2465428999857977>
16.3509 	EXP 	Line1: autoDraw = True
16.3509 	EXP 	Line2: autoDraw = True
16.3509 	EXP 	Line3: autoDraw = True
16.3509 	EXP 	Line4: autoDraw = True
16.3657 	EXP 	Fixation: autoDraw = False
17.3493 	INFO 	Keyboard events cleared
17.3491 	EXP 	Probe: autoDraw = True
18.1829 	EXP 	Device response: <KeyPress from None: t=18.175350000034086, value=v, duration=None>
18.1835 	EXP 	New trial (rep=1, index=2): <Trial 6 (2 in rep 1) data={'Pos': np.int64(50), 'corr_resp': 'c', 'thisN': 6, 'thisTrialN': 2, 'thisRepN': 1}>
18.1856 	DATA 	Keypress: v
18.2008 	EXP 	Fixation: autoDraw = False
18.2008 	EXP 	Line1: autoDraw = False
18.2008 	EXP 	Line2: autoDraw = False
18.2008 	EXP 	Line3: autoDraw = False
18.2008 	EXP 	Line4: autoDraw = False
18.2008 	EXP 	Probe: autoDraw = False
18.2008 	EXP 	Fixation: autoDraw = True
18.3513 	EXP 	Device response: <KeyPress from None: t=18.175350000034086, value=v, duration=0.16774980002082884>
19.2475 	EXP 	Line1: autoDraw = True
19.2475 	EXP 	Line2: autoDraw = True
19.2475 	EXP 	Line3: autoDraw = True
19.2475 	EXP 	Line4: autoDraw = True
19.2499 	EXP 	Fixation: autoDraw = False
20.1992 	INFO 	Keyboard events cleared
20.1990 	EXP 	Probe: autoDraw = True
21.1854 	DATA 	Keypress: c
21.1995 	EXP 	Device response: <KeyPress from None: t=21.18399410007987, value=c, duration=None>
21.2000 	EXP 	New trial (rep=1, index=3): <Trial 7 (3 in rep 1) data={'Pos': np.int64(-150), 'corr_resp': 'z', 'thisN': 7, 'thisTrialN': 3, 'thisRepN': 1}>
21.2177 	EXP 	Fixation: autoDraw = False
21.2177 	EXP 	Line1: autoDraw = False
21.2177 	EXP 	Line2: autoDraw = False
21.2177 	EXP 	Line3: autoDraw = False
21.2177 	EXP 	Line4: autoDraw = False
21.2177 	EXP 	Probe: autoDraw = False
21.2177 	EXP 	Fixation: autoDraw = True
21.4017 	EXP 	Device response: <KeyPress from None: t=21.18399410007987, value=c, duration=0.21081750001758337>
22.2007 	EXP 	Line1: autoDraw = True
22.2007 	EXP 	Line2: autoDraw = True
22.2007 	EXP 	Line3: autoDraw = True
22.2007 	EXP 	Line4: autoDraw = True
22.2155 	EXP 	Fixation: autoDraw = False
23.2156 	INFO 	Keyboard events cleared
23.2154 	EXP 	Probe: autoDraw = True
23.9159 	EXP 	Device response: <KeyPress from None: t=23.9123006000882, value=z, duration=None>
23.9165 	EXP 	New trial (rep=2, index=0): <Trial 8 (0 in rep 2) data={'Pos': np.int64(-50), 'corr_resp': 'x', 'thisN': 8, 'thisTrialN': 0, 'thisRepN': 2}>
23.9182 	DATA 	Keypress: z
23.9340 	EXP 	Fixation: autoDraw = False
23.9340 	EXP 	Line1: autoDraw = False
23.9340 	EXP 	Line2: autoDraw = False
23.9340 	EXP 	Line3: autoDraw = False
23.9340 	EXP 	Line4: autoDraw = False
23.9340 	EXP 	Probe: autoDraw = False
23.9340 	EXP 	Fixation: autoDraw = True
24.0845 	EXP 	Device response: <KeyPress from None: t=23.9123006000882, value=z, duration=0.15671629994176328>
24.9173 	EXP 	Line1: autoDraw = True
24.9173 	EXP 	Line2: autoDraw = True
24.9173 	EXP 	Line3: autoDraw = True
24.9173 	EXP 	Line4: autoDraw = True
24.9322 	EXP 	Fixation: autoDraw = False
25.9157 	INFO 	Keyboard events cleared
25.9155 	EXP 	Probe: autoDraw = True
26.7992 	EXP 	Device response: <KeyPress from None: t=26.789525000029244, value=x, duration=None>
26.7998 	EXP 	New trial (rep=2, index=1): <Trial 9 (1 in rep 2) data={'Pos': np.int64(150), 'corr_resp': 'v', 'thisN': 9, 'thisTrialN': 1, 'thisRepN': 2}>
26.8016 	DATA 	Keypress: x
26.8172 	EXP 	Fixation: autoDraw = False
26.8172 	EXP 	Line1: autoDraw = False
26.8172 	EXP 	Line2: autoDraw = False
26.8172 	EXP 	Line3: autoDraw = False
26.8172 	EXP 	Line4: autoDraw = False
26.8172 	EXP 	Probe: autoDraw = False
26.8172 	EXP 	Fixation: autoDraw = True
27.0011 	EXP 	Device response: <KeyPress from None: t=26.789525000029244, value=x, duration=0.20427810004912317>
27.8005 	EXP 	Line1: autoDraw = True
27.8005 	EXP 	Line2: autoDraw = True
27.8005 	EXP 	Line3: autoDraw = True
27.8005 	EXP 	Line4: autoDraw = True
27.8153 	EXP 	Fixation: autoDraw = False
28.8150 	INFO 	Keyboard events cleared
28.8149 	EXP 	Probe: autoDraw = True
29.6153 	EXP 	Device response: <KeyPress from None: t=29.605234900023788, value=v, duration=None>
29.6157 	EXP 	New trial (rep=2, index=2): <Trial 10 (2 in rep 2) data={'Pos': np.int64(50), 'corr_resp': 'c', 'thisN': 10, 'thisTrialN': 2, 'thisRepN': 2}>
29.6170 	DATA 	Keypress: v
29.6338 	EXP 	Fixation: autoDraw = False
29.6338 	EXP 	Line1: autoDraw = False
29.6338 	EXP 	Line2: autoDraw = False
29.6338 	EXP 	Line3: autoDraw = False
29.6338 	EXP 	Line4: autoDraw = False
29.6338 	EXP 	Probe: autoDraw = False
29.6338 	EXP 	Fixation: autoDraw = True
29.7679 	EXP 	Device response: <KeyPress from None: t=29.605234900023788, value=v, duration=0.15740100003313273>
30.6172 	EXP 	Line1: autoDraw = True
30.6172 	EXP 	Line2: autoDraw = True
30.6172 	EXP 	Line3: autoDraw = True
30.6172 	EXP 	Line4: autoDraw = True
30.6316 	EXP 	Fixation: autoDraw = False
31.6151 	INFO 	Keyboard events cleared
31.6149 	EXP 	Probe: autoDraw = True
32.4320 	EXP 	Device response: <KeyPress from None: t=32.418988800025545, value=c, duration=None>
32.4325 	EXP 	New trial (rep=2, index=3): <Trial 11 (3 in rep 2) data={'Pos': np.int64(-150), 'corr_resp': 'z', 'thisN': 11, 'thisTrialN': 3, 'thisRepN': 2}>
32.4337 	DATA 	Keypress: c
32.4503 	EXP 	Fixation: autoDraw = False
32.4503 	EXP 	Line1: autoDraw = False
32.4503 	EXP 	Line2: autoDraw = False
32.4503 	EXP 	Line3: autoDraw = False
32.4503 	EXP 	Line4: autoDraw = False
32.4503 	EXP 	Probe: autoDraw = False
32.4503 	EXP 	Fixation: autoDraw = True
32.6171 	EXP 	Device response: <KeyPress from None: t=32.418988800025545, value=c, duration=0.18115970003418624>
33.4336 	EXP 	Line1: autoDraw = True
33.4336 	EXP 	Line2: autoDraw = True
33.4336 	EXP 	Line3: autoDraw = True
33.4336 	EXP 	Line4: autoDraw = True
33.4482 	EXP 	Fixation: autoDraw = False
34.4320 	INFO 	Keyboard events cleared
34.4318 	EXP 	Probe: autoDraw = True
35.0155 	EXP 	Device response: <KeyPress from None: t=35.01343970000744, value=z, duration=None>
35.0161 	EXP 	New trial (rep=3, index=0): <Trial 12 (0 in rep 3) data={'Pos': np.int64(-50), 'corr_resp': 'x', 'thisN': 12, 'thisTrialN': 0, 'thisRepN': 3}>
35.0178 	DATA 	Keypress: z
35.0337 	EXP 	Fixation: autoDraw = False
35.0337 	EXP 	Line1: autoDraw = False
35.0337 	EXP 	Line2: autoDraw = False
35.0337 	EXP 	Line3: autoDraw = False
35.0337 	EXP 	Line4: autoDraw = False
35.0337 	EXP 	Probe: autoDraw = False
35.0337 	EXP 	Fixation: autoDraw = True
35.2166 	EXP 	Device response: <KeyPress from None: t=35.01343970000744, value=z, duration=0.1867690000217408>
36.0170 	EXP 	Line1: autoDraw = True
36.0170 	EXP 	Line2: autoDraw = True
36.0170 	EXP 	Line3: autoDraw = True
36.0170 	EXP 	Line4: autoDraw = True
36.0319 	EXP 	Fixation: autoDraw = False
37.0152 	INFO 	Keyboard events cleared
37.0149 	EXP 	Probe: autoDraw = True
37.9010 	DATA 	Keypress: x
37.9157 	EXP 	Device response: <KeyPress from None: t=37.899870500084944, value=x, duration=None>
37.9162 	EXP 	New trial (rep=3, index=1): <Trial 13 (1 in rep 3) data={'Pos': np.int64(150), 'corr_resp': 'v', 'thisN': 13, 'thisTrialN': 1, 'thisRepN': 3}>
37.9333 	EXP 	Fixation: autoDraw = False
37.9333 	EXP 	Line1: autoDraw = False
37.9333 	EXP 	Line2: autoDraw = False
37.9333 	EXP 	Line3: autoDraw = False
37.9333 	EXP 	Line4: autoDraw = False
37.9333 	EXP 	Probe: autoDraw = False
37.9333 	EXP 	Fixation: autoDraw = True
38.1346 	EXP 	Device response: <KeyPress from None: t=37.899870500084944, value=x, duration=0.2334002999123186>
38.9166 	EXP 	Line1: autoDraw = True
38.9166 	EXP 	Line2: autoDraw = True
38.9166 	EXP 	Line3: autoDraw = True
38.9166 	EXP 	Line4: autoDraw = True
38.9317 	EXP 	Fixation: autoDraw = False
39.9321 	INFO 	Keyboard events cleared
39.9319 	EXP 	Probe: autoDraw = True
40.7842 	DATA 	Keypress: v
40.7989 	EXP 	Device response: <KeyPress from None: t=40.782037100056186, value=v, duration=None>
40.7995 	EXP 	New trial (rep=3, index=2): <Trial 14 (2 in rep 3) data={'Pos': np.int64(50), 'corr_resp': 'c', 'thisN': 14, 'thisTrialN': 2, 'thisRepN': 3}>
40.8168 	EXP 	Fixation: autoDraw = False
40.8168 	EXP 	Line1: autoDraw = False
40.8168 	EXP 	Line2: autoDraw = False
40.8168 	EXP 	Line3: autoDraw = False
40.8168 	EXP 	Line4: autoDraw = False
40.8168 	EXP 	Probe: autoDraw = False
40.8168 	EXP 	Fixation: autoDraw = True
40.9510 	EXP 	Device response: <KeyPress from None: t=40.782037100056186, value=v, duration=0.15298839996103197>
41.8001 	EXP 	Line1: autoDraw = True
41.8001 	EXP 	Line2: autoDraw = True
41.8001 	EXP 	Line3: autoDraw = True
41.8001 	EXP 	Line4: autoDraw = True
41.8149 	EXP 	Fixation: autoDraw = False
42.8153 	INFO 	Keyboard events cleared
42.8151 	EXP 	Probe: autoDraw = True
43.6152 	EXP 	Device response: <KeyPress from None: t=43.61168960004579, value=c, duration=None>
43.6157 	EXP 	New trial (rep=3, index=3): <Trial 15 (3 in rep 3) data={'Pos': np.int64(-150), 'corr_resp': 'z', 'thisN': 15, 'thisTrialN': 3, 'thisRepN': 3}>
43.6177 	DATA 	Keypress: c
43.6336 	EXP 	Fixation: autoDraw = False
43.6336 	EXP 	Line1: autoDraw = False
43.6336 	EXP 	Line2: autoDraw = False
43.6336 	EXP 	Line3: autoDraw = False
43.6336 	EXP 	Line4: autoDraw = False
43.6336 	EXP 	Probe: autoDraw = False
43.6336 	EXP 	Fixation: autoDraw = True
43.7842 	EXP 	Device response: <KeyPress from None: t=43.61168960004579, value=c, duration=0.1669425000436604>
44.6166 	EXP 	Line1: autoDraw = True
44.6166 	EXP 	Line2: autoDraw = True
44.6166 	EXP 	Line3: autoDraw = True
44.6166 	EXP 	Line4: autoDraw = True
44.6317 	EXP 	Fixation: autoDraw = False
45.6146 	INFO 	Keyboard events cleared
45.6144 	EXP 	Probe: autoDraw = True
46.2154 	EXP 	Device response: <KeyPress from None: t=46.202484100009315, value=z, duration=None>
46.2159 	EXP 	New trial (rep=4, index=0): <Trial 16 (0 in rep 4) data={'Pos': np.int64(-50), 'corr_resp': 'x', 'thisN': 16, 'thisTrialN': 0, 'thisRepN': 4}>
46.2180 	DATA 	Keypress: z
46.2330 	EXP 	Fixation: autoDraw = False
46.2330 	EXP 	Line1: autoDraw = False
46.2330 	EXP 	Line2: autoDraw = False
46.2330 	EXP 	Line3: autoDraw = False
46.2330 	EXP 	Line4: autoDraw = False
46.2330 	EXP 	Probe: autoDraw = False
46.2330 	EXP 	Fixation: autoDraw = True
46.3845 	EXP 	Device response: <KeyPress from None: t=46.202484100009315, value=z, duration=0.18042440002318472>
47.2167 	EXP 	Line1: autoDraw = True
47.2167 	EXP 	Line2: autoDraw = True
47.2167 	EXP 	Line3: autoDraw = True
47.2167 	EXP 	Line4: autoDraw = True
47.2316 	EXP 	Fixation: autoDraw = False
48.2318 	INFO 	Keyboard events cleared
48.2317 	EXP 	Probe: autoDraw = True
49.0819 	EXP 	Device response: <KeyPress from None: t=49.07928110007197, value=x, duration=None>
49.0824 	EXP 	New trial (rep=4, index=1): <Trial 17 (1 in rep 4) data={'Pos': np.int64(150), 'corr_resp': 'v', 'thisN': 17, 'thisTrialN': 1, 'thisRepN': 4}>
49.0842 	DATA 	Keypress: x
49.0999 	EXP 	Fixation: autoDraw = False
49.0999 	EXP 	Line1: autoDraw = False
49.0999 	EXP 	Line2: autoDraw = False
49.0999 	EXP 	Line3: autoDraw = False
49.0999 	EXP 	Line4: autoDraw = False
49.0999 	EXP 	Probe: autoDraw = False
49.0999 	EXP 	Fixation: autoDraw = True
49.2837 	EXP 	Device response: <KeyPress from None: t=49.07928110007197, value=x, duration=0.20030669996049255>
50.0835 	EXP 	Line1: autoDraw = True
50.0835 	EXP 	Line2: autoDraw = True
50.0835 	EXP 	Line3: autoDraw = True
50.0835 	EXP 	Line4: autoDraw = True
50.0980 	EXP 	Fixation: autoDraw = False
51.0981 	INFO 	Keyboard events cleared
51.0979 	EXP 	Probe: autoDraw = True
52.0318 	EXP 	Device response: <KeyPress from None: t=52.03001270000823, value=v, duration=None>
52.0323 	EXP 	New trial (rep=4, index=2): <Trial 18 (2 in rep 4) data={'Pos': np.int64(50), 'corr_resp': 'c', 'thisN': 18, 'thisTrialN': 2, 'thisRepN': 4}>
52.0340 	DATA 	Keypress: v
52.0500 	EXP 	Fixation: autoDraw = False
52.0500 	EXP 	Line1: autoDraw = False
52.0500 	EXP 	Line2: autoDraw = False
52.0500 	EXP 	Line3: autoDraw = False
52.0500 	EXP 	Line4: autoDraw = False
52.0500 	EXP 	Probe: autoDraw = False
52.0500 	EXP 	Fixation: autoDraw = True
52.2340 	EXP 	Device response: <KeyPress from None: t=52.03001270000823, value=v, duration=0.20329460001084954>
53.0336 	EXP 	Line1: autoDraw = True
53.0336 	EXP 	Line2: autoDraw = True
53.0336 	EXP 	Line3: autoDraw = True
53.0336 	EXP 	Line4: autoDraw = True
53.0481 	EXP 	Fixation: autoDraw = False
54.0315 	INFO 	Keyboard events cleared
54.0313 	EXP 	Probe: autoDraw = True
54.8986 	EXP 	Device response: <KeyPress from None: t=54.88855610007886, value=c, duration=None>
54.8990 	EXP 	New trial (rep=4, index=3): <Trial 19 (3 in rep 4) data={'Pos': np.int64(-150), 'corr_resp': 'z', 'thisN': 19, 'thisTrialN': 3, 'thisRepN': 4}>
54.9012 	DATA 	Keypress: c
54.9166 	EXP 	Fixation: autoDraw = False
54.9166 	EXP 	Line1: autoDraw = False
54.9166 	EXP 	Line2: autoDraw = False
54.9166 	EXP 	Line3: autoDraw = False
54.9166 	EXP 	Line4: autoDraw = False
54.9166 	EXP 	Probe: autoDraw = False
54.9166 	EXP 	Fixation: autoDraw = True
55.1174 	EXP 	Device response: <KeyPress from None: t=54.88855610007886, value=c, duration=0.21829899994190782>
55.8995 	EXP 	Line1: autoDraw = True
55.8995 	EXP 	Line2: autoDraw = True
55.8995 	EXP 	Line3: autoDraw = True
55.8995 	EXP 	Line4: autoDraw = True
55.9139 	EXP 	Fixation: autoDraw = False
56.9148 	INFO 	Keyboard events cleared
56.9146 	EXP 	Probe: autoDraw = True
57.6319 	EXP 	Device response: <KeyPress from None: t=57.626204700092785, value=z, duration=None>
57.6323 	EXP 	New trial (rep=5, index=0): <Trial 20 (0 in rep 5) data={'Pos': np.int64(-50), 'corr_resp': 'x', 'thisN': 20, 'thisTrialN': 0, 'thisRepN': 5}>
57.6342 	DATA 	Keypress: z
57.6499 	EXP 	Fixation: autoDraw = False
57.6499 	EXP 	Line1: autoDraw = False
57.6499 	EXP 	Line2: autoDraw = False
57.6499 	EXP 	Line3: autoDraw = False
57.6499 	EXP 	Line4: autoDraw = False
57.6499 	EXP 	Probe: autoDraw = False
57.6499 	EXP 	Fixation: autoDraw = True
57.8666 	EXP 	Device response: <KeyPress from None: t=57.626204700092785, value=z, duration=0.23623909999150783>
58.6335 	EXP 	Line1: autoDraw = True
58.6335 	EXP 	Line2: autoDraw = True
58.6335 	EXP 	Line3: autoDraw = True
58.6335 	EXP 	Line4: autoDraw = True
58.6478 	EXP 	Fixation: autoDraw = False
59.6480 	INFO 	Keyboard events cleared
59.6478 	EXP 	Probe: autoDraw = True
60.2983 	EXP 	Device response: <KeyPress from None: t=60.28396040003281, value=x, duration=None>
60.2988 	EXP 	New trial (rep=5, index=1): <Trial 21 (1 in rep 5) data={'Pos': np.int64(150), 'corr_resp': 'v', 'thisN': 21, 'thisTrialN': 1, 'thisRepN': 5}>
60.3006 	DATA 	Keypress: x
60.3165 	EXP 	Fixation: autoDraw = False
60.3165 	EXP 	Line1: autoDraw = False
60.3165 	EXP 	Line2: autoDraw = False
60.3165 	EXP 	Line3: autoDraw = False
60.3165 	EXP 	Line4: autoDraw = False
60.3165 	EXP 	Probe: autoDraw = False
60.3165 	EXP 	Fixation: autoDraw = True
60.4668 	EXP 	Device response: <KeyPress from None: t=60.28396040003281, value=x, duration=0.1729501000372693>
61.2995 	EXP 	Line1: autoDraw = True
61.2995 	EXP 	Line2: autoDraw = True
61.2995 	EXP 	Line3: autoDraw = True
61.2995 	EXP 	Line4: autoDraw = True
61.3144 	EXP 	Fixation: autoDraw = False
62.2980 	INFO 	Keyboard events cleared
62.2978 	EXP 	Probe: autoDraw = True
63.1985 	EXP 	Device response: <KeyPress from None: t=63.18920640007127, value=v, duration=None>
63.1990 	EXP 	New trial (rep=5, index=2): <Trial 22 (2 in rep 5) data={'Pos': np.int64(50), 'corr_resp': 'c', 'thisN': 22, 'thisTrialN': 2, 'thisRepN': 5}>
63.2008 	DATA 	Keypress: v
63.2161 	EXP 	Fixation: autoDraw = False
63.2161 	EXP 	Line1: autoDraw = False
63.2161 	EXP 	Line2: autoDraw = False
63.2161 	EXP 	Line3: autoDraw = False
63.2161 	EXP 	Line4: autoDraw = False
63.2161 	EXP 	Probe: autoDraw = False
63.2161 	EXP 	Fixation: autoDraw = True
63.4336 	EXP 	Device response: <KeyPress from None: t=63.18920640007127, value=v, duration=0.22823499992955476>
64.1995 	EXP 	Line1: autoDraw = True
64.1995 	EXP 	Line2: autoDraw = True
64.1995 	EXP 	Line3: autoDraw = True
64.1995 	EXP 	Line4: autoDraw = True
64.2145 	EXP 	Fixation: autoDraw = False
65.2146 	INFO 	Keyboard events cleared
65.2144 	EXP 	Probe: autoDraw = True
65.9647 	EXP 	Device response: <KeyPress from None: t=65.96410710003693, value=c, duration=None>
65.9652 	EXP 	New trial (rep=5, index=3): <Trial 23 (3 in rep 5) data={'Pos': np.int64(-150), 'corr_resp': 'z', 'thisN': 23, 'thisTrialN': 3, 'thisRepN': 5}>
65.9669 	DATA 	Keypress: c
65.9827 	EXP 	Fixation: autoDraw = False
65.9827 	EXP 	Line1: autoDraw = False
65.9827 	EXP 	Line2: autoDraw = False
65.9827 	EXP 	Line3: autoDraw = False
65.9827 	EXP 	Line4: autoDraw = False
65.9827 	EXP 	Probe: autoDraw = False
65.9827 	EXP 	Fixation: autoDraw = True
66.1338 	EXP 	Device response: <KeyPress from None: t=65.96410710003693, value=c, duration=0.1690397000638768>
66.9658 	EXP 	Line1: autoDraw = True
66.9658 	EXP 	Line2: autoDraw = True
66.9658 	EXP 	Line3: autoDraw = True
66.9658 	EXP 	Line4: autoDraw = True
66.9812 	EXP 	Fixation: autoDraw = False
67.9642 	INFO 	Keyboard events cleared
67.9641 	EXP 	Probe: autoDraw = True
68.5646 	EXP 	Device response: <KeyPress from None: t=68.56411770009436, value=z, duration=None>
68.5651 	EXP 	New trial (rep=6, index=0): <Trial 24 (0 in rep 6) data={'Pos': np.int64(-50), 'corr_resp': 'x', 'thisN': 24, 'thisTrialN': 0, 'thisRepN': 6}>
68.5668 	DATA 	Keypress: z
68.5828 	EXP 	Fixation: autoDraw = False
68.5828 	EXP 	Line1: autoDraw = False
68.5828 	EXP 	Line2: autoDraw = False
68.5828 	EXP 	Line3: autoDraw = False
68.5828 	EXP 	Line4: autoDraw = False
68.5828 	EXP 	Probe: autoDraw = False
68.5828 	EXP 	Fixation: autoDraw = True
68.7831 	EXP 	Device response: <KeyPress from None: t=68.56411770009436, value=z, duration=0.21358360000886023>
69.5660 	EXP 	Line1: autoDraw = True
69.5660 	EXP 	Line2: autoDraw = True
69.5660 	EXP 	Line3: autoDraw = True
69.5660 	EXP 	Line4: autoDraw = True
69.5810 	EXP 	Fixation: autoDraw = False
70.5644 	INFO 	Keyboard events cleared
70.5642 	EXP 	Probe: autoDraw = True
71.3143 	EXP 	Device response: <KeyPress from None: t=71.30111700005364, value=x, duration=None>
71.3148 	EXP 	New trial (rep=6, index=1): <Trial 25 (1 in rep 6) data={'Pos': np.int64(150), 'corr_resp': 'v', 'thisN': 25, 'thisTrialN': 1, 'thisRepN': 6}>
71.3169 	DATA 	Keypress: x
71.3325 	EXP 	Fixation: autoDraw = False
71.3325 	EXP 	Line1: autoDraw = False
71.3325 	EXP 	Line2: autoDraw = False
71.3325 	EXP 	Line3: autoDraw = False
71.3325 	EXP 	Line4: autoDraw = False
71.3325 	EXP 	Probe: autoDraw = False
71.3325 	EXP 	Fixation: autoDraw = True
71.4664 	EXP 	Device response: <KeyPress from None: t=71.30111700005364, value=x, duration=0.1504715000046417>
72.3160 	EXP 	Line1: autoDraw = True
72.3160 	EXP 	Line2: autoDraw = True
72.3160 	EXP 	Line3: autoDraw = True
72.3160 	EXP 	Line4: autoDraw = True
72.3310 	EXP 	Fixation: autoDraw = False
73.3141 	INFO 	Keyboard events cleared
73.3139 	EXP 	Probe: autoDraw = True
74.3646 	EXP 	Device response: <KeyPress from None: t=74.35392800008412, value=v, duration=None>
74.3651 	EXP 	New trial (rep=6, index=2): <Trial 26 (2 in rep 6) data={'Pos': np.int64(50), 'corr_resp': 'c', 'thisN': 26, 'thisTrialN': 2, 'thisRepN': 6}>
74.3671 	DATA 	Keypress: v
74.3825 	EXP 	Fixation: autoDraw = False
74.3825 	EXP 	Line1: autoDraw = False
74.3825 	EXP 	Line2: autoDraw = False
74.3825 	EXP 	Line3: autoDraw = False
74.3825 	EXP 	Line4: autoDraw = False
74.3825 	EXP 	Probe: autoDraw = False
74.3825 	EXP 	Fixation: autoDraw = True
74.4663 	EXP 	Device response: <KeyPress from None: t=74.35392800008412, value=v, duration=0.10650409990921617>
75.3661 	EXP 	Line1: autoDraw = True
75.3661 	EXP 	Line2: autoDraw = True
75.3661 	EXP 	Line3: autoDraw = True
75.3661 	EXP 	Line4: autoDraw = True
75.3807 	EXP 	Fixation: autoDraw = False
76.3641 	INFO 	Keyboard events cleared
76.3640 	EXP 	Probe: autoDraw = True
77.2849 	DATA 	Keypress: c
77.2978 	EXP 	Device response: <KeyPress from None: t=77.28395960002672, value=c, duration=None>
77.2982 	EXP 	New trial (rep=6, index=3): <Trial 27 (3 in rep 6) data={'Pos': np.int64(-150), 'corr_resp': 'z', 'thisN': 27, 'thisTrialN': 3, 'thisRepN': 6}>
77.3157 	EXP 	Fixation: autoDraw = False
77.3157 	EXP 	Line1: autoDraw = False
77.3157 	EXP 	Line2: autoDraw = False
77.3157 	EXP 	Line3: autoDraw = False
77.3157 	EXP 	Line4: autoDraw = False
77.3157 	EXP 	Probe: autoDraw = False
77.3157 	EXP 	Fixation: autoDraw = True
77.4332 	EXP 	Device response: <KeyPress from None: t=77.28395960002672, value=c, duration=0.13702819996979088>
78.2992 	EXP 	Line1: autoDraw = True
78.2992 	EXP 	Line2: autoDraw = True
78.2992 	EXP 	Line3: autoDraw = True
78.2992 	EXP 	Line4: autoDraw = True
78.3138 	EXP 	Fixation: autoDraw = False
79.2974 	INFO 	Keyboard events cleared
79.2972 	EXP 	Probe: autoDraw = True
79.8313 	EXP 	Device response: <KeyPress from None: t=79.82393740001135, value=z, duration=None>
79.8318 	EXP 	New trial (rep=7, index=0): <Trial 28 (0 in rep 7) data={'Pos': np.int64(-50), 'corr_resp': 'x', 'thisN': 28, 'thisTrialN': 0, 'thisRepN': 7}>
79.8338 	DATA 	Keypress: z
79.8493 	EXP 	Fixation: autoDraw = False
79.8493 	EXP 	Line1: autoDraw = False
79.8493 	EXP 	Line2: autoDraw = False
79.8493 	EXP 	Line3: autoDraw = False
79.8493 	EXP 	Line4: autoDraw = False
79.8493 	EXP 	Probe: autoDraw = False
79.8493 	EXP 	Fixation: autoDraw = True
80.0332 	EXP 	Device response: <KeyPress from None: t=79.82393740001135, value=z, duration=0.202076300047338>
80.8324 	EXP 	Line1: autoDraw = True
80.8324 	EXP 	Line2: autoDraw = True
80.8324 	EXP 	Line3: autoDraw = True
80.8324 	EXP 	Line4: autoDraw = True
80.8475 	EXP 	Fixation: autoDraw = False
81.8310 	INFO 	Keyboard events cleared
81.8308 	EXP 	Probe: autoDraw = True
82.4142 	EXP 	Device response: <KeyPress from None: t=82.403020100086, value=x, duration=None>
82.4147 	EXP 	New trial (rep=7, index=1): <Trial 29 (1 in rep 7) data={'Pos': np.int64(150), 'corr_resp': 'v', 'thisN': 29, 'thisTrialN': 1, 'thisRepN': 7}>
82.4165 	DATA 	Keypress: x
82.4325 	EXP 	Fixation: autoDraw = False
82.4325 	EXP 	Line1: autoDraw = False
82.4325 	EXP 	Line2: autoDraw = False
82.4325 	EXP 	Line3: autoDraw = False
82.4325 	EXP 	Line4: autoDraw = False
82.4325 	EXP 	Probe: autoDraw = False
82.4325 	EXP 	Fixation: autoDraw = True
82.5998 	EXP 	Device response: <KeyPress from None: t=82.403020100086, value=x, duration=0.19266029994469136>
83.4156 	EXP 	Line1: autoDraw = True
83.4156 	EXP 	Line2: autoDraw = True
83.4156 	EXP 	Line3: autoDraw = True
83.4156 	EXP 	Line4: autoDraw = True
83.4305 	EXP 	Fixation: autoDraw = False
84.4140 	INFO 	Keyboard events cleared
84.4138 	EXP 	Probe: autoDraw = True
85.2644 	EXP 	Device response: <KeyPress from None: t=85.25954490003642, value=v, duration=None>
85.2649 	EXP 	New trial (rep=7, index=2): <Trial 30 (2 in rep 7) data={'Pos': np.int64(50), 'corr_resp': 'c', 'thisN': 30, 'thisTrialN': 2, 'thisRepN': 7}>
85.2667 	DATA 	Keypress: v
85.2826 	EXP 	Fixation: autoDraw = False
85.2826 	EXP 	Line1: autoDraw = False
85.2826 	EXP 	Line2: autoDraw = False
85.2826 	EXP 	Line3: autoDraw = False
85.2826 	EXP 	Line4: autoDraw = False
85.2826 	EXP 	Probe: autoDraw = False
85.2826 	EXP 	Fixation: autoDraw = True
85.3999 	EXP 	Device response: <KeyPress from None: t=85.25954490003642, value=v, duration=0.12385049997828901>
86.2656 	EXP 	Line1: autoDraw = True
86.2656 	EXP 	Line2: autoDraw = True
86.2656 	EXP 	Line3: autoDraw = True
86.2656 	EXP 	Line4: autoDraw = True
86.2806 	EXP 	Fixation: autoDraw = False
87.2638 	INFO 	Keyboard events cleared
87.2636 	EXP 	Probe: autoDraw = True
88.0811 	EXP 	Device response: <KeyPress from None: t=88.0741753000766, value=c, duration=None>
88.0815 	EXP 	New trial (rep=7, index=3): <Trial 31 (3 in rep 7) data={'Pos': np.int64(-150), 'corr_resp': 'z', 'thisN': 31, 'thisTrialN': 3, 'thisRepN': 7}>
88.0834 	DATA 	Keypress: c
88.0989 	EXP 	Fixation: autoDraw = False
88.0989 	EXP 	Line1: autoDraw = False
88.0989 	EXP 	Line2: autoDraw = False
88.0989 	EXP 	Line3: autoDraw = False
88.0989 	EXP 	Line4: autoDraw = False
88.0989 	EXP 	Probe: autoDraw = False
88.0989 	EXP 	Fixation: autoDraw = True
88.2164 	EXP 	Device response: <KeyPress from None: t=88.0741753000766, value=c, duration=0.14160069997888058>
89.0826 	EXP 	Line1: autoDraw = True
89.0826 	EXP 	Line2: autoDraw = True
89.0826 	EXP 	Line3: autoDraw = True
89.0826 	EXP 	Line4: autoDraw = True
89.0970 	EXP 	Fixation: autoDraw = False
90.0804 	INFO 	Keyboard events cleared
90.0803 	EXP 	Probe: autoDraw = True
90.6476 	EXP 	Device response: <KeyPress from None: t=90.64261139999144, value=z, duration=None>
90.6482 	EXP 	New trial (rep=8, index=0): <Trial 32 (0 in rep 8) data={'Pos': np.int64(-50), 'corr_resp': 'x', 'thisN': 32, 'thisTrialN': 0, 'thisRepN': 8}>
90.6500 	DATA 	Keypress: z
90.6659 	EXP 	Fixation: autoDraw = False
90.6659 	EXP 	Line1: autoDraw = False
90.6659 	EXP 	Line2: autoDraw = False
90.6659 	EXP 	Line3: autoDraw = False
90.6659 	EXP 	Line4: autoDraw = False
90.6659 	EXP 	Probe: autoDraw = False
90.6659 	EXP 	Fixation: autoDraw = True
90.8666 	EXP 	Device response: <KeyPress from None: t=90.64261139999144, value=z, duration=0.2137539000250399>
91.6490 	EXP 	Line1: autoDraw = True
91.6490 	EXP 	Line2: autoDraw = True
91.6490 	EXP 	Line3: autoDraw = True
91.6490 	EXP 	Line4: autoDraw = True
91.6636 	EXP 	Fixation: autoDraw = False
92.6472 	INFO 	Keyboard events cleared
92.6470 	EXP 	Probe: autoDraw = True
93.2808 	EXP 	Device response: <KeyPress from None: t=93.27797870000359, value=x, duration=None>
93.2813 	EXP 	New trial (rep=8, index=1): <Trial 33 (1 in rep 8) data={'Pos': np.int64(150), 'corr_resp': 'v', 'thisN': 33, 'thisTrialN': 1, 'thisRepN': 8}>
93.2831 	DATA 	Keypress: x
93.2990 	EXP 	Fixation: autoDraw = False
93.2990 	EXP 	Line1: autoDraw = False
93.2990 	EXP 	Line2: autoDraw = False
93.2990 	EXP 	Line3: autoDraw = False
93.2990 	EXP 	Line4: autoDraw = False
93.2990 	EXP 	Probe: autoDraw = False
93.2990 	EXP 	Fixation: autoDraw = True
93.5661 	EXP 	Device response: <KeyPress from None: t=93.27797870000359, value=x, duration=0.28253399999812245>
94.2823 	EXP 	Line1: autoDraw = True
94.2823 	EXP 	Line2: autoDraw = True
94.2823 	EXP 	Line3: autoDraw = True
94.2823 	EXP 	Line4: autoDraw = True
94.2971 	EXP 	Fixation: autoDraw = False
95.2804 	INFO 	Keyboard events cleared
95.2802 	EXP 	Probe: autoDraw = True
96.1141 	EXP 	Device response: <KeyPress from None: t=96.10107890004292, value=v, duration=None>
96.1146 	EXP 	New trial (rep=8, index=2): <Trial 34 (2 in rep 8) data={'Pos': np.int64(50), 'corr_resp': 'c', 'thisN': 34, 'thisTrialN': 2, 'thisRepN': 8}>
96.1162 	DATA 	Keypress: v
96.1324 	EXP 	Fixation: autoDraw = False
96.1324 	EXP 	Line1: autoDraw = False
96.1324 	EXP 	Line2: autoDraw = False
96.1324 	EXP 	Line3: autoDraw = False
96.1324 	EXP 	Line4: autoDraw = False
96.1324 	EXP 	Probe: autoDraw = False
96.1324 	EXP 	Fixation: autoDraw = True
96.2994 	EXP 	Device response: <KeyPress from None: t=96.10107890004292, value=v, duration=0.18893159995786846>
97.1153 	EXP 	Line1: autoDraw = True
97.1153 	EXP 	Line2: autoDraw = True
97.1153 	EXP 	Line3: autoDraw = True
97.1153 	EXP 	Line4: autoDraw = True
97.1301 	EXP 	Fixation: autoDraw = False
98.1303 	INFO 	Keyboard events cleared
98.1302 	EXP 	Probe: autoDraw = True
98.9328 	DATA 	Keypress: c
98.9473 	EXP 	Device response: <KeyPress from None: t=98.93203290004749, value=c, duration=None>
98.9478 	EXP 	New trial (rep=8, index=3): <Trial 35 (3 in rep 8) data={'Pos': np.int64(-150), 'corr_resp': 'z', 'thisN': 35, 'thisTrialN': 3, 'thisRepN': 8}>
98.9653 	EXP 	Fixation: autoDraw = False
98.9653 	EXP 	Line1: autoDraw = False
98.9653 	EXP 	Line2: autoDraw = False
98.9653 	EXP 	Line3: autoDraw = False
98.9653 	EXP 	Line4: autoDraw = False
98.9653 	EXP 	Probe: autoDraw = False
98.9653 	EXP 	Fixation: autoDraw = True
99.1161 	EXP 	Device response: <KeyPress from None: t=98.93203290004749, value=c, duration=0.17746070004068315>
99.9487 	EXP 	Line1: autoDraw = True
99.9487 	EXP 	Line2: autoDraw = True
99.9487 	EXP 	Line3: autoDraw = True
99.9487 	EXP 	Line4: autoDraw = True
99.9633 	EXP 	Fixation: autoDraw = False
100.9635 	INFO 	Keyboard events cleared
100.9633 	EXP 	Probe: autoDraw = True
101.5470 	EXP 	Device response: <KeyPress from None: t=101.54618080006912, value=z, duration=None>
101.5476 	EXP 	New trial (rep=9, index=0): <Trial 36 (0 in rep 9) data={'Pos': np.int64(-50), 'corr_resp': 'x', 'thisN': 36, 'thisTrialN': 0, 'thisRepN': 9}>
101.5492 	DATA 	Keypress: z
101.5655 	EXP 	Fixation: autoDraw = False
101.5655 	EXP 	Line1: autoDraw = False
101.5655 	EXP 	Line2: autoDraw = False
101.5655 	EXP 	Line3: autoDraw = False
101.5655 	EXP 	Line4: autoDraw = False
101.5655 	EXP 	Probe: autoDraw = False
101.5655 	EXP 	Fixation: autoDraw = True
101.7659 	EXP 	Device response: <KeyPress from None: t=101.54618080006912, value=z, duration=0.2054628999903798>
102.5486 	EXP 	Line1: autoDraw = True
102.5486 	EXP 	Line2: autoDraw = True
102.5486 	EXP 	Line3: autoDraw = True
102.5486 	EXP 	Line4: autoDraw = True
102.5632 	EXP 	Fixation: autoDraw = False
103.5465 	INFO 	Keyboard events cleared
103.5463 	EXP 	Probe: autoDraw = True
104.2330 	DATA 	Keypress: x
104.2473 	EXP 	Device response: <KeyPress from None: t=104.23121840006206, value=x, duration=None>
104.2478 	EXP 	New trial (rep=9, index=1): <Trial 37 (1 in rep 9) data={'Pos': np.int64(150), 'corr_resp': 'v', 'thisN': 37, 'thisTrialN': 1, 'thisRepN': 9}>
104.2651 	EXP 	Fixation: autoDraw = False
104.2651 	EXP 	Line1: autoDraw = False
104.2651 	EXP 	Line2: autoDraw = False
104.2651 	EXP 	Line3: autoDraw = False
104.2651 	EXP 	Line4: autoDraw = False
104.2651 	EXP 	Probe: autoDraw = False
104.2651 	EXP 	Fixation: autoDraw = True
104.3824 	EXP 	Device response: <KeyPress from None: t=104.23121840006206, value=x, duration=0.136113699991256>
105.2483 	EXP 	Line1: autoDraw = True
105.2483 	EXP 	Line2: autoDraw = True
105.2483 	EXP 	Line3: autoDraw = True
105.2483 	EXP 	Line4: autoDraw = True
105.2630 	EXP 	Fixation: autoDraw = False
106.2637 	INFO 	Keyboard events cleared
106.2634 	EXP 	Probe: autoDraw = True
106.9805 	EXP 	Device response: <KeyPress from None: t=106.97229040006641, value=v, duration=None>
106.9810 	EXP 	New trial (rep=9, index=2): <Trial 38 (2 in rep 9) data={'Pos': np.int64(50), 'corr_resp': 'c', 'thisN': 38, 'thisTrialN': 2, 'thisRepN': 9}>
106.9829 	DATA 	Keypress: v
106.9984 	EXP 	Fixation: autoDraw = False
106.9984 	EXP 	Line1: autoDraw = False
106.9984 	EXP 	Line2: autoDraw = False
106.9984 	EXP 	Line3: autoDraw = False
106.9984 	EXP 	Line4: autoDraw = False
106.9984 	EXP 	Probe: autoDraw = False
106.9984 	EXP 	Fixation: autoDraw = True
107.0821 	EXP 	Device response: <KeyPress from None: t=106.97229040006641, value=v, duration=0.09879009996075183>
107.9816 	EXP 	Line1: autoDraw = True
107.9816 	EXP 	Line2: autoDraw = True
107.9816 	EXP 	Line3: autoDraw = True
107.9816 	EXP 	Line4: autoDraw = True
107.9967 	EXP 	Fixation: autoDraw = False
108.9798 	INFO 	Keyboard events cleared
108.9796 	EXP 	Probe: autoDraw = True
109.7306 	EXP 	Device response: <KeyPress from None: t=109.72111330006737, value=c, duration=None>
109.7311 	EXP 	New trial (rep=9, index=3): <Trial 39 (3 in rep 9) data={'Pos': np.int64(-150), 'corr_resp': 'z', 'thisN': 39, 'thisTrialN': 3, 'thisRepN': 9}>
109.7328 	DATA 	Keypress: c
109.7484 	EXP 	Fixation: autoDraw = False
109.7484 	EXP 	Line1: autoDraw = False
109.7484 	EXP 	Line2: autoDraw = False
109.7484 	EXP 	Line3: autoDraw = False
109.7484 	EXP 	Line4: autoDraw = False
109.7484 	EXP 	Probe: autoDraw = False
109.7484 	EXP 	Fixation: autoDraw = True
109.8158 	EXP 	Device response: <KeyPress from None: t=109.72111330006737, value=c, duration=0.09372190001886338>
110.7316 	EXP 	Line1: autoDraw = True
110.7316 	EXP 	Line2: autoDraw = True
110.7316 	EXP 	Line3: autoDraw = True
110.7316 	EXP 	Line4: autoDraw = True
110.7459 	EXP 	Fixation: autoDraw = False
111.7461 	INFO 	Keyboard events cleared
111.7459 	EXP 	Probe: autoDraw = True
112.4803 	EXP 	Device response: <KeyPress from None: t=112.47705500002485, value=z, duration=None>
112.4809 	EXP 	New trial (rep=10, index=0): <Trial 40 (0 in rep 10) data={'Pos': np.int64(-50), 'corr_resp': 'x', 'thisN': 40, 'thisTrialN': 0, 'thisRepN': 10}>
112.4836 	DATA 	Keypress: z
112.4983 	EXP 	Fixation: autoDraw = False
112.4983 	EXP 	Line1: autoDraw = False
112.4983 	EXP 	Line2: autoDraw = False
112.4983 	EXP 	Line3: autoDraw = False
112.4983 	EXP 	Line4: autoDraw = False
112.4983 	EXP 	Probe: autoDraw = False
112.4983 	EXP 	Fixation: autoDraw = True
112.6325 	EXP 	Device response: <KeyPress from None: t=112.47705500002485, value=z, duration=0.13833370001520962>
113.4815 	EXP 	Line1: autoDraw = True
113.4815 	EXP 	Line2: autoDraw = True
113.4815 	EXP 	Line3: autoDraw = True
113.4815 	EXP 	Line4: autoDraw = True
113.4964 	EXP 	Fixation: autoDraw = False
114.4800 	INFO 	Keyboard events cleared
114.4798 	EXP 	Probe: autoDraw = True
115.1968 	EXP 	Device response: <KeyPress from None: t=115.19228790001944, value=x, duration=None>
115.1972 	EXP 	New trial (rep=10, index=1): <Trial 41 (1 in rep 10) data={'Pos': np.int64(150), 'corr_resp': 'v', 'thisN': 41, 'thisTrialN': 1, 'thisRepN': 10}>
115.1988 	DATA 	Keypress: x
115.2146 	EXP 	Fixation: autoDraw = False
115.2146 	EXP 	Line1: autoDraw = False
115.2146 	EXP 	Line2: autoDraw = False
115.2146 	EXP 	Line3: autoDraw = False
115.2146 	EXP 	Line4: autoDraw = False
115.2146 	EXP 	Probe: autoDraw = False
115.2146 	EXP 	Fixation: autoDraw = True
115.3153 	EXP 	Device response: <KeyPress from None: t=115.19228790001944, value=x, duration=0.11080210004001856>
116.1981 	EXP 	Line1: autoDraw = True
116.1981 	EXP 	Line2: autoDraw = True
116.1981 	EXP 	Line3: autoDraw = True
116.1981 	EXP 	Line4: autoDraw = True
116.2126 	EXP 	Fixation: autoDraw = False
117.1964 	INFO 	Keyboard events cleared
117.1963 	EXP 	Probe: autoDraw = True
118.0968 	EXP 	Device response: <KeyPress from None: t=118.09323120000772, value=v, duration=None>
118.0973 	EXP 	New trial (rep=10, index=2): <Trial 42 (2 in rep 10) data={'Pos': np.int64(50), 'corr_resp': 'c', 'thisN': 42, 'thisTrialN': 2, 'thisRepN': 10}>
118.0994 	DATA 	Keypress: v
118.1145 	EXP 	Fixation: autoDraw = False
118.1145 	EXP 	Line1: autoDraw = False
118.1145 	EXP 	Line2: autoDraw = False
118.1145 	EXP 	Line3: autoDraw = False
118.1145 	EXP 	Line4: autoDraw = False
118.1145 	EXP 	Probe: autoDraw = False
118.1145 	EXP 	Fixation: autoDraw = True
118.1986 	EXP 	Device response: <KeyPress from None: t=118.09323120000772, value=v, duration=0.09931309998501092>
119.0979 	EXP 	Line1: autoDraw = True
119.0979 	EXP 	Line2: autoDraw = True
119.0979 	EXP 	Line3: autoDraw = True
119.0979 	EXP 	Line4: autoDraw = True
119.1124 	EXP 	Fixation: autoDraw = False
120.0966 	INFO 	Keyboard events cleared
120.0964 	EXP 	Probe: autoDraw = True
120.8468 	EXP 	Device response: <KeyPress from None: t=120.83331320004072, value=c, duration=None>
120.8473 	EXP 	New trial (rep=10, index=3): <Trial 43 (3 in rep 10) data={'Pos': np.int64(-150), 'corr_resp': 'z', 'thisN': 43, 'thisTrialN': 3, 'thisRepN': 10}>
120.8490 	DATA 	Keypress: c
120.8646 	EXP 	Fixation: autoDraw = False
120.8646 	EXP 	Line1: autoDraw = False
120.8646 	EXP 	Line2: autoDraw = False
120.8646 	EXP 	Line3: autoDraw = False
120.8646 	EXP 	Line4: autoDraw = False
120.8646 	EXP 	Probe: autoDraw = False
120.8646 	EXP 	Fixation: autoDraw = True
120.9485 	EXP 	Device response: <KeyPress from None: t=120.83331320004072, value=c, duration=0.10017089999746531>
121.8480 	EXP 	Line1: autoDraw = True
121.8480 	EXP 	Line2: autoDraw = True
121.8480 	EXP 	Line3: autoDraw = True
121.8480 	EXP 	Line4: autoDraw = True
121.8630 	EXP 	Fixation: autoDraw = False
122.8464 	INFO 	Keyboard events cleared
122.8462 	EXP 	Probe: autoDraw = True
123.6965 	EXP 	Device response: <KeyPress from None: t=123.69575710000936, value=z, duration=None>
123.6970 	EXP 	New trial (rep=11, index=0): <Trial 44 (0 in rep 11) data={'Pos': np.int64(-50), 'corr_resp': 'x', 'thisN': 44, 'thisTrialN': 0, 'thisRepN': 11}>
123.6987 	DATA 	Keypress: z
123.7148 	EXP 	Fixation: autoDraw = False
123.7148 	EXP 	Line1: autoDraw = False
123.7148 	EXP 	Line2: autoDraw = False
123.7148 	EXP 	Line3: autoDraw = False
123.7148 	EXP 	Line4: autoDraw = False
123.7148 	EXP 	Probe: autoDraw = False
123.7148 	EXP 	Fixation: autoDraw = True
123.8483 	EXP 	Device response: <KeyPress from None: t=123.69575710000936, value=z, duration=0.14869100006762892>
124.6977 	EXP 	Line1: autoDraw = True
124.6977 	EXP 	Line2: autoDraw = True
124.6977 	EXP 	Line3: autoDraw = True
124.6977 	EXP 	Line4: autoDraw = True
124.7128 	EXP 	Fixation: autoDraw = False
125.6962 	INFO 	Keyboard events cleared
125.6960 	EXP 	Probe: autoDraw = True
126.3464 	EXP 	Device response: <KeyPress from None: t=126.34524290007539, value=x, duration=None>
126.3469 	EXP 	New trial (rep=11, index=1): <Trial 45 (1 in rep 11) data={'Pos': np.int64(150), 'corr_resp': 'v', 'thisN': 45, 'thisTrialN': 1, 'thisRepN': 11}>
126.3486 	DATA 	Keypress: x
126.3643 	EXP 	Fixation: autoDraw = False
126.3643 	EXP 	Line1: autoDraw = False
126.3643 	EXP 	Line2: autoDraw = False
126.3643 	EXP 	Line3: autoDraw = False
126.3643 	EXP 	Line4: autoDraw = False
126.3643 	EXP 	Probe: autoDraw = False
126.3643 	EXP 	Fixation: autoDraw = True
126.4988 	EXP 	Device response: <KeyPress from None: t=126.34524290007539, value=x, duration=0.14643730001989752>
127.3480 	EXP 	Line1: autoDraw = True
127.3480 	EXP 	Line2: autoDraw = True
127.3480 	EXP 	Line3: autoDraw = True
127.3480 	EXP 	Line4: autoDraw = True
127.3625 	EXP 	Fixation: autoDraw = False
128.3462 	INFO 	Keyboard events cleared
128.3460 	EXP 	Probe: autoDraw = True
129.1962 	EXP 	Device response: <KeyPress from None: t=129.1830683000153, value=v, duration=None>
129.1968 	EXP 	New trial (rep=11, index=2): <Trial 46 (2 in rep 11) data={'Pos': np.int64(50), 'corr_resp': 'c', 'thisN': 46, 'thisTrialN': 2, 'thisRepN': 11}>
129.1989 	DATA 	Keypress: v
129.2147 	EXP 	Fixation: autoDraw = False
129.2147 	EXP 	Line1: autoDraw = False
129.2147 	EXP 	Line2: autoDraw = False
129.2147 	EXP 	Line3: autoDraw = False
129.2147 	EXP 	Line4: autoDraw = False
129.2147 	EXP 	Probe: autoDraw = False
129.2147 	EXP 	Fixation: autoDraw = True
129.2990 	EXP 	Device response: <KeyPress from None: t=129.1830683000153, value=v, duration=0.11517750006169081>
130.1977 	EXP 	Line1: autoDraw = True
130.1977 	EXP 	Line2: autoDraw = True
130.1977 	EXP 	Line3: autoDraw = True
130.1977 	EXP 	Line4: autoDraw = True
130.2123 	EXP 	Fixation: autoDraw = False
131.1993 	INFO 	Keyboard events cleared
131.1992 	EXP 	Probe: autoDraw = True
132.0299 	EXP 	Device response: <KeyPress from None: t=132.01922940008808, value=c, duration=None>
132.0305 	EXP 	New trial (rep=11, index=3): <Trial 47 (3 in rep 11) data={'Pos': np.int64(-150), 'corr_resp': 'z', 'thisN': 47, 'thisTrialN': 3, 'thisRepN': 11}>
132.0321 	DATA 	Keypress: c
132.0477 	EXP 	Fixation: autoDraw = False
132.0477 	EXP 	Line1: autoDraw = False
132.0477 	EXP 	Line2: autoDraw = False
132.0477 	EXP 	Line3: autoDraw = False
132.0477 	EXP 	Line4: autoDraw = False
132.0477 	EXP 	Probe: autoDraw = False
132.0477 	EXP 	Fixation: autoDraw = True
132.2483 	EXP 	Device response: <KeyPress from None: t=132.01922940008808, value=c, duration=0.21286400000099093>
133.0314 	EXP 	Line1: autoDraw = True
133.0314 	EXP 	Line2: autoDraw = True
133.0314 	EXP 	Line3: autoDraw = True
133.0314 	EXP 	Line4: autoDraw = True
133.0458 	EXP 	Fixation: autoDraw = False
134.0459 	INFO 	Keyboard events cleared
134.0457 	EXP 	Probe: autoDraw = True
134.4297 	EXP 	Device response: <KeyPress from None: t=134.42073980008718, value=z, duration=None>
134.4302 	EXP 	New trial (rep=12, index=0): <Trial 48 (0 in rep 12) data={'Pos': np.int64(-50), 'corr_resp': 'x', 'thisN': 48, 'thisTrialN': 0, 'thisRepN': 12}>
134.4321 	DATA 	Keypress: z
134.4477 	EXP 	Fixation: autoDraw = False
134.4477 	EXP 	Line1: autoDraw = False
134.4477 	EXP 	Line2: autoDraw = False
134.4477 	EXP 	Line3: autoDraw = False
134.4477 	EXP 	Line4: autoDraw = False
134.4477 	EXP 	Probe: autoDraw = False
134.4477 	EXP 	Fixation: autoDraw = True
134.6149 	EXP 	Device response: <KeyPress from None: t=134.42073980008718, value=z, duration=0.1859335999470204>
135.4311 	EXP 	Line1: autoDraw = True
135.4311 	EXP 	Line2: autoDraw = True
135.4311 	EXP 	Line3: autoDraw = True
135.4311 	EXP 	Line4: autoDraw = True
135.4458 	EXP 	Fixation: autoDraw = False
136.4293 	INFO 	Keyboard events cleared
136.4292 	EXP 	Probe: autoDraw = True
137.1629 	EXP 	Device response: <KeyPress from None: t=137.15032740007155, value=x, duration=None>
137.1634 	EXP 	New trial (rep=12, index=1): <Trial 49 (1 in rep 12) data={'Pos': np.int64(150), 'corr_resp': 'v', 'thisN': 49, 'thisTrialN': 1, 'thisRepN': 12}>
137.1651 	DATA 	Keypress: x
137.1810 	EXP 	Fixation: autoDraw = False
137.1810 	EXP 	Line1: autoDraw = False
137.1810 	EXP 	Line2: autoDraw = False
137.1810 	EXP 	Line3: autoDraw = False
137.1810 	EXP 	Line4: autoDraw = False
137.1810 	EXP 	Probe: autoDraw = False
137.1810 	EXP 	Fixation: autoDraw = True
137.3650 	EXP 	Device response: <KeyPress from None: t=137.15032740007155, value=x, duration=0.20539369992911816>
138.1642 	EXP 	Line1: autoDraw = True
138.1642 	EXP 	Line2: autoDraw = True
138.1642 	EXP 	Line3: autoDraw = True
138.1642 	EXP 	Line4: autoDraw = True
138.1792 	EXP 	Fixation: autoDraw = False
139.1623 	INFO 	Keyboard events cleared
139.1622 	EXP 	Probe: autoDraw = True
140.4125 	EXP 	Device response: <KeyPress from None: t=140.4108535000123, value=v, duration=None>
140.4130 	EXP 	New trial (rep=12, index=2): <Trial 50 (2 in rep 12) data={'Pos': np.int64(50), 'corr_resp': 'c', 'thisN': 50, 'thisTrialN': 2, 'thisRepN': 12}>
140.4147 	DATA 	Keypress: v
140.4312 	EXP 	Fixation: autoDraw = False
140.4312 	EXP 	Line1: autoDraw = False
140.4312 	EXP 	Line2: autoDraw = False
140.4312 	EXP 	Line3: autoDraw = False
140.4312 	EXP 	Line4: autoDraw = False
140.4312 	EXP 	Probe: autoDraw = False
140.4312 	EXP 	Fixation: autoDraw = True
140.5480 	EXP 	Device response: <KeyPress from None: t=140.4108535000123, value=v, duration=0.1330090999836102>
141.4141 	EXP 	Line1: autoDraw = True
141.4141 	EXP 	Line2: autoDraw = True
141.4141 	EXP 	Line3: autoDraw = True
141.4141 	EXP 	Line4: autoDraw = True
141.4291 	EXP 	Fixation: autoDraw = False
142.4122 	INFO 	Keyboard events cleared
142.4120 	EXP 	Probe: autoDraw = True
143.2151 	DATA 	Keypress: c
143.2294 	EXP 	Device response: <KeyPress from None: t=143.21367780002765, value=c, duration=None>
143.2298 	EXP 	New trial (rep=12, index=3): <Trial 51 (3 in rep 12) data={'Pos': np.int64(-150), 'corr_resp': 'z', 'thisN': 51, 'thisTrialN': 3, 'thisRepN': 12}>
143.2474 	EXP 	Fixation: autoDraw = False
143.2474 	EXP 	Line1: autoDraw = False
143.2474 	EXP 	Line2: autoDraw = False
143.2474 	EXP 	Line3: autoDraw = False
143.2474 	EXP 	Line4: autoDraw = False
143.2474 	EXP 	Probe: autoDraw = False
143.2474 	EXP 	Fixation: autoDraw = True
143.3144 	EXP 	Device response: <KeyPress from None: t=143.21367780002765, value=c, duration=0.0917412000708282>
144.2308 	EXP 	Line1: autoDraw = True
144.2308 	EXP 	Line2: autoDraw = True
144.2308 	EXP 	Line3: autoDraw = True
144.2308 	EXP 	Line4: autoDraw = True
144.2458 	EXP 	Fixation: autoDraw = False
145.2292 	INFO 	Keyboard events cleared
145.2290 	EXP 	Probe: autoDraw = True
145.9817 	DATA 	Keypress: z
145.9960 	EXP 	Device response: <KeyPress from None: t=145.97988140000962, value=z, duration=None>
145.9965 	EXP 	New trial (rep=13, index=0): <Trial 52 (0 in rep 13) data={'Pos': np.int64(-50), 'corr_resp': 'x', 'thisN': 52, 'thisTrialN': 0, 'thisRepN': 13}>
146.0140 	EXP 	Fixation: autoDraw = False
146.0140 	EXP 	Line1: autoDraw = False
146.0140 	EXP 	Line2: autoDraw = False
146.0140 	EXP 	Line3: autoDraw = False
146.0140 	EXP 	Line4: autoDraw = False
146.0140 	EXP 	Probe: autoDraw = False
146.0140 	EXP 	Fixation: autoDraw = True
146.1147 	EXP 	Device response: <KeyPress from None: t=145.97988140000962, value=z, duration=0.12638310005422682>
146.9975 	EXP 	Line1: autoDraw = True
146.9975 	EXP 	Line2: autoDraw = True
146.9975 	EXP 	Line3: autoDraw = True
146.9975 	EXP 	Line4: autoDraw = True
147.0123 	EXP 	Fixation: autoDraw = False
147.9957 	INFO 	Keyboard events cleared
147.9956 	EXP 	Probe: autoDraw = True
148.6793 	EXP 	Device response: <KeyPress from None: t=148.66960930009373, value=x, duration=None>
148.6798 	EXP 	New trial (rep=13, index=1): <Trial 53 (1 in rep 13) data={'Pos': np.int64(150), 'corr_resp': 'v', 'thisN': 53, 'thisTrialN': 1, 'thisRepN': 13}>
148.6816 	DATA 	Keypress: x
148.6971 	EXP 	Fixation: autoDraw = False
148.6971 	EXP 	Line1: autoDraw = False
148.6971 	EXP 	Line2: autoDraw = False
148.6971 	EXP 	Line3: autoDraw = False
148.6971 	EXP 	Line4: autoDraw = False
148.6971 	EXP 	Probe: autoDraw = False
148.6971 	EXP 	Fixation: autoDraw = True
148.8143 	EXP 	Device response: <KeyPress from None: t=148.66960930009373, value=x, duration=0.14147579995915294>
149.6805 	EXP 	Line1: autoDraw = True
149.6805 	EXP 	Line2: autoDraw = True
149.6805 	EXP 	Line3: autoDraw = True
149.6805 	EXP 	Line4: autoDraw = True
149.6954 	EXP 	Fixation: autoDraw = False
150.6954 	INFO 	Keyboard events cleared
150.6953 	EXP 	Probe: autoDraw = True
151.6960 	EXP 	Device response: <KeyPress from None: t=151.68286560010165, value=v, duration=None>
151.6965 	EXP 	New trial (rep=13, index=2): <Trial 54 (2 in rep 13) data={'Pos': np.int64(50), 'corr_resp': 'c', 'thisN': 54, 'thisTrialN': 2, 'thisRepN': 13}>
151.6982 	DATA 	Keypress: v
151.7138 	EXP 	Fixation: autoDraw = False
151.7138 	EXP 	Line1: autoDraw = False
151.7138 	EXP 	Line2: autoDraw = False
151.7138 	EXP 	Line3: autoDraw = False
151.7138 	EXP 	Line4: autoDraw = False
151.7138 	EXP 	Probe: autoDraw = False
151.7138 	EXP 	Fixation: autoDraw = True
151.7979 	EXP 	Device response: <KeyPress from None: t=151.68286560010165, value=v, duration=0.1038406000006944>
152.6971 	EXP 	Line1: autoDraw = True
152.6971 	EXP 	Line2: autoDraw = True
152.6971 	EXP 	Line3: autoDraw = True
152.6971 	EXP 	Line4: autoDraw = True
152.7119 	EXP 	Fixation: autoDraw = False
153.7119 	INFO 	Keyboard events cleared
153.7118 	EXP 	Probe: autoDraw = True
154.4456 	EXP 	Device response: <KeyPress from None: t=154.4440241000848, value=c, duration=None>
154.4461 	EXP 	New trial (rep=13, index=3): <Trial 55 (3 in rep 13) data={'Pos': np.int64(-150), 'corr_resp': 'z', 'thisN': 55, 'thisTrialN': 3, 'thisRepN': 13}>
154.4478 	DATA 	Keypress: c
154.4637 	EXP 	Fixation: autoDraw = False
154.4637 	EXP 	Line1: autoDraw = False
154.4637 	EXP 	Line2: autoDraw = False
154.4637 	EXP 	Line3: autoDraw = False
154.4637 	EXP 	Line4: autoDraw = False
154.4637 	EXP 	Probe: autoDraw = False
154.4637 	EXP 	Fixation: autoDraw = True
154.5479 	EXP 	Device response: <KeyPress from None: t=154.4440241000848, value=c, duration=0.09803819993976504>
155.4467 	EXP 	Line1: autoDraw = True
155.4467 	EXP 	Line2: autoDraw = True
155.4467 	EXP 	Line3: autoDraw = True
155.4467 	EXP 	Line4: autoDraw = True
155.4617 	EXP 	Fixation: autoDraw = False
156.4455 	INFO 	Keyboard events cleared
156.4453 	EXP 	Probe: autoDraw = True
157.3789 	EXP 	Device response: <KeyPress from None: t=157.36760700005107, value=z, duration=None>
157.3794 	EXP 	New trial (rep=14, index=0): <Trial 56 (0 in rep 14) data={'Pos': np.int64(-50), 'corr_resp': 'x', 'thisN': 56, 'thisTrialN': 0, 'thisRepN': 14}>
157.3811 	DATA 	Keypress: z
157.3968 	EXP 	Fixation: autoDraw = False
157.3968 	EXP 	Line1: autoDraw = False
157.3968 	EXP 	Line2: autoDraw = False
157.3968 	EXP 	Line3: autoDraw = False
157.3968 	EXP 	Line4: autoDraw = False
157.3968 	EXP 	Probe: autoDraw = False
157.3968 	EXP 	Fixation: autoDraw = True
157.5976 	EXP 	Device response: <KeyPress from None: t=157.36760700005107, value=z, duration=0.22675449994858354>
158.3803 	EXP 	Line1: autoDraw = True
158.3803 	EXP 	Line2: autoDraw = True
158.3803 	EXP 	Line3: autoDraw = True
158.3803 	EXP 	Line4: autoDraw = True
158.3948 	EXP 	Fixation: autoDraw = False
159.3789 	INFO 	Keyboard events cleared
159.3787 	EXP 	Probe: autoDraw = True
159.9623 	EXP 	Device response: <KeyPress from None: t=159.9603029000573, value=x, duration=None>
159.9628 	EXP 	New trial (rep=14, index=1): <Trial 57 (1 in rep 14) data={'Pos': np.int64(150), 'corr_resp': 'v', 'thisN': 57, 'thisTrialN': 1, 'thisRepN': 14}>
159.9648 	DATA 	Keypress: x
159.9802 	EXP 	Fixation: autoDraw = False
159.9802 	EXP 	Line1: autoDraw = False
159.9802 	EXP 	Line2: autoDraw = False
159.9802 	EXP 	Line3: autoDraw = False
159.9802 	EXP 	Line4: autoDraw = False
159.9802 	EXP 	Probe: autoDraw = False
159.9802 	EXP 	Fixation: autoDraw = True
160.1306 	EXP 	Device response: <KeyPress from None: t=159.9603029000573, value=x, duration=0.16686550003942102>
160.9639 	EXP 	Line1: autoDraw = True
160.9639 	EXP 	Line2: autoDraw = True
160.9639 	EXP 	Line3: autoDraw = True
160.9639 	EXP 	Line4: autoDraw = True
160.9783 	EXP 	Fixation: autoDraw = False
161.9619 	INFO 	Keyboard events cleared
161.9617 	EXP 	Probe: autoDraw = True
162.6959 	EXP 	Device response: <KeyPress from None: t=162.6897530000424, value=v, duration=None>
162.6965 	EXP 	New trial (rep=14, index=2): <Trial 58 (2 in rep 14) data={'Pos': np.int64(50), 'corr_resp': 'c', 'thisN': 58, 'thisTrialN': 2, 'thisRepN': 14}>
162.6982 	DATA 	Keypress: v
162.7137 	EXP 	Fixation: autoDraw = False
162.7137 	EXP 	Line1: autoDraw = False
162.7137 	EXP 	Line2: autoDraw = False
162.7137 	EXP 	Line3: autoDraw = False
162.7137 	EXP 	Line4: autoDraw = False
162.7137 	EXP 	Probe: autoDraw = False
162.7137 	EXP 	Fixation: autoDraw = True
162.7976 	EXP 	Device response: <KeyPress from None: t=162.6897530000424, value=v, duration=0.10216380003839731>
163.6968 	EXP 	Line1: autoDraw = True
163.6968 	EXP 	Line2: autoDraw = True
163.6968 	EXP 	Line3: autoDraw = True
163.6968 	EXP 	Line4: autoDraw = True
163.7116 	EXP 	Fixation: autoDraw = False
164.7119 	INFO 	Keyboard events cleared
164.7117 	EXP 	Probe: autoDraw = True
165.4648 	DATA 	Keypress: c
165.4786 	EXP 	Device response: <KeyPress from None: t=165.46207730006427, value=c, duration=None>
165.4797 	EXP 	New trial (rep=14, index=3): <Trial 59 (3 in rep 14) data={'Pos': np.int64(-150), 'corr_resp': 'z', 'thisN': 59, 'thisTrialN': 3, 'thisRepN': 14}>
165.4967 	EXP 	Fixation: autoDraw = False
165.4967 	EXP 	Line1: autoDraw = False
165.4967 	EXP 	Line2: autoDraw = False
165.4967 	EXP 	Line3: autoDraw = False
165.4967 	EXP 	Line4: autoDraw = False
165.4967 	EXP 	Probe: autoDraw = False
165.4967 	EXP 	Fixation: autoDraw = True
165.5806 	EXP 	Device response: <KeyPress from None: t=165.46207730006427, value=c, duration=0.10254079999867827>
166.4800 	EXP 	Line1: autoDraw = True
166.4800 	EXP 	Line2: autoDraw = True
166.4800 	EXP 	Line3: autoDraw = True
166.4800 	EXP 	Line4: autoDraw = True
166.4947 	EXP 	Fixation: autoDraw = False
167.4945 	INFO 	Keyboard events cleared
167.4944 	EXP 	Probe: autoDraw = True
168.2620 	EXP 	Device response: <KeyPress from None: t=168.2553356999997, value=z, duration=None>
168.2626 	EXP 	New trial (rep=15, index=0): <Trial 60 (0 in rep 15) data={'Pos': np.int64(-50), 'corr_resp': 'x', 'thisN': 60, 'thisTrialN': 0, 'thisRepN': 15}>
168.2651 	DATA 	Keypress: z
168.2800 	EXP 	Fixation: autoDraw = False
168.2800 	EXP 	Line1: autoDraw = False
168.2800 	EXP 	Line2: autoDraw = False
168.2800 	EXP 	Line3: autoDraw = False
168.2800 	EXP 	Line4: autoDraw = False
168.2800 	EXP 	Probe: autoDraw = False
168.2800 	EXP 	Fixation: autoDraw = True
168.4138 	EXP 	Device response: <KeyPress from None: t=168.2553356999997, value=z, duration=0.14212630002293736>
169.2634 	EXP 	Line1: autoDraw = True
169.2634 	EXP 	Line2: autoDraw = True
169.2634 	EXP 	Line3: autoDraw = True
169.2634 	EXP 	Line4: autoDraw = True
169.2782 	EXP 	Fixation: autoDraw = False
170.2617 	INFO 	Keyboard events cleared
170.2616 	EXP 	Probe: autoDraw = True
170.9485 	DATA 	Keypress: x
170.9624 	EXP 	Device response: <KeyPress from None: t=170.9456703000469, value=x, duration=None>
170.9629 	EXP 	New trial (rep=15, index=1): <Trial 61 (1 in rep 15) data={'Pos': np.int64(150), 'corr_resp': 'v', 'thisN': 61, 'thisTrialN': 1, 'thisRepN': 15}>
170.9799 	EXP 	Fixation: autoDraw = False
170.9799 	EXP 	Line1: autoDraw = False
170.9799 	EXP 	Line2: autoDraw = False
170.9799 	EXP 	Line3: autoDraw = False
170.9799 	EXP 	Line4: autoDraw = False
170.9799 	EXP 	Probe: autoDraw = False
170.9799 	EXP 	Fixation: autoDraw = True
171.1140 	EXP 	Device response: <KeyPress from None: t=170.9456703000469, value=x, duration=0.16304749995470047>
171.9633 	EXP 	Line1: autoDraw = True
171.9633 	EXP 	Line2: autoDraw = True
171.9633 	EXP 	Line3: autoDraw = True
171.9633 	EXP 	Line4: autoDraw = True
171.9781 	EXP 	Fixation: autoDraw = False
172.9782 	INFO 	Keyboard events cleared
172.9780 	EXP 	Probe: autoDraw = True
173.8117 	EXP 	Device response: <KeyPress from None: t=173.79737530008424, value=v, duration=None>
173.8122 	EXP 	New trial (rep=15, index=2): <Trial 62 (2 in rep 15) data={'Pos': np.int64(50), 'corr_resp': 'c', 'thisN': 62, 'thisTrialN': 2, 'thisRepN': 15}>
173.8142 	DATA 	Keypress: v
173.8299 	EXP 	Fixation: autoDraw = False
173.8299 	EXP 	Line1: autoDraw = False
173.8299 	EXP 	Line2: autoDraw = False
173.8299 	EXP 	Line3: autoDraw = False
173.8299 	EXP 	Line4: autoDraw = False
173.8299 	EXP 	Probe: autoDraw = False
173.8299 	EXP 	Fixation: autoDraw = True
173.9139 	EXP 	Device response: <KeyPress from None: t=173.79737530008424, value=v, duration=0.1094990000128746>
174.8132 	EXP 	Line1: autoDraw = True
174.8132 	EXP 	Line2: autoDraw = True
174.8132 	EXP 	Line3: autoDraw = True
174.8132 	EXP 	Line4: autoDraw = True
174.8280 	EXP 	Fixation: autoDraw = False
175.8117 	INFO 	Keyboard events cleared
175.8115 	EXP 	Probe: autoDraw = True
176.5290 	EXP 	Device response: <KeyPress from None: t=176.5211245000828, value=c, duration=None>
176.5300 	EXP 	New trial (rep=15, index=3): <Trial 63 (3 in rep 15) data={'Pos': np.int64(-150), 'corr_resp': 'z', 'thisN': 63, 'thisTrialN': 3, 'thisRepN': 15}>
176.5318 	DATA 	Keypress: c
176.5465 	EXP 	Fixation: autoDraw = False
176.5465 	EXP 	Line1: autoDraw = False
176.5465 	EXP 	Line2: autoDraw = False
176.5465 	EXP 	Line3: autoDraw = False
176.5465 	EXP 	Line4: autoDraw = False
176.5465 	EXP 	Probe: autoDraw = False
176.5465 	EXP 	Fixation: autoDraw = True
176.6303 	EXP 	Device response: <KeyPress from None: t=176.5211245000828, value=c, duration=0.09851699997670949>
177.5297 	EXP 	Line1: autoDraw = True
177.5297 	EXP 	Line2: autoDraw = True
177.5297 	EXP 	Line3: autoDraw = True
177.5297 	EXP 	Line4: autoDraw = True
177.5447 	EXP 	Fixation: autoDraw = False
178.5449 	INFO 	Keyboard events cleared
178.5447 	EXP 	Probe: autoDraw = True
179.3638 	DATA 	Keypress: z
179.3784 	EXP 	Device response: <KeyPress from None: t=179.36183710000478, value=z, duration=None>
179.3790 	EXP 	New trial (rep=16, index=0): <Trial 64 (0 in rep 16) data={'Pos': np.int64(-50), 'corr_resp': 'x', 'thisN': 64, 'thisTrialN': 0, 'thisRepN': 16}>
179.3964 	EXP 	Fixation: autoDraw = False
179.3964 	EXP 	Line1: autoDraw = False
179.3964 	EXP 	Line2: autoDraw = False
179.3964 	EXP 	Line3: autoDraw = False
179.3964 	EXP 	Line4: autoDraw = False
179.3964 	EXP 	Probe: autoDraw = False
179.3964 	EXP 	Fixation: autoDraw = True
179.5472 	EXP 	Device response: <KeyPress from None: t=179.36183710000478, value=z, duration=0.17494970001280308>
180.3798 	EXP 	Line1: autoDraw = True
180.3798 	EXP 	Line2: autoDraw = True
180.3798 	EXP 	Line3: autoDraw = True
180.3798 	EXP 	Line4: autoDraw = True
180.3947 	EXP 	Fixation: autoDraw = False
181.3949 	INFO 	Keyboard events cleared
181.3948 	EXP 	Probe: autoDraw = True
182.0640 	DATA 	Keypress: x
182.0784 	EXP 	Device response: <KeyPress from None: t=182.0624206000939, value=x, duration=None>
182.0789 	EXP 	New trial (rep=16, index=1): <Trial 65 (1 in rep 16) data={'Pos': np.int64(150), 'corr_resp': 'v', 'thisN': 65, 'thisTrialN': 1, 'thisRepN': 16}>
182.0967 	EXP 	Fixation: autoDraw = False
182.0967 	EXP 	Line1: autoDraw = False
182.0967 	EXP 	Line2: autoDraw = False
182.0967 	EXP 	Line3: autoDraw = False
182.0967 	EXP 	Line4: autoDraw = False
182.0967 	EXP 	Probe: autoDraw = False
182.0967 	EXP 	Fixation: autoDraw = True
182.2135 	EXP 	Device response: <KeyPress from None: t=182.0624206000939, value=x, duration=0.1471003999467939>
183.0797 	EXP 	Line1: autoDraw = True
183.0797 	EXP 	Line2: autoDraw = True
183.0797 	EXP 	Line3: autoDraw = True
183.0797 	EXP 	Line4: autoDraw = True
183.0944 	EXP 	Fixation: autoDraw = False
184.0944 	INFO 	Keyboard events cleared
184.0942 	EXP 	Probe: autoDraw = True
185.0617 	EXP 	Device response: <KeyPress from None: t=185.0564101000782, value=v, duration=None>
185.0622 	EXP 	New trial (rep=16, index=2): <Trial 66 (2 in rep 16) data={'Pos': np.int64(50), 'corr_resp': 'c', 'thisN': 66, 'thisTrialN': 2, 'thisRepN': 16}>
185.0639 	DATA 	Keypress: v
185.0799 	EXP 	Fixation: autoDraw = False
185.0799 	EXP 	Line1: autoDraw = False
185.0799 	EXP 	Line2: autoDraw = False
185.0799 	EXP 	Line3: autoDraw = False
185.0799 	EXP 	Line4: autoDraw = False
185.0799 	EXP 	Probe: autoDraw = False
185.0799 	EXP 	Fixation: autoDraw = True
185.1806 	EXP 	Device response: <KeyPress from None: t=185.0564101000782, value=v, duration=0.1081571999238804>
186.0627 	EXP 	Line1: autoDraw = True
186.0627 	EXP 	Line2: autoDraw = True
186.0627 	EXP 	Line3: autoDraw = True
186.0627 	EXP 	Line4: autoDraw = True
186.0779 	EXP 	Fixation: autoDraw = False
187.0612 	INFO 	Keyboard events cleared
187.0610 	EXP 	Probe: autoDraw = True
187.8950 	EXP 	Device response: <KeyPress from None: t=187.8840932000894, value=c, duration=None>
187.8955 	EXP 	New trial (rep=16, index=3): <Trial 67 (3 in rep 16) data={'Pos': np.int64(-150), 'corr_resp': 'z', 'thisN': 67, 'thisTrialN': 3, 'thisRepN': 16}>
187.8972 	DATA 	Keypress: c
187.9129 	EXP 	Fixation: autoDraw = False
187.9129 	EXP 	Line1: autoDraw = False
187.9129 	EXP 	Line2: autoDraw = False
187.9129 	EXP 	Line3: autoDraw = False
187.9129 	EXP 	Line4: autoDraw = False
187.9129 	EXP 	Probe: autoDraw = False
187.9129 	EXP 	Fixation: autoDraw = True
187.9969 	EXP 	Device response: <KeyPress from None: t=187.8840932000894, value=c, duration=0.10766859992872924>
188.8962 	EXP 	Line1: autoDraw = True
188.8962 	EXP 	Line2: autoDraw = True
188.8962 	EXP 	Line3: autoDraw = True
188.8962 	EXP 	Line4: autoDraw = True
188.9111 	EXP 	Fixation: autoDraw = False
189.8945 	INFO 	Keyboard events cleared
189.8943 	EXP 	Probe: autoDraw = True
190.6946 	EXP 	Device response: <KeyPress from None: t=190.69021750008687, value=z, duration=None>
190.6950 	EXP 	New trial (rep=17, index=0): <Trial 68 (0 in rep 17) data={'Pos': np.int64(-50), 'corr_resp': 'x', 'thisN': 68, 'thisTrialN': 0, 'thisRepN': 17}>
190.6966 	DATA 	Keypress: z
190.7126 	EXP 	Fixation: autoDraw = False
190.7126 	EXP 	Line1: autoDraw = False
190.7126 	EXP 	Line2: autoDraw = False
190.7126 	EXP 	Line3: autoDraw = False
190.7126 	EXP 	Line4: autoDraw = False
190.7126 	EXP 	Probe: autoDraw = False
190.7126 	EXP 	Fixation: autoDraw = True
190.8465 	EXP 	Device response: <KeyPress from None: t=190.69021750008687, value=z, duration=0.14329229993745685>
191.6963 	EXP 	Line1: autoDraw = True
191.6963 	EXP 	Line2: autoDraw = True
191.6963 	EXP 	Line3: autoDraw = True
191.6963 	EXP 	Line4: autoDraw = True
191.7107 	EXP 	Fixation: autoDraw = False
192.6941 	INFO 	Keyboard events cleared
192.6939 	EXP 	Probe: autoDraw = True
193.6282 	EXP 	Device response: <KeyPress from None: t=193.6200463999994, value=x, duration=None>
193.6286 	EXP 	New trial (rep=17, index=1): <Trial 69 (1 in rep 17) data={'Pos': np.int64(150), 'corr_resp': 'v', 'thisN': 69, 'thisTrialN': 1, 'thisRepN': 17}>
193.6303 	DATA 	Keypress: x
193.6464 	EXP 	Fixation: autoDraw = False
193.6464 	EXP 	Line1: autoDraw = False
193.6464 	EXP 	Line2: autoDraw = False
193.6464 	EXP 	Line3: autoDraw = False
193.6464 	EXP 	Line4: autoDraw = False
193.6464 	EXP 	Probe: autoDraw = False
193.6464 	EXP 	Fixation: autoDraw = True
193.7969 	EXP 	Device response: <KeyPress from None: t=193.6200463999994, value=x, duration=0.16072030004579574>
194.6295 	EXP 	Line1: autoDraw = True
194.6295 	EXP 	Line2: autoDraw = True
194.6295 	EXP 	Line3: autoDraw = True
194.6295 	EXP 	Line4: autoDraw = True
194.6443 	EXP 	Fixation: autoDraw = False
195.6276 	INFO 	Keyboard events cleared
195.6275 	EXP 	Probe: autoDraw = True
196.6113 	EXP 	Device response: <KeyPress from None: t=196.5989164999919, value=v, duration=None>
196.6118 	EXP 	New trial (rep=17, index=2): <Trial 70 (2 in rep 17) data={'Pos': np.int64(50), 'corr_resp': 'c', 'thisN': 70, 'thisTrialN': 2, 'thisRepN': 17}>
196.6135 	DATA 	Keypress: v
196.6293 	EXP 	Fixation: autoDraw = False
196.6293 	EXP 	Line1: autoDraw = False
196.6293 	EXP 	Line2: autoDraw = False
196.6293 	EXP 	Line3: autoDraw = False
196.6293 	EXP 	Line4: autoDraw = False
196.6293 	EXP 	Probe: autoDraw = False
196.6293 	EXP 	Fixation: autoDraw = True
196.7298 	EXP 	Device response: <KeyPress from None: t=196.5989164999919, value=v, duration=0.11877070006448776>
197.6127 	EXP 	Line1: autoDraw = True
197.6127 	EXP 	Line2: autoDraw = True
197.6127 	EXP 	Line3: autoDraw = True
197.6127 	EXP 	Line4: autoDraw = True
197.6275 	EXP 	Fixation: autoDraw = False
198.6107 	INFO 	Keyboard events cleared
198.6106 	EXP 	Probe: autoDraw = True
199.5615 	EXP 	Device response: <KeyPress from None: t=199.5609764000401, value=c, duration=None>
199.5620 	EXP 	New trial (rep=17, index=3): <Trial 71 (3 in rep 17) data={'Pos': np.int64(-150), 'corr_resp': 'z', 'thisN': 71, 'thisTrialN': 3, 'thisRepN': 17}>
199.5638 	DATA 	Keypress: c
199.5792 	EXP 	Fixation: autoDraw = False
199.5792 	EXP 	Line1: autoDraw = False
199.5792 	EXP 	Line2: autoDraw = False
199.5792 	EXP 	Line3: autoDraw = False
199.5792 	EXP 	Line4: autoDraw = False
199.5792 	EXP 	Probe: autoDraw = False
199.5792 	EXP 	Fixation: autoDraw = True
199.6800 	EXP 	Device response: <KeyPress from None: t=199.5609764000401, value=c, duration=0.10674119996838272>
200.5626 	EXP 	Line1: autoDraw = True
200.5626 	EXP 	Line2: autoDraw = True
200.5626 	EXP 	Line3: autoDraw = True
200.5626 	EXP 	Line4: autoDraw = True
200.5774 	EXP 	Fixation: autoDraw = False
201.5609 	INFO 	Keyboard events cleared
201.5607 	EXP 	Probe: autoDraw = True
202.4445 	EXP 	Device response: <KeyPress from None: t=202.43393290007953, value=z, duration=None>
202.4450 	EXP 	New trial (rep=18, index=0): <Trial 72 (0 in rep 18) data={'Pos': np.int64(-50), 'corr_resp': 'x', 'thisN': 72, 'thisTrialN': 0, 'thisRepN': 18}>
202.4468 	DATA 	Keypress: z
202.4626 	EXP 	Fixation: autoDraw = False
202.4626 	EXP 	Line1: autoDraw = False
202.4626 	EXP 	Line2: autoDraw = False
202.4626 	EXP 	Line3: autoDraw = False
202.4626 	EXP 	Line4: autoDraw = False
202.4626 	EXP 	Probe: autoDraw = False
202.4626 	EXP 	Fixation: autoDraw = True
202.6129 	EXP 	Device response: <KeyPress from None: t=202.43393290007953, value=z, duration=0.16589639999438077>
203.4459 	EXP 	Line1: autoDraw = True
203.4459 	EXP 	Line2: autoDraw = True
203.4459 	EXP 	Line3: autoDraw = True
203.4459 	EXP 	Line4: autoDraw = True
203.4607 	EXP 	Fixation: autoDraw = False
204.4609 	INFO 	Keyboard events cleared
204.4607 	EXP 	Probe: autoDraw = True
205.1776 	EXP 	Device response: <KeyPress from None: t=205.17632920003962, value=x, duration=None>
205.1781 	EXP 	New trial (rep=18, index=1): <Trial 73 (1 in rep 18) data={'Pos': np.int64(150), 'corr_resp': 'v', 'thisN': 73, 'thisTrialN': 1, 'thisRepN': 18}>
205.1798 	DATA 	Keypress: x
205.1957 	EXP 	Fixation: autoDraw = False
205.1957 	EXP 	Line1: autoDraw = False
205.1957 	EXP 	Line2: autoDraw = False
205.1957 	EXP 	Line3: autoDraw = False
205.1957 	EXP 	Line4: autoDraw = False
205.1957 	EXP 	Probe: autoDraw = False
205.1957 	EXP 	Fixation: autoDraw = True
205.2798 	EXP 	Device response: <KeyPress from None: t=205.17632920003962, value=x, duration=0.09528010000940412>
206.1789 	EXP 	Line1: autoDraw = True
206.1789 	EXP 	Line2: autoDraw = True
206.1789 	EXP 	Line3: autoDraw = True
206.1789 	EXP 	Line4: autoDraw = True
206.1937 	EXP 	Fixation: autoDraw = False
207.1773 	INFO 	Keyboard events cleared
207.1771 	EXP 	Probe: autoDraw = True
208.0108 	EXP 	Device response: <KeyPress from None: t=208.00456330005545, value=v, duration=None>
208.0113 	EXP 	New trial (rep=18, index=2): <Trial 74 (2 in rep 18) data={'Pos': np.int64(50), 'corr_resp': 'c', 'thisN': 74, 'thisTrialN': 2, 'thisRepN': 18}>
208.0131 	DATA 	Keypress: v
208.0292 	EXP 	Fixation: autoDraw = False
208.0292 	EXP 	Line1: autoDraw = False
208.0292 	EXP 	Line2: autoDraw = False
208.0292 	EXP 	Line3: autoDraw = False
208.0292 	EXP 	Line4: autoDraw = False
208.0292 	EXP 	Probe: autoDraw = False
208.0292 	EXP 	Fixation: autoDraw = True
208.2129 	EXP 	Device response: <KeyPress from None: t=208.00456330005545, value=v, duration=0.1985092000104487>
209.0123 	EXP 	Line1: autoDraw = True
209.0123 	EXP 	Line2: autoDraw = True
209.0123 	EXP 	Line3: autoDraw = True
209.0123 	EXP 	Line4: autoDraw = True
209.0272 	EXP 	Fixation: autoDraw = False
210.0107 	INFO 	Keyboard events cleared
210.0105 	EXP 	Probe: autoDraw = True
210.7778 	EXP 	Device response: <KeyPress from None: t=210.7633578000823, value=c, duration=None>
210.7784 	EXP 	New trial (rep=18, index=3): <Trial 75 (3 in rep 18) data={'Pos': np.int64(-150), 'corr_resp': 'z', 'thisN': 75, 'thisTrialN': 3, 'thisRepN': 18}>
210.7802 	DATA 	Keypress: c
210.7954 	EXP 	Fixation: autoDraw = False
210.7954 	EXP 	Line1: autoDraw = False
210.7954 	EXP 	Line2: autoDraw = False
210.7954 	EXP 	Line3: autoDraw = False
210.7954 	EXP 	Line4: autoDraw = False
210.7954 	EXP 	Probe: autoDraw = False
210.7954 	EXP 	Fixation: autoDraw = True
210.9964 	EXP 	Device response: <KeyPress from None: t=210.7633578000823, value=c, duration=0.22314489993732423>
211.7787 	EXP 	Line1: autoDraw = True
211.7787 	EXP 	Line2: autoDraw = True
211.7787 	EXP 	Line3: autoDraw = True
211.7787 	EXP 	Line4: autoDraw = True
211.7936 	EXP 	Fixation: autoDraw = False
212.7936 	INFO 	Keyboard events cleared
212.7934 	EXP 	Probe: autoDraw = True
213.0943 	EXP 	Device response: <KeyPress from None: t=213.09374210005626, value=z, duration=None>
213.0948 	EXP 	New trial (rep=19, index=0): <Trial 76 (0 in rep 19) data={'Pos': np.int64(-50), 'corr_resp': 'x', 'thisN': 76, 'thisTrialN': 0, 'thisRepN': 19}>
213.0965 	DATA 	Keypress: z
213.1120 	EXP 	Fixation: autoDraw = False
213.1120 	EXP 	Line1: autoDraw = False
213.1120 	EXP 	Line2: autoDraw = False
213.1120 	EXP 	Line3: autoDraw = False
213.1120 	EXP 	Line4: autoDraw = False
213.1120 	EXP 	Probe: autoDraw = False
213.1120 	EXP 	Fixation: autoDraw = True
213.3468 	EXP 	Device response: <KeyPress from None: t=213.09374210005626, value=z, duration=0.25150390004273504>
214.0957 	EXP 	Line1: autoDraw = True
214.0957 	EXP 	Line2: autoDraw = True
214.0957 	EXP 	Line3: autoDraw = True
214.0957 	EXP 	Line4: autoDraw = True
214.1103 	EXP 	Fixation: autoDraw = False
215.1103 	INFO 	Keyboard events cleared
215.1101 	EXP 	Probe: autoDraw = True
215.6129 	DATA 	Keypress: x
215.6274 	EXP 	Device response: <KeyPress from None: t=215.61087370000314, value=x, duration=None>
215.6279 	EXP 	New trial (rep=19, index=1): <Trial 77 (1 in rep 19) data={'Pos': np.int64(150), 'corr_resp': 'v', 'thisN': 77, 'thisTrialN': 1, 'thisRepN': 19}>
215.6457 	EXP 	Fixation: autoDraw = False
215.6457 	EXP 	Line1: autoDraw = False
215.6457 	EXP 	Line2: autoDraw = False
215.6457 	EXP 	Line3: autoDraw = False
215.6457 	EXP 	Line4: autoDraw = False
215.6457 	EXP 	Probe: autoDraw = False
215.6457 	EXP 	Fixation: autoDraw = True
215.8955 	EXP 	Device response: <KeyPress from None: t=215.61087370000314, value=x, duration=0.26908440003171563>
216.6287 	EXP 	Line1: autoDraw = True
216.6287 	EXP 	Line2: autoDraw = True
216.6287 	EXP 	Line3: autoDraw = True
216.6287 	EXP 	Line4: autoDraw = True
216.6437 	EXP 	Fixation: autoDraw = False
217.6272 	INFO 	Keyboard events cleared
217.6270 	EXP 	Probe: autoDraw = True
218.4940 	EXP 	Device response: <KeyPress from None: t=218.48508590005804, value=v, duration=None>
218.4946 	EXP 	New trial (rep=19, index=2): <Trial 78 (2 in rep 19) data={'Pos': np.int64(50), 'corr_resp': 'c', 'thisN': 78, 'thisTrialN': 2, 'thisRepN': 19}>
218.4964 	DATA 	Keypress: v
218.5118 	EXP 	Fixation: autoDraw = False
218.5118 	EXP 	Line1: autoDraw = False
218.5118 	EXP 	Line2: autoDraw = False
218.5118 	EXP 	Line3: autoDraw = False
218.5118 	EXP 	Line4: autoDraw = False
218.5118 	EXP 	Probe: autoDraw = False
218.5118 	EXP 	Fixation: autoDraw = True
218.7294 	EXP 	Device response: <KeyPress from None: t=218.48508590005804, value=v, duration=0.2287171999923885>
219.4954 	EXP 	Line1: autoDraw = True
219.4954 	EXP 	Line2: autoDraw = True
219.4954 	EXP 	Line3: autoDraw = True
219.4954 	EXP 	Line4: autoDraw = True
219.5100 	EXP 	Fixation: autoDraw = False
220.5104 	INFO 	Keyboard events cleared
220.5102 	EXP 	Probe: autoDraw = True
220.7942 	EXP 	Device response: <KeyPress from None: t=220.78206570004113, value=c, duration=None>
220.7948 	EXP 	New trial (rep=19, index=3): <Trial 79 (3 in rep 19) data={'Pos': np.int64(-150), 'corr_resp': 'z', 'thisN': 79, 'thisTrialN': 3, 'thisRepN': 19}>
220.7965 	DATA 	Keypress: c
220.8120 	EXP 	Fixation: autoDraw = False
220.8120 	EXP 	Line1: autoDraw = False
220.8120 	EXP 	Line2: autoDraw = False
220.8120 	EXP 	Line3: autoDraw = False
220.8120 	EXP 	Line4: autoDraw = False
220.8120 	EXP 	Probe: autoDraw = False
220.8120 	EXP 	Fixation: autoDraw = True
220.9964 	EXP 	Device response: <KeyPress from None: t=220.78206570004113, value=c, duration=0.2082315000006929>
221.7954 	EXP 	Line1: autoDraw = True
221.7954 	EXP 	Line2: autoDraw = True
221.7954 	EXP 	Line3: autoDraw = True
221.7954 	EXP 	Line4: autoDraw = True
221.8099 	EXP 	Fixation: autoDraw = False
222.8102 	INFO 	Keyboard events cleared
222.8099 	EXP 	Probe: autoDraw = True
223.0774 	EXP 	Device response: <KeyPress from None: t=223.06894400005694, value=z, duration=None>
223.0779 	EXP 	New trial (rep=20, index=0): <Trial 80 (0 in rep 20) data={'Pos': np.int64(-50), 'corr_resp': 'x', 'thisN': 80, 'thisTrialN': 0, 'thisRepN': 20}>
223.0796 	DATA 	Keypress: z
223.0953 	EXP 	Fixation: autoDraw = False
223.0953 	EXP 	Line1: autoDraw = False
223.0953 	EXP 	Line2: autoDraw = False
223.0953 	EXP 	Line3: autoDraw = False
223.0953 	EXP 	Line4: autoDraw = False
223.0953 	EXP 	Probe: autoDraw = False
223.0953 	EXP 	Fixation: autoDraw = True
223.3126 	EXP 	Device response: <KeyPress from None: t=223.06894400005694, value=z, duration=0.23718189995270222>
224.0784 	EXP 	Line1: autoDraw = True
224.0784 	EXP 	Line2: autoDraw = True
224.0784 	EXP 	Line3: autoDraw = True
224.0784 	EXP 	Line4: autoDraw = True
224.0934 	EXP 	Fixation: autoDraw = False
225.0769 	INFO 	Keyboard events cleared
225.0767 	EXP 	Probe: autoDraw = True
225.3606 	EXP 	Device response: <KeyPress from None: t=225.34639340010472, value=x, duration=None>
225.3612 	EXP 	New trial (rep=20, index=1): <Trial 81 (1 in rep 20) data={'Pos': np.int64(150), 'corr_resp': 'v', 'thisN': 81, 'thisTrialN': 1, 'thisRepN': 20}>
225.3629 	DATA 	Keypress: x
225.3787 	EXP 	Fixation: autoDraw = False
225.3787 	EXP 	Line1: autoDraw = False
225.3787 	EXP 	Line2: autoDraw = False
225.3787 	EXP 	Line3: autoDraw = False
225.3787 	EXP 	Line4: autoDraw = False
225.3787 	EXP 	Probe: autoDraw = False
225.3787 	EXP 	Fixation: autoDraw = True
225.5791 	EXP 	Device response: <KeyPress from None: t=225.34639340010472, value=x, duration=0.2267720999661833>
226.3617 	EXP 	Line1: autoDraw = True
226.3617 	EXP 	Line2: autoDraw = True
226.3617 	EXP 	Line3: autoDraw = True
226.3617 	EXP 	Line4: autoDraw = True
226.3768 	EXP 	Fixation: autoDraw = False
227.3768 	INFO 	Keyboard events cleared
227.3765 	EXP 	Probe: autoDraw = True
228.3462 	DATA 	Keypress: v
228.3606 	EXP 	Device response: <KeyPress from None: t=228.34418370004278, value=v, duration=None>
228.3611 	EXP 	New trial (rep=20, index=2): <Trial 82 (2 in rep 20) data={'Pos': np.int64(50), 'corr_resp': 'c', 'thisN': 82, 'thisTrialN': 2, 'thisRepN': 20}>
228.3783 	EXP 	Fixation: autoDraw = False
228.3783 	EXP 	Line1: autoDraw = False
228.3783 	EXP 	Line2: autoDraw = False
228.3783 	EXP 	Line3: autoDraw = False
228.3783 	EXP 	Line4: autoDraw = False
228.3783 	EXP 	Probe: autoDraw = False
228.3783 	EXP 	Fixation: autoDraw = True
228.5302 	EXP 	Device response: <KeyPress from None: t=228.34418370004278, value=v, duration=0.18343049997929484>
229.3620 	EXP 	Line1: autoDraw = True
229.3620 	EXP 	Line2: autoDraw = True
229.3620 	EXP 	Line3: autoDraw = True
229.3620 	EXP 	Line4: autoDraw = True
229.3767 	EXP 	Fixation: autoDraw = False
230.3769 	INFO 	Keyboard events cleared
230.3767 	EXP 	Probe: autoDraw = True
230.6271 	EXP 	Device response: <KeyPress from None: t=230.61428090010304, value=c, duration=None>
230.6276 	EXP 	New trial (rep=20, index=3): <Trial 83 (3 in rep 20) data={'Pos': np.int64(-150), 'corr_resp': 'z', 'thisN': 83, 'thisTrialN': 3, 'thisRepN': 20}>
230.6293 	DATA 	Keypress: c
230.6450 	EXP 	Fixation: autoDraw = False
230.6450 	EXP 	Line1: autoDraw = False
230.6450 	EXP 	Line2: autoDraw = False
230.6450 	EXP 	Line3: autoDraw = False
230.6450 	EXP 	Line4: autoDraw = False
230.6450 	EXP 	Probe: autoDraw = False
230.6450 	EXP 	Fixation: autoDraw = True
230.8457 	EXP 	Device response: <KeyPress from None: t=230.61428090010304, value=c, duration=0.21465469989925623>
231.6282 	EXP 	Line1: autoDraw = True
231.6282 	EXP 	Line2: autoDraw = True
231.6282 	EXP 	Line3: autoDraw = True
231.6282 	EXP 	Line4: autoDraw = True
231.6431 	EXP 	Fixation: autoDraw = False
232.6436 	INFO 	Keyboard events cleared
232.6434 	EXP 	Probe: autoDraw = True
232.9124 	DATA 	Keypress: z
232.9272 	EXP 	Device response: <KeyPress from None: t=232.90996590000577, value=z, duration=None>
232.9278 	EXP 	New trial (rep=21, index=0): <Trial 84 (0 in rep 21) data={'Pos': np.int64(-50), 'corr_resp': 'x', 'thisN': 84, 'thisTrialN': 0, 'thisRepN': 21}>
232.9451 	EXP 	Fixation: autoDraw = False
232.9451 	EXP 	Line1: autoDraw = False
232.9451 	EXP 	Line2: autoDraw = False
232.9451 	EXP 	Line3: autoDraw = False
232.9451 	EXP 	Line4: autoDraw = False
232.9451 	EXP 	Probe: autoDraw = False
232.9451 	EXP 	Fixation: autoDraw = True
233.1624 	EXP 	Device response: <KeyPress from None: t=232.90996590000577, value=z, duration=0.2384958000620827>
233.9282 	EXP 	Line1: autoDraw = True
233.9282 	EXP 	Line2: autoDraw = True
233.9282 	EXP 	Line3: autoDraw = True
233.9282 	EXP 	Line4: autoDraw = True
233.9429 	EXP 	Fixation: autoDraw = False
234.9431 	INFO 	Keyboard events cleared
234.9429 	EXP 	Probe: autoDraw = True
235.1937 	EXP 	Device response: <KeyPress from None: t=235.18337560002692, value=x, duration=None>
235.1941 	EXP 	New trial (rep=21, index=1): <Trial 85 (1 in rep 21) data={'Pos': np.int64(150), 'corr_resp': 'v', 'thisN': 85, 'thisTrialN': 1, 'thisRepN': 21}>
235.1958 	DATA 	Keypress: x
235.2116 	EXP 	Fixation: autoDraw = False
235.2116 	EXP 	Line1: autoDraw = False
235.2116 	EXP 	Line2: autoDraw = False
235.2116 	EXP 	Line3: autoDraw = False
235.2116 	EXP 	Line4: autoDraw = False
235.2116 	EXP 	Probe: autoDraw = False
235.2116 	EXP 	Fixation: autoDraw = True
235.3623 	EXP 	Device response: <KeyPress from None: t=235.18337560002692, value=x, duration=0.16549869999289513>
236.1945 	EXP 	Line1: autoDraw = True
236.1945 	EXP 	Line2: autoDraw = True
236.1945 	EXP 	Line3: autoDraw = True
236.1945 	EXP 	Line4: autoDraw = True
236.2097 	EXP 	Fixation: autoDraw = False
237.1932 	INFO 	Keyboard events cleared
237.1930 	EXP 	Probe: autoDraw = True
238.3770 	EXP 	Device response: <KeyPress from None: t=238.36662600003183, value=v, duration=None>
238.3775 	EXP 	New trial (rep=21, index=2): <Trial 86 (2 in rep 21) data={'Pos': np.int64(50), 'corr_resp': 'c', 'thisN': 86, 'thisTrialN': 2, 'thisRepN': 21}>
238.3792 	DATA 	Keypress: v
238.3950 	EXP 	Fixation: autoDraw = False
238.3950 	EXP 	Line1: autoDraw = False
238.3950 	EXP 	Line2: autoDraw = False
238.3950 	EXP 	Line3: autoDraw = False
238.3950 	EXP 	Line4: autoDraw = False
238.3950 	EXP 	Probe: autoDraw = False
238.3950 	EXP 	Fixation: autoDraw = True
238.5456 	EXP 	Device response: <KeyPress from None: t=238.36662600003183, value=v, duration=0.16511190007440746>
239.3783 	EXP 	Line1: autoDraw = True
239.3783 	EXP 	Line2: autoDraw = True
239.3783 	EXP 	Line3: autoDraw = True
239.3783 	EXP 	Line4: autoDraw = True
239.3931 	EXP 	Fixation: autoDraw = False
240.3929 	INFO 	Keyboard events cleared
240.3927 	EXP 	Probe: autoDraw = True
240.8627 	DATA 	Keypress: c
240.8768 	EXP 	Device response: <KeyPress from None: t=240.86135130003095, value=c, duration=None>
240.8773 	EXP 	New trial (rep=21, index=3): <Trial 87 (3 in rep 21) data={'Pos': np.int64(-150), 'corr_resp': 'z', 'thisN': 87, 'thisTrialN': 3, 'thisRepN': 21}>
240.8948 	EXP 	Fixation: autoDraw = False
240.8948 	EXP 	Line1: autoDraw = False
240.8948 	EXP 	Line2: autoDraw = False
240.8948 	EXP 	Line3: autoDraw = False
240.8948 	EXP 	Line4: autoDraw = False
240.8948 	EXP 	Probe: autoDraw = False
240.8948 	EXP 	Fixation: autoDraw = True
241.1291 	EXP 	Device response: <KeyPress from None: t=240.86135130003095, value=c, duration=0.25664110004436225>
241.8780 	EXP 	Line1: autoDraw = True
241.8780 	EXP 	Line2: autoDraw = True
241.8780 	EXP 	Line3: autoDraw = True
241.8780 	EXP 	Line4: autoDraw = True
241.8931 	EXP 	Fixation: autoDraw = False
242.8765 	INFO 	Keyboard events cleared
242.8764 	EXP 	Probe: autoDraw = True
243.9266 	EXP 	Device response: <KeyPress from None: t=243.9153145001037, value=z, duration=None>
243.9271 	EXP 	New trial (rep=22, index=0): <Trial 88 (0 in rep 22) data={'Pos': np.int64(-50), 'corr_resp': 'x', 'thisN': 88, 'thisTrialN': 0, 'thisRepN': 22}>
243.9288 	DATA 	Keypress: z
243.9448 	EXP 	Fixation: autoDraw = False
243.9448 	EXP 	Line1: autoDraw = False
243.9448 	EXP 	Line2: autoDraw = False
243.9448 	EXP 	Line3: autoDraw = False
243.9448 	EXP 	Line4: autoDraw = False
243.9448 	EXP 	Probe: autoDraw = False
243.9448 	EXP 	Fixation: autoDraw = True
244.1786 	EXP 	Device response: <KeyPress from None: t=243.9153145001037, value=z, duration=0.24948679993394762>
244.9283 	EXP 	Line1: autoDraw = True
244.9283 	EXP 	Line2: autoDraw = True
244.9283 	EXP 	Line3: autoDraw = True
244.9283 	EXP 	Line4: autoDraw = True
244.9430 	EXP 	Fixation: autoDraw = False
245.9262 	INFO 	Keyboard events cleared
245.9260 	EXP 	Probe: autoDraw = True
246.2268 	EXP 	Device response: <KeyPress from None: t=246.21689170005266, value=x, duration=None>
246.2273 	EXP 	New trial (rep=22, index=1): <Trial 89 (1 in rep 22) data={'Pos': np.int64(150), 'corr_resp': 'v', 'thisN': 89, 'thisTrialN': 1, 'thisRepN': 22}>
246.2292 	DATA 	Keypress: x
246.2447 	EXP 	Fixation: autoDraw = False
246.2447 	EXP 	Line1: autoDraw = False
246.2447 	EXP 	Line2: autoDraw = False
246.2447 	EXP 	Line3: autoDraw = False
246.2447 	EXP 	Line4: autoDraw = False
246.2447 	EXP 	Probe: autoDraw = False
246.2447 	EXP 	Fixation: autoDraw = True
246.5119 	EXP 	Device response: <KeyPress from None: t=246.21689170005266, value=x, duration=0.2834535000147298>
247.2280 	EXP 	Line1: autoDraw = True
247.2280 	EXP 	Line2: autoDraw = True
247.2280 	EXP 	Line3: autoDraw = True
247.2280 	EXP 	Line4: autoDraw = True
247.2430 	EXP 	Fixation: autoDraw = False
248.2431 	INFO 	Keyboard events cleared
248.2429 	EXP 	Probe: autoDraw = True
249.4099 	EXP 	Device response: <KeyPress from None: t=249.39892579999287, value=v, duration=None>
249.4105 	EXP 	New trial (rep=22, index=2): <Trial 90 (2 in rep 22) data={'Pos': np.int64(50), 'corr_resp': 'c', 'thisN': 90, 'thisTrialN': 2, 'thisRepN': 22}>
249.4122 	DATA 	Keypress: v
249.4278 	EXP 	Fixation: autoDraw = False
249.4278 	EXP 	Line1: autoDraw = False
249.4278 	EXP 	Line2: autoDraw = False
249.4278 	EXP 	Line3: autoDraw = False
249.4278 	EXP 	Line4: autoDraw = False
249.4278 	EXP 	Probe: autoDraw = False
249.4278 	EXP 	Fixation: autoDraw = True
249.5954 	EXP 	Device response: <KeyPress from None: t=249.39892579999287, value=v, duration=0.19447040010709316>
250.4113 	EXP 	Line1: autoDraw = True
250.4113 	EXP 	Line2: autoDraw = True
250.4113 	EXP 	Line3: autoDraw = True
250.4113 	EXP 	Line4: autoDraw = True
250.4262 	EXP 	Fixation: autoDraw = False
251.4260 	INFO 	Keyboard events cleared
251.4259 	EXP 	Probe: autoDraw = True
252.1454 	DATA 	Keypress: c
252.1593 	EXP 	Device response: <KeyPress from None: t=252.14395400008652, value=c, duration=None>
252.1597 	EXP 	New trial (rep=22, index=3): <Trial 91 (3 in rep 22) data={'Pos': np.int64(-150), 'corr_resp': 'z', 'thisN': 91, 'thisTrialN': 3, 'thisRepN': 22}>
252.1775 	EXP 	Fixation: autoDraw = False
252.1775 	EXP 	Line1: autoDraw = False
252.1775 	EXP 	Line2: autoDraw = False
252.1775 	EXP 	Line3: autoDraw = False
252.1775 	EXP 	Line4: autoDraw = False
252.1775 	EXP 	Probe: autoDraw = False
252.1775 	EXP 	Fixation: autoDraw = True
252.3120 	EXP 	Device response: <KeyPress from None: t=252.14395400008652, value=c, duration=0.16628909995779395>
253.1613 	EXP 	Line1: autoDraw = True
253.1613 	EXP 	Line2: autoDraw = True
253.1613 	EXP 	Line3: autoDraw = True
253.1613 	EXP 	Line4: autoDraw = True
253.1761 	EXP 	Fixation: autoDraw = False
254.1592 	INFO 	Keyboard events cleared
254.1591 	EXP 	Probe: autoDraw = True
254.8118 	DATA 	Keypress: z
254.8265 	EXP 	Device response: <KeyPress from None: t=254.80989969999064, value=z, duration=None>
254.8270 	EXP 	New trial (rep=23, index=0): <Trial 92 (0 in rep 23) data={'Pos': np.int64(-50), 'corr_resp': 'x', 'thisN': 92, 'thisTrialN': 0, 'thisRepN': 23}>
254.8445 	EXP 	Fixation: autoDraw = False
254.8445 	EXP 	Line1: autoDraw = False
254.8445 	EXP 	Line2: autoDraw = False
254.8445 	EXP 	Line3: autoDraw = False
254.8445 	EXP 	Line4: autoDraw = False
254.8445 	EXP 	Probe: autoDraw = False
254.8445 	EXP 	Fixation: autoDraw = True
255.0615 	EXP 	Device response: <KeyPress from None: t=254.80989969999064, value=z, duration=0.24188410001806915>
255.8278 	EXP 	Line1: autoDraw = True
255.8278 	EXP 	Line2: autoDraw = True
255.8278 	EXP 	Line3: autoDraw = True
255.8278 	EXP 	Line4: autoDraw = True
255.8425 	EXP 	Fixation: autoDraw = False
256.8429 	INFO 	Keyboard events cleared
256.8427 	EXP 	Probe: autoDraw = True
257.1453 	DATA 	Keypress: x
257.1597 	EXP 	Device response: <KeyPress from None: t=257.14432540000416, value=x, duration=None>
257.1602 	EXP 	New trial (rep=23, index=1): <Trial 93 (1 in rep 23) data={'Pos': np.int64(150), 'corr_resp': 'v', 'thisN': 93, 'thisTrialN': 1, 'thisRepN': 23}>
257.1776 	EXP 	Fixation: autoDraw = False
257.1776 	EXP 	Line1: autoDraw = False
257.1776 	EXP 	Line2: autoDraw = False
257.1776 	EXP 	Line3: autoDraw = False
257.1776 	EXP 	Line4: autoDraw = False
257.1776 	EXP 	Probe: autoDraw = False
257.1776 	EXP 	Fixation: autoDraw = True
257.4781 	EXP 	Device response: <KeyPress from None: t=257.14432540000416, value=x, duration=0.3178931000875309>
258.1613 	EXP 	Line1: autoDraw = True
258.1613 	EXP 	Line2: autoDraw = True
258.1613 	EXP 	Line3: autoDraw = True
258.1613 	EXP 	Line4: autoDraw = True
258.1755 	EXP 	Fixation: autoDraw = False
259.1759 	INFO 	Keyboard events cleared
259.1758 	EXP 	Probe: autoDraw = True
259.9932 	EXP 	Device response: <KeyPress from None: t=259.986095600063, value=v, duration=None>
259.9937 	EXP 	New trial (rep=23, index=2): <Trial 94 (2 in rep 23) data={'Pos': np.int64(50), 'corr_resp': 'c', 'thisN': 94, 'thisTrialN': 2, 'thisRepN': 23}>
259.9955 	DATA 	Keypress: v
260.0109 	EXP 	Fixation: autoDraw = False
260.0109 	EXP 	Line1: autoDraw = False
260.0109 	EXP 	Line2: autoDraw = False
260.0109 	EXP 	Line3: autoDraw = False
260.0109 	EXP 	Line4: autoDraw = False
260.0109 	EXP 	Probe: autoDraw = False
260.0109 	EXP 	Fixation: autoDraw = True
260.1786 	EXP 	Device response: <KeyPress from None: t=259.986095600063, value=v, duration=0.17736520001199096>
260.9942 	EXP 	Line1: autoDraw = True
260.9942 	EXP 	Line2: autoDraw = True
260.9942 	EXP 	Line3: autoDraw = True
260.9942 	EXP 	Line4: autoDraw = True
261.0091 	EXP 	Fixation: autoDraw = False
262.0091 	INFO 	Keyboard events cleared
262.0089 	EXP 	Probe: autoDraw = True
262.7429 	EXP 	Device response: <KeyPress from None: t=262.73058740003034, value=c, duration=None>
262.7435 	EXP 	New trial (rep=23, index=3): <Trial 95 (3 in rep 23) data={'Pos': np.int64(-150), 'corr_resp': 'z', 'thisN': 95, 'thisTrialN': 3, 'thisRepN': 23}>
262.7455 	DATA 	Keypress: c
262.7610 	EXP 	Fixation: autoDraw = False
262.7610 	EXP 	Line1: autoDraw = False
262.7610 	EXP 	Line2: autoDraw = False
262.7610 	EXP 	Line3: autoDraw = False
262.7610 	EXP 	Line4: autoDraw = False
262.7610 	EXP 	Probe: autoDraw = False
262.7610 	EXP 	Fixation: autoDraw = True
262.8948 	EXP 	Device response: <KeyPress from None: t=262.73058740003034, value=c, duration=0.1556344999698922>
263.7443 	EXP 	Line1: autoDraw = True
263.7443 	EXP 	Line2: autoDraw = True
263.7443 	EXP 	Line3: autoDraw = True
263.7443 	EXP 	Line4: autoDraw = True
263.7590 	EXP 	Fixation: autoDraw = False
264.6928 	EXP 	Device response: <KeyPress from None: t=264.68595730001107, value=z, duration=None>
264.6947 	DATA 	Keypress: z
264.7425 	INFO 	Keyboard events cleared
264.7424 	EXP 	Probe: autoDraw = True
265.0429 	EXP 	Device response: <KeyPress from None: t=264.68595730001107, value=z, duration=0.3403407000005245>
265.5956 	DATA 	Keypress: z
265.6096 	EXP 	Device response: <KeyPress from None: t=265.59507850010414, value=z, duration=None>
265.6101 	EXP 	New trial (rep=24, index=0): <Trial 96 (0 in rep 24) data={'Pos': np.int64(-50), 'corr_resp': 'x', 'thisN': 96, 'thisTrialN': 0, 'thisRepN': 24}>
265.6276 	EXP 	Fixation: autoDraw = False
265.6276 	EXP 	Line1: autoDraw = False
265.6276 	EXP 	Line2: autoDraw = False
265.6276 	EXP 	Line3: autoDraw = False
265.6276 	EXP 	Line4: autoDraw = False
265.6276 	EXP 	Probe: autoDraw = False
265.6276 	EXP 	Fixation: autoDraw = True
265.9113 	EXP 	Device response: <KeyPress from None: t=265.59507850010414, value=z, duration=0.2994181999238208>
266.6107 	EXP 	Line1: autoDraw = True
266.6107 	EXP 	Line2: autoDraw = True
266.6107 	EXP 	Line3: autoDraw = True
266.6107 	EXP 	Line4: autoDraw = True
266.6257 	EXP 	Fixation: autoDraw = False
267.6091 	INFO 	Keyboard events cleared
267.6089 	EXP 	Probe: autoDraw = True
268.9761 	EXP 	Device response: <KeyPress from None: t=268.97042720008176, value=x, duration=None>
268.9767 	EXP 	New trial (rep=24, index=1): <Trial 97 (1 in rep 24) data={'Pos': np.int64(150), 'corr_resp': 'v', 'thisN': 97, 'thisTrialN': 1, 'thisRepN': 24}>
268.9784 	DATA 	Keypress: x
268.9945 	EXP 	Fixation: autoDraw = False
268.9945 	EXP 	Line1: autoDraw = False
268.9945 	EXP 	Line2: autoDraw = False
268.9945 	EXP 	Line3: autoDraw = False
268.9945 	EXP 	Line4: autoDraw = False
268.9945 	EXP 	Probe: autoDraw = False
268.9945 	EXP 	Fixation: autoDraw = True
269.2446 	EXP 	Device response: <KeyPress from None: t=268.97042720008176, value=x, duration=0.26936339994426817>
269.9773 	EXP 	Line1: autoDraw = True
269.9773 	EXP 	Line2: autoDraw = True
269.9773 	EXP 	Line3: autoDraw = True
269.9773 	EXP 	Line4: autoDraw = True
269.9923 	EXP 	Fixation: autoDraw = False
270.9924 	INFO 	Keyboard events cleared
270.9922 	EXP 	Probe: autoDraw = True
272.2923 	EXP 	Device response: <KeyPress from None: t=272.2811517000664, value=v, duration=None>
272.2928 	EXP 	New trial (rep=24, index=2): <Trial 98 (2 in rep 24) data={'Pos': np.int64(50), 'corr_resp': 'c', 'thisN': 98, 'thisTrialN': 2, 'thisRepN': 24}>
272.2947 	DATA 	Keypress: v
272.3105 	EXP 	Fixation: autoDraw = False
272.3105 	EXP 	Line1: autoDraw = False
272.3105 	EXP 	Line2: autoDraw = False
272.3105 	EXP 	Line3: autoDraw = False
272.3105 	EXP 	Line4: autoDraw = False
272.3105 	EXP 	Probe: autoDraw = False
272.3105 	EXP 	Fixation: autoDraw = True
272.5781 	EXP 	Device response: <KeyPress from None: t=272.2811517000664, value=v, duration=0.28071910003200173>
273.2934 	EXP 	Line1: autoDraw = True
273.2934 	EXP 	Line2: autoDraw = True
273.2934 	EXP 	Line3: autoDraw = True
273.2934 	EXP 	Line4: autoDraw = True
273.3086 	EXP 	Fixation: autoDraw = False
274.2922 	INFO 	Keyboard events cleared
274.2920 	EXP 	Probe: autoDraw = True
274.7427 	EXP 	Device response: <KeyPress from None: t=274.7392305000685, value=c, duration=None>
274.7432 	EXP 	New trial (rep=24, index=3): <Trial 99 (3 in rep 24) data={'Pos': np.int64(-150), 'corr_resp': 'z', 'thisN': 99, 'thisTrialN': 3, 'thisRepN': 24}>
274.7449 	DATA 	Keypress: c
274.7604 	EXP 	Fixation: autoDraw = False
274.7604 	EXP 	Line1: autoDraw = False
274.7604 	EXP 	Line2: autoDraw = False
274.7604 	EXP 	Line3: autoDraw = False
274.7604 	EXP 	Line4: autoDraw = False
274.7604 	EXP 	Probe: autoDraw = False
274.7604 	EXP 	Fixation: autoDraw = True
275.0279 	EXP 	Device response: <KeyPress from None: t=274.7392305000685, value=c, duration=0.28006130002904683>
275.7440 	EXP 	Line1: autoDraw = True
275.7440 	EXP 	Line2: autoDraw = True
275.7440 	EXP 	Line3: autoDraw = True
275.7440 	EXP 	Line4: autoDraw = True
275.7585 	EXP 	Fixation: autoDraw = False
276.7421 	INFO 	Keyboard events cleared
276.7420 	EXP 	Probe: autoDraw = True
277.2759 	EXP 	Device response: <KeyPress from None: t=277.2653799999971, value=z, duration=None>
277.2838 	EXP 	Imported ConditionsFile.csv as conditions, 4 conditions, 2 params
277.2858 	EXP 	New trial (rep=0, index=0): <Trial 0 (0 in rep 0) data={'Pos': np.int64(50), 'corr_resp': 'c', 'thisN': 0, 'thisTrialN': 0, 'thisRepN': 0}>
277.2883 	DATA 	Keypress: z
277.2939 	EXP 	Fixation: autoDraw = False
277.2939 	EXP 	Line1: autoDraw = False
277.2939 	EXP 	Line2: autoDraw = False
277.2939 	EXP 	Line3: autoDraw = False
277.2939 	EXP 	Line4: autoDraw = False
277.2939 	EXP 	Probe: autoDraw = False
277.2939 	EXP 	Fixation2: autoDraw = True
277.5779 	EXP 	Device response: <KeyPress from None: t=277.2653799999971, value=z, duration=0.29755180003121495>
278.2767 	EXP 	line1: autoDraw = True
278.2767 	EXP 	line2: autoDraw = True
278.2767 	EXP 	line3: autoDraw = True
278.2767 	EXP 	line4: autoDraw = True
278.2921 	EXP 	Fixation2: autoDraw = False
279.2922 	INFO 	Keyboard events cleared
279.2920 	EXP 	probe2: autoDraw = True
281.1260 	EXP 	Device response: <KeyPress from None: t=281.1155202999944, value=c, duration=None>
281.1265 	EXP 	New trial (rep=0, index=1): <Trial 1 (1 in rep 0) data={'Pos': np.int64(-50), 'corr_resp': 'x', 'thisN': 1, 'thisTrialN': 1, 'thisRepN': 0}>
281.1282 	DATA 	Keypress: c
281.1436 	EXP 	Fixation2: autoDraw = False
281.1436 	EXP 	line1: autoDraw = False
281.1436 	EXP 	line2: autoDraw = False
281.1436 	EXP 	line3: autoDraw = False
281.1436 	EXP 	line4: autoDraw = False
281.1436 	EXP 	probe2: autoDraw = False
281.1436 	EXP 	Fixation2: autoDraw = True
281.3276 	EXP 	Device response: <KeyPress from None: t=281.1155202999944, value=c, duration=0.19584640010725707>
282.1270 	EXP 	line1: autoDraw = True
282.1270 	EXP 	line2: autoDraw = True
282.1270 	EXP 	line3: autoDraw = True
282.1270 	EXP 	line4: autoDraw = True
282.1418 	EXP 	Fixation2: autoDraw = False
283.1420 	INFO 	Keyboard events cleared
283.1418 	EXP 	probe2: autoDraw = True
284.6590 	EXP 	Device response: <KeyPress from None: t=284.64833930006716, value=x, duration=None>
284.6595 	EXP 	New trial (rep=0, index=2): <Trial 2 (2 in rep 0) data={'Pos': np.int64(150), 'corr_resp': 'v', 'thisN': 2, 'thisTrialN': 2, 'thisRepN': 0}>
284.6612 	DATA 	Keypress: x
284.6770 	EXP 	Fixation2: autoDraw = False
284.6770 	EXP 	line1: autoDraw = False
284.6770 	EXP 	line2: autoDraw = False
284.6770 	EXP 	line3: autoDraw = False
284.6770 	EXP 	line4: autoDraw = False
284.6770 	EXP 	probe2: autoDraw = False
284.6770 	EXP 	Fixation2: autoDraw = True
284.8443 	EXP 	Device response: <KeyPress from None: t=284.64833930006716, value=x, duration=0.19111349992454052>
285.6601 	EXP 	line1: autoDraw = True
285.6601 	EXP 	line2: autoDraw = True
285.6601 	EXP 	line3: autoDraw = True
285.6601 	EXP 	line4: autoDraw = True
285.6753 	EXP 	Fixation2: autoDraw = False
286.6585 	INFO 	Keyboard events cleared
286.6583 	EXP 	probe2: autoDraw = True
287.6922 	EXP 	Device response: <KeyPress from None: t=287.6787786000641, value=v, duration=None>
287.6927 	EXP 	New trial (rep=1, index=3): <Trial 3 (3 in rep 1) data={'Pos': np.int64(150), 'corr_resp': 'v', 'thisN': 3, 'thisTrialN': 3, 'thisRepN': 1}>
287.6943 	DATA 	Keypress: v
287.7103 	EXP 	Fixation2: autoDraw = False
287.7103 	EXP 	line1: autoDraw = False
287.7103 	EXP 	line2: autoDraw = False
287.7103 	EXP 	line3: autoDraw = False
287.7103 	EXP 	line4: autoDraw = False
287.7103 	EXP 	probe2: autoDraw = False
287.7103 	EXP 	Fixation2: autoDraw = True
287.8108 	EXP 	Device response: <KeyPress from None: t=287.6787786000641, value=v, duration=0.11817659996449947>
288.6935 	EXP 	line1: autoDraw = True
288.6935 	EXP 	line2: autoDraw = True
288.6935 	EXP 	line3: autoDraw = True
288.6935 	EXP 	line4: autoDraw = True
288.7076 	EXP 	Fixation2: autoDraw = False
289.6920 	INFO 	Keyboard events cleared
289.6918 	EXP 	probe2: autoDraw = True
290.6588 	EXP 	Device response: <KeyPress from None: t=290.65149780001957, value=v, duration=None>
290.6595 	EXP 	New trial (rep=0, index=4): <Trial 4 (4 in rep 0) data={'Pos': np.int64(-150), 'corr_resp': 'z', 'thisN': 4, 'thisTrialN': 4, 'thisRepN': 0}>
290.6612 	DATA 	Keypress: v
290.6769 	EXP 	Fixation2: autoDraw = False
290.6769 	EXP 	line1: autoDraw = False
290.6769 	EXP 	line2: autoDraw = False
290.6769 	EXP 	line3: autoDraw = False
290.6769 	EXP 	line4: autoDraw = False
290.6769 	EXP 	probe2: autoDraw = False
290.6769 	EXP 	Fixation2: autoDraw = True
290.8441 	EXP 	Device response: <KeyPress from None: t=290.65149780001957, value=v, duration=0.17668440006673336>
291.6597 	EXP 	line1: autoDraw = True
291.6597 	EXP 	line2: autoDraw = True
291.6597 	EXP 	line3: autoDraw = True
291.6597 	EXP 	line4: autoDraw = True
291.6750 	EXP 	Fixation2: autoDraw = False
292.6582 	INFO 	Keyboard events cleared
292.6580 	EXP 	probe2: autoDraw = True
293.8445 	DATA 	Keypress: z
293.8588 	EXP 	Device response: <KeyPress from None: t=293.84260610002093, value=z, duration=None>
293.8594 	EXP 	New trial (rep=1, index=5): <Trial 5 (5 in rep 1) data={'Pos': np.int64(50), 'corr_resp': 'c', 'thisN': 5, 'thisTrialN': 5, 'thisRepN': 1}>
293.8767 	EXP 	Fixation2: autoDraw = False
293.8767 	EXP 	line1: autoDraw = False
293.8767 	EXP 	line2: autoDraw = False
293.8767 	EXP 	line3: autoDraw = False
293.8767 	EXP 	line4: autoDraw = False
293.8767 	EXP 	probe2: autoDraw = False
293.8767 	EXP 	Fixation2: autoDraw = True
294.0441 	EXP 	Device response: <KeyPress from None: t=293.84260610002093, value=z, duration=0.19507350004278123>
294.8597 	EXP 	line1: autoDraw = True
294.8597 	EXP 	line2: autoDraw = True
294.8597 	EXP 	line3: autoDraw = True
294.8597 	EXP 	line4: autoDraw = True
294.8750 	EXP 	Fixation2: autoDraw = False
295.8750 	INFO 	Keyboard events cleared
295.8749 	EXP 	probe2: autoDraw = True
299.3419 	EXP 	Device response: <KeyPress from None: t=299.3379331000615, value=c, duration=None>
299.3425 	EXP 	New trial (rep=1, index=6): <Trial 6 (6 in rep 1) data={'Pos': np.int64(-150), 'corr_resp': 'z', 'thisN': 6, 'thisTrialN': 6, 'thisRepN': 1}>
299.3446 	DATA 	Keypress: c
299.3603 	EXP 	Fixation2: autoDraw = False
299.3603 	EXP 	line1: autoDraw = False
299.3603 	EXP 	line2: autoDraw = False
299.3603 	EXP 	line3: autoDraw = False
299.3603 	EXP 	line4: autoDraw = False
299.3603 	EXP 	probe2: autoDraw = False
299.3603 	EXP 	Fixation2: autoDraw = True
299.4772 	EXP 	Device response: <KeyPress from None: t=299.3379331000615, value=c, duration=0.13323679997120053>
300.3431 	EXP 	line1: autoDraw = True
300.3431 	EXP 	line2: autoDraw = True
300.3431 	EXP 	line3: autoDraw = True
300.3431 	EXP 	line4: autoDraw = True
300.3581 	EXP 	Fixation2: autoDraw = False
301.3578 	INFO 	Keyboard events cleared
301.3576 	EXP 	probe2: autoDraw = True
302.3917 	EXP 	Device response: <KeyPress from None: t=302.391100000008, value=z, duration=None>
302.3922 	EXP 	New trial (rep=1, index=7): <Trial 7 (7 in rep 1) data={'Pos': np.int64(-50), 'corr_resp': 'x', 'thisN': 7, 'thisTrialN': 7, 'thisRepN': 1}>
302.3939 	DATA 	Keypress: z
302.4100 	EXP 	Fixation2: autoDraw = False
302.4100 	EXP 	line1: autoDraw = False
302.4100 	EXP 	line2: autoDraw = False
302.4100 	EXP 	line3: autoDraw = False
302.4100 	EXP 	line4: autoDraw = False
302.4100 	EXP 	probe2: autoDraw = False
302.4100 	EXP 	Fixation2: autoDraw = True
302.5940 	EXP 	Device response: <KeyPress from None: t=302.391100000008, value=z, duration=0.18930239998735487>
303.3932 	EXP 	line1: autoDraw = True
303.3932 	EXP 	line2: autoDraw = True
303.3932 	EXP 	line3: autoDraw = True
303.3932 	EXP 	line4: autoDraw = True
303.4081 	EXP 	Fixation2: autoDraw = False
304.3916 	INFO 	Keyboard events cleared
304.3914 	EXP 	probe2: autoDraw = True
305.9253 	EXP 	Device response: <KeyPress from None: t=305.91622820007615, value=c, duration=None>
305.9259 	EXP 	New trial (rep=2, index=8): <Trial 8 (8 in rep 2) data={'Pos': np.int64(-150), 'corr_resp': 'z', 'thisN': 8, 'thisTrialN': 8, 'thisRepN': 2}>
305.9276 	DATA 	Keypress: c
305.9430 	EXP 	Fixation2: autoDraw = False
305.9430 	EXP 	line1: autoDraw = False
305.9430 	EXP 	line2: autoDraw = False
305.9430 	EXP 	line3: autoDraw = False
305.9430 	EXP 	line4: autoDraw = False
305.9430 	EXP 	probe2: autoDraw = False
305.9430 	EXP 	Fixation2: autoDraw = True
306.1937 	EXP 	Device response: <KeyPress from None: t=305.91622820007615, value=c, duration=0.26870499993674457>
306.9262 	EXP 	line1: autoDraw = True
306.9262 	EXP 	line2: autoDraw = True
306.9262 	EXP 	line3: autoDraw = True
306.9262 	EXP 	line4: autoDraw = True
306.9414 	EXP 	Fixation2: autoDraw = False
307.9415 	INFO 	Keyboard events cleared
307.9413 	EXP 	probe2: autoDraw = True
308.9246 	EXP 	Device response: <KeyPress from None: t=308.9238537000492, value=z, duration=None>
308.9250 	EXP 	New trial (rep=2, index=9): <Trial 9 (9 in rep 2) data={'Pos': np.int64(50), 'corr_resp': 'c', 'thisN': 9, 'thisTrialN': 9, 'thisRepN': 2}>
308.9260 	DATA 	Keypress: z
308.9430 	EXP 	Fixation2: autoDraw = False
308.9430 	EXP 	line1: autoDraw = False
308.9430 	EXP 	line2: autoDraw = False
308.9430 	EXP 	line3: autoDraw = False
308.9430 	EXP 	line4: autoDraw = False
308.9430 	EXP 	probe2: autoDraw = False
308.9430 	EXP 	Fixation2: autoDraw = True
309.2267 	EXP 	Device response: <KeyPress from None: t=308.9238537000492, value=z, duration=0.29480699996929616>
309.9261 	EXP 	line1: autoDraw = True
309.9261 	EXP 	line2: autoDraw = True
309.9261 	EXP 	line3: autoDraw = True
309.9261 	EXP 	line4: autoDraw = True
309.9408 	EXP 	Fixation2: autoDraw = False
310.9246 	INFO 	Keyboard events cleared
310.9245 	EXP 	probe2: autoDraw = True
313.5412 	EXP 	Device response: <KeyPress from None: t=313.530875400058, value=v, duration=None>
313.5419 	EXP 	New trial (rep=3, index=10): <Trial 10 (10 in rep 3) data={'Pos': np.int64(50), 'corr_resp': 'c', 'thisN': 10, 'thisTrialN': 10, 'thisRepN': 3}>
313.5441 	DATA 	Keypress: v
313.5594 	EXP 	Fixation2: autoDraw = False
313.5594 	EXP 	line1: autoDraw = False
313.5594 	EXP 	line2: autoDraw = False
313.5594 	EXP 	line3: autoDraw = False
313.5594 	EXP 	line4: autoDraw = False
313.5594 	EXP 	probe2: autoDraw = False
313.5594 	EXP 	Fixation2: autoDraw = True
313.6436 	EXP 	Device response: <KeyPress from None: t=313.530875400058, value=v, duration=0.09971360000781715>
314.5427 	EXP 	line1: autoDraw = True
314.5427 	EXP 	line2: autoDraw = True
314.5427 	EXP 	line3: autoDraw = True
314.5427 	EXP 	line4: autoDraw = True
314.5574 	EXP 	Fixation2: autoDraw = False
315.5409 	INFO 	Keyboard events cleared
315.5407 	EXP 	probe2: autoDraw = True
317.3414 	EXP 	Device response: <KeyPress from None: t=317.3390379000921, value=v, duration=None>
317.3419 	EXP 	New trial (rep=4, index=11): <Trial 11 (11 in rep 4) data={'Pos': np.int64(50), 'corr_resp': 'c', 'thisN': 11, 'thisTrialN': 11, 'thisRepN': 4}>
317.3443 	DATA 	Keypress: v
317.3596 	EXP 	Fixation2: autoDraw = False
317.3596 	EXP 	line1: autoDraw = False
317.3596 	EXP 	line2: autoDraw = False
317.3596 	EXP 	line3: autoDraw = False
317.3596 	EXP 	line4: autoDraw = False
317.3596 	EXP 	probe2: autoDraw = False
317.3596 	EXP 	Fixation2: autoDraw = True
317.4435 	EXP 	Device response: <KeyPress from None: t=317.3390379000921, value=v, duration=0.09873109997715801>
318.3429 	EXP 	line1: autoDraw = True
318.3429 	EXP 	line2: autoDraw = True
318.3429 	EXP 	line3: autoDraw = True
318.3429 	EXP 	line4: autoDraw = True
318.3573 	EXP 	Fixation2: autoDraw = False
319.3411 	INFO 	Keyboard events cleared
319.3409 	EXP 	probe2: autoDraw = True
320.9414 	EXP 	Device response: <KeyPress from None: t=320.9265837999992, value=v, duration=None>
320.9421 	EXP 	New trial (rep=2, index=12): <Trial 12 (12 in rep 2) data={'Pos': np.int64(150), 'corr_resp': 'v', 'thisN': 12, 'thisTrialN': 12, 'thisRepN': 2}>
320.9439 	DATA 	Keypress: v
320.9593 	EXP 	Fixation2: autoDraw = False
320.9593 	EXP 	line1: autoDraw = False
320.9593 	EXP 	line2: autoDraw = False
320.9593 	EXP 	line3: autoDraw = False
320.9593 	EXP 	line4: autoDraw = False
320.9593 	EXP 	probe2: autoDraw = False
320.9593 	EXP 	Fixation2: autoDraw = True
321.1431 	EXP 	Device response: <KeyPress from None: t=320.9265837999992, value=v, duration=0.21012160007376224>
321.9424 	EXP 	line1: autoDraw = True
321.9424 	EXP 	line2: autoDraw = True
321.9424 	EXP 	line3: autoDraw = True
321.9424 	EXP 	line4: autoDraw = True
321.9572 	EXP 	Fixation2: autoDraw = False
322.9574 	INFO 	Keyboard events cleared
322.9572 	EXP 	probe2: autoDraw = True
324.2248 	EXP 	Device response: <KeyPress from None: t=324.21736080001574, value=v, duration=None>
324.2253 	EXP 	New trial (rep=3, index=13): <Trial 13 (13 in rep 3) data={'Pos': np.int64(-150), 'corr_resp': 'z', 'thisN': 13, 'thisTrialN': 13, 'thisRepN': 3}>
324.2277 	DATA 	Keypress: v
324.2428 	EXP 	Fixation2: autoDraw = False
324.2428 	EXP 	line1: autoDraw = False
324.2428 	EXP 	line2: autoDraw = False
324.2428 	EXP 	line3: autoDraw = False
324.2428 	EXP 	line4: autoDraw = False
324.2428 	EXP 	probe2: autoDraw = False
324.2428 	EXP 	Fixation2: autoDraw = True
324.4603 	EXP 	Device response: <KeyPress from None: t=324.21736080001574, value=v, duration=0.23280890006572008>
325.2258 	EXP 	line1: autoDraw = True
325.2258 	EXP 	line2: autoDraw = True
325.2258 	EXP 	line3: autoDraw = True
325.2258 	EXP 	line4: autoDraw = True
325.2408 	EXP 	Fixation2: autoDraw = False
326.2408 	INFO 	Keyboard events cleared
326.2406 	EXP 	probe2: autoDraw = True
327.2579 	EXP 	Device response: <KeyPress from None: t=327.2525141000515, value=z, duration=None>
327.2585 	EXP 	New trial (rep=2, index=14): <Trial 14 (14 in rep 2) data={'Pos': np.int64(-50), 'corr_resp': 'x', 'thisN': 14, 'thisTrialN': 14, 'thisRepN': 2}>
327.2602 	DATA 	Keypress: z
327.2764 	EXP 	Fixation2: autoDraw = False
327.2764 	EXP 	line1: autoDraw = False
327.2764 	EXP 	line2: autoDraw = False
327.2764 	EXP 	line3: autoDraw = False
327.2764 	EXP 	line4: autoDraw = False
327.2764 	EXP 	probe2: autoDraw = False
327.2764 	EXP 	Fixation2: autoDraw = True
327.5264 	EXP 	Device response: <KeyPress from None: t=327.2525141000515, value=z, duration=0.2664012999739498>
328.2593 	EXP 	line1: autoDraw = True
328.2593 	EXP 	line2: autoDraw = True
328.2593 	EXP 	line3: autoDraw = True
328.2593 	EXP 	line4: autoDraw = True
328.2739 	EXP 	Fixation2: autoDraw = False
329.2574 	INFO 	Keyboard events cleared
329.2572 	EXP 	probe2: autoDraw = True
331.4408 	EXP 	Device response: <KeyPress from None: t=331.4278545000125, value=c, duration=None>
331.4413 	EXP 	New trial (rep=4, index=15): <Trial 15 (15 in rep 4) data={'Pos': np.int64(-150), 'corr_resp': 'z', 'thisN': 15, 'thisTrialN': 15, 'thisRepN': 4}>
331.4433 	DATA 	Keypress: c
331.4589 	EXP 	Fixation2: autoDraw = False
331.4589 	EXP 	line1: autoDraw = False
331.4589 	EXP 	line2: autoDraw = False
331.4589 	EXP 	line3: autoDraw = False
331.4589 	EXP 	line4: autoDraw = False
331.4589 	EXP 	probe2: autoDraw = False
331.4589 	EXP 	Fixation2: autoDraw = True
331.6757 	EXP 	Device response: <KeyPress from None: t=331.4278545000125, value=c, duration=0.24293810001108795>
332.4422 	EXP 	line1: autoDraw = True
332.4422 	EXP 	line2: autoDraw = True
332.4422 	EXP 	line3: autoDraw = True
332.4422 	EXP 	line4: autoDraw = True
332.4570 	EXP 	Fixation2: autoDraw = False
333.4406 	INFO 	Keyboard events cleared
333.4404 	EXP 	probe2: autoDraw = True
334.1576 	EXP 	Device response: <KeyPress from None: t=334.14594920002855, value=z, duration=None>
334.1581 	EXP 	New trial (rep=3, index=16): <Trial 16 (16 in rep 3) data={'Pos': np.int64(-50), 'corr_resp': 'x', 'thisN': 16, 'thisTrialN': 16, 'thisRepN': 3}>
334.1598 	DATA 	Keypress: z
334.1759 	EXP 	Fixation2: autoDraw = False
334.1759 	EXP 	line1: autoDraw = False
334.1759 	EXP 	line2: autoDraw = False
334.1759 	EXP 	line3: autoDraw = False
334.1759 	EXP 	line4: autoDraw = False
334.1759 	EXP 	probe2: autoDraw = False
334.1759 	EXP 	Fixation2: autoDraw = True
334.4260 	EXP 	Device response: <KeyPress from None: t=334.14594920002855, value=z, duration=0.26547870005015284>
335.1590 	EXP 	line1: autoDraw = True
335.1590 	EXP 	line2: autoDraw = True
335.1590 	EXP 	line3: autoDraw = True
335.1590 	EXP 	line4: autoDraw = True
335.1735 	EXP 	Fixation2: autoDraw = False
336.1572 	INFO 	Keyboard events cleared
336.1570 	EXP 	probe2: autoDraw = True
337.2074 	EXP 	Device response: <KeyPress from None: t=337.20399010006804, value=c, duration=None>
337.2082 	EXP 	New trial (rep=5, index=17): <Trial 17 (17 in rep 5) data={'Pos': np.int64(50), 'corr_resp': 'c', 'thisN': 17, 'thisTrialN': 17, 'thisRepN': 5}>
337.2100 	DATA 	Keypress: c
337.2256 	EXP 	Fixation2: autoDraw = False
337.2256 	EXP 	line1: autoDraw = False
337.2256 	EXP 	line2: autoDraw = False
337.2256 	EXP 	line3: autoDraw = False
337.2256 	EXP 	line4: autoDraw = False
337.2256 	EXP 	probe2: autoDraw = False
337.2256 	EXP 	Fixation2: autoDraw = True
337.3769 	EXP 	Device response: <KeyPress from None: t=337.20399010006804, value=c, duration=0.17086840001866221>
338.2089 	EXP 	line1: autoDraw = True
338.2089 	EXP 	line2: autoDraw = True
338.2089 	EXP 	line3: autoDraw = True
338.2089 	EXP 	line4: autoDraw = True
338.2238 	EXP 	Fixation2: autoDraw = False
339.2071 	INFO 	Keyboard events cleared
339.2069 	EXP 	probe2: autoDraw = True
340.9450 	DATA 	Keypress: v
340.9572 	EXP 	Device response: <KeyPress from None: t=340.942143100081, value=v, duration=None>
340.9577 	EXP 	New trial (rep=5, index=18): <Trial 18 (18 in rep 5) data={'Pos': np.int64(-150), 'corr_resp': 'z', 'thisN': 18, 'thisTrialN': 18, 'thisRepN': 5}>
340.9752 	EXP 	Fixation2: autoDraw = False
340.9752 	EXP 	line1: autoDraw = False
340.9752 	EXP 	line2: autoDraw = False
340.9752 	EXP 	line3: autoDraw = False
340.9752 	EXP 	line4: autoDraw = False
340.9752 	EXP 	probe2: autoDraw = False
340.9752 	EXP 	Fixation2: autoDraw = True
341.1928 	EXP 	Device response: <KeyPress from None: t=340.942143100081, value=v, duration=0.2455618999665603>
341.9586 	EXP 	line1: autoDraw = True
341.9586 	EXP 	line2: autoDraw = True
341.9586 	EXP 	line3: autoDraw = True
341.9586 	EXP 	line4: autoDraw = True
341.9735 	EXP 	Fixation2: autoDraw = False
342.9571 	INFO 	Keyboard events cleared
342.9569 	EXP 	probe2: autoDraw = True
344.8905 	EXP 	Device response: <KeyPress from None: t=344.88592310005333, value=z, duration=None>
344.8910 	EXP 	New trial (rep=6, index=19): <Trial 19 (19 in rep 6) data={'Pos': np.int64(50), 'corr_resp': 'c', 'thisN': 19, 'thisTrialN': 19, 'thisRepN': 6}>
344.8927 	DATA 	Keypress: z
344.9088 	EXP 	Fixation2: autoDraw = False
344.9088 	EXP 	line1: autoDraw = False
344.9088 	EXP 	line2: autoDraw = False
344.9088 	EXP 	line3: autoDraw = False
344.9088 	EXP 	line4: autoDraw = False
344.9088 	EXP 	probe2: autoDraw = False
344.9088 	EXP 	Fixation2: autoDraw = True
345.2259 	EXP 	Device response: <KeyPress from None: t=344.88592310005333, value=z, duration=0.3310580999823287>
345.8922 	EXP 	line1: autoDraw = True
345.8922 	EXP 	line2: autoDraw = True
345.8922 	EXP 	line3: autoDraw = True
345.8922 	EXP 	line4: autoDraw = True
345.9069 	EXP 	Fixation2: autoDraw = False
346.8900 	INFO 	Keyboard events cleared
346.8898 	EXP 	probe2: autoDraw = True
349.2073 	EXP 	Device response: <KeyPress from None: t=349.1941447000718, value=v, duration=None>
349.2078 	EXP 	New trial (rep=6, index=20): <Trial 20 (20 in rep 6) data={'Pos': np.int64(-150), 'corr_resp': 'z', 'thisN': 20, 'thisTrialN': 20, 'thisRepN': 6}>
349.2094 	DATA 	Keypress: v
349.2252 	EXP 	Fixation2: autoDraw = False
349.2252 	EXP 	line1: autoDraw = False
349.2252 	EXP 	line2: autoDraw = False
349.2252 	EXP 	line3: autoDraw = False
349.2252 	EXP 	line4: autoDraw = False
349.2252 	EXP 	probe2: autoDraw = False
349.2252 	EXP 	Fixation2: autoDraw = True
349.3425 	EXP 	Device response: <KeyPress from None: t=349.1941447000718, value=v, duration=0.13959839998278767>
350.2086 	EXP 	line1: autoDraw = True
350.2086 	EXP 	line2: autoDraw = True
350.2086 	EXP 	line3: autoDraw = True
350.2086 	EXP 	line4: autoDraw = True
350.2237 	EXP 	Fixation2: autoDraw = False
351.2068 	INFO 	Keyboard events cleared
351.2066 	EXP 	probe2: autoDraw = True
351.6237 	EXP 	Device response: <KeyPress from None: t=351.61778070009314, value=z, duration=None>
351.6242 	EXP 	New trial (rep=4, index=21): <Trial 21 (21 in rep 4) data={'Pos': np.int64(-50), 'corr_resp': 'x', 'thisN': 21, 'thisTrialN': 21, 'thisRepN': 4}>
351.6261 	DATA 	Keypress: z
351.6415 	EXP 	Fixation2: autoDraw = False
351.6415 	EXP 	line1: autoDraw = False
351.6415 	EXP 	line2: autoDraw = False
351.6415 	EXP 	line3: autoDraw = False
351.6415 	EXP 	line4: autoDraw = False
351.6415 	EXP 	probe2: autoDraw = False
351.6415 	EXP 	Fixation2: autoDraw = True
351.8424 	EXP 	Device response: <KeyPress from None: t=351.61778070009314, value=z, duration=0.2105714000063017>
352.6253 	EXP 	line1: autoDraw = True
352.6253 	EXP 	line2: autoDraw = True
352.6253 	EXP 	line3: autoDraw = True
352.6253 	EXP 	line4: autoDraw = True
352.6401 	EXP 	Fixation2: autoDraw = False
353.6233 	INFO 	Keyboard events cleared
353.6231 	EXP 	probe2: autoDraw = True
355.7245 	EXP 	Device response: <KeyPress from None: t=355.71256040001754, value=c, duration=None>
355.7250 	EXP 	New trial (rep=7, index=22): <Trial 22 (22 in rep 7) data={'Pos': np.int64(50), 'corr_resp': 'c', 'thisN': 22, 'thisTrialN': 22, 'thisRepN': 7}>
355.7267 	DATA 	Keypress: c
355.7418 	EXP 	Fixation2: autoDraw = False
355.7418 	EXP 	line1: autoDraw = False
355.7418 	EXP 	line2: autoDraw = False
355.7418 	EXP 	line3: autoDraw = False
355.7418 	EXP 	line4: autoDraw = False
355.7418 	EXP 	probe2: autoDraw = False
355.7418 	EXP 	Fixation2: autoDraw = True
355.8586 	EXP 	Device response: <KeyPress from None: t=355.71256040001754, value=c, duration=0.13724010006990284>
356.7255 	EXP 	line1: autoDraw = True
356.7255 	EXP 	line2: autoDraw = True
356.7255 	EXP 	line3: autoDraw = True
356.7255 	EXP 	line4: autoDraw = True
356.7400 	EXP 	Fixation2: autoDraw = False
357.7399 	INFO 	Keyboard events cleared
357.7397 	EXP 	probe2: autoDraw = True
358.7925 	DATA 	Keypress: v
358.8071 	EXP 	Device response: <KeyPress from None: t=358.79100810003, value=v, duration=None>
358.8076 	EXP 	New trial (rep=7, index=23): <Trial 23 (23 in rep 7) data={'Pos': np.int64(-150), 'corr_resp': 'z', 'thisN': 23, 'thisTrialN': 23, 'thisRepN': 7}>
358.8249 	EXP 	Fixation2: autoDraw = False
358.8249 	EXP 	line1: autoDraw = False
358.8249 	EXP 	line2: autoDraw = False
358.8249 	EXP 	line3: autoDraw = False
358.8249 	EXP 	line4: autoDraw = False
358.8249 	EXP 	probe2: autoDraw = False
358.8249 	EXP 	Fixation2: autoDraw = True
358.9255 	EXP 	Device response: <KeyPress from None: t=358.79100810003, value=v, duration=0.11972419999074191>
359.8083 	EXP 	line1: autoDraw = True
359.8083 	EXP 	line2: autoDraw = True
359.8083 	EXP 	line3: autoDraw = True
359.8083 	EXP 	line4: autoDraw = True
359.8232 	EXP 	Fixation2: autoDraw = False
360.8231 	INFO 	Keyboard events cleared
360.8229 	EXP 	probe2: autoDraw = True
361.7402 	EXP 	Device response: <KeyPress from None: t=361.73715440009255, value=z, duration=None>
361.7407 	EXP 	New trial (rep=5, index=24): <Trial 24 (24 in rep 5) data={'Pos': np.int64(-50), 'corr_resp': 'x', 'thisN': 24, 'thisTrialN': 24, 'thisRepN': 5}>
361.7426 	DATA 	Keypress: z
361.7584 	EXP 	Fixation2: autoDraw = False
361.7584 	EXP 	line1: autoDraw = False
361.7584 	EXP 	line2: autoDraw = False
361.7584 	EXP 	line3: autoDraw = False
361.7584 	EXP 	line4: autoDraw = False
361.7584 	EXP 	probe2: autoDraw = False
361.7584 	EXP 	Fixation2: autoDraw = True
361.9753 	EXP 	Device response: <KeyPress from None: t=361.73715440009255, value=z, duration=0.2334561999887228>
362.7416 	EXP 	line1: autoDraw = True
362.7416 	EXP 	line2: autoDraw = True
362.7416 	EXP 	line3: autoDraw = True
362.7416 	EXP 	line4: autoDraw = True
362.7562 	EXP 	Fixation2: autoDraw = False
363.7399 	INFO 	Keyboard events cleared
363.7398 	EXP 	probe2: autoDraw = True
365.0736 	EXP 	Device response: <KeyPress from None: t=365.0599893000908, value=c, duration=None>
365.0741 	EXP 	New trial (rep=8, index=25): <Trial 25 (25 in rep 8) data={'Pos': np.int64(-150), 'corr_resp': 'z', 'thisN': 25, 'thisTrialN': 25, 'thisRepN': 8}>
365.0758 	DATA 	Keypress: c
365.0919 	EXP 	Fixation2: autoDraw = False
365.0919 	EXP 	line1: autoDraw = False
365.0919 	EXP 	line2: autoDraw = False
365.0919 	EXP 	line3: autoDraw = False
365.0919 	EXP 	line4: autoDraw = False
365.0919 	EXP 	probe2: autoDraw = False
365.0919 	EXP 	Fixation2: autoDraw = True
365.2254 	EXP 	Device response: <KeyPress from None: t=365.0599893000908, value=c, duration=0.15887049993034452>
366.0749 	EXP 	line1: autoDraw = True
366.0749 	EXP 	line2: autoDraw = True
366.0749 	EXP 	line3: autoDraw = True
366.0749 	EXP 	line4: autoDraw = True
366.0895 	EXP 	Fixation2: autoDraw = False
367.0897 	INFO 	Keyboard events cleared
367.0896 	EXP 	probe2: autoDraw = True
367.7901 	EXP 	Device response: <KeyPress from None: t=367.784859300009, value=z, duration=None>
367.7907 	EXP 	New trial (rep=3, index=26): <Trial 26 (26 in rep 3) data={'Pos': np.int64(150), 'corr_resp': 'v', 'thisN': 26, 'thisTrialN': 26, 'thisRepN': 3}>
367.7924 	DATA 	Keypress: z
367.8080 	EXP 	Fixation2: autoDraw = False
367.8080 	EXP 	line1: autoDraw = False
367.8080 	EXP 	line2: autoDraw = False
367.8080 	EXP 	line3: autoDraw = False
367.8080 	EXP 	line4: autoDraw = False
367.8080 	EXP 	probe2: autoDraw = False
367.8080 	EXP 	Fixation2: autoDraw = True
368.0086 	EXP 	Device response: <KeyPress from None: t=367.784859300009, value=z, duration=0.2198688000207767>
368.7914 	EXP 	line1: autoDraw = True
368.7914 	EXP 	line2: autoDraw = True
368.7914 	EXP 	line3: autoDraw = True
368.7914 	EXP 	line4: autoDraw = True
368.8061 	EXP 	Fixation2: autoDraw = False
369.7896 	INFO 	Keyboard events cleared
369.7894 	EXP 	probe2: autoDraw = True
371.2401 	EXP 	Device response: <KeyPress from None: t=371.2322808000026, value=v, duration=None>
371.2406 	EXP 	New trial (rep=6, index=27): <Trial 27 (27 in rep 6) data={'Pos': np.int64(-50), 'corr_resp': 'x', 'thisN': 27, 'thisTrialN': 27, 'thisRepN': 6}>
371.2423 	DATA 	Keypress: v
371.2579 	EXP 	Fixation2: autoDraw = False
371.2579 	EXP 	line1: autoDraw = False
371.2579 	EXP 	line2: autoDraw = False
371.2579 	EXP 	line3: autoDraw = False
371.2579 	EXP 	line4: autoDraw = False
371.2579 	EXP 	probe2: autoDraw = False
371.2579 	EXP 	Fixation2: autoDraw = True
371.3251 	EXP 	Device response: <KeyPress from None: t=371.2322808000026, value=v, duration=0.08404290000908077>
372.2415 	EXP 	line1: autoDraw = True
372.2415 	EXP 	line2: autoDraw = True
372.2415 	EXP 	line3: autoDraw = True
372.2415 	EXP 	line4: autoDraw = True
372.2561 	EXP 	Fixation2: autoDraw = False
373.2563 	INFO 	Keyboard events cleared
373.2562 	EXP 	probe2: autoDraw = True
374.4733 	EXP 	Device response: <KeyPress from None: t=374.46278679999523, value=c, duration=None>
374.4738 	EXP 	New trial (rep=9, index=28): <Trial 28 (28 in rep 9) data={'Pos': np.int64(-150), 'corr_resp': 'z', 'thisN': 28, 'thisTrialN': 28, 'thisRepN': 9}>
374.4758 	DATA 	Keypress: c
374.4911 	EXP 	Fixation2: autoDraw = False
374.4911 	EXP 	line1: autoDraw = False
374.4911 	EXP 	line2: autoDraw = False
374.4911 	EXP 	line3: autoDraw = False
374.4911 	EXP 	line4: autoDraw = False
374.4911 	EXP 	probe2: autoDraw = False
374.4911 	EXP 	Fixation2: autoDraw = True
374.6425 	EXP 	Device response: <KeyPress from None: t=374.46278679999523, value=c, duration=0.17789250006899238>
375.4747 	EXP 	line1: autoDraw = True
375.4747 	EXP 	line2: autoDraw = True
375.4747 	EXP 	line3: autoDraw = True
375.4747 	EXP 	line4: autoDraw = True
375.4892 	EXP 	Fixation2: autoDraw = False
376.4892 	INFO 	Keyboard events cleared
376.4891 	EXP 	probe2: autoDraw = True
377.1400 	EXP 	Device response: <KeyPress from None: t=377.1292269000551, value=z, duration=None>
377.1405 	EXP 	New trial (rep=4, index=29): <Trial 29 (29 in rep 4) data={'Pos': np.int64(150), 'corr_resp': 'v', 'thisN': 29, 'thisTrialN': 29, 'thisRepN': 4}>
377.1422 	DATA 	Keypress: z
377.1580 	EXP 	Fixation2: autoDraw = False
377.1580 	EXP 	line1: autoDraw = False
377.1580 	EXP 	line2: autoDraw = False
377.1580 	EXP 	line3: autoDraw = False
377.1580 	EXP 	line4: autoDraw = False
377.1580 	EXP 	probe2: autoDraw = False
377.1580 	EXP 	Fixation2: autoDraw = True
377.3755 	EXP 	Device response: <KeyPress from None: t=377.1292269000551, value=z, duration=0.23629389994312078>
378.1416 	EXP 	line1: autoDraw = True
378.1416 	EXP 	line2: autoDraw = True
378.1416 	EXP 	line3: autoDraw = True
378.1416 	EXP 	line4: autoDraw = True
378.1556 	EXP 	Fixation2: autoDraw = False
379.1396 	INFO 	Keyboard events cleared
379.1394 	EXP 	probe2: autoDraw = True
380.2399 	EXP 	Device response: <KeyPress from None: t=380.2330097000813, value=v, duration=None>
380.2405 	EXP 	New trial (rep=7, index=30): <Trial 30 (30 in rep 7) data={'Pos': np.int64(-50), 'corr_resp': 'x', 'thisN': 30, 'thisTrialN': 30, 'thisRepN': 7}>
380.2422 	DATA 	Keypress: v
380.2576 	EXP 	Fixation2: autoDraw = False
380.2576 	EXP 	line1: autoDraw = False
380.2576 	EXP 	line2: autoDraw = False
380.2576 	EXP 	line3: autoDraw = False
380.2576 	EXP 	line4: autoDraw = False
380.2576 	EXP 	probe2: autoDraw = False
380.2576 	EXP 	Fixation2: autoDraw = True
380.4249 	EXP 	Device response: <KeyPress from None: t=380.2330097000813, value=v, duration=0.18324859999120235>
381.2406 	EXP 	line1: autoDraw = True
381.2406 	EXP 	line2: autoDraw = True
381.2406 	EXP 	line3: autoDraw = True
381.2406 	EXP 	line4: autoDraw = True
381.2558 	EXP 	Fixation2: autoDraw = False
382.2558 	INFO 	Keyboard events cleared
382.2556 	EXP 	probe2: autoDraw = True
387.0247 	DATA 	Keypress: x
387.0396 	EXP 	Device response: <KeyPress from None: t=387.0223475000821, value=x, duration=None>
387.0403 	EXP 	New trial (rep=10, index=31): <Trial 31 (31 in rep 10) data={'Pos': np.int64(-150), 'corr_resp': 'z', 'thisN': 31, 'thisTrialN': 31, 'thisRepN': 10}>
387.0573 	EXP 	Fixation2: autoDraw = False
387.0573 	EXP 	line1: autoDraw = False
387.0573 	EXP 	line2: autoDraw = False
387.0573 	EXP 	line3: autoDraw = False
387.0573 	EXP 	line4: autoDraw = False
387.0573 	EXP 	probe2: autoDraw = False
387.0573 	EXP 	Fixation2: autoDraw = True
387.2417 	EXP 	Device response: <KeyPress from None: t=387.0223475000821, value=x, duration=0.21248089999426156>
388.0408 	EXP 	line1: autoDraw = True
388.0408 	EXP 	line2: autoDraw = True
388.0408 	EXP 	line3: autoDraw = True
388.0408 	EXP 	line4: autoDraw = True
388.0553 	EXP 	Fixation2: autoDraw = False
389.0555 	INFO 	Keyboard events cleared
389.0553 	EXP 	probe2: autoDraw = True
390.7561 	EXP 	Device response: <KeyPress from None: t=390.75306220003404, value=z, duration=None>
390.7566 	EXP 	New trial (rep=11, index=32): <Trial 32 (32 in rep 11) data={'Pos': np.int64(-150), 'corr_resp': 'z', 'thisN': 32, 'thisTrialN': 32, 'thisRepN': 11}>
390.7583 	DATA 	Keypress: z
390.7742 	EXP 	Fixation2: autoDraw = False
390.7742 	EXP 	line1: autoDraw = False
390.7742 	EXP 	line2: autoDraw = False
390.7742 	EXP 	line3: autoDraw = False
390.7742 	EXP 	line4: autoDraw = False
390.7742 	EXP 	probe2: autoDraw = False
390.7742 	EXP 	Fixation2: autoDraw = True
391.1412 	EXP 	Device response: <KeyPress from None: t=390.75306220003404, value=z, duration=0.38581720006186515>
391.7574 	EXP 	line1: autoDraw = True
391.7574 	EXP 	line2: autoDraw = True
391.7574 	EXP 	line3: autoDraw = True
391.7574 	EXP 	line4: autoDraw = True
391.7723 	EXP 	Fixation2: autoDraw = False
392.7555 	INFO 	Keyboard events cleared
392.7553 	EXP 	probe2: autoDraw = True
393.3396 	EXP 	Device response: <KeyPress from None: t=393.3355425000191, value=z, duration=None>
393.3401 	EXP 	New trial (rep=12, index=33): <Trial 33 (33 in rep 12) data={'Pos': np.int64(-150), 'corr_resp': 'z', 'thisN': 33, 'thisTrialN': 33, 'thisRepN': 12}>
393.3418 	DATA 	Keypress: z
393.3572 	EXP 	Fixation2: autoDraw = False
393.3572 	EXP 	line1: autoDraw = False
393.3572 	EXP 	line2: autoDraw = False
393.3572 	EXP 	line3: autoDraw = False
393.3572 	EXP 	line4: autoDraw = False
393.3572 	EXP 	probe2: autoDraw = False
393.3572 	EXP 	Fixation2: autoDraw = True
393.5911 	EXP 	Device response: <KeyPress from None: t=393.3355425000191, value=z, duration=0.24145860003773123>
394.3409 	EXP 	line1: autoDraw = True
394.3409 	EXP 	line2: autoDraw = True
394.3409 	EXP 	line3: autoDraw = True
394.3409 	EXP 	line4: autoDraw = True
394.3553 	EXP 	Fixation2: autoDraw = False
395.3554 	INFO 	Keyboard events cleared
395.3552 	EXP 	probe2: autoDraw = True
395.7915 	DATA 	Keypress: z
395.8059 	EXP 	Device response: <KeyPress from None: t=395.78969700005837, value=z, duration=None>
395.8064 	EXP 	New trial (rep=8, index=34): <Trial 34 (34 in rep 8) data={'Pos': np.int64(50), 'corr_resp': 'c', 'thisN': 34, 'thisTrialN': 34, 'thisRepN': 8}>
395.8240 	EXP 	Fixation2: autoDraw = False
395.8240 	EXP 	line1: autoDraw = False
395.8240 	EXP 	line2: autoDraw = False
395.8240 	EXP 	line3: autoDraw = False
395.8240 	EXP 	line4: autoDraw = False
395.8240 	EXP 	probe2: autoDraw = False
395.8240 	EXP 	Fixation2: autoDraw = True
395.9916 	EXP 	Device response: <KeyPress from None: t=395.78969700005837, value=z, duration=0.20127039996441454>
396.8071 	EXP 	line1: autoDraw = True
396.8071 	EXP 	line2: autoDraw = True
396.8071 	EXP 	line3: autoDraw = True
396.8071 	EXP 	line4: autoDraw = True
396.8220 	EXP 	Fixation2: autoDraw = False
397.8055 	INFO 	Keyboard events cleared
397.8053 	EXP 	probe2: autoDraw = True
404.6225 	EXP 	Device response: <KeyPress from None: t=404.61717159999534, value=v, duration=None>
404.6230 	EXP 	New trial (rep=9, index=35): <Trial 35 (35 in rep 9) data={'Pos': np.int64(50), 'corr_resp': 'c', 'thisN': 35, 'thisTrialN': 35, 'thisRepN': 9}>
404.6247 	DATA 	Keypress: v
404.6403 	EXP 	Fixation2: autoDraw = False
404.6403 	EXP 	line1: autoDraw = False
404.6403 	EXP 	line2: autoDraw = False
404.6403 	EXP 	line3: autoDraw = False
404.6403 	EXP 	line4: autoDraw = False
404.6403 	EXP 	probe2: autoDraw = False
404.6403 	EXP 	Fixation2: autoDraw = True
404.9743 	EXP 	Device response: <KeyPress from None: t=404.61717159999534, value=v, duration=0.3408633000217378>
405.6236 	EXP 	line1: autoDraw = True
405.6236 	EXP 	line2: autoDraw = True
405.6236 	EXP 	line3: autoDraw = True
405.6236 	EXP 	line4: autoDraw = True
405.6383 	EXP 	Fixation2: autoDraw = False
406.6386 	INFO 	Keyboard events cleared
406.6384 	EXP 	probe2: autoDraw = True
407.5556 	EXP 	Device response: <KeyPress from None: t=407.5496177000459, value=v, duration=None>
407.5562 	EXP 	New trial (rep=8, index=36): <Trial 36 (36 in rep 8) data={'Pos': np.int64(-50), 'corr_resp': 'x', 'thisN': 36, 'thisTrialN': 36, 'thisRepN': 8}>
407.5579 	DATA 	Keypress: v
407.5734 	EXP 	Fixation2: autoDraw = False
407.5734 	EXP 	line1: autoDraw = False
407.5734 	EXP 	line2: autoDraw = False
407.5734 	EXP 	line3: autoDraw = False
407.5734 	EXP 	line4: autoDraw = False
407.5734 	EXP 	probe2: autoDraw = False
407.5734 	EXP 	Fixation2: autoDraw = True
407.7903 	EXP 	Device response: <KeyPress from None: t=407.5496177000459, value=v, duration=0.23850320000201464>
408.5568 	EXP 	line1: autoDraw = True
408.5568 	EXP 	line2: autoDraw = True
408.5568 	EXP 	line3: autoDraw = True
408.5568 	EXP 	line4: autoDraw = True
408.5718 	EXP 	Fixation2: autoDraw = False
409.5552 	INFO 	Keyboard events cleared
409.5550 	EXP 	probe2: autoDraw = True
411.3058 	EXP 	Device response: <KeyPress from None: t=411.29388790007215, value=c, duration=None>
411.3063 	EXP 	New trial (rep=10, index=37): <Trial 37 (37 in rep 10) data={'Pos': np.int64(50), 'corr_resp': 'c', 'thisN': 37, 'thisTrialN': 37, 'thisRepN': 10}>
411.3080 	DATA 	Keypress: c
411.3237 	EXP 	Fixation2: autoDraw = False
411.3237 	EXP 	line1: autoDraw = False
411.3237 	EXP 	line2: autoDraw = False
411.3237 	EXP 	line3: autoDraw = False
411.3237 	EXP 	line4: autoDraw = False
411.3237 	EXP 	probe2: autoDraw = False
411.3237 	EXP 	Fixation2: autoDraw = True
411.5911 	EXP 	Device response: <KeyPress from None: t=411.29388790007215, value=c, duration=0.28784639993682504>
412.3070 	EXP 	line1: autoDraw = True
412.3070 	EXP 	line2: autoDraw = True
412.3070 	EXP 	line3: autoDraw = True
412.3070 	EXP 	line4: autoDraw = True
412.3216 	EXP 	Fixation2: autoDraw = False
413.3218 	INFO 	Keyboard events cleared
413.3216 	EXP 	probe2: autoDraw = True
415.3719 	EXP 	Device response: <KeyPress from None: t=415.37071460008156, value=v, duration=None>
415.3724 	EXP 	New trial (rep=11, index=38): <Trial 38 (38 in rep 11) data={'Pos': np.int64(50), 'corr_resp': 'c', 'thisN': 38, 'thisTrialN': 38, 'thisRepN': 11}>
415.3741 	DATA 	Keypress: v
415.3902 	EXP 	Fixation2: autoDraw = False
415.3902 	EXP 	line1: autoDraw = False
415.3902 	EXP 	line2: autoDraw = False
415.3902 	EXP 	line3: autoDraw = False
415.3902 	EXP 	line4: autoDraw = False
415.3902 	EXP 	probe2: autoDraw = False
415.3902 	EXP 	Fixation2: autoDraw = True
415.6909 	EXP 	Device response: <KeyPress from None: t=415.37071460008156, value=v, duration=0.30835730000399053>
416.3735 	EXP 	line1: autoDraw = True
416.3735 	EXP 	line2: autoDraw = True
416.3735 	EXP 	line3: autoDraw = True
416.3735 	EXP 	line4: autoDraw = True
416.3883 	EXP 	Fixation2: autoDraw = False
417.3880 	INFO 	Keyboard events cleared
417.3878 	EXP 	probe2: autoDraw = True
418.3883 	EXP 	Device response: <KeyPress from None: t=418.3835003999993, value=v, duration=None>
418.3887 	EXP 	New trial (rep=5, index=39): <Trial 39 (39 in rep 5) data={'Pos': np.int64(150), 'corr_resp': 'v', 'thisN': 39, 'thisTrialN': 39, 'thisRepN': 5}>
418.3902 	DATA 	Keypress: v
418.4065 	EXP 	Fixation2: autoDraw = False
418.4065 	EXP 	line1: autoDraw = False
418.4065 	EXP 	line2: autoDraw = False
418.4065 	EXP 	line3: autoDraw = False
418.4065 	EXP 	line4: autoDraw = False
418.4065 	EXP 	probe2: autoDraw = False
418.4065 	EXP 	Fixation2: autoDraw = True
418.5907 	EXP 	Device response: <KeyPress from None: t=418.3835003999993, value=v, duration=0.19383900007233024>
419.3900 	EXP 	line1: autoDraw = True
419.3900 	EXP 	line2: autoDraw = True
419.3900 	EXP 	line3: autoDraw = True
419.3900 	EXP 	line4: autoDraw = True
419.4049 	EXP 	Fixation2: autoDraw = False
420.3880 	INFO 	Keyboard events cleared
420.3879 	EXP 	probe2: autoDraw = True
421.4236 	DATA 	Keypress: v
421.4385 	EXP 	Device response: <KeyPress from None: t=421.4225862000603, value=v, duration=None>
421.4390 	EXP 	New trial (rep=9, index=40): <Trial 40 (40 in rep 9) data={'Pos': np.int64(-50), 'corr_resp': 'x', 'thisN': 40, 'thisTrialN': 40, 'thisRepN': 9}>
421.4564 	EXP 	Fixation2: autoDraw = False
421.4564 	EXP 	line1: autoDraw = False
421.4564 	EXP 	line2: autoDraw = False
421.4564 	EXP 	line3: autoDraw = False
421.4564 	EXP 	line4: autoDraw = False
421.4564 	EXP 	probe2: autoDraw = False
421.4564 	EXP 	Fixation2: autoDraw = True
421.6571 	EXP 	Device response: <KeyPress from None: t=421.4225862000603, value=v, duration=0.2188610000303015>
422.4395 	EXP 	line1: autoDraw = True
422.4395 	EXP 	line2: autoDraw = True
422.4395 	EXP 	line3: autoDraw = True
422.4395 	EXP 	line4: autoDraw = True
422.4546 	EXP 	Fixation2: autoDraw = False
423.4383 	INFO 	Keyboard events cleared
423.4381 	EXP 	probe2: autoDraw = True
424.0219 	EXP 	Device response: <KeyPress from None: t=424.0098880000878, value=c, duration=None>
424.0225 	EXP 	New trial (rep=6, index=41): <Trial 41 (41 in rep 6) data={'Pos': np.int64(150), 'corr_resp': 'v', 'thisN': 41, 'thisTrialN': 41, 'thisRepN': 6}>
424.0242 	DATA 	Keypress: c
424.0399 	EXP 	Fixation2: autoDraw = False
424.0399 	EXP 	line1: autoDraw = False
424.0399 	EXP 	line2: autoDraw = False
424.0399 	EXP 	line3: autoDraw = False
424.0399 	EXP 	line4: autoDraw = False
424.0399 	EXP 	probe2: autoDraw = False
424.0399 	EXP 	Fixation2: autoDraw = True
424.2407 	EXP 	Device response: <KeyPress from None: t=424.0098880000878, value=c, duration=0.22789330000523478>
425.0234 	EXP 	line1: autoDraw = True
425.0234 	EXP 	line2: autoDraw = True
425.0234 	EXP 	line3: autoDraw = True
425.0234 	EXP 	line4: autoDraw = True
425.0382 	EXP 	Fixation2: autoDraw = False
426.0384 	INFO 	Keyboard events cleared
426.0381 	EXP 	probe2: autoDraw = True
427.9052 	EXP 	Device response: <KeyPress from None: t=427.9006026000716, value=v, duration=None>
427.9058 	EXP 	New trial (rep=7, index=42): <Trial 42 (42 in rep 7) data={'Pos': np.int64(150), 'corr_resp': 'v', 'thisN': 42, 'thisTrialN': 42, 'thisRepN': 7}>
427.9075 	DATA 	Keypress: v
427.9229 	EXP 	Fixation2: autoDraw = False
427.9229 	EXP 	line1: autoDraw = False
427.9229 	EXP 	line2: autoDraw = False
427.9229 	EXP 	line3: autoDraw = False
427.9229 	EXP 	line4: autoDraw = False
427.9229 	EXP 	probe2: autoDraw = False
427.9229 	EXP 	Fixation2: autoDraw = True
428.2070 	EXP 	Device response: <KeyPress from None: t=427.9006026000716, value=v, duration=0.3009083999786526>
428.9062 	EXP 	line1: autoDraw = True
428.9062 	EXP 	line2: autoDraw = True
428.9062 	EXP 	line3: autoDraw = True
428.9062 	EXP 	line4: autoDraw = True
428.9213 	EXP 	Fixation2: autoDraw = False
429.9046 	INFO 	Keyboard events cleared
429.9044 	EXP 	probe2: autoDraw = True
431.1386 	EXP 	Device response: <KeyPress from None: t=431.13282510009594, value=v, duration=None>
431.1391 	EXP 	New trial (rep=13, index=43): <Trial 43 (43 in rep 13) data={'Pos': np.int64(-150), 'corr_resp': 'z', 'thisN': 43, 'thisTrialN': 43, 'thisRepN': 13}>
431.1408 	DATA 	Keypress: v
431.1561 	EXP 	Fixation2: autoDraw = False
431.1561 	EXP 	line1: autoDraw = False
431.1561 	EXP 	line2: autoDraw = False
431.1561 	EXP 	line3: autoDraw = False
431.1561 	EXP 	line4: autoDraw = False
431.1561 	EXP 	probe2: autoDraw = False
431.1561 	EXP 	Fixation2: autoDraw = True
431.4903 	EXP 	Device response: <KeyPress from None: t=431.13282510009594, value=v, duration=0.3484379999572411>
432.1398 	EXP 	line1: autoDraw = True
432.1398 	EXP 	line2: autoDraw = True
432.1398 	EXP 	line3: autoDraw = True
432.1398 	EXP 	line4: autoDraw = True
432.1544 	EXP 	Fixation2: autoDraw = False
433.1542 	INFO 	Keyboard events cleared
433.1540 	EXP 	probe2: autoDraw = True
434.4217 	EXP 	Device response: <KeyPress from None: t=434.4165740000317, value=z, duration=None>
434.4224 	EXP 	New trial (rep=14, index=44): <Trial 44 (44 in rep 14) data={'Pos': np.int64(-150), 'corr_resp': 'z', 'thisN': 44, 'thisTrialN': 44, 'thisRepN': 14}>
434.4245 	DATA 	Keypress: z
434.4396 	EXP 	Fixation2: autoDraw = False
434.4396 	EXP 	line1: autoDraw = False
434.4396 	EXP 	line2: autoDraw = False
434.4396 	EXP 	line3: autoDraw = False
434.4396 	EXP 	line4: autoDraw = False
434.4396 	EXP 	probe2: autoDraw = False
434.4396 	EXP 	Fixation2: autoDraw = True
434.7400 	EXP 	Device response: <KeyPress from None: t=434.4165740000317, value=z, duration=0.31358780001755804>
435.4227 	EXP 	line1: autoDraw = True
435.4227 	EXP 	line2: autoDraw = True
435.4227 	EXP 	line3: autoDraw = True
435.4227 	EXP 	line4: autoDraw = True
435.4372 	EXP 	Fixation2: autoDraw = False
436.4379 	INFO 	Keyboard events cleared
436.4377 	EXP 	probe2: autoDraw = True
436.8384 	EXP 	Device response: <KeyPress from None: t=436.8275375000667, value=z, duration=None>
436.8390 	EXP 	New trial (rep=8, index=45): <Trial 45 (45 in rep 8) data={'Pos': np.int64(150), 'corr_resp': 'v', 'thisN': 45, 'thisTrialN': 45, 'thisRepN': 8}>
436.8408 	DATA 	Keypress: z
436.8561 	EXP 	Fixation2: autoDraw = False
436.8561 	EXP 	line1: autoDraw = False
436.8561 	EXP 	line2: autoDraw = False
436.8561 	EXP 	line3: autoDraw = False
436.8561 	EXP 	line4: autoDraw = False
436.8561 	EXP 	probe2: autoDraw = False
436.8561 	EXP 	Fixation2: autoDraw = True
437.1235 	EXP 	Device response: <KeyPress from None: t=436.8275375000667, value=z, duration=0.29014259995892644>
437.8395 	EXP 	line1: autoDraw = True
437.8395 	EXP 	line2: autoDraw = True
437.8395 	EXP 	line3: autoDraw = True
437.8395 	EXP 	line4: autoDraw = True
437.8542 	EXP 	Fixation2: autoDraw = False
438.8545 	INFO 	Keyboard events cleared
438.8543 	EXP 	probe2: autoDraw = True
439.8547 	EXP 	Device response: <KeyPress from None: t=439.8456224000547, value=v, duration=None>
439.8552 	EXP 	New trial (rep=10, index=46): <Trial 46 (46 in rep 10) data={'Pos': np.int64(-50), 'corr_resp': 'x', 'thisN': 46, 'thisTrialN': 46, 'thisRepN': 10}>
439.8569 	DATA 	Keypress: v
439.8726 	EXP 	Fixation2: autoDraw = False
439.8726 	EXP 	line1: autoDraw = False
439.8726 	EXP 	line2: autoDraw = False
439.8726 	EXP 	line3: autoDraw = False
439.8726 	EXP 	line4: autoDraw = False
439.8726 	EXP 	probe2: autoDraw = False
439.8726 	EXP 	Fixation2: autoDraw = True
439.9566 	EXP 	Device response: <KeyPress from None: t=439.8456224000547, value=v, duration=0.09708039998076856>
440.8563 	EXP 	line1: autoDraw = True
440.8563 	EXP 	line2: autoDraw = True
440.8563 	EXP 	line3: autoDraw = True
440.8563 	EXP 	line4: autoDraw = True
440.8711 	EXP 	Fixation2: autoDraw = False
441.8541 	INFO 	Keyboard events cleared
441.8540 	EXP 	probe2: autoDraw = True
443.4544 	EXP 	Device response: <KeyPress from None: t=443.4452455000719, value=x, duration=None>
443.4550 	EXP 	New trial (rep=15, index=47): <Trial 47 (47 in rep 15) data={'Pos': np.int64(-150), 'corr_resp': 'z', 'thisN': 47, 'thisTrialN': 47, 'thisRepN': 15}>
443.4571 	DATA 	Keypress: x
443.4724 	EXP 	Fixation2: autoDraw = False
443.4724 	EXP 	line1: autoDraw = False
443.4724 	EXP 	line2: autoDraw = False
443.4724 	EXP 	line3: autoDraw = False
443.4724 	EXP 	line4: autoDraw = False
443.4724 	EXP 	probe2: autoDraw = False
443.4724 	EXP 	Fixation2: autoDraw = True
443.6400 	EXP 	Device response: <KeyPress from None: t=443.4452455000719, value=x, duration=0.19153569999616593>
444.4560 	EXP 	line1: autoDraw = True
444.4560 	EXP 	line2: autoDraw = True
444.4560 	EXP 	line3: autoDraw = True
444.4560 	EXP 	line4: autoDraw = True
444.4704 	EXP 	Fixation2: autoDraw = False
445.4540 	INFO 	Keyboard events cleared
445.4538 	EXP 	probe2: autoDraw = True
446.1208 	EXP 	Device response: <KeyPress from None: t=446.11644930008333, value=z, duration=None>
446.1211 	EXP 	New trial (rep=11, index=48): <Trial 48 (48 in rep 11) data={'Pos': np.int64(-50), 'corr_resp': 'x', 'thisN': 48, 'thisTrialN': 48, 'thisRepN': 11}>
446.1222 	DATA 	Keypress: z
446.1391 	EXP 	Fixation2: autoDraw = False
446.1391 	EXP 	line1: autoDraw = False
446.1391 	EXP 	line2: autoDraw = False
446.1391 	EXP 	line3: autoDraw = False
446.1391 	EXP 	line4: autoDraw = False
446.1391 	EXP 	probe2: autoDraw = False
446.1391 	EXP 	Fixation2: autoDraw = True
446.3728 	EXP 	Device response: <KeyPress from None: t=446.11644930008333, value=z, duration=0.25382490002084523>
447.1226 	EXP 	line1: autoDraw = True
447.1226 	EXP 	line2: autoDraw = True
447.1226 	EXP 	line3: autoDraw = True
447.1226 	EXP 	line4: autoDraw = True
447.1375 	EXP 	Fixation2: autoDraw = False
448.1208 	INFO 	Keyboard events cleared
448.1206 	EXP 	probe2: autoDraw = True
449.4876 	EXP 	Device response: <KeyPress from None: t=449.4814318000572, value=x, duration=None>
449.4882 	EXP 	New trial (rep=12, index=49): <Trial 49 (49 in rep 12) data={'Pos': np.int64(-50), 'corr_resp': 'x', 'thisN': 49, 'thisTrialN': 49, 'thisRepN': 12}>
449.4904 	DATA 	Keypress: x
449.5056 	EXP 	Fixation2: autoDraw = False
449.5056 	EXP 	line1: autoDraw = False
449.5056 	EXP 	line2: autoDraw = False
449.5056 	EXP 	line3: autoDraw = False
449.5056 	EXP 	line4: autoDraw = False
449.5056 	EXP 	probe2: autoDraw = False
449.5056 	EXP 	Fixation2: autoDraw = True
449.6893 	EXP 	Device response: <KeyPress from None: t=449.4814318000572, value=x, duration=0.2056612999876961>
450.4889 	EXP 	line1: autoDraw = True
450.4889 	EXP 	line2: autoDraw = True
450.4889 	EXP 	line3: autoDraw = True
450.4889 	EXP 	line4: autoDraw = True
450.5040 	EXP 	Fixation2: autoDraw = False
451.4872 	INFO 	Keyboard events cleared
451.4870 	EXP 	probe2: autoDraw = True
453.0875 	EXP 	Device response: <KeyPress from None: t=453.0851870001061, value=x, duration=None>
453.0880 	EXP 	New trial (rep=12, index=50): <Trial 50 (50 in rep 12) data={'Pos': np.int64(50), 'corr_resp': 'c', 'thisN': 50, 'thisTrialN': 50, 'thisRepN': 12}>
453.0898 	DATA 	Keypress: x
453.1057 	EXP 	Fixation2: autoDraw = False
453.1057 	EXP 	line1: autoDraw = False
453.1057 	EXP 	line2: autoDraw = False
453.1057 	EXP 	line3: autoDraw = False
453.1057 	EXP 	line4: autoDraw = False
453.1057 	EXP 	probe2: autoDraw = False
453.1057 	EXP 	Fixation2: autoDraw = True
453.4066 	EXP 	Device response: <KeyPress from None: t=453.0851870001061, value=x, duration=0.3049354999093339>
454.0893 	EXP 	line1: autoDraw = True
454.0893 	EXP 	line2: autoDraw = True
454.0893 	EXP 	line3: autoDraw = True
454.0893 	EXP 	line4: autoDraw = True
454.1038 	EXP 	Fixation2: autoDraw = False
455.0875 	INFO 	Keyboard events cleared
455.0873 	EXP 	probe2: autoDraw = True
457.3912 	DATA 	Keypress: c
457.4046 	EXP 	Device response: <KeyPress from None: t=457.3892013001023, value=c, duration=None>
457.4051 	EXP 	New trial (rep=13, index=51): <Trial 51 (51 in rep 13) data={'Pos': np.int64(50), 'corr_resp': 'c', 'thisN': 51, 'thisTrialN': 51, 'thisRepN': 13}>
457.4221 	EXP 	Fixation2: autoDraw = False
457.4221 	EXP 	line1: autoDraw = False
457.4221 	EXP 	line2: autoDraw = False
457.4221 	EXP 	line3: autoDraw = False
457.4221 	EXP 	line4: autoDraw = False
457.4221 	EXP 	probe2: autoDraw = False
457.4221 	EXP 	Fixation2: autoDraw = True
457.6728 	EXP 	Device response: <KeyPress from None: t=457.3892013001023, value=c, duration=0.2700720999855548>
458.4056 	EXP 	line1: autoDraw = True
458.4056 	EXP 	line2: autoDraw = True
458.4056 	EXP 	line3: autoDraw = True
458.4056 	EXP 	line4: autoDraw = True
458.4205 	EXP 	Fixation2: autoDraw = False
459.4205 	INFO 	Keyboard events cleared
459.4202 	EXP 	probe2: autoDraw = True
460.2877 	EXP 	Device response: <KeyPress from None: t=460.2805395000614, value=c, duration=None>
460.2881 	EXP 	New trial (rep=9, index=52): <Trial 52 (52 in rep 9) data={'Pos': np.int64(150), 'corr_resp': 'v', 'thisN': 52, 'thisTrialN': 52, 'thisRepN': 9}>
460.2898 	DATA 	Keypress: c
460.3057 	EXP 	Fixation2: autoDraw = False
460.3057 	EXP 	line1: autoDraw = False
460.3057 	EXP 	line2: autoDraw = False
460.3057 	EXP 	line3: autoDraw = False
460.3057 	EXP 	line4: autoDraw = False
460.3057 	EXP 	probe2: autoDraw = False
460.3057 	EXP 	Fixation2: autoDraw = True
460.5397 	EXP 	Device response: <KeyPress from None: t=460.2805395000614, value=c, duration=0.2447311000432819>
461.2888 	EXP 	line1: autoDraw = True
461.2888 	EXP 	line2: autoDraw = True
461.2888 	EXP 	line3: autoDraw = True
461.2888 	EXP 	line4: autoDraw = True
461.3038 	EXP 	Fixation2: autoDraw = False
462.2873 	INFO 	Keyboard events cleared
462.2871 	EXP 	probe2: autoDraw = True
463.1707 	EXP 	Device response: <KeyPress from None: t=463.1696950000478, value=v, duration=None>
463.1712 	EXP 	New trial (rep=10, index=53): <Trial 53 (53 in rep 10) data={'Pos': np.int64(150), 'corr_resp': 'v', 'thisN': 53, 'thisTrialN': 53, 'thisRepN': 10}>
463.1731 	DATA 	Keypress: v
463.1888 	EXP 	Fixation2: autoDraw = False
463.1888 	EXP 	line1: autoDraw = False
463.1888 	EXP 	line2: autoDraw = False
463.1888 	EXP 	line3: autoDraw = False
463.1888 	EXP 	line4: autoDraw = False
463.1888 	EXP 	probe2: autoDraw = False
463.1888 	EXP 	Fixation2: autoDraw = True
463.3227 	EXP 	Device response: <KeyPress from None: t=463.1696950000478, value=v, duration=0.1423435000469908>
464.1721 	EXP 	line1: autoDraw = True
464.1721 	EXP 	line2: autoDraw = True
464.1721 	EXP 	line3: autoDraw = True
464.1721 	EXP 	line4: autoDraw = True
464.1870 	EXP 	Fixation2: autoDraw = False
465.1702 	INFO 	Keyboard events cleared
465.1700 	EXP 	probe2: autoDraw = True
465.9207 	EXP 	Device response: <KeyPress from None: t=465.90757090004627, value=v, duration=None>
465.9212 	EXP 	New trial (rep=11, index=54): <Trial 54 (54 in rep 11) data={'Pos': np.int64(150), 'corr_resp': 'v', 'thisN': 54, 'thisTrialN': 54, 'thisRepN': 11}>
465.9230 	DATA 	Keypress: v
465.9387 	EXP 	Fixation2: autoDraw = False
465.9387 	EXP 	line1: autoDraw = False
465.9387 	EXP 	line2: autoDraw = False
465.9387 	EXP 	line3: autoDraw = False
465.9387 	EXP 	line4: autoDraw = False
465.9387 	EXP 	probe2: autoDraw = False
465.9387 	EXP 	Fixation2: autoDraw = True
466.2060 	EXP 	Device response: <KeyPress from None: t=465.90757090004627, value=v, duration=0.2815215999726206>
466.9223 	EXP 	line1: autoDraw = True
466.9223 	EXP 	line2: autoDraw = True
466.9223 	EXP 	line3: autoDraw = True
466.9223 	EXP 	line4: autoDraw = True
466.9368 	EXP 	Fixation2: autoDraw = False
467.9373 	INFO 	Keyboard events cleared
467.9371 	EXP 	probe2: autoDraw = True
468.6207 	EXP 	Device response: <KeyPress from None: t=468.60962640005164, value=v, duration=None>
468.6212 	EXP 	New trial (rep=12, index=55): <Trial 55 (55 in rep 12) data={'Pos': np.int64(150), 'corr_resp': 'v', 'thisN': 55, 'thisTrialN': 55, 'thisRepN': 12}>
468.6229 	DATA 	Keypress: v
468.6387 	EXP 	Fixation2: autoDraw = False
468.6387 	EXP 	line1: autoDraw = False
468.6387 	EXP 	line2: autoDraw = False
468.6387 	EXP 	line3: autoDraw = False
468.6387 	EXP 	line4: autoDraw = False
468.6387 	EXP 	probe2: autoDraw = False
468.6387 	EXP 	Fixation2: autoDraw = True
468.9059 	EXP 	Device response: <KeyPress from None: t=468.60962640005164, value=v, duration=0.2840822000289336>
469.6218 	EXP 	line1: autoDraw = True
469.6218 	EXP 	line2: autoDraw = True
469.6218 	EXP 	line3: autoDraw = True
469.6218 	EXP 	line4: autoDraw = True
469.6369 	EXP 	Fixation2: autoDraw = False
470.6371 	INFO 	Keyboard events cleared
470.6369 	EXP 	probe2: autoDraw = True
471.7727 	DATA 	Keypress: v
471.7873 	EXP 	Device response: <KeyPress from None: t=471.77110440004617, value=v, duration=None>
471.7878 	EXP 	New trial (rep=13, index=56): <Trial 56 (56 in rep 13) data={'Pos': np.int64(150), 'corr_resp': 'v', 'thisN': 56, 'thisTrialN': 56, 'thisRepN': 13}>
471.8051 	EXP 	Fixation2: autoDraw = False
471.8051 	EXP 	line1: autoDraw = False
471.8051 	EXP 	line2: autoDraw = False
471.8051 	EXP 	line3: autoDraw = False
471.8051 	EXP 	line4: autoDraw = False
471.8051 	EXP 	probe2: autoDraw = False
471.8051 	EXP 	Fixation2: autoDraw = True
472.0229 	EXP 	Device response: <KeyPress from None: t=471.77110440004617, value=v, duration=0.2430634000338614>
472.7886 	EXP 	line1: autoDraw = True
472.7886 	EXP 	line2: autoDraw = True
472.7886 	EXP 	line3: autoDraw = True
472.7886 	EXP 	line4: autoDraw = True
472.8033 	EXP 	Fixation2: autoDraw = False
473.7867 	INFO 	Keyboard events cleared
473.7866 	EXP 	probe2: autoDraw = True
474.5204 	EXP 	Device response: <KeyPress from None: t=474.5187794000376, value=v, duration=None>
474.5209 	EXP 	New trial (rep=16, index=57): <Trial 57 (57 in rep 16) data={'Pos': np.int64(-150), 'corr_resp': 'z', 'thisN': 57, 'thisTrialN': 57, 'thisRepN': 16}>
474.5225 	DATA 	Keypress: v
474.5386 	EXP 	Fixation2: autoDraw = False
474.5386 	EXP 	line1: autoDraw = False
474.5386 	EXP 	line2: autoDraw = False
474.5386 	EXP 	line3: autoDraw = False
474.5386 	EXP 	line4: autoDraw = False
474.5386 	EXP 	probe2: autoDraw = False
474.5386 	EXP 	Fixation2: autoDraw = True
474.8392 	EXP 	Device response: <KeyPress from None: t=474.5187794000376, value=v, duration=0.3065123000415042>
475.5222 	EXP 	line1: autoDraw = True
475.5222 	EXP 	line2: autoDraw = True
475.5222 	EXP 	line3: autoDraw = True
475.5222 	EXP 	line4: autoDraw = True
475.5364 	EXP 	Fixation2: autoDraw = False
476.5201 	INFO 	Keyboard events cleared
476.5200 	EXP 	probe2: autoDraw = True
477.7389 	DATA 	Keypress: z
477.7536 	EXP 	Device response: <KeyPress from None: t=477.7375538999913, value=z, duration=None>
477.7541 	EXP 	New trial (rep=14, index=58): <Trial 58 (58 in rep 14) data={'Pos': np.int64(50), 'corr_resp': 'c', 'thisN': 58, 'thisTrialN': 58, 'thisRepN': 14}>
477.7718 	EXP 	Fixation2: autoDraw = False
477.7718 	EXP 	line1: autoDraw = False
477.7718 	EXP 	line2: autoDraw = False
477.7718 	EXP 	line3: autoDraw = False
477.7718 	EXP 	line4: autoDraw = False
477.7718 	EXP 	probe2: autoDraw = False
477.7718 	EXP 	Fixation2: autoDraw = True
477.9894 	EXP 	Device response: <KeyPress from None: t=477.7375538999913, value=z, duration=0.24574730009771883>
478.7548 	EXP 	line1: autoDraw = True
478.7548 	EXP 	line2: autoDraw = True
478.7548 	EXP 	line3: autoDraw = True
478.7548 	EXP 	line4: autoDraw = True
478.7695 	EXP 	Fixation2: autoDraw = False
479.7695 	INFO 	Keyboard events cleared
479.7694 	EXP 	probe2: autoDraw = True
481.1537 	EXP 	Device response: <KeyPress from None: t=481.14011550007854, value=c, duration=None>
481.1543 	EXP 	New trial (rep=13, index=59): <Trial 59 (59 in rep 13) data={'Pos': np.int64(-50), 'corr_resp': 'x', 'thisN': 59, 'thisTrialN': 59, 'thisRepN': 13}>
481.1559 	DATA 	Keypress: c
481.1716 	EXP 	Fixation2: autoDraw = False
481.1716 	EXP 	line1: autoDraw = False
481.1716 	EXP 	line2: autoDraw = False
481.1716 	EXP 	line3: autoDraw = False
481.1716 	EXP 	line4: autoDraw = False
481.1716 	EXP 	probe2: autoDraw = False
481.1716 	EXP 	Fixation2: autoDraw = True
481.3559 	EXP 	Device response: <KeyPress from None: t=481.14011550007854, value=c, duration=0.21502160001546144>
482.1548 	EXP 	line1: autoDraw = True
482.1548 	EXP 	line2: autoDraw = True
482.1548 	EXP 	line3: autoDraw = True
482.1548 	EXP 	line4: autoDraw = True
482.1699 	EXP 	Fixation2: autoDraw = False
483.1531 	INFO 	Keyboard events cleared
483.1529 	EXP 	probe2: autoDraw = True
484.2202 	EXP 	Device response: <KeyPress from None: t=484.20857420004904, value=x, duration=None>
484.2207 	EXP 	New trial (rep=14, index=60): <Trial 60 (60 in rep 14) data={'Pos': np.int64(150), 'corr_resp': 'v', 'thisN': 60, 'thisTrialN': 60, 'thisRepN': 14}>
484.2228 	DATA 	Keypress: x
484.2385 	EXP 	Fixation2: autoDraw = False
484.2385 	EXP 	line1: autoDraw = False
484.2385 	EXP 	line2: autoDraw = False
484.2385 	EXP 	line3: autoDraw = False
484.2385 	EXP 	line4: autoDraw = False
484.2385 	EXP 	probe2: autoDraw = False
484.2385 	EXP 	Fixation2: autoDraw = True
484.4225 	EXP 	Device response: <KeyPress from None: t=484.20857420004904, value=x, duration=0.20401280000805855>
485.2215 	EXP 	line1: autoDraw = True
485.2215 	EXP 	line2: autoDraw = True
485.2215 	EXP 	line3: autoDraw = True
485.2215 	EXP 	line4: autoDraw = True
485.2365 	EXP 	Fixation2: autoDraw = False
486.2198 	INFO 	Keyboard events cleared
486.2197 	EXP 	probe2: autoDraw = True
493.2861 	EXP 	Device response: <KeyPress from None: t=493.27135440008715, value=v, duration=None>
493.2867 	EXP 	New trial (rep=15, index=61): <Trial 61 (61 in rep 15) data={'Pos': np.int64(150), 'corr_resp': 'v', 'thisN': 61, 'thisTrialN': 61, 'thisRepN': 15}>
493.2886 	DATA 	Keypress: v
493.3046 	EXP 	Fixation2: autoDraw = False
493.3046 	EXP 	line1: autoDraw = False
493.3046 	EXP 	line2: autoDraw = False
493.3046 	EXP 	line3: autoDraw = False
493.3046 	EXP 	line4: autoDraw = False
493.3046 	EXP 	probe2: autoDraw = False
493.3046 	EXP 	Fixation2: autoDraw = True
493.5218 	EXP 	Device response: <KeyPress from None: t=493.27135440008715, value=v, duration=0.23450719995889813>
494.2879 	EXP 	line1: autoDraw = True
494.2879 	EXP 	line2: autoDraw = True
494.2879 	EXP 	line3: autoDraw = True
494.2879 	EXP 	line4: autoDraw = True
494.3026 	EXP 	Fixation2: autoDraw = False
495.2863 	INFO 	Keyboard events cleared
495.2861 	EXP 	probe2: autoDraw = True
496.0723 	DATA 	Keypress: v
496.0866 	EXP 	Device response: <KeyPress from None: t=496.0711293000495, value=v, duration=None>
496.0871 	EXP 	New trial (rep=14, index=62): <Trial 62 (62 in rep 14) data={'Pos': np.int64(-50), 'corr_resp': 'x', 'thisN': 62, 'thisTrialN': 62, 'thisRepN': 14}>
496.1043 	EXP 	Fixation2: autoDraw = False
496.1043 	EXP 	line1: autoDraw = False
496.1043 	EXP 	line2: autoDraw = False
496.1043 	EXP 	line3: autoDraw = False
496.1043 	EXP 	line4: autoDraw = False
496.1043 	EXP 	probe2: autoDraw = False
496.1043 	EXP 	Fixation2: autoDraw = True
496.3385 	EXP 	Device response: <KeyPress from None: t=496.0711293000495, value=v, duration=0.2530682999640703>
497.0880 	EXP 	line1: autoDraw = True
497.0880 	EXP 	line2: autoDraw = True
497.0880 	EXP 	line3: autoDraw = True
497.0880 	EXP 	line4: autoDraw = True
497.1029 	EXP 	Fixation2: autoDraw = False
498.0864 	INFO 	Keyboard events cleared
498.0862 	EXP 	probe2: autoDraw = True
499.1198 	EXP 	Device response: <KeyPress from None: t=499.1135628001066, value=x, duration=None>
499.1203 	EXP 	New trial (rep=15, index=63): <Trial 63 (63 in rep 15) data={'Pos': np.int64(-50), 'corr_resp': 'x', 'thisN': 63, 'thisTrialN': 63, 'thisRepN': 15}>
499.1219 	DATA 	Keypress: x
499.1379 	EXP 	Fixation2: autoDraw = False
499.1379 	EXP 	line1: autoDraw = False
499.1379 	EXP 	line2: autoDraw = False
499.1379 	EXP 	line3: autoDraw = False
499.1379 	EXP 	line4: autoDraw = False
499.1379 	EXP 	probe2: autoDraw = False
499.1379 	EXP 	Fixation2: autoDraw = True
499.4711 	EXP 	Device response: <KeyPress from None: t=499.1135628001066, value=x, duration=0.3542875999119133>
500.1212 	EXP 	line1: autoDraw = True
500.1212 	EXP 	line2: autoDraw = True
500.1212 	EXP 	line3: autoDraw = True
500.1212 	EXP 	line4: autoDraw = True
500.1356 	EXP 	Fixation2: autoDraw = False
501.1356 	INFO 	Keyboard events cleared
501.1355 	EXP 	probe2: autoDraw = True
503.4029 	EXP 	Device response: <KeyPress from None: t=503.39706670003943, value=x, duration=None>
503.4034 	EXP 	New trial (rep=17, index=64): <Trial 64 (64 in rep 17) data={'Pos': np.int64(-150), 'corr_resp': 'z', 'thisN': 64, 'thisTrialN': 64, 'thisRepN': 17}>
503.4051 	DATA 	Keypress: x
503.4210 	EXP 	Fixation2: autoDraw = False
503.4210 	EXP 	line1: autoDraw = False
503.4210 	EXP 	line2: autoDraw = False
503.4210 	EXP 	line3: autoDraw = False
503.4210 	EXP 	line4: autoDraw = False
503.4210 	EXP 	probe2: autoDraw = False
503.4210 	EXP 	Fixation2: autoDraw = True
503.6216 	EXP 	Device response: <KeyPress from None: t=503.39706670003943, value=x, duration=0.21629430004395545>
504.4044 	EXP 	line1: autoDraw = True
504.4044 	EXP 	line2: autoDraw = True
504.4044 	EXP 	line3: autoDraw = True
504.4044 	EXP 	line4: autoDraw = True
504.4194 	EXP 	Fixation2: autoDraw = False
505.2530 	EXP 	Device response: <KeyPress from None: t=505.2391293999972, value=x, duration=None>
505.2548 	DATA 	Keypress: x
505.4024 	INFO 	Keyboard events cleared
505.4022 	EXP 	probe2: autoDraw = True
505.4862 	EXP 	Device response: <KeyPress from None: t=505.2391293999972, value=x, duration=0.2406989000737667>
506.5362 	EXP 	Device response: <KeyPress from None: t=506.5346694000764, value=z, duration=None>
506.5367 	EXP 	New trial (rep=18, index=65): <Trial 65 (65 in rep 18) data={'Pos': np.int64(-150), 'corr_resp': 'z', 'thisN': 65, 'thisTrialN': 65, 'thisRepN': 18}>
506.5384 	DATA 	Keypress: z
506.5540 	EXP 	Fixation2: autoDraw = False
506.5540 	EXP 	line1: autoDraw = False
506.5540 	EXP 	line2: autoDraw = False
506.5540 	EXP 	line3: autoDraw = False
506.5540 	EXP 	line4: autoDraw = False
506.5540 	EXP 	probe2: autoDraw = False
506.5540 	EXP 	Fixation2: autoDraw = True
506.8050 	EXP 	Device response: <KeyPress from None: t=506.5346694000764, value=z, duration=0.26556939992588013>
507.5379 	EXP 	line1: autoDraw = True
507.5379 	EXP 	line2: autoDraw = True
507.5379 	EXP 	line3: autoDraw = True
507.5379 	EXP 	line4: autoDraw = True
507.5525 	EXP 	Fixation2: autoDraw = False
508.5358 	INFO 	Keyboard events cleared
508.5356 	EXP 	probe2: autoDraw = True
509.1193 	EXP 	Device response: <KeyPress from None: t=509.11814520007465, value=z, duration=None>
509.1197 	EXP 	New trial (rep=15, index=66): <Trial 66 (66 in rep 15) data={'Pos': np.int64(50), 'corr_resp': 'c', 'thisN': 66, 'thisTrialN': 66, 'thisRepN': 15}>
509.1212 	DATA 	Keypress: z
509.1375 	EXP 	Fixation2: autoDraw = False
509.1375 	EXP 	line1: autoDraw = False
509.1375 	EXP 	line2: autoDraw = False
509.1375 	EXP 	line3: autoDraw = False
509.1375 	EXP 	line4: autoDraw = False
509.1375 	EXP 	probe2: autoDraw = False
509.1375 	EXP 	Fixation2: autoDraw = True
509.3386 	EXP 	Device response: <KeyPress from None: t=509.11814520007465, value=z, duration=0.21160989999771118>
510.1210 	EXP 	line1: autoDraw = True
510.1210 	EXP 	line2: autoDraw = True
510.1210 	EXP 	line3: autoDraw = True
510.1210 	EXP 	line4: autoDraw = True
510.1356 	EXP 	Fixation2: autoDraw = False
511.1192 	INFO 	Keyboard events cleared
511.1190 	EXP 	probe2: autoDraw = True
512.3193 	EXP 	Device response: <KeyPress from None: t=512.3174701000098, value=c, duration=None>
512.3198 	EXP 	New trial (rep=16, index=67): <Trial 67 (67 in rep 16) data={'Pos': np.int64(-50), 'corr_resp': 'x', 'thisN': 67, 'thisTrialN': 67, 'thisRepN': 16}>
512.3214 	DATA 	Keypress: c
512.3372 	EXP 	Fixation2: autoDraw = False
512.3372 	EXP 	line1: autoDraw = False
512.3372 	EXP 	line2: autoDraw = False
512.3372 	EXP 	line3: autoDraw = False
512.3372 	EXP 	line4: autoDraw = False
512.3372 	EXP 	probe2: autoDraw = False
512.3372 	EXP 	Fixation2: autoDraw = True
512.5380 	EXP 	Device response: <KeyPress from None: t=512.3174701000098, value=c, duration=0.21775609999895096>
513.3208 	EXP 	line1: autoDraw = True
513.3208 	EXP 	line2: autoDraw = True
513.3208 	EXP 	line3: autoDraw = True
513.3208 	EXP 	line4: autoDraw = True
513.3356 	EXP 	Fixation2: autoDraw = False
514.3188 	INFO 	Keyboard events cleared
514.3187 	EXP 	probe2: autoDraw = True
515.3051 	DATA 	Keypress: x
515.3194 	EXP 	Device response: <KeyPress from None: t=515.3039495000849, value=x, duration=None>
515.3199 	EXP 	New trial (rep=16, index=68): <Trial 68 (68 in rep 16) data={'Pos': np.int64(150), 'corr_resp': 'v', 'thisN': 68, 'thisTrialN': 68, 'thisRepN': 16}>
515.3373 	EXP 	Fixation2: autoDraw = False
515.3373 	EXP 	line1: autoDraw = False
515.3373 	EXP 	line2: autoDraw = False
515.3373 	EXP 	line3: autoDraw = False
515.3373 	EXP 	line4: autoDraw = False
515.3373 	EXP 	probe2: autoDraw = False
515.3373 	EXP 	Fixation2: autoDraw = True
515.5380 	EXP 	Device response: <KeyPress from None: t=515.3039495000849, value=x, duration=0.2185113999294117>
516.3208 	EXP 	line1: autoDraw = True
516.3208 	EXP 	line2: autoDraw = True
516.3208 	EXP 	line3: autoDraw = True
516.3208 	EXP 	line4: autoDraw = True
516.3353 	EXP 	Fixation2: autoDraw = False
517.3191 	INFO 	Keyboard events cleared
517.3189 	EXP 	probe2: autoDraw = True
518.3354 	EXP 	Device response: <KeyPress from None: t=518.3269204000244, value=v, duration=None>
518.3357 	EXP 	New trial (rep=16, index=69): <Trial 69 (69 in rep 16) data={'Pos': np.int64(50), 'corr_resp': 'c', 'thisN': 69, 'thisTrialN': 69, 'thisRepN': 16}>
518.3373 	DATA 	Keypress: v
518.3541 	EXP 	Fixation2: autoDraw = False
518.3541 	EXP 	line1: autoDraw = False
518.3541 	EXP 	line2: autoDraw = False
518.3541 	EXP 	line3: autoDraw = False
518.3541 	EXP 	line4: autoDraw = False
518.3541 	EXP 	probe2: autoDraw = False
518.3541 	EXP 	Fixation2: autoDraw = True
518.5039 	EXP 	Device response: <KeyPress from None: t=518.3269204000244, value=v, duration=0.1728067999938503>
519.3371 	EXP 	line1: autoDraw = True
519.3371 	EXP 	line2: autoDraw = True
519.3371 	EXP 	line3: autoDraw = True
519.3371 	EXP 	line4: autoDraw = True
519.3519 	EXP 	Fixation2: autoDraw = False
520.3355 	INFO 	Keyboard events cleared
520.3353 	EXP 	probe2: autoDraw = True
521.3357 	EXP 	Device response: <KeyPress from None: t=521.3351460000267, value=c, duration=None>
521.3362 	EXP 	New trial (rep=17, index=70): <Trial 70 (70 in rep 17) data={'Pos': np.int64(-50), 'corr_resp': 'x', 'thisN': 70, 'thisTrialN': 70, 'thisRepN': 17}>
521.3379 	DATA 	Keypress: c
521.3540 	EXP 	Fixation2: autoDraw = False
521.3540 	EXP 	line1: autoDraw = False
521.3540 	EXP 	line2: autoDraw = False
521.3540 	EXP 	line3: autoDraw = False
521.3540 	EXP 	line4: autoDraw = False
521.3540 	EXP 	probe2: autoDraw = False
521.3540 	EXP 	Fixation2: autoDraw = True
521.5544 	EXP 	Device response: <KeyPress from None: t=521.3351460000267, value=c, duration=0.2127747000195086>
522.3373 	EXP 	line1: autoDraw = True
522.3373 	EXP 	line2: autoDraw = True
522.3373 	EXP 	line3: autoDraw = True
522.3373 	EXP 	line4: autoDraw = True
522.3522 	EXP 	Fixation2: autoDraw = False
523.3357 	INFO 	Keyboard events cleared
523.3356 	EXP 	probe2: autoDraw = True
524.4360 	EXP 	Device response: <KeyPress from None: t=524.4224668000825, value=x, duration=None>
524.4365 	EXP 	New trial (rep=18, index=71): <Trial 71 (71 in rep 18) data={'Pos': np.int64(-50), 'corr_resp': 'x', 'thisN': 71, 'thisTrialN': 71, 'thisRepN': 18}>
524.4382 	DATA 	Keypress: x
524.4542 	EXP 	Fixation2: autoDraw = False
524.4542 	EXP 	line1: autoDraw = False
524.4542 	EXP 	line2: autoDraw = False
524.4542 	EXP 	line3: autoDraw = False
524.4542 	EXP 	line4: autoDraw = False
524.4542 	EXP 	probe2: autoDraw = False
524.4542 	EXP 	Fixation2: autoDraw = True
524.6215 	EXP 	Device response: <KeyPress from None: t=524.4224668000825, value=x, duration=0.19773869996424764>
525.4372 	EXP 	line1: autoDraw = True
525.4372 	EXP 	line2: autoDraw = True
525.4372 	EXP 	line3: autoDraw = True
525.4372 	EXP 	line4: autoDraw = True
525.4519 	EXP 	Fixation2: autoDraw = False
526.4355 	INFO 	Keyboard events cleared
526.4353 	EXP 	probe2: autoDraw = True
527.4544 	DATA 	Keypress: x
527.4690 	EXP 	Device response: <KeyPress from None: t=527.4521917999955, value=x, duration=None>
527.4696 	EXP 	New trial (rep=17, index=72): <Trial 72 (72 in rep 17) data={'Pos': np.int64(50), 'corr_resp': 'c', 'thisN': 72, 'thisTrialN': 72, 'thisRepN': 17}>
527.4869 	EXP 	Fixation2: autoDraw = False
527.4869 	EXP 	line1: autoDraw = False
527.4869 	EXP 	line2: autoDraw = False
527.4869 	EXP 	line3: autoDraw = False
527.4869 	EXP 	line4: autoDraw = False
527.4869 	EXP 	probe2: autoDraw = False
527.4869 	EXP 	Fixation2: autoDraw = True
527.6204 	EXP 	Device response: <KeyPress from None: t=527.4521917999955, value=x, duration=0.16574950003996491>
528.4701 	EXP 	line1: autoDraw = True
528.4701 	EXP 	line2: autoDraw = True
528.4701 	EXP 	line3: autoDraw = True
528.4701 	EXP 	line4: autoDraw = True
528.4846 	EXP 	Fixation2: autoDraw = False
529.4850 	INFO 	Keyboard events cleared
529.4849 	EXP 	probe2: autoDraw = True
531.1888 	DATA 	Keypress: c
531.2022 	EXP 	Device response: <KeyPress from None: t=531.1859697001055, value=c, duration=None>
531.2028 	EXP 	New trial (rep=18, index=73): <Trial 73 (73 in rep 18) data={'Pos': np.int64(50), 'corr_resp': 'c', 'thisN': 73, 'thisTrialN': 73, 'thisRepN': 18}>
531.2203 	EXP 	Fixation2: autoDraw = False
531.2203 	EXP 	line1: autoDraw = False
531.2203 	EXP 	line2: autoDraw = False
531.2203 	EXP 	line3: autoDraw = False
531.2203 	EXP 	line4: autoDraw = False
531.2203 	EXP 	probe2: autoDraw = False
531.2203 	EXP 	Fixation2: autoDraw = True
531.3374 	EXP 	Device response: <KeyPress from None: t=531.1859697001055, value=c, duration=0.13545169995632023>
532.2036 	EXP 	line1: autoDraw = True
532.2036 	EXP 	line2: autoDraw = True
532.2036 	EXP 	line3: autoDraw = True
532.2036 	EXP 	line4: autoDraw = True
532.2186 	EXP 	Fixation2: autoDraw = False
533.2184 	INFO 	Keyboard events cleared
533.2183 	EXP 	probe2: autoDraw = True
534.9186 	EXP 	Device response: <KeyPress from None: t=534.9136225000257, value=c, duration=None>
534.9191 	EXP 	New trial (rep=17, index=74): <Trial 74 (74 in rep 17) data={'Pos': np.int64(150), 'corr_resp': 'v', 'thisN': 74, 'thisTrialN': 74, 'thisRepN': 17}>
534.9208 	DATA 	Keypress: c
534.9371 	EXP 	Fixation2: autoDraw = False
534.9371 	EXP 	line1: autoDraw = False
534.9371 	EXP 	line2: autoDraw = False
534.9371 	EXP 	line3: autoDraw = False
534.9371 	EXP 	line4: autoDraw = False
534.9371 	EXP 	probe2: autoDraw = False
534.9371 	EXP 	Fixation2: autoDraw = True
535.1373 	EXP 	Device response: <KeyPress from None: t=534.9136225000257, value=c, duration=0.21332650003023446>
535.9206 	EXP 	line1: autoDraw = True
535.9206 	EXP 	line2: autoDraw = True
535.9206 	EXP 	line3: autoDraw = True
535.9206 	EXP 	line4: autoDraw = True
535.9353 	EXP 	Fixation2: autoDraw = False
536.9184 	INFO 	Keyboard events cleared
536.9182 	EXP 	probe2: autoDraw = True
537.9520 	EXP 	Device response: <KeyPress from None: t=537.9513009000802, value=v, duration=None>
537.9526 	EXP 	New trial (rep=19, index=75): <Trial 75 (75 in rep 19) data={'Pos': np.int64(-150), 'corr_resp': 'z', 'thisN': 75, 'thisTrialN': 75, 'thisRepN': 19}>
537.9546 	DATA 	Keypress: v
537.9705 	EXP 	Fixation2: autoDraw = False
537.9705 	EXP 	line1: autoDraw = False
537.9705 	EXP 	line2: autoDraw = False
537.9705 	EXP 	line3: autoDraw = False
537.9705 	EXP 	line4: autoDraw = False
537.9705 	EXP 	probe2: autoDraw = False
537.9705 	EXP 	Fixation2: autoDraw = True
538.0708 	EXP 	Device response: <KeyPress from None: t=537.9513009000802, value=v, duration=0.11050029995385557>
538.9535 	EXP 	line1: autoDraw = True
538.9535 	EXP 	line2: autoDraw = True
538.9535 	EXP 	line3: autoDraw = True
538.9535 	EXP 	line4: autoDraw = True
538.9683 	EXP 	Fixation2: autoDraw = False
539.9518 	INFO 	Keyboard events cleared
539.9516 	EXP 	probe2: autoDraw = True
540.8711 	DATA 	Keypress: z
540.8854 	EXP 	Device response: <KeyPress from None: t=540.8699776000576, value=z, duration=None>
540.8859 	EXP 	New trial (rep=19, index=76): <Trial 76 (76 in rep 19) data={'Pos': np.int64(-50), 'corr_resp': 'x', 'thisN': 76, 'thisTrialN': 76, 'thisRepN': 19}>
540.9033 	EXP 	Fixation2: autoDraw = False
540.9033 	EXP 	line1: autoDraw = False
540.9033 	EXP 	line2: autoDraw = False
540.9033 	EXP 	line3: autoDraw = False
540.9033 	EXP 	line4: autoDraw = False
540.9033 	EXP 	probe2: autoDraw = False
540.9033 	EXP 	Fixation2: autoDraw = True
541.1700 	EXP 	Device response: <KeyPress from None: t=540.8699776000576, value=z, duration=0.28465779998805374>
541.8869 	EXP 	line1: autoDraw = True
541.8869 	EXP 	line2: autoDraw = True
541.8869 	EXP 	line3: autoDraw = True
541.8869 	EXP 	line4: autoDraw = True
541.9014 	EXP 	Fixation2: autoDraw = False
542.8852 	INFO 	Keyboard events cleared
542.8850 	EXP 	probe2: autoDraw = True
544.1704 	DATA 	Keypress: x
544.1855 	EXP 	Device response: <KeyPress from None: t=544.1685300000245, value=x, duration=None>
544.1860 	EXP 	New trial (rep=20, index=77): <Trial 77 (77 in rep 20) data={'Pos': np.int64(-150), 'corr_resp': 'z', 'thisN': 77, 'thisTrialN': 77, 'thisRepN': 20}>
544.2031 	EXP 	Fixation2: autoDraw = False
544.2031 	EXP 	line1: autoDraw = False
544.2031 	EXP 	line2: autoDraw = False
544.2031 	EXP 	line3: autoDraw = False
544.2031 	EXP 	line4: autoDraw = False
544.2031 	EXP 	probe2: autoDraw = False
544.2031 	EXP 	Fixation2: autoDraw = True
544.4539 	EXP 	Device response: <KeyPress from None: t=544.1685300000245, value=x, duration=0.27592629997525364>
545.1859 	EXP 	line1: autoDraw = True
545.1859 	EXP 	line2: autoDraw = True
545.1859 	EXP 	line3: autoDraw = True
545.1859 	EXP 	line4: autoDraw = True
545.2014 	EXP 	Fixation2: autoDraw = False
546.2015 	INFO 	Keyboard events cleared
546.2014 	EXP 	probe2: autoDraw = True
547.2351 	EXP 	Device response: <KeyPress from None: t=547.2325115000131, value=z, duration=None>
547.2358 	EXP 	New trial (rep=20, index=78): <Trial 78 (78 in rep 20) data={'Pos': np.int64(-50), 'corr_resp': 'x', 'thisN': 78, 'thisTrialN': 78, 'thisRepN': 20}>
547.2380 	DATA 	Keypress: z
547.2532 	EXP 	Fixation2: autoDraw = False
547.2532 	EXP 	line1: autoDraw = False
547.2532 	EXP 	line2: autoDraw = False
547.2532 	EXP 	line3: autoDraw = False
547.2532 	EXP 	line4: autoDraw = False
547.2532 	EXP 	probe2: autoDraw = False
547.2532 	EXP 	Fixation2: autoDraw = True
547.5040 	EXP 	Device response: <KeyPress from None: t=547.2325115000131, value=z, duration=0.254725500009954>
548.2366 	EXP 	line1: autoDraw = True
548.2366 	EXP 	line2: autoDraw = True
548.2366 	EXP 	line3: autoDraw = True
548.2366 	EXP 	line4: autoDraw = True
548.2510 	EXP 	Fixation2: autoDraw = False
549.2349 	INFO 	Keyboard events cleared
549.2347 	EXP 	probe2: autoDraw = True
550.0518 	EXP 	Device response: <KeyPress from None: t=550.0420777000254, value=x, duration=None>
550.0524 	EXP 	New trial (rep=19, index=79): <Trial 79 (79 in rep 19) data={'Pos': np.int64(50), 'corr_resp': 'c', 'thisN': 79, 'thisTrialN': 79, 'thisRepN': 19}>
550.0544 	DATA 	Keypress: x
550.0697 	EXP 	Fixation2: autoDraw = False
550.0697 	EXP 	line1: autoDraw = False
550.0697 	EXP 	line2: autoDraw = False
550.0697 	EXP 	line3: autoDraw = False
550.0697 	EXP 	line4: autoDraw = False
550.0697 	EXP 	probe2: autoDraw = False
550.0697 	EXP 	Fixation2: autoDraw = True
550.4043 	EXP 	Device response: <KeyPress from None: t=550.0420777000254, value=x, duration=0.36007250007241964>
551.0529 	EXP 	line1: autoDraw = True
551.0529 	EXP 	line2: autoDraw = True
551.0529 	EXP 	line3: autoDraw = True
551.0529 	EXP 	line4: autoDraw = True
551.0679 	EXP 	Fixation2: autoDraw = False
552.0682 	INFO 	Keyboard events cleared
552.0680 	EXP 	probe2: autoDraw = True
552.9683 	EXP 	Device response: <KeyPress from None: t=552.9666011000518, value=c, duration=None>
552.9688 	EXP 	New trial (rep=21, index=80): <Trial 80 (80 in rep 21) data={'Pos': np.int64(-50), 'corr_resp': 'x', 'thisN': 80, 'thisTrialN': 80, 'thisRepN': 21}>
552.9704 	DATA 	Keypress: c
552.9864 	EXP 	Fixation2: autoDraw = False
552.9864 	EXP 	line1: autoDraw = False
552.9864 	EXP 	line2: autoDraw = False
552.9864 	EXP 	line3: autoDraw = False
552.9864 	EXP 	line4: autoDraw = False
552.9864 	EXP 	probe2: autoDraw = False
552.9864 	EXP 	Fixation2: autoDraw = True
553.1873 	EXP 	Device response: <KeyPress from None: t=552.9666011000518, value=c, duration=0.220118899946101>
553.9698 	EXP 	line1: autoDraw = True
553.9698 	EXP 	line2: autoDraw = True
553.9698 	EXP 	line3: autoDraw = True
553.9698 	EXP 	line4: autoDraw = True
553.9843 	EXP 	Fixation2: autoDraw = False
554.9842 	INFO 	Keyboard events cleared
554.9840 	EXP 	probe2: autoDraw = True
555.8693 	DATA 	Keypress: x
555.8843 	EXP 	Device response: <KeyPress from None: t=555.8687963000266, value=x, duration=None>
555.8846 	EXP 	New trial (rep=21, index=81): <Trial 81 (81 in rep 21) data={'Pos': np.int64(-150), 'corr_resp': 'z', 'thisN': 81, 'thisTrialN': 81, 'thisRepN': 21}>
555.9026 	EXP 	Fixation2: autoDraw = False
555.9026 	EXP 	line1: autoDraw = False
555.9026 	EXP 	line2: autoDraw = False
555.9026 	EXP 	line3: autoDraw = False
555.9026 	EXP 	line4: autoDraw = False
555.9026 	EXP 	probe2: autoDraw = False
555.9026 	EXP 	Fixation2: autoDraw = True
556.0532 	EXP 	Device response: <KeyPress from None: t=555.8687963000266, value=x, duration=0.17025009996723384>
556.8862 	EXP 	line1: autoDraw = True
556.8862 	EXP 	line2: autoDraw = True
556.8862 	EXP 	line3: autoDraw = True
556.8862 	EXP 	line4: autoDraw = True
556.9007 	EXP 	Fixation2: autoDraw = False
557.8841 	INFO 	Keyboard events cleared
557.8840 	EXP 	probe2: autoDraw = True
559.0010 	EXP 	Device response: <KeyPress from None: t=558.987374600023, value=z, duration=None>
559.0015 	EXP 	New trial (rep=18, index=82): <Trial 82 (82 in rep 18) data={'Pos': np.int64(150), 'corr_resp': 'v', 'thisN': 82, 'thisTrialN': 82, 'thisRepN': 18}>
559.0035 	DATA 	Keypress: z
559.0194 	EXP 	Fixation2: autoDraw = False
559.0194 	EXP 	line1: autoDraw = False
559.0194 	EXP 	line2: autoDraw = False
559.0194 	EXP 	line3: autoDraw = False
559.0194 	EXP 	line4: autoDraw = False
559.0194 	EXP 	probe2: autoDraw = False
559.0194 	EXP 	Fixation2: autoDraw = True
559.1873 	EXP 	Device response: <KeyPress from None: t=558.987374600023, value=z, duration=0.1874949000775814>
560.0030 	EXP 	line1: autoDraw = True
560.0030 	EXP 	line2: autoDraw = True
560.0030 	EXP 	line3: autoDraw = True
560.0030 	EXP 	line4: autoDraw = True
560.0177 	EXP 	Fixation2: autoDraw = False
561.0011 	INFO 	Keyboard events cleared
561.0009 	EXP 	probe2: autoDraw = True
562.2680 	EXP 	Device response: <KeyPress from None: t=562.2652878999943, value=v, duration=None>
562.2685 	EXP 	New trial (rep=22, index=83): <Trial 83 (83 in rep 22) data={'Pos': np.int64(-150), 'corr_resp': 'z', 'thisN': 83, 'thisTrialN': 83, 'thisRepN': 22}>
562.2703 	DATA 	Keypress: v
562.2861 	EXP 	Fixation2: autoDraw = False
562.2861 	EXP 	line1: autoDraw = False
562.2861 	EXP 	line2: autoDraw = False
562.2861 	EXP 	line3: autoDraw = False
562.2861 	EXP 	line4: autoDraw = False
562.2861 	EXP 	probe2: autoDraw = False
562.2861 	EXP 	Fixation2: autoDraw = True
562.4536 	EXP 	Device response: <KeyPress from None: t=562.2652878999943, value=v, duration=0.174711300060153>
563.2693 	EXP 	line1: autoDraw = True
563.2693 	EXP 	line2: autoDraw = True
563.2693 	EXP 	line3: autoDraw = True
563.2693 	EXP 	line4: autoDraw = True
563.2845 	EXP 	Fixation2: autoDraw = False
564.2676 	INFO 	Keyboard events cleared
564.2674 	EXP 	probe2: autoDraw = True
564.8538 	DATA 	Keypress: z
564.8679 	EXP 	Device response: <KeyPress from None: t=564.8533182000974, value=z, duration=None>
564.8684 	EXP 	New trial (rep=22, index=84): <Trial 84 (84 in rep 22) data={'Pos': np.int64(-50), 'corr_resp': 'x', 'thisN': 84, 'thisTrialN': 84, 'thisRepN': 22}>
564.8861 	EXP 	Fixation2: autoDraw = False
564.8861 	EXP 	line1: autoDraw = False
564.8861 	EXP 	line2: autoDraw = False
564.8861 	EXP 	line3: autoDraw = False
564.8861 	EXP 	line4: autoDraw = False
564.8861 	EXP 	probe2: autoDraw = False
564.8861 	EXP 	Fixation2: autoDraw = True
565.1198 	EXP 	Device response: <KeyPress from None: t=564.8533182000974, value=z, duration=0.24983649991918355>
565.8693 	EXP 	line1: autoDraw = True
565.8693 	EXP 	line2: autoDraw = True
565.8693 	EXP 	line3: autoDraw = True
565.8693 	EXP 	line4: autoDraw = True
565.8843 	EXP 	Fixation2: autoDraw = False
566.8844 	INFO 	Keyboard events cleared
566.8842 	EXP 	probe2: autoDraw = True
567.8179 	EXP 	Device response: <KeyPress from None: t=567.8091563000344, value=x, duration=None>
567.8184 	EXP 	New trial (rep=20, index=85): <Trial 85 (85 in rep 20) data={'Pos': np.int64(50), 'corr_resp': 'c', 'thisN': 85, 'thisTrialN': 85, 'thisRepN': 20}>
567.8202 	DATA 	Keypress: x
567.8359 	EXP 	Fixation2: autoDraw = False
567.8359 	EXP 	line1: autoDraw = False
567.8359 	EXP 	line2: autoDraw = False
567.8359 	EXP 	line3: autoDraw = False
567.8359 	EXP 	line4: autoDraw = False
567.8359 	EXP 	probe2: autoDraw = False
567.8359 	EXP 	Fixation2: autoDraw = True
567.9872 	EXP 	Device response: <KeyPress from None: t=567.8091563000344, value=x, duration=0.17648849997203797>
568.8193 	EXP 	line1: autoDraw = True
568.8193 	EXP 	line2: autoDraw = True
568.8193 	EXP 	line3: autoDraw = True
568.8193 	EXP 	line4: autoDraw = True
568.8341 	EXP 	Fixation2: autoDraw = False
569.8336 	INFO 	Keyboard events cleared
569.8334 	EXP 	probe2: autoDraw = True
571.1507 	EXP 	Device response: <KeyPress from None: t=571.1476503000595, value=c, duration=None>
571.1510 	EXP 	New trial (rep=21, index=86): <Trial 86 (86 in rep 21) data={'Pos': np.int64(50), 'corr_resp': 'c', 'thisN': 86, 'thisTrialN': 86, 'thisRepN': 21}>
571.1521 	DATA 	Keypress: c
571.1690 	EXP 	Fixation2: autoDraw = False
571.1690 	EXP 	line1: autoDraw = False
571.1690 	EXP 	line2: autoDraw = False
571.1690 	EXP 	line3: autoDraw = False
571.1690 	EXP 	line4: autoDraw = False
571.1690 	EXP 	probe2: autoDraw = False
571.1690 	EXP 	Fixation2: autoDraw = True
571.3197 	EXP 	Device response: <KeyPress from None: t=571.1476503000595, value=c, duration=0.155673100030981>
572.1525 	EXP 	line1: autoDraw = True
572.1525 	EXP 	line2: autoDraw = True
572.1525 	EXP 	line3: autoDraw = True
572.1525 	EXP 	line4: autoDraw = True
572.1676 	EXP 	Fixation2: autoDraw = False
573.1508 	INFO 	Keyboard events cleared
573.1506 	EXP 	probe2: autoDraw = True
575.7504 	EXP 	Device response: <KeyPress from None: t=575.7379363999935, value=c, duration=None>
575.7508 	EXP 	New trial (rep=19, index=87): <Trial 87 (87 in rep 19) data={'Pos': np.int64(150), 'corr_resp': 'v', 'thisN': 87, 'thisTrialN': 87, 'thisRepN': 19}>
575.7524 	DATA 	Keypress: c
575.7688 	EXP 	Fixation2: autoDraw = False
575.7688 	EXP 	line1: autoDraw = False
575.7688 	EXP 	line2: autoDraw = False
575.7688 	EXP 	line3: autoDraw = False
575.7688 	EXP 	line4: autoDraw = False
575.7688 	EXP 	probe2: autoDraw = False
575.7688 	EXP 	Fixation2: autoDraw = True
575.9191 	EXP 	Device response: <KeyPress from None: t=575.7379363999935, value=c, duration=0.1719138000626117>
576.7524 	EXP 	line1: autoDraw = True
576.7524 	EXP 	line2: autoDraw = True
576.7524 	EXP 	line3: autoDraw = True
576.7524 	EXP 	line4: autoDraw = True
576.7668 	EXP 	Fixation2: autoDraw = False
577.7499 	INFO 	Keyboard events cleared
577.7498 	EXP 	probe2: autoDraw = True
578.6866 	DATA 	Keypress: v
578.7008 	EXP 	Device response: <KeyPress from None: t=578.6851566000842, value=v, duration=None>
578.7016 	EXP 	New trial (rep=22, index=88): <Trial 88 (88 in rep 22) data={'Pos': np.int64(50), 'corr_resp': 'c', 'thisN': 88, 'thisTrialN': 88, 'thisRepN': 22}>
578.7189 	EXP 	Fixation2: autoDraw = False
578.7189 	EXP 	line1: autoDraw = False
578.7189 	EXP 	line2: autoDraw = False
578.7189 	EXP 	line3: autoDraw = False
578.7189 	EXP 	line4: autoDraw = False
578.7189 	EXP 	probe2: autoDraw = False
578.7189 	EXP 	Fixation2: autoDraw = True
579.0365 	EXP 	Device response: <KeyPress from None: t=578.6851566000842, value=v, duration=0.34417659998871386>
579.7022 	EXP 	line1: autoDraw = True
579.7022 	EXP 	line2: autoDraw = True
579.7022 	EXP 	line3: autoDraw = True
579.7022 	EXP 	line4: autoDraw = True
579.7170 	EXP 	Fixation2: autoDraw = False
580.7174 	INFO 	Keyboard events cleared
580.7172 	EXP 	probe2: autoDraw = True
581.8510 	EXP 	Device response: <KeyPress from None: t=581.8374967999989, value=c, duration=None>
581.8515 	EXP 	New trial (rep=20, index=89): <Trial 89 (89 in rep 20) data={'Pos': np.int64(150), 'corr_resp': 'v', 'thisN': 89, 'thisTrialN': 89, 'thisRepN': 20}>
581.8534 	DATA 	Keypress: c
581.8688 	EXP 	Fixation2: autoDraw = False
581.8688 	EXP 	line1: autoDraw = False
581.8688 	EXP 	line2: autoDraw = False
581.8688 	EXP 	line3: autoDraw = False
581.8688 	EXP 	line4: autoDraw = False
581.8688 	EXP 	probe2: autoDraw = False
581.8688 	EXP 	Fixation2: autoDraw = True
581.9694 	EXP 	Device response: <KeyPress from None: t=581.8374967999989, value=c, duration=0.11639490001834929>
582.8521 	EXP 	line1: autoDraw = True
582.8521 	EXP 	line2: autoDraw = True
582.8521 	EXP 	line3: autoDraw = True
582.8521 	EXP 	line4: autoDraw = True
582.8670 	EXP 	Fixation2: autoDraw = False
583.8508 	INFO 	Keyboard events cleared
583.8506 	EXP 	probe2: autoDraw = True
584.9675 	EXP 	Device response: <KeyPress from None: t=584.9612433000002, value=v, duration=None>
584.9680 	EXP 	New trial (rep=23, index=90): <Trial 90 (90 in rep 23) data={'Pos': np.int64(-150), 'corr_resp': 'z', 'thisN': 90, 'thisTrialN': 90, 'thisRepN': 23}>
584.9697 	DATA 	Keypress: v
584.9855 	EXP 	Fixation2: autoDraw = False
584.9855 	EXP 	line1: autoDraw = False
584.9855 	EXP 	line2: autoDraw = False
584.9855 	EXP 	line3: autoDraw = False
584.9855 	EXP 	line4: autoDraw = False
584.9855 	EXP 	probe2: autoDraw = False
584.9855 	EXP 	Fixation2: autoDraw = True
585.1198 	EXP 	Device response: <KeyPress from None: t=584.9612433000002, value=v, duration=0.1475374000146985>
585.9694 	EXP 	line1: autoDraw = True
585.9694 	EXP 	line2: autoDraw = True
585.9694 	EXP 	line3: autoDraw = True
585.9694 	EXP 	line4: autoDraw = True
585.9838 	EXP 	Fixation2: autoDraw = False
586.9839 	INFO 	Keyboard events cleared
586.9838 	EXP 	probe2: autoDraw = True
588.3679 	EXP 	Device response: <KeyPress from None: t=588.3556529000634, value=z, duration=None>
588.3684 	EXP 	New trial (rep=23, index=91): <Trial 91 (91 in rep 23) data={'Pos': np.int64(50), 'corr_resp': 'c', 'thisN': 91, 'thisTrialN': 91, 'thisRepN': 23}>
588.3702 	DATA 	Keypress: z
588.3855 	EXP 	Fixation2: autoDraw = False
588.3855 	EXP 	line1: autoDraw = False
588.3855 	EXP 	line2: autoDraw = False
588.3855 	EXP 	line3: autoDraw = False
588.3855 	EXP 	line4: autoDraw = False
588.3855 	EXP 	probe2: autoDraw = False
588.3855 	EXP 	Fixation2: autoDraw = True
588.5863 	EXP 	Device response: <KeyPress from None: t=588.3556529000634, value=z, duration=0.21471139998175204>
589.3687 	EXP 	line1: autoDraw = True
589.3687 	EXP 	line2: autoDraw = True
589.3687 	EXP 	line3: autoDraw = True
589.3687 	EXP 	line4: autoDraw = True
589.3837 	EXP 	Fixation2: autoDraw = False
590.3838 	INFO 	Keyboard events cleared
590.3836 	EXP 	probe2: autoDraw = True
591.2339 	EXP 	Device response: <KeyPress from None: t=591.2311463000951, value=v, duration=None>
591.2344 	EXP 	New trial (rep=21, index=92): <Trial 92 (92 in rep 21) data={'Pos': np.int64(150), 'corr_resp': 'v', 'thisN': 92, 'thisTrialN': 92, 'thisRepN': 21}>
591.2360 	DATA 	Keypress: v
591.2521 	EXP 	Fixation2: autoDraw = False
591.2521 	EXP 	line1: autoDraw = False
591.2521 	EXP 	line2: autoDraw = False
591.2521 	EXP 	line3: autoDraw = False
591.2521 	EXP 	line4: autoDraw = False
591.2521 	EXP 	probe2: autoDraw = False
591.2521 	EXP 	Fixation2: autoDraw = True
591.4857 	EXP 	Device response: <KeyPress from None: t=591.2311463000951, value=v, duration=0.24621659994591027>
592.2353 	EXP 	line1: autoDraw = True
592.2353 	EXP 	line2: autoDraw = True
592.2353 	EXP 	line3: autoDraw = True
592.2353 	EXP 	line4: autoDraw = True
592.2500 	EXP 	Fixation2: autoDraw = False
593.2337 	INFO 	Keyboard events cleared
593.2336 	EXP 	probe2: autoDraw = True
594.2006 	EXP 	Device response: <KeyPress from None: t=594.1916894000024, value=v, duration=None>
594.2012 	EXP 	New trial (rep=23, index=93): <Trial 93 (93 in rep 23) data={'Pos': np.int64(-50), 'corr_resp': 'x', 'thisN': 93, 'thisTrialN': 93, 'thisRepN': 23}>
594.2029 	DATA 	Keypress: v
594.2184 	EXP 	Fixation2: autoDraw = False
594.2184 	EXP 	line1: autoDraw = False
594.2184 	EXP 	line2: autoDraw = False
594.2184 	EXP 	line3: autoDraw = False
594.2184 	EXP 	line4: autoDraw = False
594.2184 	EXP 	probe2: autoDraw = False
594.2184 	EXP 	Fixation2: autoDraw = True
594.3859 	EXP 	Device response: <KeyPress from None: t=594.1916894000024, value=v, duration=0.1934627000009641>
595.2020 	EXP 	line1: autoDraw = True
595.2020 	EXP 	line2: autoDraw = True
595.2020 	EXP 	line3: autoDraw = True
595.2020 	EXP 	line4: autoDraw = True
595.2169 	EXP 	Fixation2: autoDraw = False
596.2168 	INFO 	Keyboard events cleared
596.2166 	EXP 	probe2: autoDraw = True
597.9335 	EXP 	Device response: <KeyPress from None: t=597.9246136000147, value=x, duration=None>
597.9339 	EXP 	New trial (rep=22, index=94): <Trial 94 (94 in rep 22) data={'Pos': np.int64(150), 'corr_resp': 'v', 'thisN': 94, 'thisTrialN': 94, 'thisRepN': 22}>
597.9353 	DATA 	Keypress: x
597.9517 	EXP 	Fixation2: autoDraw = False
597.9517 	EXP 	line1: autoDraw = False
597.9517 	EXP 	line2: autoDraw = False
597.9517 	EXP 	line3: autoDraw = False
597.9517 	EXP 	line4: autoDraw = False
597.9517 	EXP 	probe2: autoDraw = False
597.9517 	EXP 	Fixation2: autoDraw = True
598.0853 	EXP 	Device response: <KeyPress from None: t=597.9246136000147, value=x, duration=0.1495138000464067>
598.9350 	EXP 	line1: autoDraw = True
598.9350 	EXP 	line2: autoDraw = True
598.9350 	EXP 	line3: autoDraw = True
598.9350 	EXP 	line4: autoDraw = True
598.9494 	EXP 	Fixation2: autoDraw = False
599.9331 	INFO 	Keyboard events cleared
599.9329 	EXP 	probe2: autoDraw = True
600.9665 	EXP 	Device response: <KeyPress from None: t=600.9577506000642, value=v, duration=None>
600.9668 	EXP 	New trial (rep=24, index=95): <Trial 95 (95 in rep 24) data={'Pos': np.int64(50), 'corr_resp': 'c', 'thisN': 95, 'thisTrialN': 95, 'thisRepN': 24}>
600.9677 	DATA 	Keypress: v
600.9848 	EXP 	Fixation2: autoDraw = False
600.9848 	EXP 	line1: autoDraw = False
600.9848 	EXP 	line2: autoDraw = False
600.9848 	EXP 	line3: autoDraw = False
600.9848 	EXP 	line4: autoDraw = False
600.9848 	EXP 	probe2: autoDraw = False
600.9848 	EXP 	Fixation2: autoDraw = True
601.1856 	EXP 	Device response: <KeyPress from None: t=600.9577506000642, value=v, duration=0.21737760002724826>
601.9680 	EXP 	line1: autoDraw = True
601.9680 	EXP 	line2: autoDraw = True
601.9680 	EXP 	line3: autoDraw = True
601.9680 	EXP 	line4: autoDraw = True
601.9828 	EXP 	Fixation2: autoDraw = False
602.9662 	INFO 	Keyboard events cleared
602.9661 	EXP 	probe2: autoDraw = True
603.7501 	EXP 	Device response: <KeyPress from None: t=603.7413405000698, value=c, duration=None>
603.7506 	EXP 	New trial (rep=24, index=96): <Trial 96 (96 in rep 24) data={'Pos': np.int64(-150), 'corr_resp': 'z', 'thisN': 96, 'thisTrialN': 96, 'thisRepN': 24}>
603.7523 	DATA 	Keypress: c
603.7683 	EXP 	Fixation2: autoDraw = False
603.7683 	EXP 	line1: autoDraw = False
603.7683 	EXP 	line2: autoDraw = False
603.7683 	EXP 	line3: autoDraw = False
603.7683 	EXP 	line4: autoDraw = False
603.7683 	EXP 	probe2: autoDraw = False
603.7683 	EXP 	Fixation2: autoDraw = True
603.8692 	EXP 	Device response: <KeyPress from None: t=603.7413405000698, value=c, duration=0.12581849994603544>
604.7512 	EXP 	line1: autoDraw = True
604.7512 	EXP 	line2: autoDraw = True
604.7512 	EXP 	line3: autoDraw = True
604.7512 	EXP 	line4: autoDraw = True
604.7665 	EXP 	Fixation2: autoDraw = False
605.7498 	INFO 	Keyboard events cleared
605.7497 	EXP 	probe2: autoDraw = True
606.5336 	EXP 	Device response: <KeyPress from None: t=606.5225842000218, value=z, duration=None>
606.5341 	EXP 	New trial (rep=23, index=97): <Trial 97 (97 in rep 23) data={'Pos': np.int64(150), 'corr_resp': 'v', 'thisN': 97, 'thisTrialN': 97, 'thisRepN': 23}>
606.5359 	DATA 	Keypress: z
606.5517 	EXP 	Fixation2: autoDraw = False
606.5517 	EXP 	line1: autoDraw = False
606.5517 	EXP 	line2: autoDraw = False
606.5517 	EXP 	line3: autoDraw = False
606.5517 	EXP 	line4: autoDraw = False
606.5517 	EXP 	probe2: autoDraw = False
606.5517 	EXP 	Fixation2: autoDraw = True
606.7524 	EXP 	Device response: <KeyPress from None: t=606.5225842000218, value=z, duration=0.21886949997860938>
607.5350 	EXP 	line1: autoDraw = True
607.5350 	EXP 	line2: autoDraw = True
607.5350 	EXP 	line3: autoDraw = True
607.5350 	EXP 	line4: autoDraw = True
607.5497 	EXP 	Fixation2: autoDraw = False
608.5333 	INFO 	Keyboard events cleared
608.5331 	EXP 	probe2: autoDraw = True
608.9022 	DATA 	Keypress: v
608.9170 	EXP 	Device response: <KeyPress from None: t=608.9011745000025, value=v, duration=None>
608.9175 	EXP 	New trial (rep=24, index=98): <Trial 98 (98 in rep 24) data={'Pos': np.int64(150), 'corr_resp': 'v', 'thisN': 98, 'thisTrialN': 98, 'thisRepN': 24}>
608.9349 	EXP 	Fixation2: autoDraw = False
608.9349 	EXP 	line1: autoDraw = False
608.9349 	EXP 	line2: autoDraw = False
608.9349 	EXP 	line3: autoDraw = False
608.9349 	EXP 	line4: autoDraw = False
608.9349 	EXP 	probe2: autoDraw = False
608.9349 	EXP 	Fixation2: autoDraw = True
609.1187 	EXP 	Device response: <KeyPress from None: t=608.9011745000025, value=v, duration=0.20190600003115833>
609.9183 	EXP 	line1: autoDraw = True
609.9183 	EXP 	line2: autoDraw = True
609.9183 	EXP 	line3: autoDraw = True
609.9183 	EXP 	line4: autoDraw = True
609.9327 	EXP 	Fixation2: autoDraw = False
610.9161 	INFO 	Keyboard events cleared
610.9159 	EXP 	probe2: autoDraw = True
611.4835 	EXP 	Device response: <KeyPress from None: t=611.4742499000859, value=c, duration=None>
611.4842 	EXP 	New trial (rep=24, index=99): <Trial 99 (99 in rep 24) data={'Pos': np.int64(-50), 'corr_resp': 'x', 'thisN': 99, 'thisTrialN': 99, 'thisRepN': 24}>
611.4860 	DATA 	Keypress: c
611.5018 	EXP 	Fixation2: autoDraw = False
611.5018 	EXP 	line1: autoDraw = False
611.5018 	EXP 	line2: autoDraw = False
611.5018 	EXP 	line3: autoDraw = False
611.5018 	EXP 	line4: autoDraw = False
611.5018 	EXP 	probe2: autoDraw = False
611.5018 	EXP 	Fixation2: autoDraw = True
611.8852 	EXP 	Device response: <KeyPress from None: t=611.4742499000859, value=c, duration=0.40562039997894317>
612.4855 	EXP 	line1: autoDraw = True
612.4855 	EXP 	line2: autoDraw = True
612.4855 	EXP 	line3: autoDraw = True
612.4855 	EXP 	line4: autoDraw = True
612.4998 	EXP 	Fixation2: autoDraw = False
613.4832 	INFO 	Keyboard events cleared
613.4830 	EXP 	probe2: autoDraw = True
614.4866 	DATA 	Keypress: x
614.5000 	EXP 	Device response: <KeyPress from None: t=614.4851595000364, value=x, duration=None>
614.5160 	EXP 	Fixation2: autoDraw = False
614.5160 	EXP 	line1: autoDraw = False
614.5160 	EXP 	line2: autoDraw = False
614.5160 	EXP 	line3: autoDraw = False
614.5160 	EXP 	line4: autoDraw = False
614.5160 	EXP 	probe2: autoDraw = False
614.5163 	EXP 	MotorSequence: status = STOPPED
614.5965 	INFO 	saved data to 'C:\\Users\\Darsh Modi\\OneDrive\\Documents\\AU\\PSY310\\Motor Sequence\\data\\P003_MotorSequence_2025-10-03_12h04.54.969.csv'
614.6020 	INFO 	saved data to C:\Users\Darsh Modi\OneDrive\Documents\AU\PSY310\Motor Sequence\data\P003_MotorSequence_2025-10-03_12h04.54.969.psydat
614.8693 	WARNING 	Stopping key buffers but this could be dangerous ifother keyboards rely on the same.
614.9115 	WARNING 	Stopping key buffers but this could be dangerous ifother keyboards rely on the same.
614.9116 	WARNING 	Stopping key buffers but this could be dangerous ifother keyboards rely on the same.
