15.2076 	INFO 	Loaded monitor calibration from ['2025_08_11 15:22']
15.2231 	WARNING 	User requested fullscreen with size [1280  720], but screen is actually [1920, 1080]. Using actual size
15.8346 	INFO 	Using renderer 'Intel(R) Iris(R) Xe Graphics' for graphics
15.8347 	INFO 	OpenGL version supported by driver is 4..
15.9510 	EXP 	Created window1 = Window(allowGUI=False, allowStencil=False, autoLog=True, backendConf=UNKNOWN, backgroundFit=<method-wrapper '__getattribute__' of attributeSetter object at 0x0000019A62458D00>, backgroundImage=<method-wrapper '__getattribute__' of attributeSetter object at 0x0000019A62458CA0>, bitsMode=UNKNOWN, blendMode='avg', bpc=(8, 8, 8), color=array([0, 0, 0]), colorSpace='rgb', depthBits=8, fullscr=True, gamma=None, gammaErrorPolicy='raise', infoMsg=UNKNOWN, lms=UNKNOWN, monitor=<psychopy.monitors.calibTools.Monitor object at 0x0000019A62516650>, multiSample=False, name='window1', numSamples=2, pos=[np.float64(0.0), np.float64(0.0)], screen=0, size=array([1920, 1080]), stencilBits=0, stereo=False, title='PsychoPy', units='height', useFBO=True, useRetina=False, viewOri=0.0, viewPos=None, viewScale=None, waitBlanking=True, winType='pyglet')
15.9510 	EXP 	window1: backgroundImage = ''
15.9511 	EXP 	window1: backgroundFit = 'none'
16.4374 	EXP 	window1: Attempting to measure frame rate of screen (0) ...
16.4375 	EXP 	window1: recordFrameIntervals = False
16.5765 	EXP 	window1: recordFrameIntervals = True
16.7606 	EXP 	Screen (0) actual frame rate measured at 60.00Hz
16.7607 	EXP 	window1: recordFrameIntervals = False
17.1799 	INFO 	keyboard.Keyboard is using ptb backend.
17.1804 	INFO 	keyboard.Keyboard is using ptb backend.
17.1808 	INFO 	keyboard.Keyboard is using ptb backend.
17.1809 	EXP 	MotorSequence: status = STARTED
17.1928 	EXP 	Created Fixation = ShapeStim(__class__=<class 'psychopy.visual.shape.ShapeStim'>, anchor=('center', 'center'), autoDraw=False, autoLog=True, closeShape=True, color=method-wrapper(...), colorSpace='rgb', contrast=None, depth=0.0, draggable=False, fillColor=array([-0.2549,  0.2392,  0.2549]), fillColorSpace='rgb', fillRGB=array([-0.2549,  0.2392,  0.2549]), interpolate=True, lineColor=array([-0.2549,  0.2392,  0.2549]), lineColorSpace='rgb', lineRGB=array([-0.2549,  0.2392,  0.2549]), lineWidth=1.0, name='Fixation', opacity=1, ori=0.0, pos=array([0., 0.]), size=array([10., 10.]), units='height', vertices=ndarray(...), win=Window(...), windingRule=None)
17.1971 	EXP 	Created Line1 = Rect(__class__=<class 'psychopy.visual.rect.Rect'>, anchor=('center', 'center'), autoDraw=False, autoLog=True, closeShape=True, color=method-wrapper(...), colorSpace='rgb', contrast=None, depth=-1.0, draggable=False, fillColor=array([1, 1, 1]), fillColorSpace='rgb', fillRGB=array([1, 1, 1]), interpolate=True, lineColor=array([1., 1., 1.]), lineColorSpace='rgb', lineRGB=array([1, 1, 1]), lineWidth=1.0, name='Line1', opacity=1, ori=90.0, pos=array([-150.,    0.]), size=array([100.,  10.]), units='pix', vertices=ndarray(...), win=Window(...))
17.2011 	EXP 	Created Line2 = Rect(__class__=<class 'psychopy.visual.rect.Rect'>, anchor=('center', 'center'), autoDraw=False, autoLog=True, closeShape=True, color=method-wrapper(...), colorSpace='rgb', contrast=None, depth=-2.0, draggable=False, fillColor=array([1, 1, 1]), fillColorSpace='rgb', fillRGB=array([1, 1, 1]), interpolate=True, lineColor=array([1., 1., 1.]), lineColorSpace='rgb', lineRGB=array([1, 1, 1]), lineWidth=1.0, name='Line2', opacity=1, ori=90.0, pos=array([-50.,   0.]), size=array([100.,  10.]), units='pix', vertices=ndarray(...), win=Window(...))
17.2040 	EXP 	Created Line3 = Rect(__class__=<class 'psychopy.visual.rect.Rect'>, anchor=('center', 'center'), autoDraw=False, autoLog=True, closeShape=True, color=method-wrapper(...), colorSpace='rgb', contrast=None, depth=-3.0, draggable=False, fillColor=array([1, 1, 1]), fillColorSpace='rgb', fillRGB=array([1, 1, 1]), interpolate=True, lineColor=array([1., 1., 1.]), lineColorSpace='rgb', lineRGB=array([1, 1, 1]), lineWidth=1.0, name='Line3', opacity=1, ori=90.0, pos=array([50.,  0.]), size=array([100.,  10.]), units='pix', vertices=ndarray(...), win=Window(...))
17.2071 	EXP 	Created Line4 = Rect(__class__=<class 'psychopy.visual.rect.Rect'>, anchor=('center', 'center'), autoDraw=False, autoLog=True, closeShape=True, color=method-wrapper(...), colorSpace='rgb', contrast=None, depth=-4.0, draggable=False, fillColor=array([1, 1, 1]), fillColorSpace='rgb', fillRGB=array([1, 1, 1]), interpolate=True, lineColor=array([1., 1., 1.]), lineColorSpace='rgb', lineRGB=array([1, 1, 1]), lineWidth=1.0, name='Line4', opacity=1, ori=90.0, pos=array([150.,   0.]), size=array([100.,  10.]), units='pix', vertices=ndarray(...), win=Window(...))
17.2099 	EXP 	Created Probe = ShapeStim(__class__=<class 'psychopy.visual.shape.ShapeStim'>, anchor=('center', 'center'), autoDraw=False, autoLog=True, closeShape=True, color=method-wrapper(...), colorSpace='rgb', contrast=None, depth=-5.0, draggable=False, fillColor=array([1, 1, 1]), fillColorSpace='rgb', fillRGB=array([1, 1, 1]), interpolate=True, lineColor=array([1., 1., 1.]), lineColorSpace='rgb', lineRGB=array([1, 1, 1]), lineWidth=1.0, name='Probe', opacity=1, ori=0.0, pos=array([0., 0.]), size=array([10., 10.]), units='pix', vertices=ndarray(...), win=Window(...), windingRule=None)
17.2135 	EXP 	Created Fixation2 = ShapeStim(__class__=<class 'psychopy.visual.shape.ShapeStim'>, anchor=('center', 'center'), autoDraw=False, autoLog=True, closeShape=True, color=method-wrapper(...), colorSpace='rgb', contrast=None, depth=0.0, draggable=False, fillColor=array([-0.2549,  0.2392,  0.2549]), fillColorSpace='rgb', fillRGB=array([-0.2549,  0.2392,  0.2549]), interpolate=True, lineColor=array([-0.2549,  0.2392,  0.2549]), lineColorSpace='rgb', lineRGB=array([-0.2549,  0.2392,  0.2549]), lineWidth=1.0, name='Fixation2', opacity=1, ori=0.0, pos=array([0., 0.]), size=array([10., 10.]), units='height', vertices=ndarray(...), win=Window(...), windingRule=None)
17.2159 	EXP 	Created line1 = Rect(__class__=<class 'psychopy.visual.rect.Rect'>, anchor=('center', 'center'), autoDraw=False, autoLog=True, closeShape=True, color=method-wrapper(...), colorSpace='rgb', contrast=None, depth=-1.0, draggable=False, fillColor=array([1, 1, 1]), fillColorSpace='rgb', fillRGB=array([1, 1, 1]), interpolate=True, lineColor=array([1., 1., 1.]), lineColorSpace='rgb', lineRGB=array([1, 1, 1]), lineWidth=1.0, name='line1', opacity=1, ori=90.0, pos=array([-150.,    0.]), size=array([100.,  10.]), units='pix', vertices=ndarray(...), win=Window(...))
17.2180 	EXP 	Created line2 = Rect(__class__=<class 'psychopy.visual.rect.Rect'>, anchor=('center', 'center'), autoDraw=False, autoLog=True, closeShape=True, color=method-wrapper(...), colorSpace='rgb', contrast=None, depth=-2.0, draggable=False, fillColor=array([1, 1, 1]), fillColorSpace='rgb', fillRGB=array([1, 1, 1]), interpolate=True, lineColor=array([1., 1., 1.]), lineColorSpace='rgb', lineRGB=array([1, 1, 1]), lineWidth=1.0, name='line2', opacity=1, ori=90.0, pos=array([-150.,    0.]), size=array([100.,  10.]), units='pix', vertices=ndarray(...), win=Window(...))
17.2205 	EXP 	Created line3 = Rect(__class__=<class 'psychopy.visual.rect.Rect'>, anchor=('center', 'center'), autoDraw=False, autoLog=True, closeShape=True, color=method-wrapper(...), colorSpace='rgb', contrast=None, depth=-3.0, draggable=False, fillColor=array([1, 1, 1]), fillColorSpace='rgb', fillRGB=array([1, 1, 1]), interpolate=True, lineColor=array([1., 1., 1.]), lineColorSpace='rgb', lineRGB=array([1, 1, 1]), lineWidth=1.0, name='line3', opacity=1, ori=90.0, pos=array([-150.,    0.]), size=array([100.,  10.]), units='pix', vertices=ndarray(...), win=Window(...))
17.2231 	EXP 	Created line4 = Rect(__class__=<class 'psychopy.visual.rect.Rect'>, anchor=('center', 'center'), autoDraw=False, autoLog=True, closeShape=True, color=method-wrapper(...), colorSpace='rgb', contrast=None, depth=-4.0, draggable=False, fillColor=array([1, 1, 1]), fillColorSpace='rgb', fillRGB=array([1, 1, 1]), interpolate=True, lineColor=array([1., 1., 1.]), lineColorSpace='rgb', lineRGB=array([1, 1, 1]), lineWidth=1.0, name='line4', opacity=1, ori=90.0, pos=array([-150.,    0.]), size=array([100.,  10.]), units='pix', vertices=ndarray(...), win=Window(...))
17.2256 	EXP 	Created probe2 = ShapeStim(__class__=<class 'psychopy.visual.shape.ShapeStim'>, anchor=('center', 'center'), autoDraw=False, autoLog=True, closeShape=True, color=method-wrapper(...), colorSpace='rgb', contrast=None, depth=-5.0, draggable=False, fillColor=array([1, 1, 1]), fillColorSpace='rgb', fillRGB=array([1, 1, 1]), interpolate=True, lineColor=array([1., 1., 1.]), lineColorSpace='rgb', lineRGB=array([1, 1, 1]), lineWidth=1.0, name='probe2', opacity=1, ori=0.0, pos=array([0., 0.]), size=array([10., 10.]), units='pix', vertices=ndarray(...), win=Window(...), windingRule=None)
0.0091 	EXP 	Imported ConditionsFile.csv as conditions, 4 conditions, 2 params
0.0098 	EXP 	New trial (rep=0, index=0): <Trial 0 (0 in rep 0) data={'Pos': np.int64(-50), 'corr_resp': 'x', 'thisN': 0, 'thisTrialN': 0, 'thisRepN': 0}>
0.0140 	EXP 	Fixation: autoDraw = True
1.0029 	EXP 	Line1: autoDraw = True
1.0029 	EXP 	Line2: autoDraw = True
1.0029 	EXP 	Line3: autoDraw = True
1.0029 	EXP 	Line4: autoDraw = True
1.0176 	EXP 	Fixation: autoDraw = False
2.0011 	INFO 	Keyboard events cleared
2.0009 	EXP 	Probe: autoDraw = True
2.5933 	EXP 	Device response: <KeyPress from None: t=2.4796770999673754, value=x, duration=None>
2.5935 	EXP 	Device response: <KeyPress from None: t=2.4796770999673754, value=x, duration=0.06053060002159327>
2.5936 	EXP 	New trial (rep=0, index=1): <Trial 1 (1 in rep 0) data={'Pos': np.int64(150), 'corr_resp': 'v', 'thisN': 1, 'thisTrialN': 1, 'thisRepN': 0}>
2.5945 	DATA 	Keypress: x
2.5979 	EXP 	Fixation: autoDraw = False
2.5979 	EXP 	Line1: autoDraw = False
2.5979 	EXP 	Line2: autoDraw = False
2.5979 	EXP 	Line3: autoDraw = False
2.5979 	EXP 	Line4: autoDraw = False
2.5979 	EXP 	Probe: autoDraw = False
2.5979 	EXP 	Fixation: autoDraw = True
3.6003 	EXP 	Fixation: autoDraw = False
3.6003 	EXP 	Line1: autoDraw = True
3.6003 	EXP 	Line2: autoDraw = True
3.6003 	EXP 	Line3: autoDraw = True
3.6003 	EXP 	Line4: autoDraw = True
4.5849 	EXP 	Device response: <KeyPress from None: t=4.574429400032386, value=v, duration=None>
4.5880 	DATA 	Keypress: v
4.6007 	INFO 	Keyboard events cleared
4.6005 	EXP 	Probe: autoDraw = True
4.7509 	EXP 	Device response: <KeyPress from None: t=4.574429400032386, value=v, duration=0.17124539997894317>
4.9012 	EXP 	Device response: <KeyPress from None: t=4.899599500000477, value=v, duration=None>
4.9019 	EXP 	New trial (rep=0, index=2): <Trial 2 (2 in rep 0) data={'Pos': np.int64(50), 'corr_resp': 'c', 'thisN': 2, 'thisTrialN': 2, 'thisRepN': 0}>
4.9039 	DATA 	Keypress: v
4.9197 	EXP 	Fixation: autoDraw = False
4.9197 	EXP 	Line1: autoDraw = False
4.9197 	EXP 	Line2: autoDraw = False
4.9197 	EXP 	Line3: autoDraw = False
4.9197 	EXP 	Line4: autoDraw = False
4.9197 	EXP 	Probe: autoDraw = False
4.9197 	EXP 	Fixation: autoDraw = True
5.0378 	EXP 	Device response: <KeyPress from None: t=4.899599500000477, value=v, duration=0.13207609998062253>
5.9026 	EXP 	Line1: autoDraw = True
5.9026 	EXP 	Line2: autoDraw = True
5.9026 	EXP 	Line3: autoDraw = True
5.9026 	EXP 	Line4: autoDraw = True
5.9174 	EXP 	Fixation: autoDraw = False
6.9012 	INFO 	Keyboard events cleared
6.9009 	EXP 	Probe: autoDraw = True
7.2011 	EXP 	Device response: <KeyPress from None: t=7.189205400063656, value=c, duration=None>
7.2019 	EXP 	New trial (rep=0, index=3): <Trial 3 (3 in rep 0) data={'Pos': np.int64(-150), 'corr_resp': 'z', 'thisN': 3, 'thisTrialN': 3, 'thisRepN': 0}>
7.2043 	DATA 	Keypress: c
7.2191 	EXP 	Fixation: autoDraw = False
7.2191 	EXP 	Line1: autoDraw = False
7.2191 	EXP 	Line2: autoDraw = False
7.2191 	EXP 	Line3: autoDraw = False
7.2191 	EXP 	Line4: autoDraw = False
7.2191 	EXP 	Probe: autoDraw = False
7.2191 	EXP 	Fixation: autoDraw = True
7.3366 	EXP 	Device response: <KeyPress from None: t=7.189205400063656, value=c, duration=0.1420489998999983>
8.2027 	EXP 	Line1: autoDraw = True
8.2027 	EXP 	Line2: autoDraw = True
8.2027 	EXP 	Line3: autoDraw = True
8.2027 	EXP 	Line4: autoDraw = True
8.2171 	EXP 	Fixation: autoDraw = False
9.2174 	INFO 	Keyboard events cleared
9.2172 	EXP 	Probe: autoDraw = True
9.3849 	EXP 	Device response: <KeyPress from None: t=9.373571300064214, value=z, duration=None>
9.3854 	EXP 	New trial (rep=1, index=0): <Trial 4 (0 in rep 1) data={'Pos': np.int64(-50), 'corr_resp': 'x', 'thisN': 4, 'thisTrialN': 0, 'thisRepN': 1}>
9.3872 	DATA 	Keypress: z
9.4022 	EXP 	Fixation: autoDraw = False
9.4022 	EXP 	Line1: autoDraw = False
9.4022 	EXP 	Line2: autoDraw = False
9.4022 	EXP 	Line3: autoDraw = False
9.4022 	EXP 	Line4: autoDraw = False
9.4022 	EXP 	Probe: autoDraw = False
9.4022 	EXP 	Fixation: autoDraw = True
9.5699 	EXP 	Device response: <KeyPress from None: t=9.373571300064214, value=z, duration=0.185321299941279>
10.3855 	EXP 	Line1: autoDraw = True
10.3855 	EXP 	Line2: autoDraw = True
10.3855 	EXP 	Line3: autoDraw = True
10.3855 	EXP 	Line4: autoDraw = True
10.4002 	EXP 	Fixation: autoDraw = False
11.4006 	INFO 	Keyboard events cleared
11.4004 	EXP 	Probe: autoDraw = True
11.5702 	DATA 	Keypress: x
11.5848 	EXP 	Device response: <KeyPress from None: t=11.567475100047886, value=x, duration=None>
11.5853 	EXP 	New trial (rep=1, index=1): <Trial 5 (1 in rep 1) data={'Pos': np.int64(150), 'corr_resp': 'v', 'thisN': 5, 'thisTrialN': 1, 'thisRepN': 1}>
11.6026 	EXP 	Fixation: autoDraw = False
11.6026 	EXP 	Line1: autoDraw = False
11.6026 	EXP 	Line2: autoDraw = False
11.6026 	EXP 	Line3: autoDraw = False
11.6026 	EXP 	Line4: autoDraw = False
11.6026 	EXP 	Probe: autoDraw = False
11.6026 	EXP 	Fixation: autoDraw = True
11.7701 	EXP 	Device response: <KeyPress from None: t=11.567475100047886, value=x, duration=0.1932384999236092>
12.5857 	EXP 	Line1: autoDraw = True
12.5857 	EXP 	Line2: autoDraw = True
12.5857 	EXP 	Line3: autoDraw = True
12.5857 	EXP 	Line4: autoDraw = True
12.6004 	EXP 	Fixation: autoDraw = False
13.6007 	INFO 	Keyboard events cleared
13.6005 	EXP 	Probe: autoDraw = True
13.6370 	DATA 	Keypress: v
13.6511 	EXP 	Device response: <KeyPress from None: t=13.63546140003018, value=v, duration=None>
13.6516 	EXP 	New trial (rep=1, index=2): <Trial 6 (2 in rep 1) data={'Pos': np.int64(50), 'corr_resp': 'c', 'thisN': 6, 'thisTrialN': 2, 'thisRepN': 1}>
13.6694 	EXP 	Fixation: autoDraw = False
13.6694 	EXP 	Line1: autoDraw = False
13.6694 	EXP 	Line2: autoDraw = False
13.6694 	EXP 	Line3: autoDraw = False
13.6694 	EXP 	Line4: autoDraw = False
13.6694 	EXP 	Probe: autoDraw = False
13.6694 	EXP 	Fixation: autoDraw = True
13.8196 	EXP 	Device response: <KeyPress from None: t=13.63546140003018, value=v, duration=0.1806170999770984>
14.6524 	EXP 	Line1: autoDraw = True
14.6524 	EXP 	Line2: autoDraw = True
14.6524 	EXP 	Line3: autoDraw = True
14.6524 	EXP 	Line4: autoDraw = True
14.6674 	EXP 	Fixation: autoDraw = False
15.6505 	INFO 	Keyboard events cleared
15.6503 	EXP 	Probe: autoDraw = True
16.0510 	EXP 	Device response: <KeyPress from None: t=16.04895760002546, value=c, duration=None>
16.0515 	EXP 	New trial (rep=1, index=3): <Trial 7 (3 in rep 1) data={'Pos': np.int64(-150), 'corr_resp': 'z', 'thisN': 7, 'thisTrialN': 3, 'thisRepN': 1}>
16.0532 	DATA 	Keypress: c
16.0686 	EXP 	Fixation: autoDraw = False
16.0686 	EXP 	Line1: autoDraw = False
16.0686 	EXP 	Line2: autoDraw = False
16.0686 	EXP 	Line3: autoDraw = False
16.0686 	EXP 	Line4: autoDraw = False
16.0686 	EXP 	Probe: autoDraw = False
16.0686 	EXP 	Fixation: autoDraw = True
16.2030 	EXP 	Device response: <KeyPress from None: t=16.04895760002546, value=c, duration=0.14000370004214346>
17.0516 	EXP 	Line1: autoDraw = True
17.0516 	EXP 	Line2: autoDraw = True
17.0516 	EXP 	Line3: autoDraw = True
17.0516 	EXP 	Line4: autoDraw = True
17.0671 	EXP 	Fixation: autoDraw = False
18.0504 	INFO 	Keyboard events cleared
18.0502 	EXP 	Probe: autoDraw = True
18.1347 	EXP 	Device response: <KeyPress from None: t=18.123755000066012, value=z, duration=None>
18.1354 	EXP 	New trial (rep=2, index=0): <Trial 8 (0 in rep 2) data={'Pos': np.int64(-50), 'corr_resp': 'x', 'thisN': 8, 'thisTrialN': 0, 'thisRepN': 2}>
18.1371 	DATA 	Keypress: z
18.1529 	EXP 	Fixation: autoDraw = False
18.1529 	EXP 	Line1: autoDraw = False
18.1529 	EXP 	Line2: autoDraw = False
18.1529 	EXP 	Line3: autoDraw = False
18.1529 	EXP 	Line4: autoDraw = False
18.1529 	EXP 	Probe: autoDraw = False
18.1529 	EXP 	Fixation: autoDraw = True
18.2532 	EXP 	Device response: <KeyPress from None: t=18.123755000066012, value=z, duration=0.12448689993470907>
19.1355 	EXP 	Line1: autoDraw = True
19.1355 	EXP 	Line2: autoDraw = True
19.1355 	EXP 	Line3: autoDraw = True
19.1355 	EXP 	Line4: autoDraw = True
19.1504 	EXP 	Fixation: autoDraw = False
20.1510 	INFO 	Keyboard events cleared
20.1508 	EXP 	Probe: autoDraw = True
20.3175 	EXP 	Device response: <KeyPress from None: t=20.314759799977764, value=x, duration=None>
20.3181 	EXP 	New trial (rep=2, index=1): <Trial 9 (1 in rep 2) data={'Pos': np.int64(150), 'corr_resp': 'v', 'thisN': 9, 'thisTrialN': 1, 'thisRepN': 2}>
20.3198 	DATA 	Keypress: x
20.3358 	EXP 	Fixation: autoDraw = False
20.3358 	EXP 	Line1: autoDraw = False
20.3358 	EXP 	Line2: autoDraw = False
20.3358 	EXP 	Line3: autoDraw = False
20.3358 	EXP 	Line4: autoDraw = False
20.3358 	EXP 	Probe: autoDraw = False
20.3358 	EXP 	Fixation: autoDraw = True
20.4196 	EXP 	Device response: <KeyPress from None: t=20.314759799977764, value=x, duration=0.10349780006799847>
21.3187 	EXP 	Line1: autoDraw = True
21.3187 	EXP 	Line2: autoDraw = True
21.3187 	EXP 	Line3: autoDraw = True
21.3187 	EXP 	Line4: autoDraw = True
21.3342 	EXP 	Fixation: autoDraw = False
22.3342 	INFO 	Keyboard events cleared
22.3340 	EXP 	Probe: autoDraw = True
22.6177 	EXP 	Device response: <KeyPress from None: t=22.60406340006739, value=v, duration=None>
22.6182 	EXP 	New trial (rep=2, index=2): <Trial 10 (2 in rep 2) data={'Pos': np.int64(50), 'corr_resp': 'c', 'thisN': 10, 'thisTrialN': 2, 'thisRepN': 2}>
22.6198 	DATA 	Keypress: v
22.6354 	EXP 	Fixation: autoDraw = False
22.6354 	EXP 	Line1: autoDraw = False
22.6354 	EXP 	Line2: autoDraw = False
22.6354 	EXP 	Line3: autoDraw = False
22.6354 	EXP 	Line4: autoDraw = False
22.6354 	EXP 	Probe: autoDraw = False
22.6354 	EXP 	Fixation: autoDraw = True
22.7529 	EXP 	Device response: <KeyPress from None: t=22.60406340006739, value=v, duration=0.13316239998675883>
23.6191 	EXP 	Line1: autoDraw = True
23.6191 	EXP 	Line2: autoDraw = True
23.6191 	EXP 	Line3: autoDraw = True
23.6191 	EXP 	Line4: autoDraw = True
23.6341 	EXP 	Fixation: autoDraw = False
24.6341 	INFO 	Keyboard events cleared
24.6339 	EXP 	Probe: autoDraw = True
24.8175 	EXP 	Device response: <KeyPress from None: t=24.80657550005708, value=c, duration=None>
24.8182 	EXP 	New trial (rep=2, index=3): <Trial 11 (3 in rep 2) data={'Pos': np.int64(-150), 'corr_resp': 'z', 'thisN': 11, 'thisTrialN': 3, 'thisRepN': 2}>
24.8204 	DATA 	Keypress: c
24.8352 	EXP 	Fixation: autoDraw = False
24.8352 	EXP 	Line1: autoDraw = False
24.8352 	EXP 	Line2: autoDraw = False
24.8352 	EXP 	Line3: autoDraw = False
24.8352 	EXP 	Line4: autoDraw = False
24.8352 	EXP 	Probe: autoDraw = False
24.8352 	EXP 	Fixation: autoDraw = True
24.9532 	EXP 	Device response: <KeyPress from None: t=24.80657550005708, value=c, duration=0.14199929998721927>
25.8197 	EXP 	Line1: autoDraw = True
25.8197 	EXP 	Line2: autoDraw = True
25.8197 	EXP 	Line3: autoDraw = True
25.8197 	EXP 	Line4: autoDraw = True
25.8337 	EXP 	Fixation: autoDraw = False
26.7006 	EXP 	Device response: <KeyPress from None: t=26.690641000051983, value=z, duration=None>
26.7024 	DATA 	Keypress: z
26.8172 	INFO 	Keyboard events cleared
26.8169 	EXP 	Probe: autoDraw = True
27.0175 	EXP 	Device response: <KeyPress from None: t=27.012540900032036, value=z, duration=None>
27.0181 	EXP 	New trial (rep=3, index=0): <Trial 12 (0 in rep 3) data={'Pos': np.int64(-50), 'corr_resp': 'x', 'thisN': 12, 'thisTrialN': 0, 'thisRepN': 3}>
27.0206 	DATA 	Keypress: z
27.0354 	EXP 	Fixation: autoDraw = False
27.0354 	EXP 	Line1: autoDraw = False
27.0354 	EXP 	Line2: autoDraw = False
27.0354 	EXP 	Line3: autoDraw = False
27.0354 	EXP 	Line4: autoDraw = False
27.0354 	EXP 	Probe: autoDraw = False
27.0354 	EXP 	Fixation: autoDraw = True
27.1034 	EXP 	Device response: <KeyPress from None: t=26.690641000051983, value=z, duration=0.4042650999035686>
28.0194 	EXP 	Line1: autoDraw = True
28.0194 	EXP 	Line2: autoDraw = True
28.0194 	EXP 	Line3: autoDraw = True
28.0194 	EXP 	Line4: autoDraw = True
28.0335 	EXP 	Fixation: autoDraw = False
29.0171 	INFO 	Keyboard events cleared
29.0169 	EXP 	Probe: autoDraw = True
29.5177 	EXP 	Device response: <KeyPress from None: t=29.50645980006084, value=x, duration=None>
29.5185 	EXP 	New trial (rep=3, index=1): <Trial 13 (1 in rep 3) data={'Pos': np.int64(150), 'corr_resp': 'v', 'thisN': 13, 'thisTrialN': 1, 'thisRepN': 3}>
29.5203 	DATA 	Keypress: x
29.5353 	EXP 	Fixation: autoDraw = False
29.5353 	EXP 	Line1: autoDraw = False
29.5353 	EXP 	Line2: autoDraw = False
29.5353 	EXP 	Line3: autoDraw = False
29.5353 	EXP 	Line4: autoDraw = False
29.5353 	EXP 	Probe: autoDraw = False
29.5353 	EXP 	Fixation: autoDraw = True
29.6197 	EXP 	Device response: <KeyPress from None: t=29.50645980006084, value=x, duration=0.09708469989709556>
30.5185 	EXP 	Line1: autoDraw = True
30.5185 	EXP 	Line2: autoDraw = True
30.5185 	EXP 	Line3: autoDraw = True
30.5185 	EXP 	Line4: autoDraw = True
30.5340 	EXP 	Fixation: autoDraw = False
31.5336 	INFO 	Keyboard events cleared
31.5335 	EXP 	Probe: autoDraw = True
31.5512 	EXP 	Device response: <KeyPress from None: t=31.539965100004338, value=v, duration=None>
31.5517 	EXP 	New trial (rep=3, index=2): <Trial 14 (2 in rep 3) data={'Pos': np.int64(50), 'corr_resp': 'c', 'thisN': 14, 'thisTrialN': 2, 'thisRepN': 3}>
31.5535 	DATA 	Keypress: v
31.5695 	EXP 	Fixation: autoDraw = False
31.5695 	EXP 	Line1: autoDraw = False
31.5695 	EXP 	Line2: autoDraw = False
31.5695 	EXP 	Line3: autoDraw = False
31.5695 	EXP 	Line4: autoDraw = False
31.5695 	EXP 	Probe: autoDraw = False
31.5695 	EXP 	Fixation: autoDraw = True
31.6856 	EXP 	Device response: <KeyPress from None: t=31.539965100004338, value=v, duration=0.13088309997692704>
32.5519 	EXP 	Line1: autoDraw = True
32.5519 	EXP 	Line2: autoDraw = True
32.5519 	EXP 	Line3: autoDraw = True
32.5519 	EXP 	Line4: autoDraw = True
32.5668 	EXP 	Fixation: autoDraw = False
33.5668 	INFO 	Keyboard events cleared
33.5667 	EXP 	Probe: autoDraw = True
33.8004 	EXP 	Device response: <KeyPress from None: t=33.79854760004673, value=c, duration=None>
33.8009 	EXP 	New trial (rep=3, index=3): <Trial 15 (3 in rep 3) data={'Pos': np.int64(-150), 'corr_resp': 'z', 'thisN': 15, 'thisTrialN': 3, 'thisRepN': 3}>
33.8027 	DATA 	Keypress: c
33.8189 	EXP 	Fixation: autoDraw = False
33.8189 	EXP 	Line1: autoDraw = False
33.8189 	EXP 	Line2: autoDraw = False
33.8189 	EXP 	Line3: autoDraw = False
33.8189 	EXP 	Line4: autoDraw = False
33.8189 	EXP 	Probe: autoDraw = False
33.8189 	EXP 	Fixation: autoDraw = True
33.9359 	EXP 	Device response: <KeyPress from None: t=33.79854760004673, value=c, duration=0.12921949999872595>
34.8017 	EXP 	Line1: autoDraw = True
34.8017 	EXP 	Line2: autoDraw = True
34.8017 	EXP 	Line3: autoDraw = True
34.8017 	EXP 	Line4: autoDraw = True
34.8173 	EXP 	Fixation: autoDraw = False
35.8007 	INFO 	Keyboard events cleared
35.8005 	EXP 	Probe: autoDraw = True
35.8033 	DATA 	Keypress: z
35.8172 	EXP 	Device response: <KeyPress from None: t=35.802151300013065, value=z, duration=None>
35.8177 	EXP 	New trial (rep=4, index=0): <Trial 16 (0 in rep 4) data={'Pos': np.int64(-50), 'corr_resp': 'x', 'thisN': 16, 'thisTrialN': 0, 'thisRepN': 4}>
35.8352 	EXP 	Fixation: autoDraw = False
35.8352 	EXP 	Line1: autoDraw = False
35.8352 	EXP 	Line2: autoDraw = False
35.8352 	EXP 	Line3: autoDraw = False
35.8352 	EXP 	Line4: autoDraw = False
35.8352 	EXP 	Probe: autoDraw = False
35.8352 	EXP 	Fixation: autoDraw = True
35.9196 	EXP 	Device response: <KeyPress from None: t=27.012540900032036, value=z, duration=8.89158860000316>
36.0359 	EXP 	Device response: <KeyPress from None: t=36.02575629996136, value=z, duration=None>
36.0373 	DATA 	Keypress: z
36.1531 	EXP 	Device response: <KeyPress from None: t=35.802151300013065, value=z, duration=0.33440249995328486>
36.8189 	EXP 	Line1: autoDraw = True
36.8189 	EXP 	Line2: autoDraw = True
36.8189 	EXP 	Line3: autoDraw = True
36.8189 	EXP 	Line4: autoDraw = True
36.8334 	EXP 	Fixation: autoDraw = False
37.8177 	EXP 	Device response: <KeyPress from None: t=37.81271119997837, value=x, duration=None>
37.8203 	DATA 	Keypress: x
37.8336 	INFO 	Keyboard events cleared
37.8334 	EXP 	Probe: autoDraw = True
37.9016 	EXP 	Device response: <KeyPress from None: t=37.81271119997837, value=x, duration=0.07993630005512387>
38.1173 	EXP 	Device response: <KeyPress from None: t=38.11294420005288, value=x, duration=None>
38.1177 	EXP 	New trial (rep=4, index=1): <Trial 17 (1 in rep 4) data={'Pos': np.int64(150), 'corr_resp': 'v', 'thisN': 17, 'thisTrialN': 1, 'thisRepN': 4}>
38.1194 	DATA 	Keypress: x
38.1350 	EXP 	Fixation: autoDraw = False
38.1350 	EXP 	Line1: autoDraw = False
38.1350 	EXP 	Line2: autoDraw = False
38.1350 	EXP 	Line3: autoDraw = False
38.1350 	EXP 	Line4: autoDraw = False
38.1350 	EXP 	Probe: autoDraw = False
38.1350 	EXP 	Fixation: autoDraw = True
38.2024 	EXP 	Device response: <KeyPress from None: t=38.11294420005288, value=x, duration=0.07633750000968575>
39.1185 	EXP 	Line1: autoDraw = True
39.1185 	EXP 	Line2: autoDraw = True
39.1185 	EXP 	Line3: autoDraw = True
39.1185 	EXP 	Line4: autoDraw = True
39.1333 	EXP 	Fixation: autoDraw = False
40.1333 	INFO 	Keyboard events cleared
40.1331 	EXP 	Probe: autoDraw = True
40.1505 	EXP 	Device response: <KeyPress from None: t=40.13677830004599, value=v, duration=None>
40.1510 	EXP 	New trial (rep=4, index=2): <Trial 18 (2 in rep 4) data={'Pos': np.int64(50), 'corr_resp': 'c', 'thisN': 18, 'thisTrialN': 2, 'thisRepN': 4}>
40.1527 	DATA 	Keypress: v
40.1683 	EXP 	Fixation: autoDraw = False
40.1683 	EXP 	Line1: autoDraw = False
40.1683 	EXP 	Line2: autoDraw = False
40.1683 	EXP 	Line3: autoDraw = False
40.1683 	EXP 	Line4: autoDraw = False
40.1683 	EXP 	Probe: autoDraw = False
40.1683 	EXP 	Fixation: autoDraw = True
40.3363 	EXP 	Device response: <KeyPress from None: t=40.13677830004599, value=v, duration=0.185129199991934>
41.1515 	EXP 	Line1: autoDraw = True
41.1515 	EXP 	Line2: autoDraw = True
41.1515 	EXP 	Line3: autoDraw = True
41.1515 	EXP 	Line4: autoDraw = True
41.1671 	EXP 	Fixation: autoDraw = False
42.1664 	INFO 	Keyboard events cleared
42.1663 	EXP 	Probe: autoDraw = True
42.2670 	EXP 	Device response: <KeyPress from None: t=42.26555600005668, value=c, duration=None>
42.2675 	EXP 	New trial (rep=4, index=3): <Trial 19 (3 in rep 4) data={'Pos': np.int64(-150), 'corr_resp': 'z', 'thisN': 19, 'thisTrialN': 3, 'thisRepN': 4}>
42.2695 	DATA 	Keypress: c
42.2850 	EXP 	Fixation: autoDraw = False
42.2850 	EXP 	Line1: autoDraw = False
42.2850 	EXP 	Line2: autoDraw = False
42.2850 	EXP 	Line3: autoDraw = False
42.2850 	EXP 	Line4: autoDraw = False
42.2850 	EXP 	Probe: autoDraw = False
42.2850 	EXP 	Fixation: autoDraw = True
42.4358 	EXP 	Device response: <KeyPress from None: t=42.26555600005668, value=c, duration=0.16857429989613593>
43.2684 	EXP 	Line1: autoDraw = True
43.2684 	EXP 	Line2: autoDraw = True
43.2684 	EXP 	Line3: autoDraw = True
43.2684 	EXP 	Line4: autoDraw = True
43.2832 	EXP 	Fixation: autoDraw = False
44.0334 	EXP 	Device response: <KeyPress from None: t=44.02501240000129, value=z, duration=None>
44.0365 	DATA 	Keypress: z
44.2001 	EXP 	Device response: <KeyPress from None: t=36.02575629996136, value=z, duration=8.168264000094496>
44.2671 	INFO 	Keyboard events cleared
44.2670 	EXP 	Probe: autoDraw = True
44.3335 	EXP 	Device response: <KeyPress from None: t=44.324346799985506, value=z, duration=None>
44.3340 	EXP 	New trial (rep=5, index=0): <Trial 20 (0 in rep 5) data={'Pos': np.int64(-50), 'corr_resp': 'x', 'thisN': 20, 'thisTrialN': 0, 'thisRepN': 5}>
44.3357 	DATA 	Keypress: z
44.3517 	EXP 	Fixation: autoDraw = False
44.3517 	EXP 	Line1: autoDraw = False
44.3517 	EXP 	Line2: autoDraw = False
44.3517 	EXP 	Line3: autoDraw = False
44.3517 	EXP 	Line4: autoDraw = False
44.3517 	EXP 	Probe: autoDraw = False
44.3517 	EXP 	Fixation: autoDraw = True
44.4857 	EXP 	Device response: <KeyPress from None: t=44.02501240000129, value=z, duration=0.4444018000504002>
45.3350 	EXP 	Line1: autoDraw = True
45.3350 	EXP 	Line2: autoDraw = True
45.3350 	EXP 	Line3: autoDraw = True
45.3350 	EXP 	Line4: autoDraw = True
45.3499 	EXP 	Fixation: autoDraw = False
46.3207 	DATA 	Keypress: x
46.3333 	INFO 	Keyboard events cleared
46.3330 	EXP 	Probe: autoDraw = True
46.6835 	EXP 	Device response: <KeyPress from None: t=46.677611400024034, value=x, duration=None>
46.6839 	EXP 	New trial (rep=5, index=1): <Trial 21 (1 in rep 5) data={'Pos': np.int64(150), 'corr_resp': 'v', 'thisN': 21, 'thisTrialN': 1, 'thisRepN': 5}>
46.6856 	DATA 	Keypress: x
46.7013 	EXP 	Fixation: autoDraw = False
46.7013 	EXP 	Line1: autoDraw = False
46.7013 	EXP 	Line2: autoDraw = False
46.7013 	EXP 	Line3: autoDraw = False
46.7013 	EXP 	Line4: autoDraw = False
46.7013 	EXP 	Probe: autoDraw = False
46.7013 	EXP 	Fixation: autoDraw = True
46.7691 	EXP 	Device response: <KeyPress from None: t=46.677611400024034, value=x, duration=0.0749534999486059>
47.6855 	EXP 	Line1: autoDraw = True
47.6855 	EXP 	Line2: autoDraw = True
47.6855 	EXP 	Line3: autoDraw = True
47.6855 	EXP 	Line4: autoDraw = True
47.6997 	EXP 	Fixation: autoDraw = False
48.6830 	INFO 	Keyboard events cleared
48.6828 	EXP 	Probe: autoDraw = True
48.7337 	EXP 	Device response: <KeyPress from None: t=48.729886800050735, value=v, duration=None>
48.7342 	EXP 	New trial (rep=5, index=2): <Trial 22 (2 in rep 5) data={'Pos': np.int64(50), 'corr_resp': 'c', 'thisN': 22, 'thisTrialN': 2, 'thisRepN': 5}>
48.7369 	DATA 	Keypress: v
48.7514 	EXP 	Fixation: autoDraw = False
48.7514 	EXP 	Line1: autoDraw = False
48.7514 	EXP 	Line2: autoDraw = False
48.7514 	EXP 	Line3: autoDraw = False
48.7514 	EXP 	Line4: autoDraw = False
48.7514 	EXP 	Probe: autoDraw = False
48.7514 	EXP 	Fixation: autoDraw = True
48.9856 	EXP 	Device response: <KeyPress from None: t=48.729886800050735, value=v, duration=0.2529311999678612>
49.7347 	EXP 	Line1: autoDraw = True
49.7347 	EXP 	Line2: autoDraw = True
49.7347 	EXP 	Line3: autoDraw = True
49.7347 	EXP 	Line4: autoDraw = True
49.7498 	EXP 	Fixation: autoDraw = False
50.7498 	INFO 	Keyboard events cleared
50.7496 	EXP 	Probe: autoDraw = True
51.0507 	EXP 	Device response: <KeyPress from None: t=51.03676110005472, value=c, duration=None>
51.0513 	EXP 	New trial (rep=5, index=3): <Trial 23 (3 in rep 5) data={'Pos': np.int64(-150), 'corr_resp': 'z', 'thisN': 23, 'thisTrialN': 3, 'thisRepN': 5}>
51.0532 	DATA 	Keypress: c
51.0688 	EXP 	Fixation: autoDraw = False
51.0688 	EXP 	Line1: autoDraw = False
51.0688 	EXP 	Line2: autoDraw = False
51.0688 	EXP 	Line3: autoDraw = False
51.0688 	EXP 	Line4: autoDraw = False
51.0688 	EXP 	Probe: autoDraw = False
51.0688 	EXP 	Fixation: autoDraw = True
51.1361 	EXP 	Device response: <KeyPress from None: t=51.03676110005472, value=c, duration=0.0912043999414891>
52.0514 	EXP 	Line1: autoDraw = True
52.0514 	EXP 	Line2: autoDraw = True
52.0514 	EXP 	Line3: autoDraw = True
52.0514 	EXP 	Line4: autoDraw = True
52.0662 	EXP 	Fixation: autoDraw = False
53.0332 	EXP 	Device response: <KeyPress from None: t=53.03270019998308, value=z, duration=None>
53.0351 	DATA 	Keypress: z
53.0665 	INFO 	Keyboard events cleared
53.0662 	EXP 	Probe: autoDraw = True
53.2335 	EXP 	Device response: <KeyPress from None: t=44.324346799985506, value=z, duration=8.893656400032341>
53.4361 	DATA 	Keypress: z
53.4505 	EXP 	Device response: <KeyPress from None: t=53.433498900034465, value=z, duration=None>
53.4510 	EXP 	New trial (rep=6, index=0): <Trial 24 (0 in rep 6) data={'Pos': np.int64(-50), 'corr_resp': 'x', 'thisN': 24, 'thisTrialN': 0, 'thisRepN': 6}>
53.4678 	EXP 	Fixation: autoDraw = False
53.4678 	EXP 	Line1: autoDraw = False
53.4678 	EXP 	Line2: autoDraw = False
53.4678 	EXP 	Line3: autoDraw = False
53.4678 	EXP 	Line4: autoDraw = False
53.4678 	EXP 	Probe: autoDraw = False
53.4678 	EXP 	Fixation: autoDraw = True
53.6021 	EXP 	Device response: <KeyPress from None: t=53.03270019998308, value=z, duration=0.5643873000517488>
54.4519 	EXP 	Line1: autoDraw = True
54.4519 	EXP 	Line2: autoDraw = True
54.4519 	EXP 	Line3: autoDraw = True
54.4519 	EXP 	Line4: autoDraw = True
54.4661 	EXP 	Fixation: autoDraw = False
55.3499 	EXP 	Device response: <KeyPress from None: t=55.33936610003002, value=x, duration=None>
55.3517 	DATA 	Keypress: x
55.4665 	INFO 	Keyboard events cleared
55.4662 	EXP 	Probe: autoDraw = True
55.5999 	EXP 	Device response: <KeyPress from None: t=55.58709629997611, value=x, duration=None>
55.6004 	EXP 	New trial (rep=6, index=1): <Trial 25 (1 in rep 6) data={'Pos': np.int64(150), 'corr_resp': 'v', 'thisN': 25, 'thisTrialN': 1, 'thisRepN': 6}>
55.6020 	DATA 	Keypress: x
55.6180 	EXP 	Fixation: autoDraw = False
55.6180 	EXP 	Line1: autoDraw = False
55.6180 	EXP 	Line2: autoDraw = False
55.6180 	EXP 	Line3: autoDraw = False
55.6180 	EXP 	Line4: autoDraw = False
55.6180 	EXP 	Probe: autoDraw = False
55.6180 	EXP 	Fixation: autoDraw = True
55.7020 	EXP 	Device response: <KeyPress from None: t=55.33936610003002, value=x, duration=0.3520348999882117>
56.6017 	EXP 	Line1: autoDraw = True
56.6017 	EXP 	Line2: autoDraw = True
56.6017 	EXP 	Line3: autoDraw = True
56.6017 	EXP 	Line4: autoDraw = True
56.6165 	EXP 	Fixation: autoDraw = False
57.5997 	INFO 	Keyboard events cleared
57.5995 	EXP 	Probe: autoDraw = True
57.9172 	EXP 	Device response: <KeyPress from None: t=57.9029096000595, value=v, duration=None>
57.9177 	EXP 	New trial (rep=6, index=2): <Trial 26 (2 in rep 6) data={'Pos': np.int64(50), 'corr_resp': 'c', 'thisN': 26, 'thisTrialN': 2, 'thisRepN': 6}>
57.9195 	DATA 	Keypress: v
57.9344 	EXP 	Fixation: autoDraw = False
57.9344 	EXP 	Line1: autoDraw = False
57.9344 	EXP 	Line2: autoDraw = False
57.9344 	EXP 	Line3: autoDraw = False
57.9344 	EXP 	Line4: autoDraw = False
57.9344 	EXP 	Probe: autoDraw = False
57.9344 	EXP 	Fixation: autoDraw = True
57.9857 	EXP 	Device response: <KeyPress from None: t=57.9029096000595, value=v, duration=0.07786049996502697>
58.9183 	EXP 	Line1: autoDraw = True
58.9183 	EXP 	Line2: autoDraw = True
58.9183 	EXP 	Line3: autoDraw = True
58.9183 	EXP 	Line4: autoDraw = True
58.9323 	EXP 	Fixation: autoDraw = False
59.9331 	INFO 	Keyboard events cleared
59.9329 	EXP 	Probe: autoDraw = True
60.1700 	DATA 	Keypress: c
60.1832 	EXP 	Device response: <KeyPress from None: t=60.168456400046125, value=c, duration=None>
60.1836 	EXP 	New trial (rep=6, index=3): <Trial 27 (3 in rep 6) data={'Pos': np.int64(-150), 'corr_resp': 'z', 'thisN': 27, 'thisTrialN': 3, 'thisRepN': 6}>
60.2013 	EXP 	Fixation: autoDraw = False
60.2013 	EXP 	Line1: autoDraw = False
60.2013 	EXP 	Line2: autoDraw = False
60.2013 	EXP 	Line3: autoDraw = False
60.2013 	EXP 	Line4: autoDraw = False
60.2013 	EXP 	Probe: autoDraw = False
60.2013 	EXP 	Fixation: autoDraw = True
60.2688 	EXP 	Device response: <KeyPress from None: t=60.168456400046125, value=c, duration=0.08914139994885772>
61.1844 	EXP 	Line1: autoDraw = True
61.1844 	EXP 	Line2: autoDraw = True
61.1844 	EXP 	Line3: autoDraw = True
61.1844 	EXP 	Line4: autoDraw = True
61.1995 	EXP 	Fixation: autoDraw = False
62.1994 	INFO 	Keyboard events cleared
62.1992 	EXP 	Probe: autoDraw = True
62.2499 	EXP 	Device response: <KeyPress from None: t=62.245828300016, value=z, duration=None>
62.2504 	EXP 	New trial (rep=7, index=0): <Trial 28 (0 in rep 7) data={'Pos': np.int64(-50), 'corr_resp': 'x', 'thisN': 28, 'thisTrialN': 0, 'thisRepN': 7}>
62.2523 	DATA 	Keypress: z
62.2678 	EXP 	Fixation: autoDraw = False
62.2678 	EXP 	Line1: autoDraw = False
62.2678 	EXP 	Line2: autoDraw = False
62.2678 	EXP 	Line3: autoDraw = False
62.2678 	EXP 	Line4: autoDraw = False
62.2678 	EXP 	Probe: autoDraw = False
62.2678 	EXP 	Fixation: autoDraw = True
62.3185 	EXP 	Device response: <KeyPress from None: t=53.433498900034465, value=z, duration=8.870258299983107>
63.2512 	EXP 	Line1: autoDraw = True
63.2512 	EXP 	Line2: autoDraw = True
63.2512 	EXP 	Line3: autoDraw = True
63.2512 	EXP 	Line4: autoDraw = True
63.2661 	EXP 	Fixation: autoDraw = False
64.2663 	INFO 	Keyboard events cleared
64.2661 	EXP 	Probe: autoDraw = True
64.3662 	EXP 	Device response: <KeyPress from None: t=64.36534090002533, value=x, duration=None>
64.3666 	EXP 	New trial (rep=7, index=1): <Trial 29 (1 in rep 7) data={'Pos': np.int64(150), 'corr_resp': 'v', 'thisN': 29, 'thisTrialN': 1, 'thisRepN': 7}>
64.3691 	DATA 	Keypress: x
64.3843 	EXP 	Fixation: autoDraw = False
64.3843 	EXP 	Line1: autoDraw = False
64.3843 	EXP 	Line2: autoDraw = False
64.3843 	EXP 	Line3: autoDraw = False
64.3843 	EXP 	Line4: autoDraw = False
64.3843 	EXP 	Probe: autoDraw = False
64.3843 	EXP 	Fixation: autoDraw = True
64.4517 	EXP 	Device response: <KeyPress from None: t=55.58709629997611, value=x, duration=8.848994500003755>
65.3683 	EXP 	Line1: autoDraw = True
65.3683 	EXP 	Line2: autoDraw = True
65.3683 	EXP 	Line3: autoDraw = True
65.3683 	EXP 	Line4: autoDraw = True
65.3830 	EXP 	Fixation: autoDraw = False
66.3501 	EXP 	Device response: <KeyPress from None: t=66.34623899997678, value=v, duration=None>
66.3524 	DATA 	Keypress: v
66.3661 	INFO 	Keyboard events cleared
66.3659 	EXP 	Probe: autoDraw = True
66.3828 	EXP 	Device response: <KeyPress from None: t=66.37706209998578, value=c, duration=None>
66.3833 	EXP 	New trial (rep=7, index=2): <Trial 30 (2 in rep 7) data={'Pos': np.int64(50), 'corr_resp': 'c', 'thisN': 30, 'thisTrialN': 2, 'thisRepN': 7}>
66.3849 	DATA 	Keypress: c
66.4011 	EXP 	Fixation: autoDraw = False
66.4011 	EXP 	Line1: autoDraw = False
66.4011 	EXP 	Line2: autoDraw = False
66.4011 	EXP 	Line3: autoDraw = False
66.4011 	EXP 	Line4: autoDraw = False
66.4011 	EXP 	Probe: autoDraw = False
66.4011 	EXP 	Fixation: autoDraw = True
66.4520 	EXP 	Device response: <KeyPress from None: t=66.37706209998578, value=c, duration=0.06776870007161051>
66.4851 	EXP 	Device response: <KeyPress from None: t=66.34623899997678, value=v, duration=0.13239100005012006>
66.5851 	EXP 	Device response: <KeyPress from None: t=66.57933880004566, value=v, duration=None>
66.5865 	DATA 	Keypress: v
66.6687 	EXP 	Device response: <KeyPress from None: t=66.57933880004566, value=v, duration=0.0879960999591276>
67.3845 	EXP 	Line1: autoDraw = True
67.3845 	EXP 	Line2: autoDraw = True
67.3845 	EXP 	Line3: autoDraw = True
67.3845 	EXP 	Line4: autoDraw = True
67.3991 	EXP 	Fixation: autoDraw = False
68.3826 	INFO 	Keyboard events cleared
68.3824 	EXP 	Probe: autoDraw = True
68.7001 	EXP 	Device response: <KeyPress from None: t=68.68807509995531, value=c, duration=None>
68.7009 	EXP 	New trial (rep=7, index=3): <Trial 31 (3 in rep 7) data={'Pos': np.int64(-150), 'corr_resp': 'z', 'thisN': 31, 'thisTrialN': 3, 'thisRepN': 7}>
68.7027 	DATA 	Keypress: c
68.7182 	EXP 	Fixation: autoDraw = False
68.7182 	EXP 	Line1: autoDraw = False
68.7182 	EXP 	Line2: autoDraw = False
68.7182 	EXP 	Line3: autoDraw = False
68.7182 	EXP 	Line4: autoDraw = False
68.7182 	EXP 	Probe: autoDraw = False
68.7182 	EXP 	Fixation: autoDraw = True
68.8187 	EXP 	Device response: <KeyPress from None: t=68.68807509995531, value=c, duration=0.12691310001537204>
69.7013 	EXP 	Line1: autoDraw = True
69.7013 	EXP 	Line2: autoDraw = True
69.7013 	EXP 	Line3: autoDraw = True
69.7013 	EXP 	Line4: autoDraw = True
69.7157 	EXP 	Fixation: autoDraw = False
70.7157 	INFO 	Keyboard events cleared
70.7155 	EXP 	Probe: autoDraw = True
71.0161 	EXP 	Device response: <KeyPress from None: t=71.00385340000503, value=z, duration=None>
71.0166 	EXP 	New trial (rep=8, index=0): <Trial 32 (0 in rep 8) data={'Pos': np.int64(-50), 'corr_resp': 'x', 'thisN': 32, 'thisTrialN': 0, 'thisRepN': 8}>
71.0187 	DATA 	Keypress: z
71.0345 	EXP 	Fixation: autoDraw = False
71.0345 	EXP 	Line1: autoDraw = False
71.0345 	EXP 	Line2: autoDraw = False
71.0345 	EXP 	Line3: autoDraw = False
71.0345 	EXP 	Line4: autoDraw = False
71.0345 	EXP 	Probe: autoDraw = False
71.0345 	EXP 	Fixation: autoDraw = True
71.1180 	EXP 	Device response: <KeyPress from None: t=62.245828300016, value=z, duration=8.856955799972638>
72.0174 	EXP 	Line1: autoDraw = True
72.0174 	EXP 	Line2: autoDraw = True
72.0174 	EXP 	Line3: autoDraw = True
72.0174 	EXP 	Line4: autoDraw = True
72.0324 	EXP 	Fixation: autoDraw = False
73.0159 	INFO 	Keyboard events cleared
73.0157 	EXP 	Probe: autoDraw = True
73.3188 	DATA 	Keypress: x
73.3326 	EXP 	Device response: <KeyPress from None: t=73.31682629999705, value=x, duration=None>
73.3331 	EXP 	New trial (rep=8, index=1): <Trial 33 (1 in rep 8) data={'Pos': np.int64(150), 'corr_resp': 'v', 'thisN': 33, 'thisTrialN': 1, 'thisRepN': 8}>
73.3508 	EXP 	Fixation: autoDraw = False
73.3508 	EXP 	Line1: autoDraw = False
73.3508 	EXP 	Line2: autoDraw = False
73.3508 	EXP 	Line3: autoDraw = False
73.3508 	EXP 	Line4: autoDraw = False
73.3508 	EXP 	Probe: autoDraw = False
73.3508 	EXP 	Fixation: autoDraw = True
73.3847 	EXP 	Device response: <KeyPress from None: t=64.36534090002533, value=x, duration=9.00831109995488>
74.3343 	EXP 	Line1: autoDraw = True
74.3343 	EXP 	Line2: autoDraw = True
74.3343 	EXP 	Line3: autoDraw = True
74.3343 	EXP 	Line4: autoDraw = True
74.3490 	EXP 	Fixation: autoDraw = False
75.1497 	EXP 	Device response: <KeyPress from None: t=75.13531589997001, value=v, duration=None>
75.1518 	DATA 	Keypress: v
75.2831 	EXP 	Device response: <KeyPress from None: t=75.13531589997001, value=v, duration=0.13166330009698868>
75.3332 	INFO 	Keyboard events cleared
75.3327 	EXP 	Probe: autoDraw = True
75.4165 	EXP 	Device response: <KeyPress from None: t=75.41588019998744, value=v, duration=None>
75.4171 	EXP 	New trial (rep=8, index=2): <Trial 34 (2 in rep 8) data={'Pos': np.int64(50), 'corr_resp': 'c', 'thisN': 34, 'thisTrialN': 2, 'thisRepN': 8}>
75.4188 	DATA 	Keypress: v
75.4340 	EXP 	Fixation: autoDraw = False
75.4340 	EXP 	Line1: autoDraw = False
75.4340 	EXP 	Line2: autoDraw = False
75.4340 	EXP 	Line3: autoDraw = False
75.4340 	EXP 	Line4: autoDraw = False
75.4340 	EXP 	Probe: autoDraw = False
75.4340 	EXP 	Fixation: autoDraw = True
75.5849 	EXP 	Device response: <KeyPress from None: t=75.41588019998744, value=v, duration=0.16387459996622056>
76.4175 	EXP 	Line1: autoDraw = True
76.4175 	EXP 	Line2: autoDraw = True
76.4175 	EXP 	Line3: autoDraw = True
76.4175 	EXP 	Line4: autoDraw = True
76.4322 	EXP 	Fixation: autoDraw = False
77.4329 	INFO 	Keyboard events cleared
77.4327 	EXP 	Probe: autoDraw = True
77.8325 	EXP 	Device response: <KeyPress from None: t=77.8306230000453, value=c, duration=None>
77.8329 	EXP 	New trial (rep=8, index=3): <Trial 35 (3 in rep 8) data={'Pos': np.int64(-150), 'corr_resp': 'z', 'thisN': 35, 'thisTrialN': 3, 'thisRepN': 8}>
77.8346 	DATA 	Keypress: c
77.8506 	EXP 	Fixation: autoDraw = False
77.8506 	EXP 	Line1: autoDraw = False
77.8506 	EXP 	Line2: autoDraw = False
77.8506 	EXP 	Line3: autoDraw = False
77.8506 	EXP 	Line4: autoDraw = False
77.8506 	EXP 	Probe: autoDraw = False
77.8506 	EXP 	Fixation: autoDraw = True
78.0019 	EXP 	Device response: <KeyPress from None: t=77.8306230000453, value=c, duration=0.16381239995826036>
78.8341 	EXP 	Line1: autoDraw = True
78.8341 	EXP 	Line2: autoDraw = True
78.8341 	EXP 	Line3: autoDraw = True
78.8341 	EXP 	Line4: autoDraw = True
78.8489 	EXP 	Fixation: autoDraw = False
79.8319 	INFO 	Keyboard events cleared
79.8317 	EXP 	Probe: autoDraw = True
79.8352 	DATA 	Keypress: z
80.1160 	EXP 	Device response: <KeyPress from None: t=71.00385340000503, value=z, duration=9.10688720003236>
80.3022 	DATA 	Keypress: z
80.3161 	EXP 	Device response: <KeyPress from None: t=80.30126410000958, value=z, duration=None>
80.3166 	EXP 	New trial (rep=9, index=0): <Trial 36 (0 in rep 9) data={'Pos': np.int64(-50), 'corr_resp': 'x', 'thisN': 36, 'thisTrialN': 0, 'thisRepN': 9}>
80.3339 	EXP 	Fixation: autoDraw = False
80.3339 	EXP 	Line1: autoDraw = False
80.3339 	EXP 	Line2: autoDraw = False
80.3339 	EXP 	Line3: autoDraw = False
80.3339 	EXP 	Line4: autoDraw = False
80.3339 	EXP 	Probe: autoDraw = False
80.3339 	EXP 	Fixation: autoDraw = True
80.5181 	EXP 	Device response: <KeyPress from None: t=80.30126410000958, value=z, duration=0.2056952000129968>
81.3175 	EXP 	Line1: autoDraw = True
81.3175 	EXP 	Line2: autoDraw = True
81.3175 	EXP 	Line3: autoDraw = True
81.3175 	EXP 	Line4: autoDraw = True
81.3326 	EXP 	Fixation: autoDraw = False
82.3156 	INFO 	Keyboard events cleared
82.3153 	EXP 	Probe: autoDraw = True
82.9492 	EXP 	Device response: <KeyPress from None: t=82.94082640006673, value=x, duration=None>
82.9497 	EXP 	New trial (rep=9, index=1): <Trial 37 (1 in rep 9) data={'Pos': np.int64(150), 'corr_resp': 'v', 'thisN': 37, 'thisTrialN': 1, 'thisRepN': 9}>
82.9514 	DATA 	Keypress: x
82.9673 	EXP 	Fixation: autoDraw = False
82.9673 	EXP 	Line1: autoDraw = False
82.9673 	EXP 	Line2: autoDraw = False
82.9673 	EXP 	Line3: autoDraw = False
82.9673 	EXP 	Line4: autoDraw = False
82.9673 	EXP 	Probe: autoDraw = False
82.9673 	EXP 	Fixation: autoDraw = True
83.0848 	EXP 	Device response: <KeyPress from None: t=73.31682629999705, value=x, duration=9.759237900027074>
83.9507 	EXP 	Line1: autoDraw = True
83.9507 	EXP 	Line2: autoDraw = True
83.9507 	EXP 	Line3: autoDraw = True
83.9507 	EXP 	Line4: autoDraw = True
83.9660 	EXP 	Fixation: autoDraw = False
84.9656 	INFO 	Keyboard events cleared
84.9654 	EXP 	Probe: autoDraw = True
85.2331 	EXP 	Device response: <KeyPress from None: t=85.22495740000159, value=v, duration=None>
85.2337 	EXP 	New trial (rep=9, index=2): <Trial 38 (2 in rep 9) data={'Pos': np.int64(50), 'corr_resp': 'c', 'thisN': 38, 'thisTrialN': 2, 'thisRepN': 9}>
85.2357 	DATA 	Keypress: v
85.2512 	EXP 	Fixation: autoDraw = False
85.2512 	EXP 	Line1: autoDraw = False
85.2512 	EXP 	Line2: autoDraw = False
85.2512 	EXP 	Line3: autoDraw = False
85.2512 	EXP 	Line4: autoDraw = False
85.2512 	EXP 	Probe: autoDraw = False
85.2512 	EXP 	Fixation: autoDraw = True
85.3676 	EXP 	Device response: <KeyPress from None: t=85.22495740000159, value=v, duration=0.13646990002598614>
86.2338 	EXP 	Line1: autoDraw = True
86.2338 	EXP 	Line2: autoDraw = True
86.2338 	EXP 	Line3: autoDraw = True
86.2338 	EXP 	Line4: autoDraw = True
86.2486 	EXP 	Fixation: autoDraw = False
87.2494 	INFO 	Keyboard events cleared
87.2492 	EXP 	Probe: autoDraw = True
87.3848 	DATA 	Keypress: c
87.3990 	EXP 	Device response: <KeyPress from None: t=87.38379170000553, value=c, duration=None>
87.3995 	EXP 	New trial (rep=9, index=3): <Trial 39 (3 in rep 9) data={'Pos': np.int64(-150), 'corr_resp': 'z', 'thisN': 39, 'thisTrialN': 3, 'thisRepN': 9}>
87.4170 	EXP 	Fixation: autoDraw = False
87.4170 	EXP 	Line1: autoDraw = False
87.4170 	EXP 	Line2: autoDraw = False
87.4170 	EXP 	Line3: autoDraw = False
87.4170 	EXP 	Line4: autoDraw = False
87.4170 	EXP 	Probe: autoDraw = False
87.4170 	EXP 	Fixation: autoDraw = True
87.5346 	EXP 	Device response: <KeyPress from None: t=87.38379170000553, value=c, duration=0.14396120002493262>
88.4003 	EXP 	Line1: autoDraw = True
88.4003 	EXP 	Line2: autoDraw = True
88.4003 	EXP 	Line3: autoDraw = True
88.4003 	EXP 	Line4: autoDraw = True
88.4154 	EXP 	Fixation: autoDraw = False
89.2661 	EXP 	Device response: <KeyPress from None: t=89.26315120002255, value=z, duration=None>
89.2684 	DATA 	Keypress: z
89.3988 	INFO 	Keyboard events cleared
89.3986 	EXP 	Probe: autoDraw = True
89.4822 	EXP 	Device response: <KeyPress from None: t=89.26315120002255, value=z, duration=0.20798700000159442>
89.5490 	EXP 	Device response: <KeyPress from None: t=89.54068960004952, value=z, duration=None>
89.5495 	EXP 	New trial (rep=10, index=0): <Trial 40 (0 in rep 10) data={'Pos': np.int64(-50), 'corr_resp': 'x', 'thisN': 40, 'thisTrialN': 0, 'thisRepN': 10}>
89.5514 	DATA 	Keypress: z
89.5673 	EXP 	Fixation: autoDraw = False
89.5673 	EXP 	Line1: autoDraw = False
89.5673 	EXP 	Line2: autoDraw = False
89.5673 	EXP 	Line3: autoDraw = False
89.5673 	EXP 	Line4: autoDraw = False
89.5673 	EXP 	Probe: autoDraw = False
89.5673 	EXP 	Fixation: autoDraw = True
89.7175 	EXP 	Device response: <KeyPress from None: t=89.54068960004952, value=z, duration=0.16001559991855174>
90.5512 	EXP 	Line1: autoDraw = True
90.5512 	EXP 	Line2: autoDraw = True
90.5512 	EXP 	Line3: autoDraw = True
90.5512 	EXP 	Line4: autoDraw = True
90.5651 	EXP 	Fixation: autoDraw = False
91.5492 	INFO 	Keyboard events cleared
91.5490 	EXP 	Probe: autoDraw = True
91.7994 	EXP 	Device response: <KeyPress from None: t=91.7887021000497, value=x, duration=None>
91.7999 	EXP 	New trial (rep=10, index=1): <Trial 41 (1 in rep 10) data={'Pos': np.int64(150), 'corr_resp': 'v', 'thisN': 41, 'thisTrialN': 1, 'thisRepN': 10}>
91.8015 	DATA 	Keypress: x
91.8167 	EXP 	Fixation: autoDraw = False
91.8167 	EXP 	Line1: autoDraw = False
91.8167 	EXP 	Line2: autoDraw = False
91.8167 	EXP 	Line3: autoDraw = False
91.8167 	EXP 	Line4: autoDraw = False
91.8167 	EXP 	Probe: autoDraw = False
91.8167 	EXP 	Fixation: autoDraw = True
91.8840 	EXP 	Device response: <KeyPress from None: t=82.94082640006673, value=x, duration=8.939929999993183>
92.1011 	EXP 	Device response: <KeyPress from None: t=92.09320620005019, value=v, duration=None>
92.1028 	DATA 	Keypress: v
92.2339 	EXP 	Device response: <KeyPress from None: t=92.09320620005019, value=v, duration=0.12833300000056624>
92.8004 	EXP 	Line1: autoDraw = True
92.8004 	EXP 	Line2: autoDraw = True
92.8004 	EXP 	Line3: autoDraw = True
92.8004 	EXP 	Line4: autoDraw = True
92.8155 	EXP 	Fixation: autoDraw = False
93.1328 	EXP 	Device response: <KeyPress from None: t=93.13060390006285, value=v, duration=None>
93.1346 	DATA 	Keypress: v
93.2991 	EXP 	Device response: <KeyPress from None: t=93.13060390006285, value=v, duration=0.1536498999921605>
93.8155 	INFO 	Keyboard events cleared
93.8153 	EXP 	Probe: autoDraw = True
93.9846 	DATA 	Keypress: v
93.9988 	EXP 	Device response: <KeyPress from None: t=93.98321750003379, value=v, duration=None>
93.9993 	EXP 	New trial (rep=10, index=2): <Trial 42 (2 in rep 10) data={'Pos': np.int64(50), 'corr_resp': 'c', 'thisN': 42, 'thisTrialN': 2, 'thisRepN': 10}>
94.0173 	EXP 	Fixation: autoDraw = False
94.0173 	EXP 	Line1: autoDraw = False
94.0173 	EXP 	Line2: autoDraw = False
94.0173 	EXP 	Line3: autoDraw = False
94.0173 	EXP 	Line4: autoDraw = False
94.0173 	EXP 	Probe: autoDraw = False
94.0173 	EXP 	Fixation: autoDraw = True
94.1511 	EXP 	Device response: <KeyPress from None: t=93.98321750003379, value=v, duration=0.1552199999568984>
95.0009 	EXP 	Line1: autoDraw = True
95.0009 	EXP 	Line2: autoDraw = True
95.0009 	EXP 	Line3: autoDraw = True
95.0009 	EXP 	Line4: autoDraw = True
95.0149 	EXP 	Fixation: autoDraw = False
95.9986 	INFO 	Keyboard events cleared
95.9984 	EXP 	Probe: autoDraw = True
96.4158 	EXP 	Device response: <KeyPress from None: t=96.41157750005368, value=c, duration=None>
96.4163 	EXP 	New trial (rep=10, index=3): <Trial 43 (3 in rep 10) data={'Pos': np.int64(-150), 'corr_resp': 'z', 'thisN': 43, 'thisTrialN': 3, 'thisRepN': 10}>
96.4182 	DATA 	Keypress: c
96.4336 	EXP 	Fixation: autoDraw = False
96.4336 	EXP 	Line1: autoDraw = False
96.4336 	EXP 	Line2: autoDraw = False
96.4336 	EXP 	Line3: autoDraw = False
96.4336 	EXP 	Line4: autoDraw = False
96.4336 	EXP 	Probe: autoDraw = False
96.4336 	EXP 	Fixation: autoDraw = True
96.5180 	EXP 	Device response: <KeyPress from None: t=96.41157750005368, value=c, duration=0.10131139995064586>
97.4168 	EXP 	Line1: autoDraw = True
97.4168 	EXP 	Line2: autoDraw = True
97.4168 	EXP 	Line3: autoDraw = True
97.4168 	EXP 	Line4: autoDraw = True
97.4317 	EXP 	Fixation: autoDraw = False
98.4316 	INFO 	Keyboard events cleared
98.4314 	EXP 	Probe: autoDraw = True
98.6711 	DATA 	Keypress: z
98.6824 	EXP 	Device response: <KeyPress from None: t=98.66805810004007, value=z, duration=None>
98.6828 	EXP 	New trial (rep=11, index=0): <Trial 44 (0 in rep 11) data={'Pos': np.int64(-50), 'corr_resp': 'x', 'thisN': 44, 'thisTrialN': 0, 'thisRepN': 11}>
98.7009 	EXP 	Fixation: autoDraw = False
98.7009 	EXP 	Line1: autoDraw = False
98.7009 	EXP 	Line2: autoDraw = False
98.7009 	EXP 	Line3: autoDraw = False
98.7009 	EXP 	Line4: autoDraw = False
98.7009 	EXP 	Probe: autoDraw = False
98.7009 	EXP 	Fixation: autoDraw = True
98.9176 	EXP 	Device response: <KeyPress from None: t=98.66805810004007, value=z, duration=0.24152939999476075>
99.6837 	EXP 	Line1: autoDraw = True
99.6837 	EXP 	Line2: autoDraw = True
99.6837 	EXP 	Line3: autoDraw = True
99.6837 	EXP 	Line4: autoDraw = True
99.6988 	EXP 	Fixation: autoDraw = False
100.6989 	INFO 	Keyboard events cleared
100.6987 	EXP 	Probe: autoDraw = True
101.2653 	EXP 	Device response: <KeyPress from None: t=101.25296329997946, value=x, duration=None>
101.2658 	EXP 	New trial (rep=11, index=1): <Trial 45 (1 in rep 11) data={'Pos': np.int64(150), 'corr_resp': 'v', 'thisN': 45, 'thisTrialN': 1, 'thisRepN': 11}>
101.2675 	DATA 	Keypress: x
101.2832 	EXP 	Fixation: autoDraw = False
101.2832 	EXP 	Line1: autoDraw = False
101.2832 	EXP 	Line2: autoDraw = False
101.2832 	EXP 	Line3: autoDraw = False
101.2832 	EXP 	Line4: autoDraw = False
101.2832 	EXP 	Probe: autoDraw = False
101.2832 	EXP 	Fixation: autoDraw = True
101.3677 	EXP 	Device response: <KeyPress from None: t=91.7887021000497, value=x, duration=9.574962799903005>
102.2666 	EXP 	Line1: autoDraw = True
102.2666 	EXP 	Line2: autoDraw = True
102.2666 	EXP 	Line3: autoDraw = True
102.2666 	EXP 	Line4: autoDraw = True
102.2812 	EXP 	Fixation: autoDraw = False
103.1319 	EXP 	Device response: <KeyPress from None: t=103.12958900001831, value=v, duration=None>
103.1337 	DATA 	Keypress: v
103.2489 	EXP 	Device response: <KeyPress from None: t=103.12958900001831, value=v, duration=0.10888129996601492>
103.2651 	INFO 	Keyboard events cleared
103.2649 	EXP 	Probe: autoDraw = True
103.4846 	DATA 	Keypress: v
103.4986 	EXP 	Device response: <KeyPress from None: t=103.48212960001547, value=v, duration=None>
103.4991 	EXP 	New trial (rep=11, index=2): <Trial 46 (2 in rep 11) data={'Pos': np.int64(50), 'corr_resp': 'c', 'thisN': 46, 'thisTrialN': 2, 'thisRepN': 11}>
103.5170 	EXP 	Fixation: autoDraw = False
103.5170 	EXP 	Line1: autoDraw = False
103.5170 	EXP 	Line2: autoDraw = False
103.5170 	EXP 	Line3: autoDraw = False
103.5170 	EXP 	Line4: autoDraw = False
103.5170 	EXP 	Probe: autoDraw = False
103.5170 	EXP 	Fixation: autoDraw = True
103.6173 	EXP 	Device response: <KeyPress from None: t=103.48212960001547, value=v, duration=0.1261909999884665>
104.5002 	EXP 	Line1: autoDraw = True
104.5002 	EXP 	Line2: autoDraw = True
104.5002 	EXP 	Line3: autoDraw = True
104.5002 	EXP 	Line4: autoDraw = True
104.5149 	EXP 	Fixation: autoDraw = False
105.0319 	EXP 	Device response: <KeyPress from None: t=105.01992029999383, value=c, duration=None>
105.0336 	DATA 	Keypress: c
105.1651 	EXP 	Device response: <KeyPress from None: t=105.01992029999383, value=c, duration=0.13707789999898523>
105.4983 	INFO 	Keyboard events cleared
105.4980 	EXP 	Probe: autoDraw = True
105.5013 	DATA 	Keypress: c
106.4488 	EXP 	Device response: <KeyPress from None: t=106.43497519998346, value=c, duration=None>
106.4493 	EXP 	New trial (rep=11, index=3): <Trial 47 (3 in rep 11) data={'Pos': np.int64(-150), 'corr_resp': 'z', 'thisN': 47, 'thisTrialN': 3, 'thisRepN': 11}>
106.4512 	DATA 	Keypress: c
106.4666 	EXP 	Fixation: autoDraw = False
106.4666 	EXP 	Line1: autoDraw = False
106.4666 	EXP 	Line2: autoDraw = False
106.4666 	EXP 	Line3: autoDraw = False
106.4666 	EXP 	Line4: autoDraw = False
106.4666 	EXP 	Probe: autoDraw = False
106.4666 	EXP 	Fixation: autoDraw = True
106.6003 	EXP 	Device response: <KeyPress from None: t=106.43497519998346, value=c, duration=0.1490097000496462>
107.4498 	EXP 	Line1: autoDraw = True
107.4498 	EXP 	Line2: autoDraw = True
107.4498 	EXP 	Line3: autoDraw = True
107.4498 	EXP 	Line4: autoDraw = True
107.4649 	EXP 	Fixation: autoDraw = False
108.4316 	EXP 	Device response: <KeyPress from None: t=108.43015599995852, value=z, duration=None>
108.4332 	DATA 	Keypress: z
108.4653 	INFO 	Keyboard events cleared
108.4651 	EXP 	Probe: autoDraw = True
108.6154 	EXP 	Device response: <KeyPress from None: t=108.43015599995852, value=z, duration=0.1762830000370741>
108.7490 	EXP 	Device response: <KeyPress from None: t=108.73739340004977, value=z, duration=None>
108.7495 	EXP 	New trial (rep=12, index=0): <Trial 48 (0 in rep 12) data={'Pos': np.int64(-50), 'corr_resp': 'x', 'thisN': 48, 'thisTrialN': 0, 'thisRepN': 12}>
108.7517 	DATA 	Keypress: z
108.7667 	EXP 	Fixation: autoDraw = False
108.7667 	EXP 	Line1: autoDraw = False
108.7667 	EXP 	Line2: autoDraw = False
108.7667 	EXP 	Line3: autoDraw = False
108.7667 	EXP 	Line4: autoDraw = False
108.7667 	EXP 	Probe: autoDraw = False
108.7667 	EXP 	Fixation: autoDraw = True
108.8670 	EXP 	Device response: <KeyPress from None: t=108.73739340004977, value=z, duration=0.1253784999717027>
109.7501 	EXP 	Line1: autoDraw = True
109.7501 	EXP 	Line2: autoDraw = True
109.7501 	EXP 	Line3: autoDraw = True
109.7501 	EXP 	Line4: autoDraw = True
109.7650 	EXP 	Fixation: autoDraw = False
110.7649 	INFO 	Keyboard events cleared
110.7647 	EXP 	Probe: autoDraw = True
110.9817 	EXP 	Device response: <KeyPress from None: t=110.97634559997823, value=x, duration=None>
110.9822 	EXP 	New trial (rep=12, index=1): <Trial 49 (1 in rep 12) data={'Pos': np.int64(150), 'corr_resp': 'v', 'thisN': 49, 'thisTrialN': 1, 'thisRepN': 12}>
110.9838 	DATA 	Keypress: x
110.9996 	EXP 	Fixation: autoDraw = False
110.9996 	EXP 	Line1: autoDraw = False
110.9996 	EXP 	Line2: autoDraw = False
110.9996 	EXP 	Line3: autoDraw = False
110.9996 	EXP 	Line4: autoDraw = False
110.9996 	EXP 	Probe: autoDraw = False
110.9996 	EXP 	Fixation: autoDraw = True
111.1335 	EXP 	Device response: <KeyPress from None: t=101.25296329997946, value=x, duration=9.87138450006023>
111.9831 	EXP 	Line1: autoDraw = True
111.9831 	EXP 	Line2: autoDraw = True
111.9831 	EXP 	Line3: autoDraw = True
111.9831 	EXP 	Line4: autoDraw = True
111.9978 	EXP 	Fixation: autoDraw = False
112.9819 	INFO 	Keyboard events cleared
112.9817 	EXP 	Probe: autoDraw = True
113.0153 	EXP 	Device response: <KeyPress from None: t=113.0027152999537, value=v, duration=None>
113.0161 	EXP 	New trial (rep=12, index=2): <Trial 50 (2 in rep 12) data={'Pos': np.int64(50), 'corr_resp': 'c', 'thisN': 50, 'thisTrialN': 2, 'thisRepN': 12}>
113.0181 	DATA 	Keypress: v
113.0336 	EXP 	Fixation: autoDraw = False
113.0336 	EXP 	Line1: autoDraw = False
113.0336 	EXP 	Line2: autoDraw = False
113.0336 	EXP 	Line3: autoDraw = False
113.0336 	EXP 	Line4: autoDraw = False
113.0336 	EXP 	Probe: autoDraw = False
113.0336 	EXP 	Fixation: autoDraw = True
113.2014 	EXP 	Device response: <KeyPress from None: t=113.0027152999537, value=v, duration=0.1980128000723198>
114.0169 	EXP 	Line1: autoDraw = True
114.0169 	EXP 	Line2: autoDraw = True
114.0169 	EXP 	Line3: autoDraw = True
114.0169 	EXP 	Line4: autoDraw = True
114.0313 	EXP 	Fixation: autoDraw = False
115.0147 	INFO 	Keyboard events cleared
115.0145 	EXP 	Probe: autoDraw = True
115.2650 	EXP 	Device response: <KeyPress from None: t=115.26327470003162, value=c, duration=None>
115.2654 	EXP 	New trial (rep=12, index=3): <Trial 51 (3 in rep 12) data={'Pos': np.int64(-150), 'corr_resp': 'z', 'thisN': 51, 'thisTrialN': 3, 'thisRepN': 12}>
115.2672 	DATA 	Keypress: c
115.2831 	EXP 	Fixation: autoDraw = False
115.2831 	EXP 	Line1: autoDraw = False
115.2831 	EXP 	Line2: autoDraw = False
115.2831 	EXP 	Line3: autoDraw = False
115.2831 	EXP 	Line4: autoDraw = False
115.2831 	EXP 	Probe: autoDraw = False
115.2831 	EXP 	Fixation: autoDraw = True
115.4670 	EXP 	Device response: <KeyPress from None: t=115.26327470003162, value=c, duration=0.19923489994835109>
116.2666 	EXP 	Line1: autoDraw = True
116.2666 	EXP 	Line2: autoDraw = True
116.2666 	EXP 	Line3: autoDraw = True
116.2666 	EXP 	Line4: autoDraw = True
116.2811 	EXP 	Fixation: autoDraw = False
117.2645 	INFO 	Keyboard events cleared
117.2643 	EXP 	Probe: autoDraw = True
117.5014 	DATA 	Keypress: z
117.5152 	EXP 	Device response: <KeyPress from None: t=117.50074869999662, value=z, duration=None>
117.5157 	EXP 	New trial (rep=13, index=0): <Trial 52 (0 in rep 13) data={'Pos': np.int64(-50), 'corr_resp': 'x', 'thisN': 52, 'thisTrialN': 0, 'thisRepN': 13}>
117.5329 	EXP 	Fixation: autoDraw = False
117.5329 	EXP 	Line1: autoDraw = False
117.5329 	EXP 	Line2: autoDraw = False
117.5329 	EXP 	Line3: autoDraw = False
117.5329 	EXP 	Line4: autoDraw = False
117.5329 	EXP 	Probe: autoDraw = False
117.5329 	EXP 	Fixation: autoDraw = True
117.6336 	EXP 	Device response: <KeyPress from None: t=117.50074869999662, value=z, duration=0.11770439997781068>
118.5163 	EXP 	Line1: autoDraw = True
118.5163 	EXP 	Line2: autoDraw = True
118.5163 	EXP 	Line3: autoDraw = True
118.5163 	EXP 	Line4: autoDraw = True
118.5314 	EXP 	Fixation: autoDraw = False
119.5318 	INFO 	Keyboard events cleared
119.5315 	EXP 	Probe: autoDraw = True
119.5822 	EXP 	Device response: <KeyPress from None: t=119.56966989999637, value=x, duration=None>
119.5827 	EXP 	New trial (rep=13, index=1): <Trial 53 (1 in rep 13) data={'Pos': np.int64(150), 'corr_resp': 'v', 'thisN': 53, 'thisTrialN': 1, 'thisRepN': 13}>
119.5844 	DATA 	Keypress: x
119.5996 	EXP 	Fixation: autoDraw = False
119.5996 	EXP 	Line1: autoDraw = False
119.5996 	EXP 	Line2: autoDraw = False
119.5996 	EXP 	Line3: autoDraw = False
119.5996 	EXP 	Line4: autoDraw = False
119.5996 	EXP 	Probe: autoDraw = False
119.5996 	EXP 	Fixation: autoDraw = True
119.7506 	EXP 	Device response: <KeyPress from None: t=110.97634559997823, value=x, duration=8.762256300076842>
120.5837 	EXP 	Line1: autoDraw = True
120.5837 	EXP 	Line2: autoDraw = True
120.5837 	EXP 	Line3: autoDraw = True
120.5837 	EXP 	Line4: autoDraw = True
120.5976 	EXP 	Fixation: autoDraw = False
121.5978 	INFO 	Keyboard events cleared
121.5976 	EXP 	Probe: autoDraw = True
121.6482 	EXP 	Device response: <KeyPress from None: t=121.63470289995894, value=v, duration=None>
121.6488 	EXP 	New trial (rep=13, index=2): <Trial 54 (2 in rep 13) data={'Pos': np.int64(50), 'corr_resp': 'c', 'thisN': 54, 'thisTrialN': 2, 'thisRepN': 13}>
121.6506 	DATA 	Keypress: v
121.6660 	EXP 	Fixation: autoDraw = False
121.6660 	EXP 	Line1: autoDraw = False
121.6660 	EXP 	Line2: autoDraw = False
121.6660 	EXP 	Line3: autoDraw = False
121.6660 	EXP 	Line4: autoDraw = False
121.6660 	EXP 	Probe: autoDraw = False
121.6660 	EXP 	Fixation: autoDraw = True
121.8669 	EXP 	Device response: <KeyPress from None: t=121.63470289995894, value=v, duration=0.21825780009385198>
122.6494 	EXP 	Line1: autoDraw = True
122.6494 	EXP 	Line2: autoDraw = True
122.6494 	EXP 	Line3: autoDraw = True
122.6494 	EXP 	Line4: autoDraw = True
122.6642 	EXP 	Fixation: autoDraw = False
123.6648 	INFO 	Keyboard events cleared
123.6646 	EXP 	Probe: autoDraw = True
123.8682 	DATA 	Keypress: c
123.8814 	EXP 	Device response: <KeyPress from None: t=123.86567790003028, value=c, duration=None>
123.8819 	EXP 	New trial (rep=13, index=3): <Trial 55 (3 in rep 13) data={'Pos': np.int64(-150), 'corr_resp': 'z', 'thisN': 55, 'thisTrialN': 3, 'thisRepN': 13}>
123.8996 	EXP 	Fixation: autoDraw = False
123.8996 	EXP 	Line1: autoDraw = False
123.8996 	EXP 	Line2: autoDraw = False
123.8996 	EXP 	Line3: autoDraw = False
123.8996 	EXP 	Line4: autoDraw = False
123.8996 	EXP 	Probe: autoDraw = False
123.8996 	EXP 	Fixation: autoDraw = True
124.1334 	EXP 	Device response: <KeyPress from None: t=123.86567790003028, value=c, duration=0.25297949998639524>
124.8831 	EXP 	Line1: autoDraw = True
124.8831 	EXP 	Line2: autoDraw = True
124.8831 	EXP 	Line3: autoDraw = True
124.8831 	EXP 	Line4: autoDraw = True
124.8975 	EXP 	Fixation: autoDraw = False
125.8816 	INFO 	Keyboard events cleared
125.8814 	EXP 	Probe: autoDraw = True
125.9314 	EXP 	Device response: <KeyPress from None: t=125.93035200005397, value=z, duration=None>
125.9319 	EXP 	New trial (rep=14, index=0): <Trial 56 (0 in rep 14) data={'Pos': np.int64(-50), 'corr_resp': 'x', 'thisN': 56, 'thisTrialN': 0, 'thisRepN': 14}>
125.9337 	DATA 	Keypress: z
125.9493 	EXP 	Fixation: autoDraw = False
125.9493 	EXP 	Line1: autoDraw = False
125.9493 	EXP 	Line2: autoDraw = False
125.9493 	EXP 	Line3: autoDraw = False
125.9493 	EXP 	Line4: autoDraw = False
125.9493 	EXP 	Probe: autoDraw = False
125.9493 	EXP 	Fixation: autoDraw = True
126.1009 	EXP 	Device response: <KeyPress from None: t=125.93035200005397, value=z, duration=0.16204729990568012>
126.9330 	EXP 	Line1: autoDraw = True
126.9330 	EXP 	Line2: autoDraw = True
126.9330 	EXP 	Line3: autoDraw = True
126.9330 	EXP 	Line4: autoDraw = True
126.9475 	EXP 	Fixation: autoDraw = False
127.9481 	INFO 	Keyboard events cleared
127.9479 	EXP 	Probe: autoDraw = True
128.1812 	EXP 	Device response: <KeyPress from None: t=128.1794435000047, value=x, duration=None>
128.1816 	EXP 	New trial (rep=14, index=1): <Trial 57 (1 in rep 14) data={'Pos': np.int64(150), 'corr_resp': 'v', 'thisN': 57, 'thisTrialN': 1, 'thisRepN': 14}>
128.1838 	DATA 	Keypress: x
128.1998 	EXP 	Fixation: autoDraw = False
128.1998 	EXP 	Line1: autoDraw = False
128.1998 	EXP 	Line2: autoDraw = False
128.1998 	EXP 	Line3: autoDraw = False
128.1998 	EXP 	Line4: autoDraw = False
128.1998 	EXP 	Probe: autoDraw = False
128.1998 	EXP 	Fixation: autoDraw = True
128.2996 	EXP 	Device response: <KeyPress from None: t=119.56966989999637, value=x, duration=8.725827499991283>
129.1825 	EXP 	Line1: autoDraw = True
129.1825 	EXP 	Line2: autoDraw = True
129.1825 	EXP 	Line3: autoDraw = True
129.1825 	EXP 	Line4: autoDraw = True
129.1974 	EXP 	Fixation: autoDraw = False
130.1977 	INFO 	Keyboard events cleared
130.1975 	EXP 	Probe: autoDraw = True
130.3674 	DATA 	Keypress: v
130.3811 	EXP 	Device response: <KeyPress from None: t=130.36680339998566, value=v, duration=None>
130.3817 	EXP 	New trial (rep=14, index=2): <Trial 58 (2 in rep 14) data={'Pos': np.int64(50), 'corr_resp': 'c', 'thisN': 58, 'thisTrialN': 2, 'thisRepN': 14}>
130.3995 	EXP 	Fixation: autoDraw = False
130.3995 	EXP 	Line1: autoDraw = False
130.3995 	EXP 	Line2: autoDraw = False
130.3995 	EXP 	Line3: autoDraw = False
130.3995 	EXP 	Line4: autoDraw = False
130.3995 	EXP 	Probe: autoDraw = False
130.3995 	EXP 	Fixation: autoDraw = True
130.4839 	EXP 	Device response: <KeyPress from None: t=130.36680339998566, value=v, duration=0.10266069998033345>
131.3833 	EXP 	Line1: autoDraw = True
131.3833 	EXP 	Line2: autoDraw = True
131.3833 	EXP 	Line3: autoDraw = True
131.3833 	EXP 	Line4: autoDraw = True
131.3973 	EXP 	Fixation: autoDraw = False
132.3811 	INFO 	Keyboard events cleared
132.3809 	EXP 	Probe: autoDraw = True
132.3978 	EXP 	Device response: <KeyPress from None: t=132.3883635000093, value=c, duration=None>
132.3982 	EXP 	New trial (rep=14, index=3): <Trial 59 (3 in rep 14) data={'Pos': np.int64(-150), 'corr_resp': 'z', 'thisN': 59, 'thisTrialN': 3, 'thisRepN': 14}>
132.3999 	DATA 	Keypress: c
132.4160 	EXP 	Fixation: autoDraw = False
132.4160 	EXP 	Line1: autoDraw = False
132.4160 	EXP 	Line2: autoDraw = False
132.4160 	EXP 	Line3: autoDraw = False
132.4160 	EXP 	Line4: autoDraw = False
132.4160 	EXP 	Probe: autoDraw = False
132.4160 	EXP 	Fixation: autoDraw = True
132.5670 	EXP 	Device response: <KeyPress from None: t=132.3883635000093, value=c, duration=0.16775190003681928>
133.3994 	EXP 	Line1: autoDraw = True
133.3994 	EXP 	Line2: autoDraw = True
133.3994 	EXP 	Line3: autoDraw = True
133.3994 	EXP 	Line4: autoDraw = True
133.4141 	EXP 	Fixation: autoDraw = False
134.4141 	INFO 	Keyboard events cleared
134.4139 	EXP 	Probe: autoDraw = True
134.4978 	EXP 	Device response: <KeyPress from None: t=134.48725879995618, value=z, duration=None>
134.4983 	EXP 	New trial (rep=15, index=0): <Trial 60 (0 in rep 15) data={'Pos': np.int64(-50), 'corr_resp': 'x', 'thisN': 60, 'thisTrialN': 0, 'thisRepN': 15}>
134.5001 	DATA 	Keypress: z
134.5160 	EXP 	Fixation: autoDraw = False
134.5160 	EXP 	Line1: autoDraw = False
134.5160 	EXP 	Line2: autoDraw = False
134.5160 	EXP 	Line3: autoDraw = False
134.5160 	EXP 	Line4: autoDraw = False
134.5160 	EXP 	Probe: autoDraw = False
134.5160 	EXP 	Fixation: autoDraw = True
134.6335 	EXP 	Device response: <KeyPress from None: t=134.48725879995618, value=z, duration=0.13240360002964735>
135.4991 	EXP 	Line1: autoDraw = True
135.4991 	EXP 	Line2: autoDraw = True
135.4991 	EXP 	Line3: autoDraw = True
135.4991 	EXP 	Line4: autoDraw = True
135.5140 	EXP 	Fixation: autoDraw = False
136.5140 	INFO 	Keyboard events cleared
136.5138 	EXP 	Probe: autoDraw = True
136.8175 	DATA 	Keypress: x
136.8319 	EXP 	Device response: <KeyPress from None: t=136.8164756000042, value=x, duration=None>
136.8324 	EXP 	New trial (rep=15, index=1): <Trial 61 (1 in rep 15) data={'Pos': np.int64(150), 'corr_resp': 'v', 'thisN': 61, 'thisTrialN': 1, 'thisRepN': 15}>
136.8490 	EXP 	Fixation: autoDraw = False
136.8490 	EXP 	Line1: autoDraw = False
136.8490 	EXP 	Line2: autoDraw = False
136.8490 	EXP 	Line3: autoDraw = False
136.8490 	EXP 	Line4: autoDraw = False
136.8490 	EXP 	Probe: autoDraw = False
136.8490 	EXP 	Fixation: autoDraw = True
136.9670 	EXP 	Device response: <KeyPress from None: t=128.1794435000047, value=x, duration=8.785914000007324>
137.8323 	EXP 	Line1: autoDraw = True
137.8323 	EXP 	Line2: autoDraw = True
137.8323 	EXP 	Line3: autoDraw = True
137.8323 	EXP 	Line4: autoDraw = True
137.8472 	EXP 	Fixation: autoDraw = False
138.8475 	INFO 	Keyboard events cleared
138.8473 	EXP 	Probe: autoDraw = True
139.1145 	EXP 	Device response: <KeyPress from None: t=139.11082599998917, value=v, duration=None>
139.1149 	EXP 	New trial (rep=15, index=2): <Trial 62 (2 in rep 15) data={'Pos': np.int64(50), 'corr_resp': 'c', 'thisN': 62, 'thisTrialN': 2, 'thisRepN': 15}>
139.1165 	DATA 	Keypress: v
139.1325 	EXP 	Fixation: autoDraw = False
139.1325 	EXP 	Line1: autoDraw = False
139.1325 	EXP 	Line2: autoDraw = False
139.1325 	EXP 	Line3: autoDraw = False
139.1325 	EXP 	Line4: autoDraw = False
139.1325 	EXP 	Probe: autoDraw = False
139.1325 	EXP 	Fixation: autoDraw = True
139.3504 	EXP 	Device response: <KeyPress from None: t=139.11082599998917, value=v, duration=0.2226160999853164>
140.1156 	EXP 	Line1: autoDraw = True
140.1156 	EXP 	Line2: autoDraw = True
140.1156 	EXP 	Line3: autoDraw = True
140.1156 	EXP 	Line4: autoDraw = True
140.1306 	EXP 	Fixation: autoDraw = False
141.1141 	INFO 	Keyboard events cleared
141.1139 	EXP 	Probe: autoDraw = True
141.6310 	EXP 	Device response: <KeyPress from None: t=141.62784630001988, value=c, duration=None>
141.6316 	EXP 	New trial (rep=15, index=3): <Trial 63 (3 in rep 15) data={'Pos': np.int64(-150), 'corr_resp': 'z', 'thisN': 63, 'thisTrialN': 3, 'thisRepN': 15}>
141.6334 	DATA 	Keypress: c
141.6491 	EXP 	Fixation: autoDraw = False
141.6491 	EXP 	Line1: autoDraw = False
141.6491 	EXP 	Line2: autoDraw = False
141.6491 	EXP 	Line3: autoDraw = False
141.6491 	EXP 	Line4: autoDraw = False
141.6491 	EXP 	Probe: autoDraw = False
141.6491 	EXP 	Fixation: autoDraw = True
141.8326 	EXP 	Device response: <KeyPress from None: t=141.62784630001988, value=c, duration=0.19132480002008379>
142.6320 	EXP 	Line1: autoDraw = True
142.6320 	EXP 	Line2: autoDraw = True
142.6320 	EXP 	Line3: autoDraw = True
142.6320 	EXP 	Line4: autoDraw = True
142.6471 	EXP 	Fixation: autoDraw = False
143.6312 	EXP 	Device response: <KeyPress from None: t=143.62489460001234, value=z, duration=None>
143.6339 	DATA 	Keypress: z
143.6473 	INFO 	Keyboard events cleared
143.6471 	EXP 	Probe: autoDraw = True
143.7644 	EXP 	Device response: <KeyPress from None: t=143.62489460001234, value=z, duration=0.1336577000329271>
143.9309 	EXP 	Device response: <KeyPress from None: t=143.91949050000403, value=z, duration=None>
143.9313 	EXP 	New trial (rep=16, index=0): <Trial 64 (0 in rep 16) data={'Pos': np.int64(-50), 'corr_resp': 'x', 'thisN': 64, 'thisTrialN': 0, 'thisRepN': 16}>
143.9331 	DATA 	Keypress: z
143.9487 	EXP 	Fixation: autoDraw = False
143.9487 	EXP 	Line1: autoDraw = False
143.9487 	EXP 	Line2: autoDraw = False
143.9487 	EXP 	Line3: autoDraw = False
143.9487 	EXP 	Line4: autoDraw = False
143.9487 	EXP 	Probe: autoDraw = False
143.9487 	EXP 	Fixation: autoDraw = True
144.0495 	EXP 	Device response: <KeyPress from None: t=143.91949050000403, value=z, duration=0.12630610004998744>
144.9319 	EXP 	Line1: autoDraw = True
144.9319 	EXP 	Line2: autoDraw = True
144.9319 	EXP 	Line3: autoDraw = True
144.9319 	EXP 	Line4: autoDraw = True
144.9471 	EXP 	Fixation: autoDraw = False
145.9481 	INFO 	Keyboard events cleared
145.9479 	EXP 	Probe: autoDraw = True
145.9980 	EXP 	Device response: <KeyPress from None: t=145.99705500004347, value=x, duration=None>
145.9985 	EXP 	New trial (rep=16, index=1): <Trial 65 (1 in rep 16) data={'Pos': np.int64(150), 'corr_resp': 'v', 'thisN': 65, 'thisTrialN': 1, 'thisRepN': 16}>
146.0004 	DATA 	Keypress: x
146.0155 	EXP 	Fixation: autoDraw = False
146.0155 	EXP 	Line1: autoDraw = False
146.0155 	EXP 	Line2: autoDraw = False
146.0155 	EXP 	Line3: autoDraw = False
146.0155 	EXP 	Line4: autoDraw = False
146.0155 	EXP 	Probe: autoDraw = False
146.0155 	EXP 	Fixation: autoDraw = True
146.0659 	EXP 	Device response: <KeyPress from None: t=136.8164756000042, value=x, duration=9.238052899949253>
146.9988 	EXP 	Line1: autoDraw = True
146.9988 	EXP 	Line2: autoDraw = True
146.9988 	EXP 	Line3: autoDraw = True
146.9988 	EXP 	Line4: autoDraw = True
147.0137 	EXP 	Fixation: autoDraw = False
148.0138 	INFO 	Keyboard events cleared
148.0136 	EXP 	Probe: autoDraw = True
148.2314 	EXP 	Device response: <KeyPress from None: t=148.22474760003388, value=v, duration=None>
148.2320 	EXP 	New trial (rep=16, index=2): <Trial 66 (2 in rep 16) data={'Pos': np.int64(50), 'corr_resp': 'c', 'thisN': 66, 'thisTrialN': 2, 'thisRepN': 16}>
148.2338 	DATA 	Keypress: v
148.2487 	EXP 	Fixation: autoDraw = False
148.2487 	EXP 	Line1: autoDraw = False
148.2487 	EXP 	Line2: autoDraw = False
148.2487 	EXP 	Line3: autoDraw = False
148.2487 	EXP 	Line4: autoDraw = False
148.2487 	EXP 	Probe: autoDraw = False
148.2487 	EXP 	Fixation: autoDraw = True
148.4169 	EXP 	Device response: <KeyPress from None: t=148.22474760003388, value=v, duration=0.18298329995013773>
149.2329 	EXP 	Line1: autoDraw = True
149.2329 	EXP 	Line2: autoDraw = True
149.2329 	EXP 	Line3: autoDraw = True
149.2329 	EXP 	Line4: autoDraw = True
149.2469 	EXP 	Fixation: autoDraw = False
150.2471 	INFO 	Keyboard events cleared
150.2469 	EXP 	Probe: autoDraw = True
150.3805 	EXP 	Device response: <KeyPress from None: t=150.37816209997982, value=c, duration=None>
150.3809 	EXP 	New trial (rep=16, index=3): <Trial 67 (3 in rep 16) data={'Pos': np.int64(-150), 'corr_resp': 'z', 'thisN': 67, 'thisTrialN': 3, 'thisRepN': 16}>
150.3825 	DATA 	Keypress: c
150.3988 	EXP 	Fixation: autoDraw = False
150.3988 	EXP 	Line1: autoDraw = False
150.3988 	EXP 	Line2: autoDraw = False
150.3988 	EXP 	Line3: autoDraw = False
150.3988 	EXP 	Line4: autoDraw = False
150.3988 	EXP 	Probe: autoDraw = False
150.3988 	EXP 	Fixation: autoDraw = True
150.5329 	EXP 	Device response: <KeyPress from None: t=150.37816209997982, value=c, duration=0.152624599984847>
151.3820 	EXP 	Line1: autoDraw = True
151.3820 	EXP 	Line2: autoDraw = True
151.3820 	EXP 	Line3: autoDraw = True
151.3820 	EXP 	Line4: autoDraw = True
151.3970 	EXP 	Fixation: autoDraw = False
152.3803 	INFO 	Keyboard events cleared
152.3801 	EXP 	Probe: autoDraw = True
152.5641 	EXP 	Device response: <KeyPress from None: t=152.5539615000598, value=z, duration=None>
152.5646 	EXP 	New trial (rep=17, index=0): <Trial 68 (0 in rep 17) data={'Pos': np.int64(-50), 'corr_resp': 'x', 'thisN': 68, 'thisTrialN': 0, 'thisRepN': 17}>
152.5662 	DATA 	Keypress: z
152.5822 	EXP 	Fixation: autoDraw = False
152.5822 	EXP 	Line1: autoDraw = False
152.5822 	EXP 	Line2: autoDraw = False
152.5822 	EXP 	Line3: autoDraw = False
152.5822 	EXP 	Line4: autoDraw = False
152.5822 	EXP 	Probe: autoDraw = False
152.5822 	EXP 	Fixation: autoDraw = True
152.7828 	EXP 	Device response: <KeyPress from None: t=152.5539615000598, value=z, duration=0.21353139996062964>
153.5651 	EXP 	Line1: autoDraw = True
153.5651 	EXP 	Line2: autoDraw = True
153.5651 	EXP 	Line3: autoDraw = True
153.5651 	EXP 	Line4: autoDraw = True
153.5802 	EXP 	Fixation: autoDraw = False
154.5639 	INFO 	Keyboard events cleared
154.5637 	EXP 	Probe: autoDraw = True
154.5665 	DATA 	Keypress: x
154.5805 	EXP 	Device response: <KeyPress from None: t=154.5648828999838, value=x, duration=None>
154.5810 	EXP 	New trial (rep=17, index=1): <Trial 69 (1 in rep 17) data={'Pos': np.int64(150), 'corr_resp': 'v', 'thisN': 69, 'thisTrialN': 1, 'thisRepN': 17}>
154.5986 	EXP 	Fixation: autoDraw = False
154.5986 	EXP 	Line1: autoDraw = False
154.5986 	EXP 	Line2: autoDraw = False
154.5986 	EXP 	Line3: autoDraw = False
154.5986 	EXP 	Line4: autoDraw = False
154.5986 	EXP 	Probe: autoDraw = False
154.5986 	EXP 	Fixation: autoDraw = True
154.7165 	EXP 	Device response: <KeyPress from None: t=145.99705500004347, value=x, duration=8.718708099913783>
155.5817 	EXP 	Line1: autoDraw = True
155.5817 	EXP 	Line2: autoDraw = True
155.5817 	EXP 	Line3: autoDraw = True
155.5817 	EXP 	Line4: autoDraw = True
155.5969 	EXP 	Fixation: autoDraw = False
156.5801 	INFO 	Keyboard events cleared
156.5799 	EXP 	Probe: autoDraw = True
156.8644 	EXP 	Device response: <KeyPress from None: t=156.86323190003168, value=v, duration=None>
156.8650 	EXP 	New trial (rep=17, index=2): <Trial 70 (2 in rep 17) data={'Pos': np.int64(50), 'corr_resp': 'c', 'thisN': 70, 'thisTrialN': 2, 'thisRepN': 17}>
156.8669 	DATA 	Keypress: v
156.8818 	EXP 	Fixation: autoDraw = False
156.8818 	EXP 	Line1: autoDraw = False
156.8818 	EXP 	Line2: autoDraw = False
156.8818 	EXP 	Line3: autoDraw = False
156.8818 	EXP 	Line4: autoDraw = False
156.8818 	EXP 	Probe: autoDraw = False
156.8818 	EXP 	Fixation: autoDraw = True
157.0991 	EXP 	Device response: <KeyPress from None: t=156.86323190003168, value=v, duration=0.23155159992165864>
157.8655 	EXP 	Line1: autoDraw = True
157.8655 	EXP 	Line2: autoDraw = True
157.8655 	EXP 	Line3: autoDraw = True
157.8655 	EXP 	Line4: autoDraw = True
157.8800 	EXP 	Fixation: autoDraw = False
158.8669 	DATA 	Keypress: c
158.8807 	INFO 	Keyboard events cleared
158.8804 	EXP 	Probe: autoDraw = True
159.2147 	EXP 	Device response: <KeyPress from None: t=159.20279799995478, value=c, duration=None>
159.2152 	EXP 	New trial (rep=17, index=3): <Trial 71 (3 in rep 17) data={'Pos': np.int64(-150), 'corr_resp': 'z', 'thisN': 71, 'thisTrialN': 3, 'thisRepN': 17}>
159.2170 	DATA 	Keypress: c
159.2316 	EXP 	Fixation: autoDraw = False
159.2316 	EXP 	Line1: autoDraw = False
159.2316 	EXP 	Line2: autoDraw = False
159.2316 	EXP 	Line3: autoDraw = False
159.2316 	EXP 	Line4: autoDraw = False
159.2316 	EXP 	Probe: autoDraw = False
159.2316 	EXP 	Fixation: autoDraw = True
159.3990 	EXP 	Device response: <KeyPress from None: t=159.20279799995478, value=c, duration=0.1929789000423625>
160.2154 	EXP 	Line1: autoDraw = True
160.2154 	EXP 	Line2: autoDraw = True
160.2154 	EXP 	Line3: autoDraw = True
160.2154 	EXP 	Line4: autoDraw = True
160.2300 	EXP 	Fixation: autoDraw = False
161.2302 	INFO 	Keyboard events cleared
161.2299 	EXP 	Probe: autoDraw = True
161.3807 	EXP 	Device response: <KeyPress from None: t=161.37546510004904, value=z, duration=None>
161.3813 	EXP 	New trial (rep=18, index=0): <Trial 72 (0 in rep 18) data={'Pos': np.int64(-50), 'corr_resp': 'x', 'thisN': 72, 'thisTrialN': 0, 'thisRepN': 18}>
161.3833 	DATA 	Keypress: z
161.3988 	EXP 	Fixation: autoDraw = False
161.3988 	EXP 	Line1: autoDraw = False
161.3988 	EXP 	Line2: autoDraw = False
161.3988 	EXP 	Line3: autoDraw = False
161.3988 	EXP 	Line4: autoDraw = False
161.3988 	EXP 	Probe: autoDraw = False
161.3988 	EXP 	Fixation: autoDraw = True
161.4993 	EXP 	Device response: <KeyPress from None: t=161.37546510004904, value=z, duration=0.12090639991220087>
162.3821 	EXP 	Line1: autoDraw = True
162.3821 	EXP 	Line2: autoDraw = True
162.3821 	EXP 	Line3: autoDraw = True
162.3821 	EXP 	Line4: autoDraw = True
162.3971 	EXP 	Fixation: autoDraw = False
163.3800 	INFO 	Keyboard events cleared
163.3798 	EXP 	Probe: autoDraw = True
163.6801 	EXP 	Device response: <KeyPress from None: t=163.6793658999959, value=x, duration=None>
163.6806 	EXP 	New trial (rep=18, index=1): <Trial 73 (1 in rep 18) data={'Pos': np.int64(150), 'corr_resp': 'v', 'thisN': 73, 'thisTrialN': 1, 'thisRepN': 18}>
163.6825 	DATA 	Keypress: x
163.6990 	EXP 	Fixation: autoDraw = False
163.6990 	EXP 	Line1: autoDraw = False
163.6990 	EXP 	Line2: autoDraw = False
163.6990 	EXP 	Line3: autoDraw = False
163.6990 	EXP 	Line4: autoDraw = False
163.6990 	EXP 	Probe: autoDraw = False
163.6990 	EXP 	Fixation: autoDraw = True
163.7664 	EXP 	Device response: <KeyPress from None: t=154.5648828999838, value=x, duration=9.200275900075212>
164.6815 	EXP 	Line1: autoDraw = True
164.6815 	EXP 	Line2: autoDraw = True
164.6815 	EXP 	Line3: autoDraw = True
164.6815 	EXP 	Line4: autoDraw = True
164.6968 	EXP 	Fixation: autoDraw = False
165.6797 	INFO 	Keyboard events cleared
165.6795 	EXP 	Probe: autoDraw = True
166.0976 	EXP 	Device response: <KeyPress from None: t=166.0953024000628, value=v, duration=None>
166.0980 	EXP 	New trial (rep=18, index=2): <Trial 74 (2 in rep 18) data={'Pos': np.int64(50), 'corr_resp': 'c', 'thisN': 74, 'thisTrialN': 2, 'thisRepN': 18}>
166.0998 	DATA 	Keypress: v
166.1149 	EXP 	Fixation: autoDraw = False
166.1149 	EXP 	Line1: autoDraw = False
166.1149 	EXP 	Line2: autoDraw = False
166.1149 	EXP 	Line3: autoDraw = False
166.1149 	EXP 	Line4: autoDraw = False
166.1149 	EXP 	Probe: autoDraw = False
166.1149 	EXP 	Fixation: autoDraw = True
166.2822 	EXP 	Device response: <KeyPress from None: t=166.0953024000628, value=v, duration=0.17462629999499768>
167.0984 	EXP 	Line1: autoDraw = True
167.0984 	EXP 	Line2: autoDraw = True
167.0984 	EXP 	Line3: autoDraw = True
167.0984 	EXP 	Line4: autoDraw = True
167.1130 	EXP 	Fixation: autoDraw = False
168.0637 	EXP 	Device response: <KeyPress from None: t=168.0518396999687, value=c, duration=None>
168.0654 	DATA 	Keypress: c
168.1131 	INFO 	Keyboard events cleared
168.1129 	EXP 	Probe: autoDraw = True
168.2641 	EXP 	Device response: <KeyPress from None: t=168.0518396999687, value=c, duration=0.19564330007415265>
168.8968 	EXP 	Device response: <KeyPress from None: t=168.89591610000934, value=c, duration=None>
168.8973 	EXP 	New trial (rep=18, index=3): <Trial 75 (3 in rep 18) data={'Pos': np.int64(-150), 'corr_resp': 'z', 'thisN': 75, 'thisTrialN': 3, 'thisRepN': 18}>
168.8989 	DATA 	Keypress: c
168.9149 	EXP 	Fixation: autoDraw = False
168.9149 	EXP 	Line1: autoDraw = False
168.9149 	EXP 	Line2: autoDraw = False
168.9149 	EXP 	Line3: autoDraw = False
168.9149 	EXP 	Line4: autoDraw = False
168.9149 	EXP 	Probe: autoDraw = False
168.9149 	EXP 	Fixation: autoDraw = True
169.0994 	EXP 	Device response: <KeyPress from None: t=168.89591610000934, value=c, duration=0.19559539994224906>
169.8986 	EXP 	Line1: autoDraw = True
169.8986 	EXP 	Line2: autoDraw = True
169.8986 	EXP 	Line3: autoDraw = True
169.8986 	EXP 	Line4: autoDraw = True
169.9129 	EXP 	Fixation: autoDraw = False
170.9133 	INFO 	Keyboard events cleared
170.9130 	EXP 	Probe: autoDraw = True
170.9636 	EXP 	Device response: <KeyPress from None: t=170.95420090004336, value=z, duration=None>
170.9641 	EXP 	New trial (rep=19, index=0): <Trial 76 (0 in rep 19) data={'Pos': np.int64(-50), 'corr_resp': 'x', 'thisN': 76, 'thisTrialN': 0, 'thisRepN': 19}>
170.9670 	DATA 	Keypress: z
170.9815 	EXP 	Fixation: autoDraw = False
170.9815 	EXP 	Line1: autoDraw = False
170.9815 	EXP 	Line2: autoDraw = False
170.9815 	EXP 	Line3: autoDraw = False
170.9815 	EXP 	Line4: autoDraw = False
170.9815 	EXP 	Probe: autoDraw = False
170.9815 	EXP 	Fixation: autoDraw = True
171.0657 	EXP 	Device response: <KeyPress from None: t=170.95420090004336, value=z, duration=0.10269879992119968>
171.9651 	EXP 	Line1: autoDraw = True
171.9651 	EXP 	Line2: autoDraw = True
171.9651 	EXP 	Line3: autoDraw = True
171.9651 	EXP 	Line4: autoDraw = True
171.9799 	EXP 	Fixation: autoDraw = False
172.6137 	EXP 	Device response: <KeyPress from None: t=172.60208320000675, value=x, duration=None>
172.6161 	DATA 	Keypress: x
172.7133 	EXP 	Device response: <KeyPress from None: t=163.6793658999959, value=x, duration=9.033397700055502>
172.9142 	EXP 	Device response: <KeyPress from None: t=172.90601260005496, value=x, duration=None>
172.9165 	DATA 	Keypress: x
172.9797 	INFO 	Keyboard events cleared
172.9795 	EXP 	Probe: autoDraw = True
173.0301 	EXP 	Device response: <KeyPress from None: t=172.60208320000675, value=x, duration=0.4165194999659434>
173.1799 	EXP 	Device response: <KeyPress from None: t=173.17814710002858, value=x, duration=None>
173.1804 	EXP 	New trial (rep=19, index=1): <Trial 77 (1 in rep 19) data={'Pos': np.int64(150), 'corr_resp': 'v', 'thisN': 77, 'thisTrialN': 1, 'thisRepN': 19}>
173.1826 	DATA 	Keypress: x
173.1982 	EXP 	Fixation: autoDraw = False
173.1982 	EXP 	Line1: autoDraw = False
173.1982 	EXP 	Line2: autoDraw = False
173.1982 	EXP 	Line3: autoDraw = False
173.1982 	EXP 	Line4: autoDraw = False
173.1982 	EXP 	Probe: autoDraw = False
173.1982 	EXP 	Fixation: autoDraw = True
173.3002 	EXP 	Device response: <KeyPress from None: t=172.90601260005496, value=x, duration=0.38018549990374595>
174.1817 	EXP 	Line1: autoDraw = True
174.1817 	EXP 	Line2: autoDraw = True
174.1817 	EXP 	Line3: autoDraw = True
174.1817 	EXP 	Line4: autoDraw = True
174.1963 	EXP 	Fixation: autoDraw = False
175.1803 	INFO 	Keyboard events cleared
175.1801 	EXP 	Probe: autoDraw = True
175.8135 	EXP 	Device response: <KeyPress from None: t=175.80146240000613, value=v, duration=None>
175.8140 	EXP 	New trial (rep=19, index=2): <Trial 78 (2 in rep 19) data={'Pos': np.int64(50), 'corr_resp': 'c', 'thisN': 78, 'thisTrialN': 2, 'thisRepN': 19}>
175.8158 	DATA 	Keypress: v
175.8313 	EXP 	Fixation: autoDraw = False
175.8313 	EXP 	Line1: autoDraw = False
175.8313 	EXP 	Line2: autoDraw = False
175.8313 	EXP 	Line3: autoDraw = False
175.8313 	EXP 	Line4: autoDraw = False
175.8313 	EXP 	Probe: autoDraw = False
175.8313 	EXP 	Fixation: autoDraw = True
175.9319 	EXP 	Device response: <KeyPress from None: t=175.80146240000613, value=v, duration=0.1259365000296384>
176.8149 	EXP 	Line1: autoDraw = True
176.8149 	EXP 	Line2: autoDraw = True
176.8149 	EXP 	Line3: autoDraw = True
176.8149 	EXP 	Line4: autoDraw = True
176.8295 	EXP 	Fixation: autoDraw = False
177.7657 	DATA 	Keypress: c
177.7804 	EXP 	Device response: <KeyPress from None: t=177.76507770002354, value=c, duration=None>
177.8296 	INFO 	Keyboard events cleared
177.8294 	EXP 	Probe: autoDraw = True
177.9299 	EXP 	Device response: <KeyPress from None: t=177.76507770002354, value=c, duration=0.14886650000698864>
178.0821 	DATA 	Keypress: c
178.0967 	EXP 	Device response: <KeyPress from None: t=178.07990260003135, value=c, duration=None>
178.0972 	EXP 	New trial (rep=19, index=3): <Trial 79 (3 in rep 19) data={'Pos': np.int64(-150), 'corr_resp': 'z', 'thisN': 79, 'thisTrialN': 3, 'thisRepN': 19}>
178.1155 	EXP 	Fixation: autoDraw = False
178.1155 	EXP 	Line1: autoDraw = False
178.1155 	EXP 	Line2: autoDraw = False
178.1155 	EXP 	Line3: autoDraw = False
178.1155 	EXP 	Line4: autoDraw = False
178.1155 	EXP 	Probe: autoDraw = False
178.1155 	EXP 	Fixation: autoDraw = True
178.2320 	EXP 	Device response: <KeyPress from None: t=178.07990260003135, value=c, duration=0.14347569993697107>
179.0979 	EXP 	Line1: autoDraw = True
179.0979 	EXP 	Line2: autoDraw = True
179.0979 	EXP 	Line3: autoDraw = True
179.0979 	EXP 	Line4: autoDraw = True
179.1132 	EXP 	Fixation: autoDraw = False
180.1131 	INFO 	Keyboard events cleared
180.1129 	EXP 	Probe: autoDraw = True
180.3465 	EXP 	Device response: <KeyPress from None: t=180.3369980000425, value=z, duration=None>
180.3469 	EXP 	New trial (rep=20, index=0): <Trial 80 (0 in rep 20) data={'Pos': np.int64(-50), 'corr_resp': 'x', 'thisN': 80, 'thisTrialN': 0, 'thisRepN': 20}>
180.3488 	DATA 	Keypress: z
180.3647 	EXP 	Fixation: autoDraw = False
180.3647 	EXP 	Line1: autoDraw = False
180.3647 	EXP 	Line2: autoDraw = False
180.3647 	EXP 	Line3: autoDraw = False
180.3647 	EXP 	Line4: autoDraw = False
180.3647 	EXP 	Probe: autoDraw = False
180.3647 	EXP 	Fixation: autoDraw = True
180.4488 	EXP 	Device response: <KeyPress from None: t=180.3369980000425, value=z, duration=0.10587849991861731>
181.3478 	EXP 	Line1: autoDraw = True
181.3478 	EXP 	Line2: autoDraw = True
181.3478 	EXP 	Line3: autoDraw = True
181.3478 	EXP 	Line4: autoDraw = True
181.3628 	EXP 	Fixation: autoDraw = False
182.3630 	INFO 	Keyboard events cleared
182.3628 	EXP 	Probe: autoDraw = True
182.5135 	EXP 	Device response: <KeyPress from None: t=182.51178030006122, value=x, duration=None>
182.5141 	EXP 	New trial (rep=20, index=1): <Trial 81 (1 in rep 20) data={'Pos': np.int64(150), 'corr_resp': 'v', 'thisN': 81, 'thisTrialN': 1, 'thisRepN': 20}>
182.5158 	DATA 	Keypress: x
182.5312 	EXP 	Fixation: autoDraw = False
182.5312 	EXP 	Line1: autoDraw = False
182.5312 	EXP 	Line2: autoDraw = False
182.5312 	EXP 	Line3: autoDraw = False
182.5312 	EXP 	Line4: autoDraw = False
182.5312 	EXP 	Probe: autoDraw = False
182.5312 	EXP 	Fixation: autoDraw = True
182.6488 	EXP 	Device response: <KeyPress from None: t=173.17814710002858, value=x, duration=9.458679600036703>
183.5148 	EXP 	Line1: autoDraw = True
183.5148 	EXP 	Line2: autoDraw = True
183.5148 	EXP 	Line3: autoDraw = True
183.5148 	EXP 	Line4: autoDraw = True
183.5293 	EXP 	Fixation: autoDraw = False
184.4486 	DATA 	Keypress: v
184.4633 	EXP 	Device response: <KeyPress from None: t=184.4480801000027, value=v, duration=None>
184.5295 	INFO 	Keyboard events cleared
184.5293 	EXP 	Probe: autoDraw = True
184.6299 	EXP 	Device response: <KeyPress from None: t=184.4480801000027, value=v, duration=0.18119689996819943>
184.7795 	EXP 	Device response: <KeyPress from None: t=184.7677122000605, value=v, duration=None>
184.7800 	EXP 	New trial (rep=20, index=2): <Trial 82 (2 in rep 20) data={'Pos': np.int64(50), 'corr_resp': 'c', 'thisN': 82, 'thisTrialN': 2, 'thisRepN': 20}>
184.7819 	DATA 	Keypress: v
184.7977 	EXP 	Fixation: autoDraw = False
184.7977 	EXP 	Line1: autoDraw = False
184.7977 	EXP 	Line2: autoDraw = False
184.7977 	EXP 	Line3: autoDraw = False
184.7977 	EXP 	Line4: autoDraw = False
184.7977 	EXP 	Probe: autoDraw = False
184.7977 	EXP 	Fixation: autoDraw = True
184.9651 	EXP 	Device response: <KeyPress from None: t=184.7677122000605, value=v, duration=0.19682819989975542>
185.7820 	EXP 	Line1: autoDraw = True
185.7820 	EXP 	Line2: autoDraw = True
185.7820 	EXP 	Line3: autoDraw = True
185.7820 	EXP 	Line4: autoDraw = True
185.7958 	EXP 	Fixation: autoDraw = False
186.7797 	INFO 	Keyboard events cleared
186.7795 	EXP 	Probe: autoDraw = True
187.2630 	EXP 	Device response: <KeyPress from None: t=187.2586720000254, value=c, duration=None>
187.2636 	EXP 	New trial (rep=20, index=3): <Trial 83 (3 in rep 20) data={'Pos': np.int64(-150), 'corr_resp': 'z', 'thisN': 83, 'thisTrialN': 3, 'thisRepN': 20}>
187.2654 	DATA 	Keypress: c
187.2811 	EXP 	Fixation: autoDraw = False
187.2811 	EXP 	Line1: autoDraw = False
187.2811 	EXP 	Line2: autoDraw = False
187.2811 	EXP 	Line3: autoDraw = False
187.2811 	EXP 	Line4: autoDraw = False
187.2811 	EXP 	Probe: autoDraw = False
187.2811 	EXP 	Fixation: autoDraw = True
187.4160 	EXP 	Device response: <KeyPress from None: t=187.2586720000254, value=c, duration=0.14320099994074553>
188.2643 	EXP 	Line1: autoDraw = True
188.2643 	EXP 	Line2: autoDraw = True
188.2643 	EXP 	Line3: autoDraw = True
188.2643 	EXP 	Line4: autoDraw = True
188.2793 	EXP 	Fixation: autoDraw = False
189.1789 	EXP 	Device response: <KeyPress from None: t=189.1766287999926, value=z, duration=None>
189.1798 	DATA 	Keypress: z
189.2620 	INFO 	Keyboard events cleared
189.2619 	EXP 	Probe: autoDraw = True
189.3628 	EXP 	Device response: <KeyPress from None: t=189.1766287999926, value=z, duration=0.18207490001805127>
189.4787 	EXP 	Device response: <KeyPress from None: t=189.46757790003903, value=z, duration=None>
189.4789 	EXP 	New trial (rep=21, index=0): <Trial 84 (0 in rep 21) data={'Pos': np.int64(-50), 'corr_resp': 'x', 'thisN': 84, 'thisTrialN': 0, 'thisRepN': 21}>
189.4797 	DATA 	Keypress: z
189.4974 	EXP 	Fixation: autoDraw = False
189.4974 	EXP 	Line1: autoDraw = False
189.4974 	EXP 	Line2: autoDraw = False
189.4974 	EXP 	Line3: autoDraw = False
189.4974 	EXP 	Line4: autoDraw = False
189.4974 	EXP 	Probe: autoDraw = False
189.4974 	EXP 	Fixation: autoDraw = True
189.5986 	EXP 	Device response: <KeyPress from None: t=189.46757790003903, value=z, duration=0.12939120002556592>
190.4809 	EXP 	Line1: autoDraw = True
190.4809 	EXP 	Line2: autoDraw = True
190.4809 	EXP 	Line3: autoDraw = True
190.4809 	EXP 	Line4: autoDraw = True
190.4958 	EXP 	Fixation: autoDraw = False
190.8963 	EXP 	Device response: <KeyPress from None: t=190.89197650004644, value=x, duration=None>
190.8980 	DATA 	Keypress: x
190.9795 	EXP 	Device response: <KeyPress from None: t=182.51178030006122, value=x, duration=8.459225600003265>
191.4489 	DATA 	Keypress: x
191.4632 	EXP 	Device response: <KeyPress from None: t=191.44832860003226, value=x, duration=None>
191.4793 	INFO 	Keyboard events cleared
191.4790 	EXP 	Probe: autoDraw = True
191.5463 	EXP 	Device response: <KeyPress from None: t=190.89197650004644, value=x, duration=0.6477266999427229>
191.7993 	DATA 	Keypress: x
191.8130 	EXP 	Device response: <KeyPress from None: t=191.7983961000573, value=x, duration=None>
191.8133 	EXP 	New trial (rep=21, index=1): <Trial 85 (1 in rep 21) data={'Pos': np.int64(150), 'corr_resp': 'v', 'thisN': 85, 'thisTrialN': 1, 'thisRepN': 21}>
191.8305 	EXP 	Fixation: autoDraw = False
191.8305 	EXP 	Line1: autoDraw = False
191.8305 	EXP 	Line2: autoDraw = False
191.8305 	EXP 	Line3: autoDraw = False
191.8305 	EXP 	Line4: autoDraw = False
191.8305 	EXP 	Probe: autoDraw = False
191.8305 	EXP 	Fixation: autoDraw = True
191.9146 	EXP 	Device response: <KeyPress from None: t=191.44832860003226, value=x, duration=0.4501648999284953>
192.8147 	EXP 	Line1: autoDraw = True
192.8147 	EXP 	Line2: autoDraw = True
192.8147 	EXP 	Line3: autoDraw = True
192.8147 	EXP 	Line4: autoDraw = True
192.8290 	EXP 	Fixation: autoDraw = False
193.8289 	INFO 	Keyboard events cleared
193.8288 	EXP 	Probe: autoDraw = True
193.8979 	DATA 	Keypress: v
193.9129 	EXP 	Device response: <KeyPress from None: t=193.89753550000023, value=v, duration=None>
193.9132 	EXP 	New trial (rep=21, index=2): <Trial 86 (2 in rep 21) data={'Pos': np.int64(50), 'corr_resp': 'c', 'thisN': 86, 'thisTrialN': 2, 'thisRepN': 21}>
193.9309 	EXP 	Fixation: autoDraw = False
193.9309 	EXP 	Line1: autoDraw = False
193.9309 	EXP 	Line2: autoDraw = False
193.9309 	EXP 	Line3: autoDraw = False
193.9309 	EXP 	Line4: autoDraw = False
193.9309 	EXP 	Probe: autoDraw = False
193.9309 	EXP 	Fixation: autoDraw = True
194.0147 	EXP 	Device response: <KeyPress from None: t=193.89753550000023, value=v, duration=0.10617579997051507>
194.9139 	EXP 	Line1: autoDraw = True
194.9139 	EXP 	Line2: autoDraw = True
194.9139 	EXP 	Line3: autoDraw = True
194.9139 	EXP 	Line4: autoDraw = True
194.9291 	EXP 	Fixation: autoDraw = False
195.9123 	INFO 	Keyboard events cleared
195.9122 	EXP 	Probe: autoDraw = True
195.9964 	EXP 	Device response: <KeyPress from None: t=195.99039609998, value=c, duration=None>
195.9969 	EXP 	New trial (rep=21, index=3): <Trial 87 (3 in rep 21) data={'Pos': np.int64(-150), 'corr_resp': 'z', 'thisN': 87, 'thisTrialN': 3, 'thisRepN': 21}>
195.9997 	DATA 	Keypress: c
196.0141 	EXP 	Fixation: autoDraw = False
196.0141 	EXP 	Line1: autoDraw = False
196.0141 	EXP 	Line2: autoDraw = False
196.0141 	EXP 	Line3: autoDraw = False
196.0141 	EXP 	Line4: autoDraw = False
196.0141 	EXP 	Probe: autoDraw = False
196.0141 	EXP 	Fixation: autoDraw = True
196.0816 	EXP 	Device response: <KeyPress from None: t=195.99039609998, value=c, duration=0.08175290003418922>
196.9976 	EXP 	Line1: autoDraw = True
196.9976 	EXP 	Line2: autoDraw = True
196.9976 	EXP 	Line3: autoDraw = True
196.9976 	EXP 	Line4: autoDraw = True
197.0123 	EXP 	Fixation: autoDraw = False
197.9308 	DATA 	Keypress: z
197.9460 	EXP 	Device response: <KeyPress from None: t=197.92903700005263, value=z, duration=None>
198.0126 	INFO 	Keyboard events cleared
198.0123 	EXP 	Probe: autoDraw = True
198.2293 	EXP 	Device response: <KeyPress from None: t=198.21607930003665, value=z, duration=None>
198.2298 	EXP 	New trial (rep=22, index=0): <Trial 88 (0 in rep 22) data={'Pos': np.int64(-50), 'corr_resp': 'x', 'thisN': 88, 'thisTrialN': 0, 'thisRepN': 22}>
198.2317 	DATA 	Keypress: z
198.2474 	EXP 	Fixation: autoDraw = False
198.2474 	EXP 	Line1: autoDraw = False
198.2474 	EXP 	Line2: autoDraw = False
198.2474 	EXP 	Line3: autoDraw = False
198.2474 	EXP 	Line4: autoDraw = False
198.2474 	EXP 	Probe: autoDraw = False
198.2474 	EXP 	Fixation: autoDraw = True
198.2808 	EXP 	Device response: <KeyPress from None: t=197.92903700005263, value=z, duration=0.3497262999881059>
199.2305 	EXP 	Line1: autoDraw = True
199.2305 	EXP 	Line2: autoDraw = True
199.2305 	EXP 	Line3: autoDraw = True
199.2305 	EXP 	Line4: autoDraw = True
199.2451 	EXP 	Fixation: autoDraw = False
200.2453 	INFO 	Keyboard events cleared
200.2451 	EXP 	Probe: autoDraw = True
200.3956 	EXP 	Device response: <KeyPress from None: t=200.38049879996106, value=x, duration=None>
200.3959 	EXP 	New trial (rep=22, index=1): <Trial 89 (1 in rep 22) data={'Pos': np.int64(150), 'corr_resp': 'v', 'thisN': 89, 'thisTrialN': 1, 'thisRepN': 22}>
200.3968 	DATA 	Keypress: x
200.4135 	EXP 	Fixation: autoDraw = False
200.4135 	EXP 	Line1: autoDraw = False
200.4135 	EXP 	Line2: autoDraw = False
200.4135 	EXP 	Line3: autoDraw = False
200.4135 	EXP 	Line4: autoDraw = False
200.4135 	EXP 	Probe: autoDraw = False
200.4135 	EXP 	Fixation: autoDraw = True
200.4816 	EXP 	Device response: <KeyPress from None: t=191.7983961000573, value=x, duration=8.667843099916354>
201.3972 	EXP 	Line1: autoDraw = True
201.3972 	EXP 	Line2: autoDraw = True
201.3972 	EXP 	Line3: autoDraw = True
201.3972 	EXP 	Line4: autoDraw = True
201.4117 	EXP 	Fixation: autoDraw = False
202.3790 	EXP 	Device response: <KeyPress from None: t=202.36421849997714, value=v, duration=None>
202.3809 	DATA 	Keypress: v
202.3955 	INFO 	Keyboard events cleared
202.3953 	EXP 	Probe: autoDraw = True
202.4957 	EXP 	Device response: <KeyPress from None: t=202.36421849997714, value=v, duration=0.1143778000259772>
202.6289 	EXP 	Device response: <KeyPress from None: t=202.6173496999545, value=v, duration=None>
202.6293 	EXP 	New trial (rep=22, index=2): <Trial 90 (2 in rep 22) data={'Pos': np.int64(50), 'corr_resp': 'c', 'thisN': 90, 'thisTrialN': 2, 'thisRepN': 22}>
202.6309 	DATA 	Keypress: v
202.6471 	EXP 	Fixation: autoDraw = False
202.6471 	EXP 	Line1: autoDraw = False
202.6471 	EXP 	Line2: autoDraw = False
202.6471 	EXP 	Line3: autoDraw = False
202.6471 	EXP 	Line4: autoDraw = False
202.6471 	EXP 	Probe: autoDraw = False
202.6471 	EXP 	Fixation: autoDraw = True
202.7647 	EXP 	Device response: <KeyPress from None: t=202.6173496999545, value=v, duration=0.13179350004065782>
203.6306 	EXP 	Line1: autoDraw = True
203.6306 	EXP 	Line2: autoDraw = True
203.6306 	EXP 	Line3: autoDraw = True
203.6306 	EXP 	Line4: autoDraw = True
203.6459 	EXP 	Fixation: autoDraw = False
204.6287 	INFO 	Keyboard events cleared
204.6286 	EXP 	Probe: autoDraw = True
204.8958 	EXP 	Device response: <KeyPress from None: t=204.89337720000185, value=c, duration=None>
204.8964 	EXP 	New trial (rep=22, index=3): <Trial 91 (3 in rep 22) data={'Pos': np.int64(-150), 'corr_resp': 'z', 'thisN': 91, 'thisTrialN': 3, 'thisRepN': 22}>
204.8981 	DATA 	Keypress: c
204.9140 	EXP 	Fixation: autoDraw = False
204.9140 	EXP 	Line1: autoDraw = False
204.9140 	EXP 	Line2: autoDraw = False
204.9140 	EXP 	Line3: autoDraw = False
204.9140 	EXP 	Line4: autoDraw = False
204.9140 	EXP 	Probe: autoDraw = False
204.9140 	EXP 	Fixation: autoDraw = True
205.0310 	EXP 	Device response: <KeyPress from None: t=204.89337720000185, value=c, duration=0.12183890002779663>
205.8976 	EXP 	Line1: autoDraw = True
205.8976 	EXP 	Line2: autoDraw = True
205.8976 	EXP 	Line3: autoDraw = True
205.8976 	EXP 	Line4: autoDraw = True
205.9120 	EXP 	Fixation: autoDraw = False
206.9124 	INFO 	Keyboard events cleared
206.9122 	EXP 	Probe: autoDraw = True
207.0626 	EXP 	Device response: <KeyPress from None: t=207.0592315000249, value=z, duration=None>
207.0630 	EXP 	New trial (rep=23, index=0): <Trial 92 (0 in rep 23) data={'Pos': np.int64(-50), 'corr_resp': 'x', 'thisN': 92, 'thisTrialN': 0, 'thisRepN': 23}>
207.0647 	DATA 	Keypress: z
207.0810 	EXP 	Fixation: autoDraw = False
207.0810 	EXP 	Line1: autoDraw = False
207.0810 	EXP 	Line2: autoDraw = False
207.0810 	EXP 	Line3: autoDraw = False
207.0810 	EXP 	Line4: autoDraw = False
207.0810 	EXP 	Probe: autoDraw = False
207.0810 	EXP 	Fixation: autoDraw = True
207.1645 	EXP 	Device response: <KeyPress from None: t=198.21607930003665, value=z, duration=8.934768099919893>
208.0639 	EXP 	Line1: autoDraw = True
208.0639 	EXP 	Line2: autoDraw = True
208.0639 	EXP 	Line3: autoDraw = True
208.0639 	EXP 	Line4: autoDraw = True
208.0786 	EXP 	Fixation: autoDraw = False
209.0787 	INFO 	Keyboard events cleared
209.0786 	EXP 	Probe: autoDraw = True
209.4126 	EXP 	Device response: <KeyPress from None: t=209.4031586999772, value=x, duration=None>
209.4131 	EXP 	New trial (rep=23, index=1): <Trial 93 (1 in rep 23) data={'Pos': np.int64(150), 'corr_resp': 'v', 'thisN': 93, 'thisTrialN': 1, 'thisRepN': 23}>
209.4152 	DATA 	Keypress: x
209.4305 	EXP 	Fixation: autoDraw = False
209.4305 	EXP 	Line1: autoDraw = False
209.4305 	EXP 	Line2: autoDraw = False
209.4305 	EXP 	Line3: autoDraw = False
209.4305 	EXP 	Line4: autoDraw = False
209.4305 	EXP 	Probe: autoDraw = False
209.4305 	EXP 	Fixation: autoDraw = True
209.4977 	EXP 	Device response: <KeyPress from None: t=200.38049879996106, value=x, duration=9.102686100057326>
210.4139 	EXP 	Line1: autoDraw = True
210.4139 	EXP 	Line2: autoDraw = True
210.4139 	EXP 	Line3: autoDraw = True
210.4139 	EXP 	Line4: autoDraw = True
210.4285 	EXP 	Fixation: autoDraw = False
211.4287 	INFO 	Keyboard events cleared
211.4285 	EXP 	Probe: autoDraw = True
211.4459 	EXP 	Device response: <KeyPress from None: t=211.44410419999622, value=v, duration=None>
211.4465 	EXP 	New trial (rep=23, index=2): <Trial 94 (2 in rep 23) data={'Pos': np.int64(50), 'corr_resp': 'c', 'thisN': 94, 'thisTrialN': 2, 'thisRepN': 23}>
211.4482 	DATA 	Keypress: v
211.4639 	EXP 	Fixation: autoDraw = False
211.4639 	EXP 	Line1: autoDraw = False
211.4639 	EXP 	Line2: autoDraw = False
211.4639 	EXP 	Line3: autoDraw = False
211.4639 	EXP 	Line4: autoDraw = False
211.4639 	EXP 	Probe: autoDraw = False
211.4639 	EXP 	Fixation: autoDraw = True
211.5812 	EXP 	Device response: <KeyPress from None: t=211.44410419999622, value=v, duration=0.12829879997298121>
212.4473 	EXP 	Line1: autoDraw = True
212.4473 	EXP 	Line2: autoDraw = True
212.4473 	EXP 	Line3: autoDraw = True
212.4473 	EXP 	Line4: autoDraw = True
212.4620 	EXP 	Fixation: autoDraw = False
213.4457 	INFO 	Keyboard events cleared
213.4455 	EXP 	Probe: autoDraw = True
213.5458 	EXP 	Device response: <KeyPress from None: t=213.54457120003644, value=c, duration=None>
213.5463 	EXP 	New trial (rep=23, index=3): <Trial 95 (3 in rep 23) data={'Pos': np.int64(-150), 'corr_resp': 'z', 'thisN': 95, 'thisTrialN': 3, 'thisRepN': 23}>
213.5482 	DATA 	Keypress: c
213.5638 	EXP 	Fixation: autoDraw = False
213.5638 	EXP 	Line1: autoDraw = False
213.5638 	EXP 	Line2: autoDraw = False
213.5638 	EXP 	Line3: autoDraw = False
213.5638 	EXP 	Line4: autoDraw = False
213.5638 	EXP 	Probe: autoDraw = False
213.5638 	EXP 	Fixation: autoDraw = True
213.6811 	EXP 	Device response: <KeyPress from None: t=213.54457120003644, value=c, duration=0.12887999997474253>
214.5472 	EXP 	Line1: autoDraw = True
214.5472 	EXP 	Line2: autoDraw = True
214.5472 	EXP 	Line3: autoDraw = True
214.5472 	EXP 	Line4: autoDraw = True
214.5620 	EXP 	Fixation: autoDraw = False
215.4141 	DATA 	Keypress: z
215.4293 	EXP 	Device response: <KeyPress from None: t=215.4130782999564, value=z, duration=None>
215.5456 	INFO 	Keyboard events cleared
215.5454 	EXP 	Probe: autoDraw = True
215.6126 	EXP 	Device response: <KeyPress from None: t=207.0592315000249, value=z, duration=8.537892799940892>
215.8124 	EXP 	Device response: <KeyPress from None: t=215.80665479996242, value=z, duration=None>
215.8129 	EXP 	New trial (rep=24, index=0): <Trial 96 (0 in rep 24) data={'Pos': np.int64(-50), 'corr_resp': 'x', 'thisN': 96, 'thisTrialN': 0, 'thisRepN': 24}>
215.8147 	DATA 	Keypress: z
215.8304 	EXP 	Fixation: autoDraw = False
215.8304 	EXP 	Line1: autoDraw = False
215.8304 	EXP 	Line2: autoDraw = False
215.8304 	EXP 	Line3: autoDraw = False
215.8304 	EXP 	Line4: autoDraw = False
215.8304 	EXP 	Probe: autoDraw = False
215.8304 	EXP 	Fixation: autoDraw = True
216.0310 	EXP 	Device response: <KeyPress from None: t=215.4130782999564, value=z, duration=0.6009032001020387>
216.8139 	EXP 	Line1: autoDraw = True
216.8139 	EXP 	Line2: autoDraw = True
216.8139 	EXP 	Line3: autoDraw = True
216.8139 	EXP 	Line4: autoDraw = True
216.8286 	EXP 	Fixation: autoDraw = False
217.8122 	INFO 	Keyboard events cleared
217.8120 	EXP 	Probe: autoDraw = True
218.1123 	EXP 	Device response: <KeyPress from None: t=218.10874820000026, value=z, duration=None>
218.1127 	EXP 	New trial (rep=24, index=1): <Trial 97 (1 in rep 24) data={'Pos': np.int64(150), 'corr_resp': 'v', 'thisN': 97, 'thisTrialN': 1, 'thisRepN': 24}>
218.1145 	DATA 	Keypress: z
218.1301 	EXP 	Fixation: autoDraw = False
218.1301 	EXP 	Line1: autoDraw = False
218.1301 	EXP 	Line2: autoDraw = False
218.1301 	EXP 	Line3: autoDraw = False
218.1301 	EXP 	Line4: autoDraw = False
218.1301 	EXP 	Probe: autoDraw = False
218.1301 	EXP 	Fixation: autoDraw = True
218.1970 	EXP 	Device response: <KeyPress from None: t=215.80665479996242, value=z, duration=2.38452230009716>
219.1133 	EXP 	Line1: autoDraw = True
219.1133 	EXP 	Line2: autoDraw = True
219.1133 	EXP 	Line3: autoDraw = True
219.1133 	EXP 	Line4: autoDraw = True
219.1279 	EXP 	Fixation: autoDraw = False
220.1287 	INFO 	Keyboard events cleared
220.1285 	EXP 	Probe: autoDraw = True
221.0622 	EXP 	Device response: <KeyPress from None: t=221.05157420004252, value=v, duration=None>
221.0628 	EXP 	New trial (rep=24, index=2): <Trial 98 (2 in rep 24) data={'Pos': np.int64(50), 'corr_resp': 'c', 'thisN': 98, 'thisTrialN': 2, 'thisRepN': 24}>
221.0647 	DATA 	Keypress: v
221.0801 	EXP 	Fixation: autoDraw = False
221.0801 	EXP 	Line1: autoDraw = False
221.0801 	EXP 	Line2: autoDraw = False
221.0801 	EXP 	Line3: autoDraw = False
221.0801 	EXP 	Line4: autoDraw = False
221.0801 	EXP 	Probe: autoDraw = False
221.0801 	EXP 	Fixation: autoDraw = True
221.2648 	EXP 	Device response: <KeyPress from None: t=221.05157420004252, value=v, duration=0.21119449997786433>
222.0632 	EXP 	Line1: autoDraw = True
222.0632 	EXP 	Line2: autoDraw = True
222.0632 	EXP 	Line3: autoDraw = True
222.0632 	EXP 	Line4: autoDraw = True
222.0779 	EXP 	Fixation: autoDraw = False
223.0620 	INFO 	Keyboard events cleared
223.0618 	EXP 	Probe: autoDraw = True
223.4286 	EXP 	Device response: <KeyPress from None: t=223.42437090002932, value=c, duration=None>
223.4291 	EXP 	New trial (rep=24, index=3): <Trial 99 (3 in rep 24) data={'Pos': np.int64(-150), 'corr_resp': 'z', 'thisN': 99, 'thisTrialN': 3, 'thisRepN': 24}>
223.4309 	DATA 	Keypress: c
223.4467 	EXP 	Fixation: autoDraw = False
223.4467 	EXP 	Line1: autoDraw = False
223.4467 	EXP 	Line2: autoDraw = False
223.4467 	EXP 	Line3: autoDraw = False
223.4467 	EXP 	Line4: autoDraw = False
223.4467 	EXP 	Probe: autoDraw = False
223.4467 	EXP 	Fixation: autoDraw = True
223.6139 	EXP 	Device response: <KeyPress from None: t=223.42437090002932, value=c, duration=0.1857660999521613>
224.4300 	EXP 	Line1: autoDraw = True
224.4300 	EXP 	Line2: autoDraw = True
224.4300 	EXP 	Line3: autoDraw = True
224.4300 	EXP 	Line4: autoDraw = True
224.4451 	EXP 	Fixation: autoDraw = False
225.4286 	INFO 	Keyboard events cleared
225.4283 	EXP 	Probe: autoDraw = True
225.8953 	EXP 	Device response: <KeyPress from None: t=225.8898043000372, value=z, duration=None>
225.9040 	EXP 	Imported ConditionsFile.csv as conditions, 4 conditions, 2 params
225.9092 	EXP 	New trial (rep=0, index=0): <Trial 0 (0 in rep 0) data={'Pos': np.int64(-150), 'corr_resp': 'z', 'thisN': 0, 'thisTrialN': 0, 'thisRepN': 0}>
225.9121 	DATA 	Keypress: z
225.9159 	EXP 	Fixation: autoDraw = False
225.9159 	EXP 	Line1: autoDraw = False
225.9159 	EXP 	Line2: autoDraw = False
225.9159 	EXP 	Line3: autoDraw = False
225.9159 	EXP 	Line4: autoDraw = False
225.9159 	EXP 	Probe: autoDraw = False
225.9159 	EXP 	Fixation2: autoDraw = True
226.1306 	EXP 	Device response: <KeyPress from None: t=218.10874820000026, value=z, duration=8.020970599958673>
226.8968 	EXP 	line1: autoDraw = True
226.8968 	EXP 	line2: autoDraw = True
226.8968 	EXP 	line3: autoDraw = True
226.8968 	EXP 	line4: autoDraw = True
226.9283 	EXP 	Fixation2: autoDraw = False
227.8953 	INFO 	Keyboard events cleared
227.8951 	EXP 	probe2: autoDraw = True
228.3287 	EXP 	Device response: <KeyPress from None: t=228.32151360006537, value=z, duration=None>
228.3292 	EXP 	New trial (rep=1, index=1): <Trial 1 (1 in rep 1) data={'Pos': np.int64(-150), 'corr_resp': 'z', 'thisN': 1, 'thisTrialN': 1, 'thisRepN': 1}>
228.3313 	DATA 	Keypress: z
228.3468 	EXP 	Fixation2: autoDraw = False
228.3468 	EXP 	line1: autoDraw = False
228.3468 	EXP 	line2: autoDraw = False
228.3468 	EXP 	line3: autoDraw = False
228.3468 	EXP 	line4: autoDraw = False
228.3468 	EXP 	probe2: autoDraw = False
228.3468 	EXP 	Fixation2: autoDraw = True
228.5307 	EXP 	Device response: <KeyPress from None: t=225.8898043000372, value=z, duration=2.6321817999705672>
229.3296 	EXP 	line1: autoDraw = True
229.3296 	EXP 	line2: autoDraw = True
229.3296 	EXP 	line3: autoDraw = True
229.3296 	EXP 	line4: autoDraw = True
229.3450 	EXP 	Fixation2: autoDraw = False
230.3450 	INFO 	Keyboard events cleared
230.3448 	EXP 	probe2: autoDraw = True
231.0309 	DATA 	Keypress: z
231.0451 	EXP 	Device response: <KeyPress from None: t=231.02884200005792, value=z, duration=None>
231.0456 	EXP 	New trial (rep=0, index=2): <Trial 2 (2 in rep 0) data={'Pos': np.int64(150), 'corr_resp': 'v', 'thisN': 2, 'thisTrialN': 2, 'thisRepN': 0}>
231.0633 	EXP 	Fixation2: autoDraw = False
231.0633 	EXP 	line1: autoDraw = False
231.0633 	EXP 	line2: autoDraw = False
231.0633 	EXP 	line3: autoDraw = False
231.0633 	EXP 	line4: autoDraw = False
231.0633 	EXP 	probe2: autoDraw = False
231.0633 	EXP 	Fixation2: autoDraw = True
231.2469 	EXP 	Device response: <KeyPress from None: t=228.32151360006537, value=z, duration=2.9100717999972403>
232.0466 	EXP 	line1: autoDraw = True
232.0466 	EXP 	line2: autoDraw = True
232.0466 	EXP 	line3: autoDraw = True
232.0466 	EXP 	line4: autoDraw = True
232.0616 	EXP 	Fixation2: autoDraw = False
233.0452 	INFO 	Keyboard events cleared
233.0450 	EXP 	probe2: autoDraw = True
233.7954 	EXP 	Device response: <KeyPress from None: t=233.78270980005618, value=v, duration=None>
233.7959 	EXP 	New trial (rep=0, index=3): <Trial 3 (3 in rep 0) data={'Pos': np.int64(-50), 'corr_resp': 'x', 'thisN': 3, 'thisTrialN': 3, 'thisRepN': 0}>
233.7977 	DATA 	Keypress: v
233.8136 	EXP 	Fixation2: autoDraw = False
233.8136 	EXP 	line1: autoDraw = False
233.8136 	EXP 	line2: autoDraw = False
233.8136 	EXP 	line3: autoDraw = False
233.8136 	EXP 	line4: autoDraw = False
233.8136 	EXP 	probe2: autoDraw = False
233.8136 	EXP 	Fixation2: autoDraw = True
233.9473 	EXP 	Device response: <KeyPress from None: t=233.78270980005618, value=v, duration=0.153514500008896>
234.7965 	EXP 	line1: autoDraw = True
234.7965 	EXP 	line2: autoDraw = True
234.7965 	EXP 	line3: autoDraw = True
234.7965 	EXP 	line4: autoDraw = True
234.8116 	EXP 	Fixation2: autoDraw = False
235.8117 	INFO 	Keyboard events cleared
235.8115 	EXP 	probe2: autoDraw = True
237.0283 	EXP 	Device response: <KeyPress from None: t=237.02637159998994, value=x, duration=None>
237.0289 	EXP 	New trial (rep=2, index=4): <Trial 4 (4 in rep 2) data={'Pos': np.int64(-150), 'corr_resp': 'z', 'thisN': 4, 'thisTrialN': 4, 'thisRepN': 2}>
237.0308 	DATA 	Keypress: x
237.0465 	EXP 	Fixation2: autoDraw = False
237.0465 	EXP 	line1: autoDraw = False
237.0465 	EXP 	line2: autoDraw = False
237.0465 	EXP 	line3: autoDraw = False
237.0465 	EXP 	line4: autoDraw = False
237.0465 	EXP 	probe2: autoDraw = False
237.0465 	EXP 	Fixation2: autoDraw = True
237.2637 	EXP 	Device response: <KeyPress from None: t=209.4031586999772, value=x, duration=27.845675999997184>
238.0295 	EXP 	line1: autoDraw = True
238.0295 	EXP 	line2: autoDraw = True
238.0295 	EXP 	line3: autoDraw = True
238.0295 	EXP 	line4: autoDraw = True
238.0444 	EXP 	Fixation2: autoDraw = False
239.0281 	INFO 	Keyboard events cleared
239.0279 	EXP 	probe2: autoDraw = True
239.5118 	EXP 	Device response: <KeyPress from None: t=239.5025280000409, value=z, duration=None>
239.5124 	EXP 	New trial (rep=3, index=5): <Trial 5 (5 in rep 3) data={'Pos': np.int64(-150), 'corr_resp': 'z', 'thisN': 5, 'thisTrialN': 5, 'thisRepN': 3}>
239.5143 	DATA 	Keypress: z
239.5296 	EXP 	Fixation2: autoDraw = False
239.5296 	EXP 	line1: autoDraw = False
239.5296 	EXP 	line2: autoDraw = False
239.5296 	EXP 	line3: autoDraw = False
239.5296 	EXP 	line4: autoDraw = False
239.5296 	EXP 	probe2: autoDraw = False
239.5296 	EXP 	Fixation2: autoDraw = True
239.6805 	EXP 	Device response: <KeyPress from None: t=231.02884200005792, value=z, duration=8.637330399942584>
240.5130 	EXP 	line1: autoDraw = True
240.5130 	EXP 	line2: autoDraw = True
240.5130 	EXP 	line3: autoDraw = True
240.5130 	EXP 	line4: autoDraw = True
240.5279 	EXP 	Fixation2: autoDraw = False
241.5116 	INFO 	Keyboard events cleared
241.5114 	EXP 	probe2: autoDraw = True
242.0946 	EXP 	Device response: <KeyPress from None: t=242.08256030001212, value=z, duration=None>
242.0952 	EXP 	New trial (rep=1, index=6): <Trial 6 (6 in rep 1) data={'Pos': np.int64(-50), 'corr_resp': 'x', 'thisN': 6, 'thisTrialN': 6, 'thisRepN': 1}>
242.0971 	DATA 	Keypress: z
242.1129 	EXP 	Fixation2: autoDraw = False
242.1129 	EXP 	line1: autoDraw = False
242.1129 	EXP 	line2: autoDraw = False
242.1129 	EXP 	line3: autoDraw = False
242.1129 	EXP 	line4: autoDraw = False
242.1129 	EXP 	probe2: autoDraw = False
242.1129 	EXP 	Fixation2: autoDraw = True
242.2472 	EXP 	Device response: <KeyPress from None: t=239.5025280000409, value=z, duration=2.7428391999565065>
243.0964 	EXP 	line1: autoDraw = True
243.0964 	EXP 	line2: autoDraw = True
243.0964 	EXP 	line3: autoDraw = True
243.0964 	EXP 	line4: autoDraw = True
243.1111 	EXP 	Fixation2: autoDraw = False
244.0946 	INFO 	Keyboard events cleared
244.0944 	EXP 	probe2: autoDraw = True
244.6117 	EXP 	Device response: <KeyPress from None: t=244.59885029995348, value=x, duration=None>
244.6122 	EXP 	New trial (rep=4, index=7): <Trial 7 (7 in rep 4) data={'Pos': np.int64(-150), 'corr_resp': 'z', 'thisN': 7, 'thisTrialN': 7, 'thisRepN': 4}>
244.6141 	DATA 	Keypress: x
244.6293 	EXP 	Fixation2: autoDraw = False
244.6293 	EXP 	line1: autoDraw = False
244.6293 	EXP 	line2: autoDraw = False
244.6293 	EXP 	line3: autoDraw = False
244.6293 	EXP 	line4: autoDraw = False
244.6293 	EXP 	probe2: autoDraw = False
244.6293 	EXP 	Fixation2: autoDraw = True
244.7634 	EXP 	Device response: <KeyPress from None: t=237.02637159998994, value=x, duration=7.728307400015183>
245.6130 	EXP 	line1: autoDraw = True
245.6130 	EXP 	line2: autoDraw = True
245.6130 	EXP 	line3: autoDraw = True
245.6130 	EXP 	line4: autoDraw = True
245.6276 	EXP 	Fixation2: autoDraw = False
246.6114 	INFO 	Keyboard events cleared
246.6112 	EXP 	probe2: autoDraw = True
247.1114 	EXP 	Device response: <KeyPress from None: t=247.10631469998043, value=z, duration=None>
247.1124 	EXP 	New trial (rep=0, index=8): <Trial 8 (8 in rep 0) data={'Pos': np.int64(50), 'corr_resp': 'c', 'thisN': 8, 'thisTrialN': 8, 'thisRepN': 0}>
247.1154 	DATA 	Keypress: z
247.1294 	EXP 	Fixation2: autoDraw = False
247.1294 	EXP 	line1: autoDraw = False
247.1294 	EXP 	line2: autoDraw = False
247.1294 	EXP 	line3: autoDraw = False
247.1294 	EXP 	line4: autoDraw = False
247.1294 	EXP 	probe2: autoDraw = False
247.1294 	EXP 	Fixation2: autoDraw = True
247.3134 	EXP 	Device response: <KeyPress from None: t=242.08256030001212, value=z, duration=5.217701500048861>
248.1129 	EXP 	line1: autoDraw = True
248.1129 	EXP 	line2: autoDraw = True
248.1129 	EXP 	line3: autoDraw = True
248.1129 	EXP 	line4: autoDraw = True
248.1276 	EXP 	Fixation2: autoDraw = False
249.1274 	INFO 	Keyboard events cleared
249.1272 	EXP 	probe2: autoDraw = True
249.8613 	EXP 	Device response: <KeyPress from None: t=249.85534310003277, value=v, duration=None>
249.8620 	EXP 	New trial (rep=1, index=9): <Trial 9 (9 in rep 1) data={'Pos': np.int64(150), 'corr_resp': 'v', 'thisN': 9, 'thisTrialN': 9, 'thisRepN': 1}>
249.8642 	DATA 	Keypress: v
249.8797 	EXP 	Fixation2: autoDraw = False
249.8797 	EXP 	line1: autoDraw = False
249.8797 	EXP 	line2: autoDraw = False
249.8797 	EXP 	line3: autoDraw = False
249.8797 	EXP 	line4: autoDraw = False
249.8797 	EXP 	probe2: autoDraw = False
249.8797 	EXP 	Fixation2: autoDraw = True
249.9634 	EXP 	Device response: <KeyPress from None: t=249.85534310003277, value=v, duration=0.09974670002702624>
250.8628 	EXP 	line1: autoDraw = True
250.8628 	EXP 	line2: autoDraw = True
250.8628 	EXP 	line3: autoDraw = True
250.8628 	EXP 	line4: autoDraw = True
250.8780 	EXP 	Fixation2: autoDraw = False
251.8773 	INFO 	Keyboard events cleared
251.8771 	EXP 	probe2: autoDraw = True
252.5123 	DATA 	Keypress: v
252.5273 	EXP 	Device response: <KeyPress from None: t=252.51191120001022, value=v, duration=None>
252.5277 	EXP 	New trial (rep=1, index=10): <Trial 10 (10 in rep 1) data={'Pos': np.int64(50), 'corr_resp': 'c', 'thisN': 10, 'thisTrialN': 10, 'thisRepN': 1}>
252.5459 	EXP 	Fixation2: autoDraw = False
252.5459 	EXP 	line1: autoDraw = False
252.5459 	EXP 	line2: autoDraw = False
252.5459 	EXP 	line3: autoDraw = False
252.5459 	EXP 	line4: autoDraw = False
252.5459 	EXP 	probe2: autoDraw = False
252.5459 	EXP 	Fixation2: autoDraw = True
252.6294 	EXP 	Device response: <KeyPress from None: t=252.51191120001022, value=v, duration=0.10688199999276549>
253.5294 	EXP 	line1: autoDraw = True
253.5294 	EXP 	line2: autoDraw = True
253.5294 	EXP 	line3: autoDraw = True
253.5294 	EXP 	line4: autoDraw = True
253.5437 	EXP 	Fixation2: autoDraw = False
254.5271 	INFO 	Keyboard events cleared
254.5269 	EXP 	probe2: autoDraw = True
255.0605 	EXP 	Device response: <KeyPress from None: t=255.0584749999689, value=c, duration=None>
255.0608 	EXP 	New trial (rep=2, index=11): <Trial 11 (11 in rep 2) data={'Pos': np.int64(-50), 'corr_resp': 'x', 'thisN': 11, 'thisTrialN': 11, 'thisRepN': 2}>
255.0617 	DATA 	Keypress: c
255.0788 	EXP 	Fixation2: autoDraw = False
255.0788 	EXP 	line1: autoDraw = False
255.0788 	EXP 	line2: autoDraw = False
255.0788 	EXP 	line3: autoDraw = False
255.0788 	EXP 	line4: autoDraw = False
255.0788 	EXP 	probe2: autoDraw = False
255.0788 	EXP 	Fixation2: autoDraw = True
255.1792 	EXP 	Device response: <KeyPress from None: t=255.0584749999689, value=c, duration=0.11408309999387711>
256.0621 	EXP 	line1: autoDraw = True
256.0621 	EXP 	line2: autoDraw = True
256.0621 	EXP 	line3: autoDraw = True
256.0621 	EXP 	line4: autoDraw = True
256.0770 	EXP 	Fixation2: autoDraw = False
257.0607 	INFO 	Keyboard events cleared
257.0605 	EXP 	probe2: autoDraw = True
257.4109 	EXP 	Device response: <KeyPress from None: t=257.4067055999767, value=x, duration=None>
257.4113 	EXP 	New trial (rep=2, index=12): <Trial 12 (12 in rep 2) data={'Pos': np.int64(50), 'corr_resp': 'c', 'thisN': 12, 'thisTrialN': 12, 'thisRepN': 2}>
257.4124 	DATA 	Keypress: x
257.4289 	EXP 	Fixation2: autoDraw = False
257.4289 	EXP 	line1: autoDraw = False
257.4289 	EXP 	line2: autoDraw = False
257.4289 	EXP 	line3: autoDraw = False
257.4289 	EXP 	line4: autoDraw = False
257.4289 	EXP 	probe2: autoDraw = False
257.4289 	EXP 	Fixation2: autoDraw = True
257.5631 	EXP 	Device response: <KeyPress from None: t=244.59885029995348, value=x, duration=12.95152990007773>
258.4124 	EXP 	line1: autoDraw = True
258.4124 	EXP 	line2: autoDraw = True
258.4124 	EXP 	line3: autoDraw = True
258.4124 	EXP 	line4: autoDraw = True
258.4269 	EXP 	Fixation2: autoDraw = False
259.4103 	INFO 	Keyboard events cleared
259.4102 	EXP 	probe2: autoDraw = True
260.0270 	EXP 	Device response: <KeyPress from None: t=260.01887190004345, value=c, duration=None>
260.0273 	EXP 	New trial (rep=3, index=13): <Trial 13 (13 in rep 3) data={'Pos': np.int64(50), 'corr_resp': 'c', 'thisN': 13, 'thisTrialN': 13, 'thisRepN': 3}>
260.0284 	DATA 	Keypress: c
260.0455 	EXP 	Fixation2: autoDraw = False
260.0455 	EXP 	line1: autoDraw = False
260.0455 	EXP 	line2: autoDraw = False
260.0455 	EXP 	line3: autoDraw = False
260.0455 	EXP 	line4: autoDraw = False
260.0455 	EXP 	probe2: autoDraw = False
260.0455 	EXP 	Fixation2: autoDraw = True
260.2632 	EXP 	Device response: <KeyPress from None: t=260.01887190004345, value=c, duration=0.22890849993564188>
261.0286 	EXP 	line1: autoDraw = True
261.0286 	EXP 	line2: autoDraw = True
261.0286 	EXP 	line3: autoDraw = True
261.0286 	EXP 	line4: autoDraw = True
261.0436 	EXP 	Fixation2: autoDraw = False
262.0269 	INFO 	Keyboard events cleared
262.0268 	EXP 	probe2: autoDraw = True
262.5268 	EXP 	Device response: <KeyPress from None: t=262.5245607000543, value=c, duration=None>
262.5271 	EXP 	New trial (rep=4, index=14): <Trial 14 (14 in rep 4) data={'Pos': np.int64(50), 'corr_resp': 'c', 'thisN': 14, 'thisTrialN': 14, 'thisRepN': 4}>
262.5283 	DATA 	Keypress: c
262.5451 	EXP 	Fixation2: autoDraw = False
262.5451 	EXP 	line1: autoDraw = False
262.5451 	EXP 	line2: autoDraw = False
262.5451 	EXP 	line3: autoDraw = False
262.5451 	EXP 	line4: autoDraw = False
262.5451 	EXP 	probe2: autoDraw = False
262.5451 	EXP 	Fixation2: autoDraw = True
262.6798 	EXP 	Device response: <KeyPress from None: t=262.5245607000543, value=c, duration=0.13900500000454485>
263.5291 	EXP 	line1: autoDraw = True
263.5291 	EXP 	line2: autoDraw = True
263.5291 	EXP 	line3: autoDraw = True
263.5291 	EXP 	line4: autoDraw = True
263.5434 	EXP 	Fixation2: autoDraw = False
264.5267 	INFO 	Keyboard events cleared
264.5266 	EXP 	probe2: autoDraw = True
264.9604 	EXP 	Device response: <KeyPress from None: t=264.94773839996196, value=c, duration=None>
264.9608 	EXP 	New trial (rep=3, index=15): <Trial 15 (15 in rep 3) data={'Pos': np.int64(-50), 'corr_resp': 'x', 'thisN': 15, 'thisTrialN': 15, 'thisRepN': 3}>
264.9623 	DATA 	Keypress: c
264.9791 	EXP 	Fixation2: autoDraw = False
264.9791 	EXP 	line1: autoDraw = False
264.9791 	EXP 	line2: autoDraw = False
264.9791 	EXP 	line3: autoDraw = False
264.9791 	EXP 	line4: autoDraw = False
264.9791 	EXP 	probe2: autoDraw = False
264.9791 	EXP 	Fixation2: autoDraw = True
265.0457 	EXP 	Device response: <KeyPress from None: t=264.94773839996196, value=c, duration=0.09215150005184114>
265.9618 	EXP 	line1: autoDraw = True
265.9618 	EXP 	line2: autoDraw = True
265.9618 	EXP 	line3: autoDraw = True
265.9618 	EXP 	line4: autoDraw = True
265.9766 	EXP 	Fixation2: autoDraw = False
266.9600 	INFO 	Keyboard events cleared
266.9599 	EXP 	probe2: autoDraw = True
267.3771 	EXP 	Device response: <KeyPress from None: t=267.3715360000497, value=x, duration=None>
267.3774 	EXP 	New trial (rep=5, index=16): <Trial 16 (16 in rep 5) data={'Pos': np.int64(50), 'corr_resp': 'c', 'thisN': 16, 'thisTrialN': 16, 'thisRepN': 5}>
267.3788 	DATA 	Keypress: x
267.3951 	EXP 	Fixation2: autoDraw = False
267.3951 	EXP 	line1: autoDraw = False
267.3951 	EXP 	line2: autoDraw = False
267.3951 	EXP 	line3: autoDraw = False
267.3951 	EXP 	line4: autoDraw = False
267.3951 	EXP 	probe2: autoDraw = False
267.3951 	EXP 	Fixation2: autoDraw = True
267.5455 	EXP 	Device response: <KeyPress from None: t=257.4067055999767, value=x, duration=10.138311400078237>
268.3789 	EXP 	line1: autoDraw = True
268.3789 	EXP 	line2: autoDraw = True
268.3789 	EXP 	line3: autoDraw = True
268.3789 	EXP 	line4: autoDraw = True
268.3932 	EXP 	Fixation2: autoDraw = False
269.3764 	INFO 	Keyboard events cleared
269.3763 	EXP 	probe2: autoDraw = True
270.0603 	EXP 	Device response: <KeyPress from None: t=270.05979720002506, value=c, duration=None>
270.0606 	EXP 	New trial (rep=2, index=17): <Trial 17 (17 in rep 2) data={'Pos': np.int64(150), 'corr_resp': 'v', 'thisN': 17, 'thisTrialN': 17, 'thisRepN': 2}>
270.0620 	DATA 	Keypress: c
270.0792 	EXP 	Fixation2: autoDraw = False
270.0792 	EXP 	line1: autoDraw = False
270.0792 	EXP 	line2: autoDraw = False
270.0792 	EXP 	line3: autoDraw = False
270.0792 	EXP 	line4: autoDraw = False
270.0792 	EXP 	probe2: autoDraw = False
270.0792 	EXP 	Fixation2: autoDraw = True
270.1960 	EXP 	Device response: <KeyPress from None: t=270.05979720002506, value=c, duration=0.12456829997245222>
271.0624 	EXP 	line1: autoDraw = True
271.0624 	EXP 	line2: autoDraw = True
271.0624 	EXP 	line3: autoDraw = True
271.0624 	EXP 	line4: autoDraw = True
271.0764 	EXP 	Fixation2: autoDraw = False
272.0600 	INFO 	Keyboard events cleared
272.0598 	EXP 	probe2: autoDraw = True
272.7101 	EXP 	Device response: <KeyPress from None: t=272.69857310003135, value=v, duration=None>
272.7104 	EXP 	New trial (rep=4, index=18): <Trial 18 (18 in rep 4) data={'Pos': np.int64(-50), 'corr_resp': 'x', 'thisN': 18, 'thisTrialN': 18, 'thisRepN': 4}>
272.7117 	DATA 	Keypress: v
272.7287 	EXP 	Fixation2: autoDraw = False
272.7287 	EXP 	line1: autoDraw = False
272.7287 	EXP 	line2: autoDraw = False
272.7287 	EXP 	line3: autoDraw = False
272.7287 	EXP 	line4: autoDraw = False
272.7287 	EXP 	probe2: autoDraw = False
272.7287 	EXP 	Fixation2: autoDraw = True
272.7962 	EXP 	Device response: <KeyPress from None: t=272.69857310003135, value=v, duration=0.08222829992882907>
273.7119 	EXP 	line1: autoDraw = True
273.7119 	EXP 	line2: autoDraw = True
273.7119 	EXP 	line3: autoDraw = True
273.7119 	EXP 	line4: autoDraw = True
273.7266 	EXP 	Fixation2: autoDraw = False
274.7102 	INFO 	Keyboard events cleared
274.7101 	EXP 	probe2: autoDraw = True
275.2267 	EXP 	Device response: <KeyPress from None: t=275.2260848999722, value=x, duration=None>
275.2270 	EXP 	New trial (rep=5, index=19): <Trial 19 (19 in rep 5) data={'Pos': np.int64(-150), 'corr_resp': 'z', 'thisN': 19, 'thisTrialN': 19, 'thisRepN': 5}>
275.2282 	DATA 	Keypress: x
275.2456 	EXP 	Fixation2: autoDraw = False
275.2456 	EXP 	line1: autoDraw = False
275.2456 	EXP 	line2: autoDraw = False
275.2456 	EXP 	line3: autoDraw = False
275.2456 	EXP 	line4: autoDraw = False
275.2456 	EXP 	probe2: autoDraw = False
275.2456 	EXP 	Fixation2: autoDraw = True
275.3961 	EXP 	Device response: <KeyPress from None: t=267.3715360000497, value=x, duration=8.014945199945942>
276.2289 	EXP 	line1: autoDraw = True
276.2289 	EXP 	line2: autoDraw = True
276.2289 	EXP 	line3: autoDraw = True
276.2289 	EXP 	line4: autoDraw = True
276.2430 	EXP 	Fixation2: autoDraw = False
277.2265 	INFO 	Keyboard events cleared
277.2263 	EXP 	probe2: autoDraw = True
277.7102 	EXP 	Device response: <KeyPress from None: t=277.69859919999726, value=z, duration=None>
277.7106 	EXP 	New trial (rep=5, index=20): <Trial 20 (20 in rep 5) data={'Pos': np.int64(-50), 'corr_resp': 'x', 'thisN': 20, 'thisTrialN': 20, 'thisRepN': 5}>
277.7119 	DATA 	Keypress: z
277.7290 	EXP 	Fixation2: autoDraw = False
277.7290 	EXP 	line1: autoDraw = False
277.7290 	EXP 	line2: autoDraw = False
277.7290 	EXP 	line3: autoDraw = False
277.7290 	EXP 	line4: autoDraw = False
277.7290 	EXP 	probe2: autoDraw = False
277.7290 	EXP 	Fixation2: autoDraw = True
277.9125 	EXP 	Device response: <KeyPress from None: t=247.10631469998043, value=z, duration=30.80076110002119>
278.7123 	EXP 	line1: autoDraw = True
278.7123 	EXP 	line2: autoDraw = True
278.7123 	EXP 	line3: autoDraw = True
278.7123 	EXP 	line4: autoDraw = True
278.7263 	EXP 	Fixation2: autoDraw = False
279.7098 	INFO 	Keyboard events cleared
279.7096 	EXP 	probe2: autoDraw = True
280.1935 	EXP 	Device response: <KeyPress from None: t=280.17954579996876, value=x, duration=None>
280.1938 	EXP 	New trial (rep=3, index=21): <Trial 21 (21 in rep 3) data={'Pos': np.int64(150), 'corr_resp': 'v', 'thisN': 21, 'thisTrialN': 21, 'thisRepN': 3}>
280.1950 	DATA 	Keypress: x
280.2121 	EXP 	Fixation2: autoDraw = False
280.2121 	EXP 	line1: autoDraw = False
280.2121 	EXP 	line2: autoDraw = False
280.2121 	EXP 	line3: autoDraw = False
280.2121 	EXP 	line4: autoDraw = False
280.2121 	EXP 	probe2: autoDraw = False
280.2121 	EXP 	Fixation2: autoDraw = True
280.2956 	EXP 	Device response: <KeyPress from None: t=275.2260848999722, value=x, duration=5.064871900016442>
281.1954 	EXP 	line1: autoDraw = True
281.1954 	EXP 	line2: autoDraw = True
281.1954 	EXP 	line3: autoDraw = True
281.1954 	EXP 	line4: autoDraw = True
281.2097 	EXP 	Fixation2: autoDraw = False
282.1934 	INFO 	Keyboard events cleared
282.1932 	EXP 	probe2: autoDraw = True
282.8265 	EXP 	Device response: <KeyPress from None: t=282.8128671000013, value=v, duration=None>
282.8269 	EXP 	New trial (rep=4, index=22): <Trial 22 (22 in rep 4) data={'Pos': np.int64(150), 'corr_resp': 'v', 'thisN': 22, 'thisTrialN': 22, 'thisRepN': 4}>
282.8282 	DATA 	Keypress: v
282.8451 	EXP 	Fixation2: autoDraw = False
282.8451 	EXP 	line1: autoDraw = False
282.8451 	EXP 	line2: autoDraw = False
282.8451 	EXP 	line3: autoDraw = False
282.8451 	EXP 	line4: autoDraw = False
282.8451 	EXP 	probe2: autoDraw = False
282.8451 	EXP 	Fixation2: autoDraw = True
283.0126 	EXP 	Device response: <KeyPress from None: t=282.8128671000013, value=v, duration=0.18242269998881966>
283.8278 	EXP 	line1: autoDraw = True
283.8278 	EXP 	line2: autoDraw = True
283.8278 	EXP 	line3: autoDraw = True
283.8278 	EXP 	line4: autoDraw = True
283.8430 	EXP 	Fixation2: autoDraw = False
284.8262 	INFO 	Keyboard events cleared
284.8261 	EXP 	probe2: autoDraw = True
285.2264 	EXP 	Device response: <KeyPress from None: t=285.22247140004765, value=c, duration=None>
285.2267 	EXP 	New trial (rep=6, index=23): <Trial 23 (23 in rep 6) data={'Pos': np.int64(50), 'corr_resp': 'c', 'thisN': 23, 'thisTrialN': 23, 'thisRepN': 6}>
285.2280 	DATA 	Keypress: c
285.2454 	EXP 	Fixation2: autoDraw = False
285.2454 	EXP 	line1: autoDraw = False
285.2454 	EXP 	line2: autoDraw = False
285.2454 	EXP 	line3: autoDraw = False
285.2454 	EXP 	line4: autoDraw = False
285.2454 	EXP 	probe2: autoDraw = False
285.2454 	EXP 	Fixation2: autoDraw = True
285.3952 	EXP 	Device response: <KeyPress from None: t=285.22247140004765, value=c, duration=0.16544629994314164>
286.2285 	EXP 	line1: autoDraw = True
286.2285 	EXP 	line2: autoDraw = True
286.2285 	EXP 	line3: autoDraw = True
286.2285 	EXP 	line4: autoDraw = True
286.2438 	EXP 	Fixation2: autoDraw = False
287.2263 	INFO 	Keyboard events cleared
287.2261 	EXP 	probe2: autoDraw = True
287.6763 	EXP 	Device response: <KeyPress from None: t=287.6667088000104, value=c, duration=None>
287.6767 	EXP 	New trial (rep=5, index=24): <Trial 24 (24 in rep 5) data={'Pos': np.int64(150), 'corr_resp': 'v', 'thisN': 24, 'thisTrialN': 24, 'thisRepN': 5}>
287.6781 	DATA 	Keypress: c
287.6954 	EXP 	Fixation2: autoDraw = False
287.6954 	EXP 	line1: autoDraw = False
287.6954 	EXP 	line2: autoDraw = False
287.6954 	EXP 	line3: autoDraw = False
287.6954 	EXP 	line4: autoDraw = False
287.6954 	EXP 	probe2: autoDraw = False
287.6954 	EXP 	Fixation2: autoDraw = True
287.8286 	EXP 	Device response: <KeyPress from None: t=287.6667088000104, value=c, duration=0.14636160002555698>
288.6783 	EXP 	line1: autoDraw = True
288.6783 	EXP 	line2: autoDraw = True
288.6783 	EXP 	line3: autoDraw = True
288.6783 	EXP 	line4: autoDraw = True
288.6928 	EXP 	Fixation2: autoDraw = False
289.6761 	INFO 	Keyboard events cleared
289.6759 	EXP 	probe2: autoDraw = True
290.2598 	EXP 	Device response: <KeyPress from None: t=290.25356280000415, value=v, duration=None>
290.2602 	EXP 	New trial (rep=6, index=25): <Trial 25 (25 in rep 6) data={'Pos': np.int64(-150), 'corr_resp': 'z', 'thisN': 25, 'thisTrialN': 25, 'thisRepN': 6}>
290.2616 	DATA 	Keypress: v
290.2777 	EXP 	Fixation2: autoDraw = False
290.2777 	EXP 	line1: autoDraw = False
290.2777 	EXP 	line2: autoDraw = False
290.2777 	EXP 	line3: autoDraw = False
290.2777 	EXP 	line4: autoDraw = False
290.2777 	EXP 	probe2: autoDraw = False
290.2777 	EXP 	Fixation2: autoDraw = True
290.3957 	EXP 	Device response: <KeyPress from None: t=290.25356280000415, value=v, duration=0.14167120005004108>
291.2617 	EXP 	line1: autoDraw = True
291.2617 	EXP 	line2: autoDraw = True
291.2617 	EXP 	line3: autoDraw = True
291.2617 	EXP 	line4: autoDraw = True
291.2759 	EXP 	Fixation2: autoDraw = False
292.2594 	INFO 	Keyboard events cleared
292.2592 	EXP 	probe2: autoDraw = True
292.9430 	EXP 	Device response: <KeyPress from None: t=292.9333243999863, value=z, duration=None>
292.9434 	EXP 	New trial (rep=7, index=26): <Trial 26 (26 in rep 7) data={'Pos': np.int64(-150), 'corr_resp': 'z', 'thisN': 26, 'thisTrialN': 26, 'thisRepN': 7}>
292.9447 	DATA 	Keypress: z
292.9617 	EXP 	Fixation2: autoDraw = False
292.9617 	EXP 	line1: autoDraw = False
292.9617 	EXP 	line2: autoDraw = False
292.9617 	EXP 	line3: autoDraw = False
292.9617 	EXP 	line4: autoDraw = False
292.9617 	EXP 	probe2: autoDraw = False
292.9617 	EXP 	Fixation2: autoDraw = True
292.9956 	EXP 	Device response: <KeyPress from None: t=277.69859919999726, value=z, duration=15.284049800015055>
293.9449 	EXP 	line1: autoDraw = True
293.9449 	EXP 	line2: autoDraw = True
293.9449 	EXP 	line3: autoDraw = True
293.9449 	EXP 	line4: autoDraw = True
293.9593 	EXP 	Fixation2: autoDraw = False
294.9595 	INFO 	Keyboard events cleared
294.9593 	EXP 	probe2: autoDraw = True
295.6761 	EXP 	Device response: <KeyPress from None: t=295.66803359996993, value=z, duration=None>
295.6764 	EXP 	New trial (rep=8, index=27): <Trial 27 (27 in rep 8) data={'Pos': np.int64(-150), 'corr_resp': 'z', 'thisN': 27, 'thisTrialN': 27, 'thisRepN': 8}>
295.6775 	DATA 	Keypress: z
295.6949 	EXP 	Fixation2: autoDraw = False
295.6949 	EXP 	line1: autoDraw = False
295.6949 	EXP 	line2: autoDraw = False
295.6949 	EXP 	line3: autoDraw = False
295.6949 	EXP 	line4: autoDraw = False
295.6949 	EXP 	probe2: autoDraw = False
295.6949 	EXP 	Fixation2: autoDraw = True
295.7786 	EXP 	Device response: <KeyPress from None: t=292.9333243999863, value=z, duration=2.8355946000665426>
296.6779 	EXP 	line1: autoDraw = True
296.6779 	EXP 	line2: autoDraw = True
296.6779 	EXP 	line3: autoDraw = True
296.6779 	EXP 	line4: autoDraw = True
296.6925 	EXP 	Fixation2: autoDraw = False
297.6761 	INFO 	Keyboard events cleared
297.6759 	EXP 	probe2: autoDraw = True
298.1594 	EXP 	Device response: <KeyPress from None: t=298.1442218000302, value=z, duration=None>
298.1598 	EXP 	New trial (rep=9, index=28): <Trial 28 (28 in rep 9) data={'Pos': np.int64(-150), 'corr_resp': 'z', 'thisN': 28, 'thisTrialN': 28, 'thisRepN': 9}>
298.1611 	DATA 	Keypress: z
298.1785 	EXP 	Fixation2: autoDraw = False
298.1785 	EXP 	line1: autoDraw = False
298.1785 	EXP 	line2: autoDraw = False
298.1785 	EXP 	line3: autoDraw = False
298.1785 	EXP 	line4: autoDraw = False
298.1785 	EXP 	probe2: autoDraw = False
298.1785 	EXP 	Fixation2: autoDraw = True
298.3284 	EXP 	Device response: <KeyPress from None: t=295.66803359996993, value=z, duration=2.6530180000700057>
299.1616 	EXP 	line1: autoDraw = True
299.1616 	EXP 	line2: autoDraw = True
299.1616 	EXP 	line3: autoDraw = True
299.1616 	EXP 	line4: autoDraw = True
299.1759 	EXP 	Fixation2: autoDraw = False
300.1596 	INFO 	Keyboard events cleared
300.1594 	EXP 	probe2: autoDraw = True
300.7266 	EXP 	Device response: <KeyPress from None: t=300.7235109000467, value=z, duration=None>
300.7270 	EXP 	New trial (rep=7, index=29): <Trial 29 (29 in rep 7) data={'Pos': np.int64(50), 'corr_resp': 'c', 'thisN': 29, 'thisTrialN': 29, 'thisRepN': 7}>
300.7287 	DATA 	Keypress: z
300.7447 	EXP 	Fixation2: autoDraw = False
300.7447 	EXP 	line1: autoDraw = False
300.7447 	EXP 	line2: autoDraw = False
300.7447 	EXP 	line3: autoDraw = False
300.7447 	EXP 	line4: autoDraw = False
300.7447 	EXP 	probe2: autoDraw = False
300.7447 	EXP 	Fixation2: autoDraw = True
300.8620 	EXP 	Device response: <KeyPress from None: t=298.1442218000302, value=z, duration=2.7097732999827713>
301.7282 	EXP 	line1: autoDraw = True
301.7282 	EXP 	line2: autoDraw = True
301.7282 	EXP 	line3: autoDraw = True
301.7282 	EXP 	line4: autoDraw = True
301.7429 	EXP 	Fixation2: autoDraw = False
302.7264 	INFO 	Keyboard events cleared
302.7262 	EXP 	probe2: autoDraw = True
303.3103 	EXP 	Device response: <KeyPress from None: t=303.3086563999532, value=c, duration=None>
303.3109 	EXP 	New trial (rep=6, index=30): <Trial 30 (30 in rep 6) data={'Pos': np.int64(-50), 'corr_resp': 'x', 'thisN': 30, 'thisTrialN': 30, 'thisRepN': 6}>
303.3139 	DATA 	Keypress: c
303.3282 	EXP 	Fixation2: autoDraw = False
303.3282 	EXP 	line1: autoDraw = False
303.3282 	EXP 	line2: autoDraw = False
303.3282 	EXP 	line3: autoDraw = False
303.3282 	EXP 	line4: autoDraw = False
303.3282 	EXP 	probe2: autoDraw = False
303.3282 	EXP 	Fixation2: autoDraw = True
303.5284 	EXP 	Device response: <KeyPress from None: t=303.3086563999532, value=c, duration=0.21870460000354797>
304.3114 	EXP 	line1: autoDraw = True
304.3114 	EXP 	line2: autoDraw = True
304.3114 	EXP 	line3: autoDraw = True
304.3114 	EXP 	line4: autoDraw = True
304.3263 	EXP 	Fixation2: autoDraw = False
305.3262 	INFO 	Keyboard events cleared
305.3260 	EXP 	probe2: autoDraw = True
305.7954 	DATA 	Keypress: x
305.8100 	EXP 	Device response: <KeyPress from None: t=305.79439649998676, value=x, duration=None>
305.8105 	EXP 	New trial (rep=6, index=31): <Trial 31 (31 in rep 6) data={'Pos': np.int64(150), 'corr_resp': 'v', 'thisN': 31, 'thisTrialN': 31, 'thisRepN': 6}>
305.8280 	EXP 	Fixation2: autoDraw = False
305.8280 	EXP 	line1: autoDraw = False
305.8280 	EXP 	line2: autoDraw = False
305.8280 	EXP 	line3: autoDraw = False
305.8280 	EXP 	line4: autoDraw = False
305.8280 	EXP 	probe2: autoDraw = False
305.8280 	EXP 	Fixation2: autoDraw = True
305.9782 	EXP 	Device response: <KeyPress from None: t=280.17954579996876, value=x, duration=25.791906900005415>
306.8114 	EXP 	line1: autoDraw = True
306.8114 	EXP 	line2: autoDraw = True
306.8114 	EXP 	line3: autoDraw = True
306.8114 	EXP 	line4: autoDraw = True
306.8261 	EXP 	Fixation2: autoDraw = False
307.8094 	INFO 	Keyboard events cleared
307.8092 	EXP 	probe2: autoDraw = True
308.2267 	EXP 	Device response: <KeyPress from None: t=308.2204558000667, value=v, duration=None>
308.2272 	EXP 	New trial (rep=10, index=32): <Trial 32 (32 in rep 10) data={'Pos': np.int64(-150), 'corr_resp': 'z', 'thisN': 32, 'thisTrialN': 32, 'thisRepN': 10}>
308.2291 	DATA 	Keypress: v
308.2443 	EXP 	Fixation2: autoDraw = False
308.2443 	EXP 	line1: autoDraw = False
308.2443 	EXP 	line2: autoDraw = False
308.2443 	EXP 	line3: autoDraw = False
308.2443 	EXP 	line4: autoDraw = False
308.2443 	EXP 	probe2: autoDraw = False
308.2443 	EXP 	Fixation2: autoDraw = True
308.3125 	EXP 	Device response: <KeyPress from None: t=308.2204558000667, value=v, duration=0.09022499993443489>
309.2280 	EXP 	line1: autoDraw = True
309.2280 	EXP 	line2: autoDraw = True
309.2280 	EXP 	line3: autoDraw = True
309.2280 	EXP 	line4: autoDraw = True
309.2428 	EXP 	Fixation2: autoDraw = False
310.2428 	INFO 	Keyboard events cleared
310.2427 	EXP 	probe2: autoDraw = True
310.9615 	DATA 	Keypress: z
310.9762 	EXP 	Device response: <KeyPress from None: t=310.9598604000639, value=z, duration=None>
310.9767 	EXP 	New trial (rep=7, index=33): <Trial 33 (33 in rep 7) data={'Pos': np.int64(-50), 'corr_resp': 'x', 'thisN': 33, 'thisTrialN': 33, 'thisRepN': 7}>
310.9946 	EXP 	Fixation2: autoDraw = False
310.9946 	EXP 	line1: autoDraw = False
310.9946 	EXP 	line2: autoDraw = False
310.9946 	EXP 	line3: autoDraw = False
310.9946 	EXP 	line4: autoDraw = False
310.9946 	EXP 	probe2: autoDraw = False
310.9946 	EXP 	Fixation2: autoDraw = True
311.1952 	EXP 	Device response: <KeyPress from None: t=300.7235109000467, value=z, duration=10.46184889995493>
311.9778 	EXP 	line1: autoDraw = True
311.9778 	EXP 	line2: autoDraw = True
311.9778 	EXP 	line3: autoDraw = True
311.9778 	EXP 	line4: autoDraw = True
311.9927 	EXP 	Fixation2: autoDraw = False
312.9758 	INFO 	Keyboard events cleared
312.9756 	EXP 	probe2: autoDraw = True
313.8284 	DATA 	Keypress: x
313.8433 	EXP 	Device response: <KeyPress from None: t=313.82644420000724, value=x, duration=None>
313.8439 	EXP 	New trial (rep=7, index=34): <Trial 34 (34 in rep 7) data={'Pos': np.int64(150), 'corr_resp': 'v', 'thisN': 34, 'thisTrialN': 34, 'thisRepN': 7}>
313.8609 	EXP 	Fixation2: autoDraw = False
313.8609 	EXP 	line1: autoDraw = False
313.8609 	EXP 	line2: autoDraw = False
313.8609 	EXP 	line3: autoDraw = False
313.8609 	EXP 	line4: autoDraw = False
313.8609 	EXP 	probe2: autoDraw = False
313.8609 	EXP 	Fixation2: autoDraw = True
313.9783 	EXP 	Device response: <KeyPress from None: t=305.79439649998676, value=x, duration=8.17996039998252>
314.8439 	EXP 	line1: autoDraw = True
314.8439 	EXP 	line2: autoDraw = True
314.8439 	EXP 	line3: autoDraw = True
314.8439 	EXP 	line4: autoDraw = True
314.8592 	EXP 	Fixation2: autoDraw = False
315.8595 	INFO 	Keyboard events cleared
315.8593 	EXP 	probe2: autoDraw = True
316.2629 	DATA 	Keypress: v
316.2763 	EXP 	Device response: <KeyPress from None: t=316.26160790002905, value=v, duration=None>
316.2768 	EXP 	New trial (rep=11, index=35): <Trial 35 (35 in rep 11) data={'Pos': np.int64(-150), 'corr_resp': 'z', 'thisN': 35, 'thisTrialN': 35, 'thisRepN': 11}>
316.2944 	EXP 	Fixation2: autoDraw = False
316.2944 	EXP 	line1: autoDraw = False
316.2944 	EXP 	line2: autoDraw = False
316.2944 	EXP 	line3: autoDraw = False
316.2944 	EXP 	line4: autoDraw = False
316.2944 	EXP 	probe2: autoDraw = False
316.2944 	EXP 	Fixation2: autoDraw = True
316.4450 	EXP 	Device response: <KeyPress from None: t=316.26160790002905, value=v, duration=0.17187960003502667>
317.2773 	EXP 	line1: autoDraw = True
317.2773 	EXP 	line2: autoDraw = True
317.2773 	EXP 	line3: autoDraw = True
317.2773 	EXP 	line4: autoDraw = True
317.2923 	EXP 	Fixation2: autoDraw = False
318.2760 	INFO 	Keyboard events cleared
318.2758 	EXP 	probe2: autoDraw = True
318.9097 	EXP 	Device response: <KeyPress from None: t=318.90306549996603, value=z, duration=None>
318.9102 	EXP 	New trial (rep=8, index=36): <Trial 36 (36 in rep 8) data={'Pos': np.int64(150), 'corr_resp': 'v', 'thisN': 36, 'thisTrialN': 36, 'thisRepN': 8}>
318.9121 	DATA 	Keypress: z
318.9276 	EXP 	Fixation2: autoDraw = False
318.9276 	EXP 	line1: autoDraw = False
318.9276 	EXP 	line2: autoDraw = False
318.9276 	EXP 	line3: autoDraw = False
318.9276 	EXP 	line4: autoDraw = False
318.9276 	EXP 	probe2: autoDraw = False
318.9276 	EXP 	Fixation2: autoDraw = True
319.0954 	EXP 	Device response: <KeyPress from None: t=310.9598604000639, value=z, duration=8.123485499992967>
319.9108 	EXP 	line1: autoDraw = True
319.9108 	EXP 	line2: autoDraw = True
319.9108 	EXP 	line3: autoDraw = True
319.9108 	EXP 	line4: autoDraw = True
319.9258 	EXP 	Fixation2: autoDraw = False
320.9255 	INFO 	Keyboard events cleared
320.9253 	EXP 	probe2: autoDraw = True
321.9762 	EXP 	Device response: <KeyPress from None: t=321.96960289997514, value=v, duration=None>
321.9767 	EXP 	New trial (rep=8, index=37): <Trial 37 (37 in rep 8) data={'Pos': np.int64(-50), 'corr_resp': 'x', 'thisN': 37, 'thisTrialN': 37, 'thisRepN': 8}>
321.9786 	DATA 	Keypress: v
321.9943 	EXP 	Fixation2: autoDraw = False
321.9943 	EXP 	line1: autoDraw = False
321.9943 	EXP 	line2: autoDraw = False
321.9943 	EXP 	line3: autoDraw = False
321.9943 	EXP 	line4: autoDraw = False
321.9943 	EXP 	probe2: autoDraw = False
321.9943 	EXP 	Fixation2: autoDraw = True
322.0952 	EXP 	Device response: <KeyPress from None: t=321.96960289997514, value=v, duration=0.11677530000451952>
322.9775 	EXP 	line1: autoDraw = True
322.9775 	EXP 	line2: autoDraw = True
322.9775 	EXP 	line3: autoDraw = True
322.9775 	EXP 	line4: autoDraw = True
322.9922 	EXP 	Fixation2: autoDraw = False
323.9924 	INFO 	Keyboard events cleared
323.9922 	EXP 	probe2: autoDraw = True
324.3928 	EXP 	Device response: <KeyPress from None: t=324.38443560001906, value=x, duration=None>
324.3933 	EXP 	New trial (rep=8, index=38): <Trial 38 (38 in rep 8) data={'Pos': np.int64(50), 'corr_resp': 'c', 'thisN': 38, 'thisTrialN': 38, 'thisRepN': 8}>
324.3955 	DATA 	Keypress: x
324.4107 	EXP 	Fixation2: autoDraw = False
324.4107 	EXP 	line1: autoDraw = False
324.4107 	EXP 	line2: autoDraw = False
324.4107 	EXP 	line3: autoDraw = False
324.4107 	EXP 	line4: autoDraw = False
324.4107 	EXP 	probe2: autoDraw = False
324.4107 	EXP 	Fixation2: autoDraw = True
324.5951 	EXP 	Device response: <KeyPress from None: t=313.82644420000724, value=x, duration=10.767861100030132>
325.3938 	EXP 	line1: autoDraw = True
325.3938 	EXP 	line2: autoDraw = True
325.3938 	EXP 	line3: autoDraw = True
325.3938 	EXP 	line4: autoDraw = True
325.4086 	EXP 	Fixation2: autoDraw = False
326.3922 	INFO 	Keyboard events cleared
326.3921 	EXP 	probe2: autoDraw = True
327.5810 	DATA 	Keypress: c
327.5926 	EXP 	Device response: <KeyPress from None: t=327.5788371000672, value=c, duration=None>
327.5935 	EXP 	New trial (rep=9, index=39): <Trial 39 (39 in rep 9) data={'Pos': np.int64(50), 'corr_resp': 'c', 'thisN': 39, 'thisTrialN': 39, 'thisRepN': 9}>
327.6111 	EXP 	Fixation2: autoDraw = False
327.6111 	EXP 	line1: autoDraw = False
327.6111 	EXP 	line2: autoDraw = False
327.6111 	EXP 	line3: autoDraw = False
327.6111 	EXP 	line4: autoDraw = False
327.6111 	EXP 	probe2: autoDraw = False
327.6111 	EXP 	Fixation2: autoDraw = True
327.8281 	EXP 	Device response: <KeyPress from None: t=327.5788371000672, value=c, duration=0.2409064999083057>
328.5940 	EXP 	line1: autoDraw = True
328.5940 	EXP 	line2: autoDraw = True
328.5940 	EXP 	line3: autoDraw = True
328.5940 	EXP 	line4: autoDraw = True
328.6087 	EXP 	Fixation2: autoDraw = False
329.6090 	INFO 	Keyboard events cleared
329.6088 	EXP 	probe2: autoDraw = True
330.0926 	EXP 	Device response: <KeyPress from None: t=330.09162029996514, value=x, duration=None>
330.0932 	EXP 	New trial (rep=12, index=40): <Trial 40 (40 in rep 12) data={'Pos': np.int64(-150), 'corr_resp': 'z', 'thisN': 40, 'thisTrialN': 40, 'thisRepN': 12}>
330.0973 	DATA 	Keypress: x
330.1106 	EXP 	Fixation2: autoDraw = False
330.1106 	EXP 	line1: autoDraw = False
330.1106 	EXP 	line2: autoDraw = False
330.1106 	EXP 	line3: autoDraw = False
330.1106 	EXP 	line4: autoDraw = False
330.1106 	EXP 	probe2: autoDraw = False
330.1106 	EXP 	Fixation2: autoDraw = True
330.1947 	EXP 	Device response: <KeyPress from None: t=330.1860488000093, value=c, duration=None>
330.1962 	DATA 	Keypress: c
330.3447 	EXP 	Device response: <KeyPress from None: t=324.38443560001906, value=x, duration=5.950199999962933>
330.6612 	EXP 	Device response: <KeyPress from None: t=330.1860488000093, value=c, duration=0.4713070000289008>
331.0938 	EXP 	line1: autoDraw = True
331.0938 	EXP 	line2: autoDraw = True
331.0938 	EXP 	line3: autoDraw = True
331.0938 	EXP 	line4: autoDraw = True
331.1089 	EXP 	Fixation2: autoDraw = False
332.1088 	INFO 	Keyboard events cleared
332.1086 	EXP 	probe2: autoDraw = True
332.9096 	EXP 	Device response: <KeyPress from None: t=332.90122700005304, value=z, duration=None>
332.9102 	EXP 	New trial (rep=9, index=41): <Trial 41 (41 in rep 9) data={'Pos': np.int64(150), 'corr_resp': 'v', 'thisN': 41, 'thisTrialN': 41, 'thisRepN': 9}>
332.9133 	DATA 	Keypress: z
332.9272 	EXP 	Fixation2: autoDraw = False
332.9272 	EXP 	line1: autoDraw = False
332.9272 	EXP 	line2: autoDraw = False
332.9272 	EXP 	line3: autoDraw = False
332.9272 	EXP 	line4: autoDraw = False
332.9272 	EXP 	probe2: autoDraw = False
332.9272 	EXP 	Fixation2: autoDraw = True
333.0449 	EXP 	Device response: <KeyPress from None: t=318.90306549996603, value=z, duration=14.13763580005616>
333.9108 	EXP 	line1: autoDraw = True
333.9108 	EXP 	line2: autoDraw = True
333.9108 	EXP 	line3: autoDraw = True
333.9108 	EXP 	line4: autoDraw = True
333.9252 	EXP 	Fixation2: autoDraw = False
334.9253 	INFO 	Keyboard events cleared
334.9251 	EXP 	probe2: autoDraw = True
336.0924 	EXP 	Device response: <KeyPress from None: t=336.089740699972, value=v, duration=None>
336.0929 	EXP 	New trial (rep=9, index=42): <Trial 42 (42 in rep 9) data={'Pos': np.int64(-50), 'corr_resp': 'x', 'thisN': 42, 'thisTrialN': 42, 'thisRepN': 9}>
336.0979 	DATA 	Keypress: v
336.1107 	EXP 	Fixation2: autoDraw = False
336.1107 	EXP 	line1: autoDraw = False
336.1107 	EXP 	line2: autoDraw = False
336.1107 	EXP 	line3: autoDraw = False
336.1107 	EXP 	line4: autoDraw = False
336.1107 	EXP 	probe2: autoDraw = False
336.1107 	EXP 	Fixation2: autoDraw = True
336.3114 	EXP 	Device response: <KeyPress from None: t=336.089740699972, value=v, duration=0.20947030000388622>
337.0938 	EXP 	line1: autoDraw = True
337.0938 	EXP 	line2: autoDraw = True
337.0938 	EXP 	line3: autoDraw = True
337.0938 	EXP 	line4: autoDraw = True
337.1087 	EXP 	Fixation2: autoDraw = False
338.1086 	INFO 	Keyboard events cleared
338.1084 	EXP 	probe2: autoDraw = True
338.9924 	EXP 	Device response: <KeyPress from None: t=338.98613450000994, value=c, duration=None>
338.9930 	EXP 	New trial (rep=10, index=43): <Trial 43 (43 in rep 10) data={'Pos': np.int64(150), 'corr_resp': 'v', 'thisN': 43, 'thisTrialN': 43, 'thisRepN': 10}>
338.9949 	DATA 	Keypress: c
339.0102 	EXP 	Fixation2: autoDraw = False
339.0102 	EXP 	line1: autoDraw = False
339.0102 	EXP 	line2: autoDraw = False
339.0102 	EXP 	line3: autoDraw = False
339.0102 	EXP 	line4: autoDraw = False
339.0102 	EXP 	probe2: autoDraw = False
339.0102 	EXP 	Fixation2: autoDraw = True
339.0443 	EXP 	Device response: <KeyPress from None: t=338.98613450000994, value=c, duration=0.042586499941535294>
339.9935 	EXP 	line1: autoDraw = True
339.9935 	EXP 	line2: autoDraw = True
339.9935 	EXP 	line3: autoDraw = True
339.9935 	EXP 	line4: autoDraw = True
340.0083 	EXP 	Fixation2: autoDraw = False
340.9921 	INFO 	Keyboard events cleared
340.9919 	EXP 	probe2: autoDraw = True
341.7590 	EXP 	Device response: <KeyPress from None: t=341.74854090006556, value=v, duration=None>
341.7597 	EXP 	New trial (rep=11, index=44): <Trial 44 (44 in rep 11) data={'Pos': np.int64(150), 'corr_resp': 'v', 'thisN': 44, 'thisTrialN': 44, 'thisRepN': 11}>
341.7616 	DATA 	Keypress: v
341.7773 	EXP 	Fixation2: autoDraw = False
341.7773 	EXP 	line1: autoDraw = False
341.7773 	EXP 	line2: autoDraw = False
341.7773 	EXP 	line3: autoDraw = False
341.7773 	EXP 	line4: autoDraw = False
341.7773 	EXP 	probe2: autoDraw = False
341.7773 	EXP 	Fixation2: autoDraw = True
342.0273 	EXP 	Device response: <KeyPress from None: t=341.74854090006556, value=v, duration=0.2627984998980537>
342.7602 	EXP 	line1: autoDraw = True
342.7602 	EXP 	line2: autoDraw = True
342.7602 	EXP 	line3: autoDraw = True
342.7602 	EXP 	line4: autoDraw = True
342.7751 	EXP 	Fixation2: autoDraw = False
343.7754 	INFO 	Keyboard events cleared
343.7752 	EXP 	probe2: autoDraw = True
344.3613 	DATA 	Keypress: v
344.3754 	EXP 	Device response: <KeyPress from None: t=344.3598987000296, value=v, duration=None>
344.3759 	EXP 	New trial (rep=10, index=45): <Trial 45 (45 in rep 10) data={'Pos': np.int64(-50), 'corr_resp': 'x', 'thisN': 45, 'thisTrialN': 45, 'thisRepN': 10}>
344.3933 	EXP 	Fixation2: autoDraw = False
344.3933 	EXP 	line1: autoDraw = False
344.3933 	EXP 	line2: autoDraw = False
344.3933 	EXP 	line3: autoDraw = False
344.3933 	EXP 	line4: autoDraw = False
344.3933 	EXP 	probe2: autoDraw = False
344.3933 	EXP 	Fixation2: autoDraw = True
344.5441 	EXP 	Device response: <KeyPress from None: t=344.3598987000296, value=v, duration=0.17168949998449534>
345.3764 	EXP 	line1: autoDraw = True
345.3764 	EXP 	line2: autoDraw = True
345.3764 	EXP 	line3: autoDraw = True
345.3764 	EXP 	line4: autoDraw = True
345.3914 	EXP 	Fixation2: autoDraw = False
346.3918 	INFO 	Keyboard events cleared
346.3916 	EXP 	probe2: autoDraw = True
346.9755 	EXP 	Device response: <KeyPress from None: t=346.96648890001234, value=x, duration=None>
346.9760 	EXP 	New trial (rep=13, index=46): <Trial 46 (46 in rep 13) data={'Pos': np.int64(-150), 'corr_resp': 'z', 'thisN': 46, 'thisTrialN': 46, 'thisRepN': 13}>
346.9778 	DATA 	Keypress: x
346.9935 	EXP 	Fixation2: autoDraw = False
346.9935 	EXP 	line1: autoDraw = False
346.9935 	EXP 	line2: autoDraw = False
346.9935 	EXP 	line3: autoDraw = False
346.9935 	EXP 	line4: autoDraw = False
346.9935 	EXP 	probe2: autoDraw = False
346.9935 	EXP 	Fixation2: autoDraw = True
347.0773 	EXP 	Device response: <KeyPress from None: t=330.09162029996514, value=x, duration=16.970702100079507>
347.9767 	EXP 	line1: autoDraw = True
347.9767 	EXP 	line2: autoDraw = True
347.9767 	EXP 	line3: autoDraw = True
347.9767 	EXP 	line4: autoDraw = True
347.9919 	EXP 	Fixation2: autoDraw = False
348.9753 	INFO 	Keyboard events cleared
348.9751 	EXP 	probe2: autoDraw = True
349.5094 	EXP 	Device response: <KeyPress from None: t=349.50204249995295, value=z, duration=None>
349.5099 	EXP 	New trial (rep=10, index=47): <Trial 47 (47 in rep 10) data={'Pos': np.int64(50), 'corr_resp': 'c', 'thisN': 47, 'thisTrialN': 47, 'thisRepN': 10}>
349.5117 	DATA 	Keypress: z
349.5269 	EXP 	Fixation2: autoDraw = False
349.5269 	EXP 	line1: autoDraw = False
349.5269 	EXP 	line2: autoDraw = False
349.5269 	EXP 	line3: autoDraw = False
349.5269 	EXP 	line4: autoDraw = False
349.5269 	EXP 	probe2: autoDraw = False
349.5269 	EXP 	Fixation2: autoDraw = True
349.6943 	EXP 	Device response: <KeyPress from None: t=332.90122700005304, value=z, duration=16.78207289997954>
350.5104 	EXP 	line1: autoDraw = True
350.5104 	EXP 	line2: autoDraw = True
350.5104 	EXP 	line3: autoDraw = True
350.5104 	EXP 	line4: autoDraw = True
350.5247 	EXP 	Fixation2: autoDraw = False
351.5248 	INFO 	Keyboard events cleared
351.5246 	EXP 	probe2: autoDraw = True
352.2087 	EXP 	Device response: <KeyPress from None: t=352.19558970001526, value=c, duration=None>
352.2093 	EXP 	New trial (rep=11, index=48): <Trial 48 (48 in rep 11) data={'Pos': np.int64(-50), 'corr_resp': 'x', 'thisN': 48, 'thisTrialN': 48, 'thisRepN': 11}>
352.2110 	DATA 	Keypress: c
352.2267 	EXP 	Fixation2: autoDraw = False
352.2267 	EXP 	line1: autoDraw = False
352.2267 	EXP 	line2: autoDraw = False
352.2267 	EXP 	line3: autoDraw = False
352.2267 	EXP 	line4: autoDraw = False
352.2267 	EXP 	probe2: autoDraw = False
352.2267 	EXP 	Fixation2: autoDraw = True
352.2936 	EXP 	Device response: <KeyPress from None: t=352.19558970001526, value=c, duration=0.09683880000375211>
353.2097 	EXP 	line1: autoDraw = True
353.2097 	EXP 	line2: autoDraw = True
353.2097 	EXP 	line3: autoDraw = True
353.2097 	EXP 	line4: autoDraw = True
353.2247 	EXP 	Fixation2: autoDraw = False
354.2082 	INFO 	Keyboard events cleared
354.2080 	EXP 	probe2: autoDraw = True
354.6941 	DATA 	Keypress: x
354.7088 	EXP 	Device response: <KeyPress from None: t=354.6925204000436, value=x, duration=None>
354.7094 	EXP 	New trial (rep=12, index=49): <Trial 49 (49 in rep 12) data={'Pos': np.int64(-50), 'corr_resp': 'x', 'thisN': 49, 'thisTrialN': 49, 'thisRepN': 12}>
354.7267 	EXP 	Fixation2: autoDraw = False
354.7267 	EXP 	line1: autoDraw = False
354.7267 	EXP 	line2: autoDraw = False
354.7267 	EXP 	line3: autoDraw = False
354.7267 	EXP 	line4: autoDraw = False
354.7267 	EXP 	probe2: autoDraw = False
354.7267 	EXP 	Fixation2: autoDraw = True
354.8606 	EXP 	Device response: <KeyPress from None: t=346.96648890001234, value=x, duration=7.882901199976914>
355.7100 	EXP 	line1: autoDraw = True
355.7100 	EXP 	line2: autoDraw = True
355.7100 	EXP 	line3: autoDraw = True
355.7100 	EXP 	line4: autoDraw = True
355.7246 	EXP 	Fixation2: autoDraw = False
356.7249 	INFO 	Keyboard events cleared
356.7247 	EXP 	probe2: autoDraw = True
357.3753 	EXP 	Device response: <KeyPress from None: t=357.3671578000067, value=x, duration=None>
357.3758 	EXP 	New trial (rep=13, index=50): <Trial 50 (50 in rep 13) data={'Pos': np.int64(-50), 'corr_resp': 'x', 'thisN': 50, 'thisTrialN': 50, 'thisRepN': 13}>
357.3779 	DATA 	Keypress: x
357.3932 	EXP 	Fixation2: autoDraw = False
357.3932 	EXP 	line1: autoDraw = False
357.3932 	EXP 	line2: autoDraw = False
357.3932 	EXP 	line3: autoDraw = False
357.3932 	EXP 	line4: autoDraw = False
357.3932 	EXP 	probe2: autoDraw = False
357.3932 	EXP 	Fixation2: autoDraw = True
357.5271 	EXP 	Device response: <KeyPress from None: t=354.6925204000436, value=x, duration=2.8265498999971896>
358.3770 	EXP 	line1: autoDraw = True
358.3770 	EXP 	line2: autoDraw = True
358.3770 	EXP 	line3: autoDraw = True
358.3770 	EXP 	line4: autoDraw = True
358.3911 	EXP 	Fixation2: autoDraw = False
359.3749 	INFO 	Keyboard events cleared
359.3747 	EXP 	probe2: autoDraw = True
359.9920 	EXP 	Device response: <KeyPress from None: t=359.98512670001946, value=x, duration=None>
359.9926 	EXP 	New trial (rep=14, index=51): <Trial 51 (51 in rep 14) data={'Pos': np.int64(-150), 'corr_resp': 'z', 'thisN': 51, 'thisTrialN': 51, 'thisRepN': 14}>
359.9944 	DATA 	Keypress: x
360.0099 	EXP 	Fixation2: autoDraw = False
360.0099 	EXP 	line1: autoDraw = False
360.0099 	EXP 	line2: autoDraw = False
360.0099 	EXP 	line3: autoDraw = False
360.0099 	EXP 	line4: autoDraw = False
360.0099 	EXP 	probe2: autoDraw = False
360.0099 	EXP 	Fixation2: autoDraw = True
360.0605 	EXP 	Device response: <KeyPress from None: t=357.3671578000067, value=x, duration=2.680860699969344>
360.9932 	EXP 	line1: autoDraw = True
360.9932 	EXP 	line2: autoDraw = True
360.9932 	EXP 	line3: autoDraw = True
360.9932 	EXP 	line4: autoDraw = True
361.0082 	EXP 	Fixation2: autoDraw = False
362.0078 	INFO 	Keyboard events cleared
362.0076 	EXP 	probe2: autoDraw = True
362.6418 	EXP 	Device response: <KeyPress from None: t=362.6345726000145, value=z, duration=None>
362.6424 	EXP 	New trial (rep=11, index=52): <Trial 52 (52 in rep 11) data={'Pos': np.int64(50), 'corr_resp': 'c', 'thisN': 52, 'thisTrialN': 52, 'thisRepN': 11}>
362.6443 	DATA 	Keypress: z
362.6598 	EXP 	Fixation2: autoDraw = False
362.6598 	EXP 	line1: autoDraw = False
362.6598 	EXP 	line2: autoDraw = False
362.6598 	EXP 	line3: autoDraw = False
362.6598 	EXP 	line4: autoDraw = False
362.6598 	EXP 	probe2: autoDraw = False
362.6598 	EXP 	Fixation2: autoDraw = True
362.7939 	EXP 	Device response: <KeyPress from None: t=349.50204249995295, value=z, duration=13.282457600114867>
363.6423 	EXP 	line1: autoDraw = True
363.6423 	EXP 	line2: autoDraw = True
363.6423 	EXP 	line3: autoDraw = True
363.6423 	EXP 	line4: autoDraw = True
363.6578 	EXP 	Fixation2: autoDraw = False
364.6414 	INFO 	Keyboard events cleared
364.6412 	EXP 	probe2: autoDraw = True
365.4248 	EXP 	Device response: <KeyPress from None: t=365.42383470002096, value=c, duration=None>
365.4253 	EXP 	New trial (rep=12, index=53): <Trial 53 (53 in rep 12) data={'Pos': np.int64(50), 'corr_resp': 'c', 'thisN': 53, 'thisTrialN': 53, 'thisRepN': 12}>
365.4274 	DATA 	Keypress: c
365.4432 	EXP 	Fixation2: autoDraw = False
365.4432 	EXP 	line1: autoDraw = False
365.4432 	EXP 	line2: autoDraw = False
365.4432 	EXP 	line3: autoDraw = False
365.4432 	EXP 	line4: autoDraw = False
365.4432 	EXP 	probe2: autoDraw = False
365.4432 	EXP 	Fixation2: autoDraw = True
365.5768 	EXP 	Device response: <KeyPress from None: t=365.42383470002096, value=c, duration=0.15014709997922182>
366.4263 	EXP 	line1: autoDraw = True
366.4263 	EXP 	line2: autoDraw = True
366.4263 	EXP 	line3: autoDraw = True
366.4263 	EXP 	line4: autoDraw = True
366.4412 	EXP 	Fixation2: autoDraw = False
367.4245 	INFO 	Keyboard events cleared
367.4243 	EXP 	probe2: autoDraw = True
368.3240 	EXP 	Device response: <KeyPress from None: t=368.3224113000324, value=c, duration=None>
368.3244 	EXP 	New trial (rep=13, index=54): <Trial 54 (54 in rep 13) data={'Pos': np.int64(50), 'corr_resp': 'c', 'thisN': 54, 'thisTrialN': 54, 'thisRepN': 13}>
368.3257 	DATA 	Keypress: c
368.3427 	EXP 	Fixation2: autoDraw = False
368.3427 	EXP 	line1: autoDraw = False
368.3427 	EXP 	line2: autoDraw = False
368.3427 	EXP 	line3: autoDraw = False
368.3427 	EXP 	line4: autoDraw = False
368.3427 	EXP 	probe2: autoDraw = False
368.3427 	EXP 	Fixation2: autoDraw = True
368.4935 	EXP 	Device response: <KeyPress from None: t=368.3224113000324, value=c, duration=0.15535589994397014>
369.3263 	EXP 	line1: autoDraw = True
369.3263 	EXP 	line2: autoDraw = True
369.3263 	EXP 	line3: autoDraw = True
369.3263 	EXP 	line4: autoDraw = True
369.3413 	EXP 	Fixation2: autoDraw = False
370.3246 	INFO 	Keyboard events cleared
370.3244 	EXP 	probe2: autoDraw = True
370.7607 	DATA 	Keypress: x
370.7750 	EXP 	Device response: <KeyPress from None: t=370.7593012000434, value=x, duration=None>
370.7755 	EXP 	New trial (rep=14, index=55): <Trial 55 (55 in rep 14) data={'Pos': np.int64(-50), 'corr_resp': 'x', 'thisN': 55, 'thisTrialN': 55, 'thisRepN': 14}>
370.7928 	EXP 	Fixation2: autoDraw = False
370.7928 	EXP 	line1: autoDraw = False
370.7928 	EXP 	line2: autoDraw = False
370.7928 	EXP 	line3: autoDraw = False
370.7928 	EXP 	line4: autoDraw = False
370.7928 	EXP 	probe2: autoDraw = False
370.7928 	EXP 	Fixation2: autoDraw = True
370.9602 	EXP 	Device response: <KeyPress from None: t=359.98512670001946, value=x, duration=10.96508440002799>
370.9603 	EXP 	Device response: <KeyPress from None: t=370.9572100000223, value=x, duration=None>
370.9623 	DATA 	Keypress: x
371.0267 	EXP 	Device response: <KeyPress from None: t=370.7593012000434, value=x, duration=0.2604371999623254>
371.7762 	EXP 	line1: autoDraw = True
371.7762 	EXP 	line2: autoDraw = True
371.7762 	EXP 	line3: autoDraw = True
371.7762 	EXP 	line4: autoDraw = True
371.7909 	EXP 	Fixation2: autoDraw = False
372.7911 	INFO 	Keyboard events cleared
372.7909 	EXP 	probe2: autoDraw = True
373.3105 	DATA 	Keypress: x
373.3250 	EXP 	Device response: <KeyPress from None: t=373.3085749000311, value=x, duration=None>
373.3255 	EXP 	New trial (rep=14, index=56): <Trial 56 (56 in rep 14) data={'Pos': np.int64(50), 'corr_resp': 'c', 'thisN': 56, 'thisTrialN': 56, 'thisRepN': 14}>
373.3429 	EXP 	Fixation2: autoDraw = False
373.3429 	EXP 	line1: autoDraw = False
373.3429 	EXP 	line2: autoDraw = False
373.3429 	EXP 	line3: autoDraw = False
373.3429 	EXP 	line4: autoDraw = False
373.3429 	EXP 	probe2: autoDraw = False
373.3429 	EXP 	Fixation2: autoDraw = True
373.5266 	EXP 	Device response: <KeyPress from None: t=370.9572100000223, value=x, duration=2.5557224999647588>
374.3260 	EXP 	line1: autoDraw = True
374.3260 	EXP 	line2: autoDraw = True
374.3260 	EXP 	line3: autoDraw = True
374.3260 	EXP 	line4: autoDraw = True
374.3408 	EXP 	Fixation2: autoDraw = False
375.3412 	INFO 	Keyboard events cleared
375.3410 	EXP 	probe2: autoDraw = True
375.8103 	DATA 	Keypress: c
375.8247 	EXP 	Device response: <KeyPress from None: t=375.80790330003947, value=c, duration=None>
375.8252 	EXP 	New trial (rep=15, index=57): <Trial 57 (57 in rep 15) data={'Pos': np.int64(50), 'corr_resp': 'c', 'thisN': 57, 'thisTrialN': 57, 'thisRepN': 15}>
375.8424 	EXP 	Fixation2: autoDraw = False
375.8424 	EXP 	line1: autoDraw = False
375.8424 	EXP 	line2: autoDraw = False
375.8424 	EXP 	line3: autoDraw = False
375.8424 	EXP 	line4: autoDraw = False
375.8424 	EXP 	probe2: autoDraw = False
375.8424 	EXP 	Fixation2: autoDraw = True
375.8943 	EXP 	Device response: <KeyPress from None: t=375.80790330003947, value=c, duration=0.08486159995663911>
376.8259 	EXP 	line1: autoDraw = True
376.8259 	EXP 	line2: autoDraw = True
376.8259 	EXP 	line3: autoDraw = True
376.8259 	EXP 	line4: autoDraw = True
376.8408 	EXP 	Fixation2: autoDraw = False
377.8244 	INFO 	Keyboard events cleared
377.8242 	EXP 	probe2: autoDraw = True
378.4579 	EXP 	Device response: <KeyPress from None: t=378.4536075000651, value=c, duration=None>
378.4584 	EXP 	New trial (rep=15, index=58): <Trial 58 (58 in rep 15) data={'Pos': np.int64(-150), 'corr_resp': 'z', 'thisN': 58, 'thisTrialN': 58, 'thisRepN': 15}>
378.4602 	DATA 	Keypress: c
378.4760 	EXP 	Fixation2: autoDraw = False
378.4760 	EXP 	line1: autoDraw = False
378.4760 	EXP 	line2: autoDraw = False
378.4760 	EXP 	line3: autoDraw = False
378.4760 	EXP 	line4: autoDraw = False
378.4760 	EXP 	probe2: autoDraw = False
378.4760 	EXP 	Fixation2: autoDraw = True
378.5601 	EXP 	Device response: <KeyPress from None: t=378.4536075000651, value=c, duration=0.10096919990610331>
379.4588 	EXP 	line1: autoDraw = True
379.4588 	EXP 	line2: autoDraw = True
379.4588 	EXP 	line3: autoDraw = True
379.4588 	EXP 	line4: autoDraw = True
379.4739 	EXP 	Fixation2: autoDraw = False
380.4577 	INFO 	Keyboard events cleared
380.4575 	EXP 	probe2: autoDraw = True
381.0432 	DATA 	Keypress: z
381.0580 	EXP 	Device response: <KeyPress from None: t=381.0419388000155, value=z, duration=None>
381.0585 	EXP 	New trial (rep=12, index=59): <Trial 59 (59 in rep 12) data={'Pos': np.int64(150), 'corr_resp': 'v', 'thisN': 59, 'thisTrialN': 59, 'thisRepN': 12}>
381.0758 	EXP 	Fixation2: autoDraw = False
381.0758 	EXP 	line1: autoDraw = False
381.0758 	EXP 	line2: autoDraw = False
381.0758 	EXP 	line3: autoDraw = False
381.0758 	EXP 	line4: autoDraw = False
381.0758 	EXP 	probe2: autoDraw = False
381.0758 	EXP 	Fixation2: autoDraw = True
381.2102 	EXP 	Device response: <KeyPress from None: t=362.6345726000145, value=z, duration=18.568828099989332>
382.0594 	EXP 	line1: autoDraw = True
382.0594 	EXP 	line2: autoDraw = True
382.0594 	EXP 	line3: autoDraw = True
382.0594 	EXP 	line4: autoDraw = True
382.0742 	EXP 	Fixation2: autoDraw = False
383.0577 	INFO 	Keyboard events cleared
383.0575 	EXP 	probe2: autoDraw = True
383.8579 	EXP 	Device response: <KeyPress from None: t=383.84423779998906, value=v, duration=None>
383.8585 	EXP 	New trial (rep=13, index=60): <Trial 60 (60 in rep 13) data={'Pos': np.int64(150), 'corr_resp': 'v', 'thisN': 60, 'thisTrialN': 60, 'thisRepN': 13}>
383.8604 	DATA 	Keypress: v
383.8759 	EXP 	Fixation2: autoDraw = False
383.8759 	EXP 	line1: autoDraw = False
383.8759 	EXP 	line2: autoDraw = False
383.8759 	EXP 	line3: autoDraw = False
383.8759 	EXP 	line4: autoDraw = False
383.8759 	EXP 	probe2: autoDraw = False
383.8759 	EXP 	Fixation2: autoDraw = True
383.9763 	EXP 	Device response: <KeyPress from None: t=383.84423779998906, value=v, duration=0.11757970007602125>
384.8592 	EXP 	line1: autoDraw = True
384.8592 	EXP 	line2: autoDraw = True
384.8592 	EXP 	line3: autoDraw = True
384.8592 	EXP 	line4: autoDraw = True
384.8739 	EXP 	Fixation2: autoDraw = False
385.8575 	INFO 	Keyboard events cleared
385.8573 	EXP 	probe2: autoDraw = True
386.5744 	EXP 	Device response: <KeyPress from None: t=386.56928209995385, value=v, duration=None>
386.5749 	EXP 	New trial (rep=16, index=61): <Trial 61 (61 in rep 16) data={'Pos': np.int64(50), 'corr_resp': 'c', 'thisN': 61, 'thisTrialN': 61, 'thisRepN': 16}>
386.5767 	DATA 	Keypress: v
386.5926 	EXP 	Fixation2: autoDraw = False
386.5926 	EXP 	line1: autoDraw = False
386.5926 	EXP 	line2: autoDraw = False
386.5926 	EXP 	line3: autoDraw = False
386.5926 	EXP 	line4: autoDraw = False
386.5926 	EXP 	probe2: autoDraw = False
386.5926 	EXP 	Fixation2: autoDraw = True
386.7097 	EXP 	Device response: <KeyPress from None: t=386.56928209995385, value=v, duration=0.12919240002520382>
387.5757 	EXP 	line1: autoDraw = True
387.5757 	EXP 	line2: autoDraw = True
387.5757 	EXP 	line3: autoDraw = True
387.5757 	EXP 	line4: autoDraw = True
387.5907 	EXP 	Fixation2: autoDraw = False
388.5907 	INFO 	Keyboard events cleared
388.5905 	EXP 	probe2: autoDraw = True
389.1772 	DATA 	Keypress: c
389.1910 	EXP 	Device response: <KeyPress from None: t=389.1755947000347, value=c, duration=None>
389.1919 	EXP 	New trial (rep=15, index=62): <Trial 62 (62 in rep 15) data={'Pos': np.int64(-50), 'corr_resp': 'x', 'thisN': 62, 'thisTrialN': 62, 'thisRepN': 15}>
389.2091 	EXP 	Fixation2: autoDraw = False
389.2091 	EXP 	line1: autoDraw = False
389.2091 	EXP 	line2: autoDraw = False
389.2091 	EXP 	line3: autoDraw = False
389.2091 	EXP 	line4: autoDraw = False
389.2091 	EXP 	probe2: autoDraw = False
389.2091 	EXP 	Fixation2: autoDraw = True
389.3429 	EXP 	Device response: <KeyPress from None: t=389.1755947000347, value=c, duration=0.15345909993629903>
390.1923 	EXP 	line1: autoDraw = True
390.1923 	EXP 	line2: autoDraw = True
390.1923 	EXP 	line3: autoDraw = True
390.1923 	EXP 	line4: autoDraw = True
390.2072 	EXP 	Fixation2: autoDraw = False
391.2075 	INFO 	Keyboard events cleared
391.2073 	EXP 	probe2: autoDraw = True
391.6241 	EXP 	Device response: <KeyPress from None: t=391.61915859999135, value=x, duration=None>
391.6246 	EXP 	New trial (rep=14, index=63): <Trial 63 (63 in rep 14) data={'Pos': np.int64(150), 'corr_resp': 'v', 'thisN': 63, 'thisTrialN': 63, 'thisRepN': 14}>
391.6270 	DATA 	Keypress: x
391.6423 	EXP 	Fixation2: autoDraw = False
391.6423 	EXP 	line1: autoDraw = False
391.6423 	EXP 	line2: autoDraw = False
391.6423 	EXP 	line3: autoDraw = False
391.6423 	EXP 	line4: autoDraw = False
391.6423 	EXP 	probe2: autoDraw = False
391.6423 	EXP 	Fixation2: autoDraw = True
391.7426 	EXP 	Device response: <KeyPress from None: t=373.3085749000311, value=x, duration=18.42623119999189>
392.6255 	EXP 	line1: autoDraw = True
392.6255 	EXP 	line2: autoDraw = True
392.6255 	EXP 	line3: autoDraw = True
392.6255 	EXP 	line4: autoDraw = True
392.6404 	EXP 	Fixation2: autoDraw = False
393.6238 	INFO 	Keyboard events cleared
393.6236 	EXP 	probe2: autoDraw = True
394.4102 	DATA 	Keypress: v
394.4243 	EXP 	Device response: <KeyPress from None: t=394.4096205000533, value=v, duration=None>
394.4249 	EXP 	New trial (rep=17, index=64): <Trial 64 (64 in rep 17) data={'Pos': np.int64(50), 'corr_resp': 'c', 'thisN': 64, 'thisTrialN': 64, 'thisRepN': 17}>
394.4424 	EXP 	Fixation2: autoDraw = False
394.4424 	EXP 	line1: autoDraw = False
394.4424 	EXP 	line2: autoDraw = False
394.4424 	EXP 	line3: autoDraw = False
394.4424 	EXP 	line4: autoDraw = False
394.4424 	EXP 	probe2: autoDraw = False
394.4424 	EXP 	Fixation2: autoDraw = True
394.5435 	EXP 	Device response: <KeyPress from None: t=394.4096205000533, value=v, duration=0.12594920000992715>
395.4259 	EXP 	line1: autoDraw = True
395.4259 	EXP 	line2: autoDraw = True
395.4259 	EXP 	line3: autoDraw = True
395.4259 	EXP 	line4: autoDraw = True
395.4402 	EXP 	Fixation2: autoDraw = False
396.4238 	INFO 	Keyboard events cleared
396.4237 	EXP 	probe2: autoDraw = True
397.1239 	EXP 	Device response: <KeyPress from None: t=397.1132890000008, value=c, duration=None>
397.1245 	EXP 	New trial (rep=18, index=65): <Trial 65 (65 in rep 18) data={'Pos': np.int64(50), 'corr_resp': 'c', 'thisN': 65, 'thisTrialN': 65, 'thisRepN': 18}>
397.1262 	DATA 	Keypress: c
397.1422 	EXP 	Fixation2: autoDraw = False
397.1422 	EXP 	line1: autoDraw = False
397.1422 	EXP 	line2: autoDraw = False
397.1422 	EXP 	line3: autoDraw = False
397.1422 	EXP 	line4: autoDraw = False
397.1422 	EXP 	probe2: autoDraw = False
397.1422 	EXP 	Fixation2: autoDraw = True
397.2428 	EXP 	Device response: <KeyPress from None: t=397.1132890000008, value=c, duration=0.11502530006691813>
398.1259 	EXP 	line1: autoDraw = True
398.1259 	EXP 	line2: autoDraw = True
398.1259 	EXP 	line3: autoDraw = True
398.1259 	EXP 	line4: autoDraw = True
398.1401 	EXP 	Fixation2: autoDraw = False
399.1238 	INFO 	Keyboard events cleared
399.1236 	EXP 	probe2: autoDraw = True
399.7573 	EXP 	Device response: <KeyPress from None: t=399.7495981999673, value=c, duration=None>
399.7577 	EXP 	New trial (rep=15, index=66): <Trial 66 (66 in rep 15) data={'Pos': np.int64(150), 'corr_resp': 'v', 'thisN': 66, 'thisTrialN': 66, 'thisRepN': 15}>
399.7595 	DATA 	Keypress: c
399.7751 	EXP 	Fixation2: autoDraw = False
399.7751 	EXP 	line1: autoDraw = False
399.7751 	EXP 	line2: autoDraw = False
399.7751 	EXP 	line3: autoDraw = False
399.7751 	EXP 	line4: autoDraw = False
399.7751 	EXP 	probe2: autoDraw = False
399.7751 	EXP 	Fixation2: autoDraw = True
399.9094 	EXP 	Device response: <KeyPress from None: t=399.7495981999673, value=c, duration=0.14399400004185736>
400.7587 	EXP 	line1: autoDraw = True
400.7587 	EXP 	line2: autoDraw = True
400.7587 	EXP 	line3: autoDraw = True
400.7587 	EXP 	line4: autoDraw = True
400.7733 	EXP 	Fixation2: autoDraw = False
401.7567 	INFO 	Keyboard events cleared
401.7565 	EXP 	probe2: autoDraw = True
402.7407 	EXP 	Device response: <KeyPress from None: t=402.7350384000456, value=v, duration=None>
402.7412 	EXP 	New trial (rep=16, index=67): <Trial 67 (67 in rep 16) data={'Pos': np.int64(150), 'corr_resp': 'v', 'thisN': 67, 'thisTrialN': 67, 'thisRepN': 16}>
402.7431 	DATA 	Keypress: v
402.7585 	EXP 	Fixation2: autoDraw = False
402.7585 	EXP 	line1: autoDraw = False
402.7585 	EXP 	line2: autoDraw = False
402.7585 	EXP 	line3: autoDraw = False
402.7585 	EXP 	line4: autoDraw = False
402.7585 	EXP 	probe2: autoDraw = False
402.7585 	EXP 	Fixation2: autoDraw = True
402.8427 	EXP 	Device response: <KeyPress from None: t=402.7350384000456, value=v, duration=0.0913915999699384>
403.7421 	EXP 	line1: autoDraw = True
403.7421 	EXP 	line2: autoDraw = True
403.7421 	EXP 	line3: autoDraw = True
403.7421 	EXP 	line4: autoDraw = True
403.7568 	EXP 	Fixation2: autoDraw = False
404.7404 	INFO 	Keyboard events cleared
404.7402 	EXP 	probe2: autoDraw = True
405.0740 	EXP 	Device response: <KeyPress from None: t=405.06838640000205, value=x, duration=None>
405.0746 	EXP 	New trial (rep=17, index=68): <Trial 68 (68 in rep 17) data={'Pos': np.int64(150), 'corr_resp': 'v', 'thisN': 68, 'thisTrialN': 68, 'thisRepN': 17}>
405.0764 	DATA 	Keypress: x
405.0918 	EXP 	Fixation2: autoDraw = False
405.0918 	EXP 	line1: autoDraw = False
405.0918 	EXP 	line2: autoDraw = False
405.0918 	EXP 	line3: autoDraw = False
405.0918 	EXP 	line4: autoDraw = False
405.0918 	EXP 	probe2: autoDraw = False
405.0918 	EXP 	Fixation2: autoDraw = True
405.1762 	EXP 	Device response: <KeyPress from None: t=391.61915859999135, value=x, duration=13.552709100069478>
406.0750 	EXP 	line1: autoDraw = True
406.0750 	EXP 	line2: autoDraw = True
406.0750 	EXP 	line3: autoDraw = True
406.0750 	EXP 	line4: autoDraw = True
406.0903 	EXP 	Fixation2: autoDraw = False
407.0736 	INFO 	Keyboard events cleared
407.0734 	EXP 	probe2: autoDraw = True
408.6074 	EXP 	Device response: <KeyPress from None: t=408.59646260004956, value=c, duration=None>
408.6079 	EXP 	New trial (rep=16, index=69): <Trial 69 (69 in rep 16) data={'Pos': np.int64(-50), 'corr_resp': 'x', 'thisN': 69, 'thisTrialN': 69, 'thisRepN': 16}>
408.6097 	DATA 	Keypress: c
408.6254 	EXP 	Fixation2: autoDraw = False
408.6254 	EXP 	line1: autoDraw = False
408.6254 	EXP 	line2: autoDraw = False
408.6254 	EXP 	line3: autoDraw = False
408.6254 	EXP 	line4: autoDraw = False
408.6254 	EXP 	probe2: autoDraw = False
408.6254 	EXP 	Fixation2: autoDraw = True
408.7437 	EXP 	Device response: <KeyPress from None: t=408.59646260004956, value=c, duration=0.1454745999071747>
409.6086 	EXP 	line1: autoDraw = True
409.6086 	EXP 	line2: autoDraw = True
409.6086 	EXP 	line3: autoDraw = True
409.6086 	EXP 	line4: autoDraw = True
409.6232 	EXP 	Fixation2: autoDraw = False
410.6234 	INFO 	Keyboard events cleared
410.6232 	EXP 	probe2: autoDraw = True
411.5235 	EXP 	Device response: <KeyPress from None: t=411.52296390000265, value=x, duration=None>
411.5241 	EXP 	New trial (rep=19, index=70): <Trial 70 (70 in rep 19) data={'Pos': np.int64(50), 'corr_resp': 'c', 'thisN': 70, 'thisTrialN': 70, 'thisRepN': 19}>
411.5259 	DATA 	Keypress: x
411.5417 	EXP 	Fixation2: autoDraw = False
411.5417 	EXP 	line1: autoDraw = False
411.5417 	EXP 	line2: autoDraw = False
411.5417 	EXP 	line3: autoDraw = False
411.5417 	EXP 	line4: autoDraw = False
411.5417 	EXP 	probe2: autoDraw = False
411.5417 	EXP 	Fixation2: autoDraw = True
411.7423 	EXP 	Device response: <KeyPress from None: t=405.06838640000205, value=x, duration=6.657115299953148>
412.5257 	EXP 	line1: autoDraw = True
412.5257 	EXP 	line2: autoDraw = True
412.5257 	EXP 	line3: autoDraw = True
412.5257 	EXP 	line4: autoDraw = True
412.5398 	EXP 	Fixation2: autoDraw = False
413.5233 	INFO 	Keyboard events cleared
413.5232 	EXP 	probe2: autoDraw = True
414.3738 	EXP 	Device response: <KeyPress from None: t=414.3650512000313, value=x, duration=None>
414.3744 	EXP 	New trial (rep=16, index=71): <Trial 71 (71 in rep 16) data={'Pos': np.int64(-150), 'corr_resp': 'z', 'thisN': 71, 'thisTrialN': 71, 'thisRepN': 16}>
414.3763 	DATA 	Keypress: x
414.3918 	EXP 	Fixation2: autoDraw = False
414.3918 	EXP 	line1: autoDraw = False
414.3918 	EXP 	line2: autoDraw = False
414.3918 	EXP 	line3: autoDraw = False
414.3918 	EXP 	line4: autoDraw = False
414.3918 	EXP 	probe2: autoDraw = False
414.3918 	EXP 	Fixation2: autoDraw = True
414.6256 	EXP 	Device response: <KeyPress from None: t=411.52296390000265, value=x, duration=3.0897859999677166>
415.3752 	EXP 	line1: autoDraw = True
415.3752 	EXP 	line2: autoDraw = True
415.3752 	EXP 	line3: autoDraw = True
415.3752 	EXP 	line4: autoDraw = True
415.3896 	EXP 	Fixation2: autoDraw = False
416.3896 	INFO 	Keyboard events cleared
416.3895 	EXP 	probe2: autoDraw = True
416.8596 	DATA 	Keypress: z
416.8734 	EXP 	Device response: <KeyPress from None: t=416.85830059996806, value=z, duration=None>
416.8740 	EXP 	New trial (rep=18, index=72): <Trial 72 (72 in rep 18) data={'Pos': np.int64(150), 'corr_resp': 'v', 'thisN': 72, 'thisTrialN': 72, 'thisRepN': 18}>
416.8913 	EXP 	Fixation2: autoDraw = False
416.8913 	EXP 	line1: autoDraw = False
416.8913 	EXP 	line2: autoDraw = False
416.8913 	EXP 	line3: autoDraw = False
416.8913 	EXP 	line4: autoDraw = False
416.8913 	EXP 	probe2: autoDraw = False
416.8913 	EXP 	Fixation2: autoDraw = True
417.0422 	EXP 	Device response: <KeyPress from None: t=381.0419388000155, value=z, duration=35.99368129996583>
417.8747 	EXP 	line1: autoDraw = True
417.8747 	EXP 	line2: autoDraw = True
417.8747 	EXP 	line3: autoDraw = True
417.8747 	EXP 	line4: autoDraw = True
417.8894 	EXP 	Fixation2: autoDraw = False
418.8734 	INFO 	Keyboard events cleared
418.8732 	EXP 	probe2: autoDraw = True
419.4760 	DATA 	Keypress: v
419.4904 	EXP 	Device response: <KeyPress from None: t=419.4733632999705, value=v, duration=None>
419.4910 	EXP 	New trial (rep=19, index=73): <Trial 73 (73 in rep 19) data={'Pos': np.int64(150), 'corr_resp': 'v', 'thisN': 73, 'thisTrialN': 73, 'thisRepN': 19}>
419.5087 	EXP 	Fixation2: autoDraw = False
419.5087 	EXP 	line1: autoDraw = False
419.5087 	EXP 	line2: autoDraw = False
419.5087 	EXP 	line3: autoDraw = False
419.5087 	EXP 	line4: autoDraw = False
419.5087 	EXP 	probe2: autoDraw = False
419.5087 	EXP 	Fixation2: autoDraw = True
419.5923 	EXP 	Device response: <KeyPress from None: t=419.4733632999705, value=v, duration=0.11502210004255176>
420.4913 	EXP 	line1: autoDraw = True
420.4913 	EXP 	line2: autoDraw = True
420.4913 	EXP 	line3: autoDraw = True
420.4913 	EXP 	line4: autoDraw = True
420.5063 	EXP 	Fixation2: autoDraw = False
421.5067 	INFO 	Keyboard events cleared
421.5065 	EXP 	probe2: autoDraw = True
422.1595 	DATA 	Keypress: v
422.1737 	EXP 	Device response: <KeyPress from None: t=422.157753800042, value=v, duration=None>
422.1745 	EXP 	New trial (rep=20, index=74): <Trial 74 (74 in rep 20) data={'Pos': np.int64(150), 'corr_resp': 'v', 'thisN': 74, 'thisTrialN': 74, 'thisRepN': 20}>
422.1917 	EXP 	Fixation2: autoDraw = False
422.1917 	EXP 	line1: autoDraw = False
422.1917 	EXP 	line2: autoDraw = False
422.1917 	EXP 	line3: autoDraw = False
422.1917 	EXP 	line4: autoDraw = False
422.1917 	EXP 	probe2: autoDraw = False
422.1917 	EXP 	Fixation2: autoDraw = True
422.2922 	EXP 	Device response: <KeyPress from None: t=422.157753800042, value=v, duration=0.1225667999824509>
423.1745 	EXP 	line1: autoDraw = True
423.1745 	EXP 	line2: autoDraw = True
423.1745 	EXP 	line3: autoDraw = True
423.1745 	EXP 	line4: autoDraw = True
423.1892 	EXP 	Fixation2: autoDraw = False
424.1900 	INFO 	Keyboard events cleared
424.1898 	EXP 	probe2: autoDraw = True
424.3733 	EXP 	Device response: <KeyPress from None: t=424.36425370001234, value=c, duration=None>
424.3738 	EXP 	New trial (rep=17, index=75): <Trial 75 (75 in rep 17) data={'Pos': np.int64(-150), 'corr_resp': 'z', 'thisN': 75, 'thisTrialN': 75, 'thisRepN': 17}>
424.3756 	DATA 	Keypress: c
424.3915 	EXP 	Fixation2: autoDraw = False
424.3915 	EXP 	line1: autoDraw = False
424.3915 	EXP 	line2: autoDraw = False
424.3915 	EXP 	line3: autoDraw = False
424.3915 	EXP 	line4: autoDraw = False
424.3915 	EXP 	probe2: autoDraw = False
424.3915 	EXP 	Fixation2: autoDraw = True
424.5093 	EXP 	Device response: <KeyPress from None: t=424.36425370001234, value=c, duration=0.14098959998227656>
425.3751 	EXP 	line1: autoDraw = True
425.3751 	EXP 	line2: autoDraw = True
425.3751 	EXP 	line3: autoDraw = True
425.3751 	EXP 	line4: autoDraw = True
425.3897 	EXP 	Fixation2: autoDraw = False
426.3731 	INFO 	Keyboard events cleared
426.3729 	EXP 	probe2: autoDraw = True
427.3069 	EXP 	Device response: <KeyPress from None: t=427.2962533000391, value=v, duration=None>
427.3074 	EXP 	New trial (rep=21, index=76): <Trial 76 (76 in rep 21) data={'Pos': np.int64(150), 'corr_resp': 'v', 'thisN': 76, 'thisTrialN': 76, 'thisRepN': 21}>
427.3093 	DATA 	Keypress: v
427.3247 	EXP 	Fixation2: autoDraw = False
427.3247 	EXP 	line1: autoDraw = False
427.3247 	EXP 	line2: autoDraw = False
427.3247 	EXP 	line3: autoDraw = False
427.3247 	EXP 	line4: autoDraw = False
427.3247 	EXP 	probe2: autoDraw = False
427.3247 	EXP 	Fixation2: autoDraw = True
427.4423 	EXP 	Device response: <KeyPress from None: t=427.2962533000391, value=v, duration=0.13511579995974898>
428.3082 	EXP 	line1: autoDraw = True
428.3082 	EXP 	line2: autoDraw = True
428.3082 	EXP 	line3: autoDraw = True
428.3082 	EXP 	line4: autoDraw = True
428.3225 	EXP 	Fixation2: autoDraw = False
429.3230 	INFO 	Keyboard events cleared
429.3229 	EXP 	probe2: autoDraw = True
430.4235 	EXP 	Device response: <KeyPress from None: t=430.41998869995587, value=v, duration=None>
430.4241 	EXP 	New trial (rep=22, index=77): <Trial 77 (77 in rep 22) data={'Pos': np.int64(150), 'corr_resp': 'v', 'thisN': 77, 'thisTrialN': 77, 'thisRepN': 22}>
430.4260 	DATA 	Keypress: v
430.4411 	EXP 	Fixation2: autoDraw = False
430.4411 	EXP 	line1: autoDraw = False
430.4411 	EXP 	line2: autoDraw = False
430.4411 	EXP 	line3: autoDraw = False
430.4411 	EXP 	line4: autoDraw = False
430.4411 	EXP 	probe2: autoDraw = False
430.4411 	EXP 	Fixation2: autoDraw = True
430.5252 	EXP 	Device response: <KeyPress from None: t=430.41998869995587, value=v, duration=0.09890090010594577>
431.4246 	EXP 	line1: autoDraw = True
431.4246 	EXP 	line2: autoDraw = True
431.4246 	EXP 	line3: autoDraw = True
431.4246 	EXP 	line4: autoDraw = True
431.4395 	EXP 	Fixation2: autoDraw = False
432.4397 	INFO 	Keyboard events cleared
432.4396 	EXP 	probe2: autoDraw = True
433.3901 	EXP 	Device response: <KeyPress from None: t=433.3798864999553, value=v, duration=None>
433.3906 	EXP 	New trial (rep=20, index=78): <Trial 78 (78 in rep 20) data={'Pos': np.int64(50), 'corr_resp': 'c', 'thisN': 78, 'thisTrialN': 78, 'thisRepN': 20}>
433.3925 	DATA 	Keypress: v
433.4080 	EXP 	Fixation2: autoDraw = False
433.4080 	EXP 	line1: autoDraw = False
433.4080 	EXP 	line2: autoDraw = False
433.4080 	EXP 	line3: autoDraw = False
433.4080 	EXP 	line4: autoDraw = False
433.4080 	EXP 	probe2: autoDraw = False
433.4080 	EXP 	Fixation2: autoDraw = True
433.5755 	EXP 	Device response: <KeyPress from None: t=433.3798864999553, value=v, duration=0.18626910005696118>
434.3912 	EXP 	line1: autoDraw = True
434.3912 	EXP 	line2: autoDraw = True
434.3912 	EXP 	line3: autoDraw = True
434.3912 	EXP 	line4: autoDraw = True
434.4061 	EXP 	Fixation2: autoDraw = False
435.4062 	INFO 	Keyboard events cleared
435.4059 	EXP 	probe2: autoDraw = True
435.9401 	EXP 	Device response: <KeyPress from None: t=435.93248730001505, value=c, duration=None>
435.9407 	EXP 	New trial (rep=17, index=79): <Trial 79 (79 in rep 17) data={'Pos': np.int64(-50), 'corr_resp': 'x', 'thisN': 79, 'thisTrialN': 79, 'thisRepN': 17}>
435.9428 	DATA 	Keypress: c
435.9580 	EXP 	Fixation2: autoDraw = False
435.9580 	EXP 	line1: autoDraw = False
435.9580 	EXP 	line2: autoDraw = False
435.9580 	EXP 	line3: autoDraw = False
435.9580 	EXP 	line4: autoDraw = False
435.9580 	EXP 	probe2: autoDraw = False
435.9580 	EXP 	Fixation2: autoDraw = True
436.1084 	EXP 	Device response: <KeyPress from None: t=435.93248730001505, value=c, duration=0.16340580000542104>
436.9408 	EXP 	line1: autoDraw = True
436.9408 	EXP 	line2: autoDraw = True
436.9408 	EXP 	line3: autoDraw = True
436.9408 	EXP 	line4: autoDraw = True
436.9559 	EXP 	Fixation2: autoDraw = False
437.9560 	INFO 	Keyboard events cleared
437.9558 	EXP 	probe2: autoDraw = True
438.3248 	DATA 	Keypress: x
438.3398 	EXP 	Device response: <KeyPress from None: t=438.32351390004624, value=x, duration=None>
438.3404 	EXP 	New trial (rep=21, index=80): <Trial 80 (80 in rep 21) data={'Pos': np.int64(50), 'corr_resp': 'c', 'thisN': 80, 'thisTrialN': 80, 'thisRepN': 21}>
438.3578 	EXP 	Fixation2: autoDraw = False
438.3578 	EXP 	line1: autoDraw = False
438.3578 	EXP 	line2: autoDraw = False
438.3578 	EXP 	line3: autoDraw = False
438.3578 	EXP 	line4: autoDraw = False
438.3578 	EXP 	probe2: autoDraw = False
438.3578 	EXP 	Fixation2: autoDraw = True
438.4918 	EXP 	Device response: <KeyPress from None: t=414.3650512000313, value=x, duration=24.111614299938083>
439.3412 	EXP 	line1: autoDraw = True
439.3412 	EXP 	line2: autoDraw = True
439.3412 	EXP 	line3: autoDraw = True
439.3412 	EXP 	line4: autoDraw = True
439.3559 	EXP 	Fixation2: autoDraw = False
440.3561 	INFO 	Keyboard events cleared
440.3559 	EXP 	probe2: autoDraw = True
441.1064 	EXP 	Device response: <KeyPress from None: t=441.1026531000389, value=c, duration=None>
441.1070 	EXP 	New trial (rep=23, index=81): <Trial 81 (81 in rep 23) data={'Pos': np.int64(150), 'corr_resp': 'v', 'thisN': 81, 'thisTrialN': 81, 'thisRepN': 23}>
441.1087 	DATA 	Keypress: c
441.1243 	EXP 	Fixation2: autoDraw = False
441.1243 	EXP 	line1: autoDraw = False
441.1243 	EXP 	line2: autoDraw = False
441.1243 	EXP 	line3: autoDraw = False
441.1243 	EXP 	line4: autoDraw = False
441.1243 	EXP 	probe2: autoDraw = False
441.1243 	EXP 	Fixation2: autoDraw = True
441.2413 	EXP 	Device response: <KeyPress from None: t=441.1026531000389, value=c, duration=0.13510289997793734>
442.1075 	EXP 	line1: autoDraw = True
442.1075 	EXP 	line2: autoDraw = True
442.1075 	EXP 	line3: autoDraw = True
442.1075 	EXP 	line4: autoDraw = True
442.1217 	EXP 	Fixation2: autoDraw = False
443.1223 	INFO 	Keyboard events cleared
443.1220 	EXP 	probe2: autoDraw = True
443.7393 	EXP 	Device response: <KeyPress from None: t=443.7390213999897, value=v, duration=None>
443.7398 	EXP 	New trial (rep=22, index=82): <Trial 82 (82 in rep 22) data={'Pos': np.int64(50), 'corr_resp': 'c', 'thisN': 82, 'thisTrialN': 82, 'thisRepN': 22}>
443.7413 	DATA 	Keypress: v
443.7578 	EXP 	Fixation2: autoDraw = False
443.7578 	EXP 	line1: autoDraw = False
443.7578 	EXP 	line2: autoDraw = False
443.7578 	EXP 	line3: autoDraw = False
443.7578 	EXP 	line4: autoDraw = False
443.7578 	EXP 	probe2: autoDraw = False
443.7578 	EXP 	Fixation2: autoDraw = True
443.8572 	EXP 	Device response: <KeyPress from None: t=443.7390213999897, value=v, duration=0.10291270003654063>
444.7411 	EXP 	line1: autoDraw = True
444.7411 	EXP 	line2: autoDraw = True
444.7411 	EXP 	line3: autoDraw = True
444.7411 	EXP 	line4: autoDraw = True
444.7550 	EXP 	Fixation2: autoDraw = False
445.7553 	INFO 	Keyboard events cleared
445.7552 	EXP 	probe2: autoDraw = True
446.3223 	EXP 	Device response: <KeyPress from None: t=446.31366520002484, value=c, duration=None>
446.3226 	EXP 	New trial (rep=18, index=83): <Trial 83 (83 in rep 18) data={'Pos': np.int64(-50), 'corr_resp': 'x', 'thisN': 83, 'thisTrialN': 83, 'thisRepN': 18}>
446.3243 	DATA 	Keypress: c
446.3412 	EXP 	Fixation2: autoDraw = False
446.3412 	EXP 	line1: autoDraw = False
446.3412 	EXP 	line2: autoDraw = False
446.3412 	EXP 	line3: autoDraw = False
446.3412 	EXP 	line4: autoDraw = False
446.3412 	EXP 	probe2: autoDraw = False
446.3412 	EXP 	Fixation2: autoDraw = True
446.3913 	EXP 	Device response: <KeyPress from None: t=446.31366520002484, value=c, duration=0.0689962999895215>
447.3241 	EXP 	line1: autoDraw = True
447.3241 	EXP 	line2: autoDraw = True
447.3241 	EXP 	line3: autoDraw = True
447.3241 	EXP 	line4: autoDraw = True
447.3385 	EXP 	Fixation2: autoDraw = False
448.3219 	INFO 	Keyboard events cleared
448.3218 	EXP 	probe2: autoDraw = True
448.7554 	EXP 	Device response: <KeyPress from None: t=448.741844000062, value=x, duration=None>
448.7557 	EXP 	New trial (rep=19, index=84): <Trial 84 (84 in rep 19) data={'Pos': np.int64(-50), 'corr_resp': 'x', 'thisN': 84, 'thisTrialN': 84, 'thisRepN': 19}>
448.7571 	DATA 	Keypress: x
448.7743 	EXP 	Fixation2: autoDraw = False
448.7743 	EXP 	line1: autoDraw = False
448.7743 	EXP 	line2: autoDraw = False
448.7743 	EXP 	line3: autoDraw = False
448.7743 	EXP 	line4: autoDraw = False
448.7743 	EXP 	probe2: autoDraw = False
448.7743 	EXP 	Fixation2: autoDraw = True
448.8415 	EXP 	Device response: <KeyPress from None: t=438.32351390004624, value=x, duration=10.509472799953073>
449.7574 	EXP 	line1: autoDraw = True
449.7574 	EXP 	line2: autoDraw = True
449.7574 	EXP 	line3: autoDraw = True
449.7574 	EXP 	line4: autoDraw = True
449.7715 	EXP 	Fixation2: autoDraw = False
450.7551 	INFO 	Keyboard events cleared
450.7550 	EXP 	probe2: autoDraw = True
451.2554 	EXP 	Device response: <KeyPress from None: t=451.2459775999887, value=x, duration=None>
451.2557 	EXP 	New trial (rep=24, index=85): <Trial 85 (85 in rep 24) data={'Pos': np.int64(150), 'corr_resp': 'v', 'thisN': 85, 'thisTrialN': 85, 'thisRepN': 24}>
451.2571 	DATA 	Keypress: x
451.2739 	EXP 	Fixation2: autoDraw = False
451.2739 	EXP 	line1: autoDraw = False
451.2739 	EXP 	line2: autoDraw = False
451.2739 	EXP 	line3: autoDraw = False
451.2739 	EXP 	line4: autoDraw = False
451.2739 	EXP 	probe2: autoDraw = False
451.2739 	EXP 	Fixation2: autoDraw = True
451.3242 	EXP 	Device response: <KeyPress from None: t=448.741844000062, value=x, duration=2.5657970999600366>
452.2575 	EXP 	line1: autoDraw = True
452.2575 	EXP 	line2: autoDraw = True
452.2575 	EXP 	line3: autoDraw = True
452.2575 	EXP 	line4: autoDraw = True
452.2715 	EXP 	Fixation2: autoDraw = False
453.2550 	INFO 	Keyboard events cleared
453.2549 	EXP 	probe2: autoDraw = True
454.1552 	EXP 	Device response: <KeyPress from None: t=454.13998690003064, value=v, duration=None>
454.1555 	EXP 	New trial (rep=18, index=86): <Trial 86 (86 in rep 18) data={'Pos': np.int64(-150), 'corr_resp': 'z', 'thisN': 86, 'thisTrialN': 86, 'thisRepN': 18}>
454.1571 	DATA 	Keypress: v
454.1740 	EXP 	Fixation2: autoDraw = False
454.1740 	EXP 	line1: autoDraw = False
454.1740 	EXP 	line2: autoDraw = False
454.1740 	EXP 	line3: autoDraw = False
454.1740 	EXP 	line4: autoDraw = False
454.1740 	EXP 	probe2: autoDraw = False
454.1740 	EXP 	Fixation2: autoDraw = True
454.2411 	EXP 	Device response: <KeyPress from None: t=454.13998690003064, value=v, duration=0.0894994999980554>
455.1568 	EXP 	line1: autoDraw = True
455.1568 	EXP 	line2: autoDraw = True
455.1568 	EXP 	line3: autoDraw = True
455.1568 	EXP 	line4: autoDraw = True
455.1714 	EXP 	Fixation2: autoDraw = False
456.1548 	INFO 	Keyboard events cleared
456.1547 	EXP 	probe2: autoDraw = True
456.5551 	EXP 	Device response: <KeyPress from None: t=456.55112580000423, value=z, duration=None>
456.5553 	EXP 	New trial (rep=20, index=87): <Trial 87 (87 in rep 20) data={'Pos': np.int64(-50), 'corr_resp': 'x', 'thisN': 87, 'thisTrialN': 87, 'thisRepN': 20}>
456.5565 	DATA 	Keypress: z
456.5732 	EXP 	Fixation2: autoDraw = False
456.5732 	EXP 	line1: autoDraw = False
456.5732 	EXP 	line2: autoDraw = False
456.5732 	EXP 	line3: autoDraw = False
456.5732 	EXP 	line4: autoDraw = False
456.5732 	EXP 	probe2: autoDraw = False
456.5732 	EXP 	Fixation2: autoDraw = True
456.7738 	EXP 	Device response: <KeyPress from None: t=416.85830059996806, value=z, duration=39.89962570008356>
457.5575 	EXP 	line1: autoDraw = True
457.5575 	EXP 	line2: autoDraw = True
457.5575 	EXP 	line3: autoDraw = True
457.5575 	EXP 	line4: autoDraw = True
457.5715 	EXP 	Fixation2: autoDraw = False
458.5548 	INFO 	Keyboard events cleared
458.5546 	EXP 	probe2: autoDraw = True
459.2554 	EXP 	Device response: <KeyPress from None: t=459.25404659996275, value=x, duration=None>
459.2559 	EXP 	New trial (rep=19, index=88): <Trial 88 (88 in rep 19) data={'Pos': np.int64(-150), 'corr_resp': 'z', 'thisN': 88, 'thisTrialN': 88, 'thisRepN': 19}>
459.2575 	DATA 	Keypress: x
459.2734 	EXP 	Fixation2: autoDraw = False
459.2734 	EXP 	line1: autoDraw = False
459.2734 	EXP 	line2: autoDraw = False
459.2734 	EXP 	line3: autoDraw = False
459.2734 	EXP 	line4: autoDraw = False
459.2734 	EXP 	probe2: autoDraw = False
459.2734 	EXP 	Fixation2: autoDraw = True
459.3572 	EXP 	Device response: <KeyPress from None: t=451.2459775999887, value=x, duration=8.101668999996036>
460.2566 	EXP 	line1: autoDraw = True
460.2566 	EXP 	line2: autoDraw = True
460.2566 	EXP 	line3: autoDraw = True
460.2566 	EXP 	line4: autoDraw = True
460.2714 	EXP 	Fixation2: autoDraw = False
461.2549 	INFO 	Keyboard events cleared
461.2548 	EXP 	probe2: autoDraw = True
461.9552 	EXP 	Device response: <KeyPress from None: t=461.9405318000354, value=z, duration=None>
461.9555 	EXP 	New trial (rep=23, index=89): <Trial 89 (89 in rep 23) data={'Pos': np.int64(50), 'corr_resp': 'c', 'thisN': 89, 'thisTrialN': 89, 'thisRepN': 23}>
461.9574 	DATA 	Keypress: z
461.9738 	EXP 	Fixation2: autoDraw = False
461.9738 	EXP 	line1: autoDraw = False
461.9738 	EXP 	line2: autoDraw = False
461.9738 	EXP 	line3: autoDraw = False
461.9738 	EXP 	line4: autoDraw = False
461.9738 	EXP 	probe2: autoDraw = False
461.9738 	EXP 	Fixation2: autoDraw = True
462.0409 	EXP 	Device response: <KeyPress from None: t=456.55112580000423, value=z, duration=5.481699299998581>
462.9573 	EXP 	line1: autoDraw = True
462.9573 	EXP 	line2: autoDraw = True
462.9573 	EXP 	line3: autoDraw = True
462.9573 	EXP 	line4: autoDraw = True
462.9714 	EXP 	Fixation2: autoDraw = False
463.9549 	INFO 	Keyboard events cleared
463.9547 	EXP 	probe2: autoDraw = True
464.8551 	EXP 	Device response: <KeyPress from None: t=464.8519793000305, value=c, duration=None>
464.8554 	EXP 	New trial (rep=20, index=90): <Trial 90 (90 in rep 20) data={'Pos': np.int64(-150), 'corr_resp': 'z', 'thisN': 90, 'thisTrialN': 90, 'thisRepN': 20}>
464.8567 	DATA 	Keypress: c
464.8736 	EXP 	Fixation2: autoDraw = False
464.8736 	EXP 	line1: autoDraw = False
464.8736 	EXP 	line2: autoDraw = False
464.8736 	EXP 	line3: autoDraw = False
464.8736 	EXP 	line4: autoDraw = False
464.8736 	EXP 	probe2: autoDraw = False
464.8736 	EXP 	Fixation2: autoDraw = True
464.9410 	EXP 	Device response: <KeyPress from None: t=464.8519793000305, value=c, duration=0.08821269997861236>
465.8572 	EXP 	line1: autoDraw = True
465.8572 	EXP 	line2: autoDraw = True
465.8572 	EXP 	line3: autoDraw = True
465.8572 	EXP 	line4: autoDraw = True
465.8713 	EXP 	Fixation2: autoDraw = False
466.8548 	INFO 	Keyboard events cleared
466.8547 	EXP 	probe2: autoDraw = True
467.2050 	EXP 	Device response: <KeyPress from None: t=467.2022969999816, value=z, duration=None>
467.2054 	EXP 	New trial (rep=21, index=91): <Trial 91 (91 in rep 21) data={'Pos': np.int64(-150), 'corr_resp': 'z', 'thisN': 91, 'thisTrialN': 91, 'thisRepN': 21}>
467.2074 	DATA 	Keypress: z
467.2232 	EXP 	Fixation2: autoDraw = False
467.2232 	EXP 	line1: autoDraw = False
467.2232 	EXP 	line2: autoDraw = False
467.2232 	EXP 	line3: autoDraw = False
467.2232 	EXP 	line4: autoDraw = False
467.2232 	EXP 	probe2: autoDraw = False
467.2232 	EXP 	Fixation2: autoDraw = True
467.3740 	EXP 	Device response: <KeyPress from None: t=461.9405318000354, value=z, duration=5.423532699933276>
468.2064 	EXP 	line1: autoDraw = True
468.2064 	EXP 	line2: autoDraw = True
468.2064 	EXP 	line3: autoDraw = True
468.2064 	EXP 	line4: autoDraw = True
468.2210 	EXP 	Fixation2: autoDraw = False
469.2049 	INFO 	Keyboard events cleared
469.2047 	EXP 	probe2: autoDraw = True
470.5714 	EXP 	Device response: <KeyPress from None: t=470.55967300001066, value=z, duration=None>
470.5718 	EXP 	New trial (rep=21, index=92): <Trial 92 (92 in rep 21) data={'Pos': np.int64(-50), 'corr_resp': 'x', 'thisN': 92, 'thisTrialN': 92, 'thisRepN': 21}>
470.5730 	DATA 	Keypress: z
470.5902 	EXP 	Fixation2: autoDraw = False
470.5902 	EXP 	line1: autoDraw = False
470.5902 	EXP 	line2: autoDraw = False
470.5902 	EXP 	line3: autoDraw = False
470.5902 	EXP 	line4: autoDraw = False
470.5902 	EXP 	probe2: autoDraw = False
470.5902 	EXP 	Fixation2: autoDraw = True
470.6577 	EXP 	Device response: <KeyPress from None: t=467.2022969999816, value=z, duration=3.444899499998428>
471.5735 	EXP 	line1: autoDraw = True
471.5735 	EXP 	line2: autoDraw = True
471.5735 	EXP 	line3: autoDraw = True
471.5735 	EXP 	line4: autoDraw = True
471.5878 	EXP 	Fixation2: autoDraw = False
472.5711 	INFO 	Keyboard events cleared
472.5709 	EXP 	probe2: autoDraw = True
473.2380 	EXP 	Device response: <KeyPress from None: t=473.22577889997046, value=x, duration=None>
473.2384 	EXP 	New trial (rep=22, index=93): <Trial 93 (93 in rep 22) data={'Pos': np.int64(-150), 'corr_resp': 'z', 'thisN': 93, 'thisTrialN': 93, 'thisRepN': 22}>
473.2395 	DATA 	Keypress: x
473.2569 	EXP 	Fixation2: autoDraw = False
473.2569 	EXP 	line1: autoDraw = False
473.2569 	EXP 	line2: autoDraw = False
473.2569 	EXP 	line3: autoDraw = False
473.2569 	EXP 	line4: autoDraw = False
473.2569 	EXP 	probe2: autoDraw = False
473.2569 	EXP 	Fixation2: autoDraw = True
473.3239 	EXP 	Device response: <KeyPress from None: t=459.25404659996275, value=x, duration=14.058164000045508>
474.2401 	EXP 	line1: autoDraw = True
474.2401 	EXP 	line2: autoDraw = True
474.2401 	EXP 	line3: autoDraw = True
474.2401 	EXP 	line4: autoDraw = True
474.2545 	EXP 	Fixation2: autoDraw = False
475.2378 	INFO 	Keyboard events cleared
475.2377 	EXP 	probe2: autoDraw = True
475.9882 	EXP 	Device response: <KeyPress from None: t=475.981582300039, value=z, duration=None>
475.9885 	EXP 	New trial (rep=23, index=94): <Trial 94 (94 in rep 23) data={'Pos': np.int64(-150), 'corr_resp': 'z', 'thisN': 94, 'thisTrialN': 94, 'thisRepN': 23}>
475.9896 	DATA 	Keypress: z
476.0059 	EXP 	Fixation2: autoDraw = False
476.0059 	EXP 	line1: autoDraw = False
476.0059 	EXP 	line2: autoDraw = False
476.0059 	EXP 	line3: autoDraw = False
476.0059 	EXP 	line4: autoDraw = False
476.0059 	EXP 	probe2: autoDraw = False
476.0059 	EXP 	Fixation2: autoDraw = True
476.1905 	EXP 	Device response: <KeyPress from None: t=470.55967300001066, value=z, duration=5.619073000038043>
476.9902 	EXP 	line1: autoDraw = True
476.9902 	EXP 	line2: autoDraw = True
476.9902 	EXP 	line3: autoDraw = True
476.9902 	EXP 	line4: autoDraw = True
477.0046 	EXP 	Fixation2: autoDraw = False
477.9879 	INFO 	Keyboard events cleared
477.9877 	EXP 	probe2: autoDraw = True
478.3881 	EXP 	Device response: <KeyPress from None: t=478.37720920005813, value=z, duration=None>
478.3885 	EXP 	New trial (rep=24, index=95): <Trial 95 (95 in rep 24) data={'Pos': np.int64(50), 'corr_resp': 'c', 'thisN': 95, 'thisTrialN': 95, 'thisRepN': 24}>
478.3898 	DATA 	Keypress: z
478.4067 	EXP 	Fixation2: autoDraw = False
478.4067 	EXP 	line1: autoDraw = False
478.4067 	EXP 	line2: autoDraw = False
478.4067 	EXP 	line3: autoDraw = False
478.4067 	EXP 	line4: autoDraw = False
478.4067 	EXP 	probe2: autoDraw = False
478.4067 	EXP 	Fixation2: autoDraw = True
478.5905 	EXP 	Device response: <KeyPress from None: t=475.981582300039, value=z, duration=2.599893599981442>
479.3897 	EXP 	line1: autoDraw = True
479.3897 	EXP 	line2: autoDraw = True
479.3897 	EXP 	line3: autoDraw = True
479.3897 	EXP 	line4: autoDraw = True
479.4043 	EXP 	Fixation2: autoDraw = False
480.3879 	INFO 	Keyboard events cleared
480.3877 	EXP 	probe2: autoDraw = True
481.0229 	DATA 	Keypress: c
481.0380 	EXP 	Device response: <KeyPress from None: t=481.02192870003637, value=c, duration=None>
481.0384 	EXP 	New trial (rep=22, index=96): <Trial 96 (96 in rep 22) data={'Pos': np.int64(-50), 'corr_resp': 'x', 'thisN': 96, 'thisTrialN': 96, 'thisRepN': 22}>
481.0568 	EXP 	Fixation2: autoDraw = False
481.0568 	EXP 	line1: autoDraw = False
481.0568 	EXP 	line2: autoDraw = False
481.0568 	EXP 	line3: autoDraw = False
481.0568 	EXP 	line4: autoDraw = False
481.0568 	EXP 	probe2: autoDraw = False
481.0568 	EXP 	Fixation2: autoDraw = True
481.1562 	EXP 	Device response: <KeyPress from None: t=481.02192870003637, value=c, duration=0.1282832999713719>
482.0400 	EXP 	line1: autoDraw = True
482.0400 	EXP 	line2: autoDraw = True
482.0400 	EXP 	line3: autoDraw = True
482.0400 	EXP 	line4: autoDraw = True
482.0542 	EXP 	Fixation2: autoDraw = False
483.0378 	INFO 	Keyboard events cleared
483.0376 	EXP 	probe2: autoDraw = True
483.4550 	EXP 	Device response: <KeyPress from None: t=483.4537970999954, value=x, duration=None>
483.4555 	EXP 	New trial (rep=24, index=97): <Trial 97 (97 in rep 24) data={'Pos': np.int64(-150), 'corr_resp': 'z', 'thisN': 97, 'thisTrialN': 97, 'thisRepN': 24}>
483.4572 	DATA 	Keypress: x
483.4730 	EXP 	Fixation2: autoDraw = False
483.4730 	EXP 	line1: autoDraw = False
483.4730 	EXP 	line2: autoDraw = False
483.4730 	EXP 	line3: autoDraw = False
483.4730 	EXP 	line4: autoDraw = False
483.4730 	EXP 	probe2: autoDraw = False
483.4730 	EXP 	Fixation2: autoDraw = True
483.6406 	EXP 	Device response: <KeyPress from None: t=473.22577889997046, value=x, duration=10.407860600040294>
484.4564 	EXP 	line1: autoDraw = True
484.4564 	EXP 	line2: autoDraw = True
484.4564 	EXP 	line3: autoDraw = True
484.4564 	EXP 	line4: autoDraw = True
484.4714 	EXP 	Fixation2: autoDraw = False
485.4549 	INFO 	Keyboard events cleared
485.4547 	EXP 	probe2: autoDraw = True
485.9386 	EXP 	Device response: <KeyPress from None: t=485.9334174999967, value=z, duration=None>
485.9391 	EXP 	New trial (rep=23, index=98): <Trial 98 (98 in rep 23) data={'Pos': np.int64(-50), 'corr_resp': 'x', 'thisN': 98, 'thisTrialN': 98, 'thisRepN': 23}>
485.9409 	DATA 	Keypress: z
485.9566 	EXP 	Fixation2: autoDraw = False
485.9566 	EXP 	line1: autoDraw = False
485.9566 	EXP 	line2: autoDraw = False
485.9566 	EXP 	line3: autoDraw = False
485.9566 	EXP 	line4: autoDraw = False
485.9566 	EXP 	probe2: autoDraw = False
485.9566 	EXP 	Fixation2: autoDraw = True
486.0736 	EXP 	Device response: <KeyPress from None: t=478.37720920005813, value=z, duration=7.68833849998191>
486.9397 	EXP 	line1: autoDraw = True
486.9397 	EXP 	line2: autoDraw = True
486.9397 	EXP 	line3: autoDraw = True
486.9397 	EXP 	line4: autoDraw = True
486.9544 	EXP 	Fixation2: autoDraw = False
487.9546 	INFO 	Keyboard events cleared
487.9544 	EXP 	probe2: autoDraw = True
488.7381 	EXP 	Device response: <KeyPress from None: t=488.72801670001354, value=z, duration=None>
488.7386 	EXP 	New trial (rep=24, index=99): <Trial 99 (99 in rep 24) data={'Pos': np.int64(-50), 'corr_resp': 'x', 'thisN': 99, 'thisTrialN': 99, 'thisRepN': 24}>
488.7408 	DATA 	Keypress: z
488.7567 	EXP 	Fixation2: autoDraw = False
488.7567 	EXP 	line1: autoDraw = False
488.7567 	EXP 	line2: autoDraw = False
488.7567 	EXP 	line3: autoDraw = False
488.7567 	EXP 	line4: autoDraw = False
488.7567 	EXP 	probe2: autoDraw = False
488.7567 	EXP 	Fixation2: autoDraw = True
488.8226 	EXP 	Device response: <KeyPress from None: t=485.9334174999967, value=z, duration=2.8789962000446394>
489.7395 	EXP 	line1: autoDraw = True
489.7395 	EXP 	line2: autoDraw = True
489.7395 	EXP 	line3: autoDraw = True
489.7395 	EXP 	line4: autoDraw = True
489.7546 	EXP 	Fixation2: autoDraw = False
490.7543 	INFO 	Keyboard events cleared
490.7541 	EXP 	probe2: autoDraw = True
491.8905 	DATA 	Keypress: x
491.9048 	EXP 	Device response: <KeyPress from None: t=491.88855430006515, value=x, duration=None>
491.9212 	EXP 	Fixation2: autoDraw = False
491.9212 	EXP 	line1: autoDraw = False
491.9212 	EXP 	line2: autoDraw = False
491.9212 	EXP 	line3: autoDraw = False
491.9212 	EXP 	line4: autoDraw = False
491.9212 	EXP 	probe2: autoDraw = False
491.9215 	EXP 	MotorSequence: status = STOPPED
492.0108 	INFO 	saved data to 'C:\\Users\\Darsh Modi\\OneDrive\\Documents\\AU\\PSY310\\Motor Sequence\\data\\P004_MotorSequence_2025-10-03_16h25.44.879.csv'
492.0172 	INFO 	saved data to C:\Users\Darsh Modi\OneDrive\Documents\AU\PSY310\Motor Sequence\data\P004_MotorSequence_2025-10-03_16h25.44.879.psydat
492.3026 	WARNING 	Stopping key buffers but this could be dangerous ifother keyboards rely on the same.
492.3745 	WARNING 	Stopping key buffers but this could be dangerous ifother keyboards rely on the same.
492.3746 	WARNING 	Stopping key buffers but this could be dangerous ifother keyboards rely on the same.
