8.7768 	INFO 	Loaded monitor calibration from ['2025_08_11 15:22']
8.7959 	WARNING 	User requested fullscreen with size [1280  720], but screen is actually [1920, 1080]. Using actual size
9.3183 	INFO 	Using renderer 'Intel(R) Iris(R) Xe Graphics' for graphics
9.3183 	INFO 	OpenGL version supported by driver is 4..
9.4082 	EXP 	Created window1 = Window(allowGUI=False, allowStencil=False, autoLog=True, backendConf=UNKNOWN, backgroundFit=<method-wrapper '__getattribute__' of attributeSetter object at 0x000001A489C0CD00>, backgroundImage=<method-wrapper '__getattribute__' of attributeSetter object at 0x000001A489C0CCA0>, bitsMode=UNKNOWN, blendMode='avg', bpc=(8, 8, 8), color=array([0, 0, 0]), colorSpace='rgb', depthBits=8, fullscr=True, gamma=None, gammaErrorPolicy='raise', infoMsg=UNKNOWN, lms=UNKNOWN, monitor=<psychopy.monitors.calibTools.Monitor object at 0x000001A489CC6650>, multiSample=False, name='window1', numSamples=2, pos=[np.float64(0.0), np.float64(0.0)], screen=0, size=array([1920, 1080]), stencilBits=0, stereo=False, title='PsychoPy', units='height', useFBO=True, useRetina=False, viewOri=0.0, viewPos=None, viewScale=None, waitBlanking=True, winType='pyglet')
9.4083 	EXP 	window1: backgroundImage = ''
9.4083 	EXP 	window1: backgroundFit = 'none'
9.7082 	EXP 	window1: Attempting to measure frame rate of screen (0) ...
9.7082 	EXP 	window1: recordFrameIntervals = False
9.8669 	EXP 	window1: recordFrameIntervals = True
10.0500 	EXP 	Screen (0) actual frame rate measured at 59.96Hz
10.0500 	EXP 	window1: recordFrameIntervals = False
10.2942 	INFO 	keyboard.Keyboard is using ptb backend.
10.2943 	INFO 	keyboard.Keyboard is using ptb backend.
10.2944 	INFO 	keyboard.Keyboard is using ptb backend.
10.2944 	EXP 	MotorSequence: status = STARTED
10.2994 	EXP 	Created Fixation = ShapeStim(__class__=<class 'psychopy.visual.shape.ShapeStim'>, anchor=('center', 'center'), autoDraw=False, autoLog=True, closeShape=True, color=method-wrapper(...), colorSpace='rgb', contrast=None, depth=0.0, draggable=False, fillColor=array([-0.2549,  0.2392,  0.2549]), fillColorSpace='rgb', fillRGB=array([-0.2549,  0.2392,  0.2549]), interpolate=True, lineColor=array([-0.2549,  0.2392,  0.2549]), lineColorSpace='rgb', lineRGB=array([-0.2549,  0.2392,  0.2549]), lineWidth=1.0, name='Fixation', opacity=1, ori=0.0, pos=array([0., 0.]), size=array([10., 10.]), units='height', vertices=ndarray(...), win=Window(...), windingRule=None)
10.3002 	EXP 	Created Line1 = Rect(__class__=<class 'psychopy.visual.rect.Rect'>, anchor=('center', 'center'), autoDraw=False, autoLog=True, closeShape=True, color=method-wrapper(...), colorSpace='rgb', contrast=None, depth=-1.0, draggable=False, fillColor=array([1, 1, 1]), fillColorSpace='rgb', fillRGB=array([1, 1, 1]), interpolate=True, lineColor=array([1., 1., 1.]), lineColorSpace='rgb', lineRGB=array([1, 1, 1]), lineWidth=1.0, name='Line1', opacity=1, ori=90.0, pos=array([-150.,    0.]), size=array([100.,  10.]), units='pix', vertices=ndarray(...), win=Window(...))
10.3010 	EXP 	Created Line2 = Rect(__class__=<class 'psychopy.visual.rect.Rect'>, anchor=('center', 'center'), autoDraw=False, autoLog=True, closeShape=True, color=method-wrapper(...), colorSpace='rgb', contrast=None, depth=-2.0, draggable=False, fillColor=array([1, 1, 1]), fillColorSpace='rgb', fillRGB=array([1, 1, 1]), interpolate=True, lineColor=array([1., 1., 1.]), lineColorSpace='rgb', lineRGB=array([1, 1, 1]), lineWidth=1.0, name='Line2', opacity=1, ori=90.0, pos=array([-50.,   0.]), size=array([100.,  10.]), units='pix', vertices=ndarray(...), win=Window(...))
10.3017 	EXP 	Created Line3 = Rect(__class__=<class 'psychopy.visual.rect.Rect'>, anchor=('center', 'center'), autoDraw=False, autoLog=True, closeShape=True, color=method-wrapper(...), colorSpace='rgb', contrast=None, depth=-3.0, draggable=False, fillColor=array([1, 1, 1]), fillColorSpace='rgb', fillRGB=array([1, 1, 1]), interpolate=True, lineColor=array([1., 1., 1.]), lineColorSpace='rgb', lineRGB=array([1, 1, 1]), lineWidth=1.0, name='Line3', opacity=1, ori=90.0, pos=array([50.,  0.]), size=array([100.,  10.]), units='pix', vertices=ndarray(...), win=Window(...))
10.3024 	EXP 	Created Line4 = Rect(__class__=<class 'psychopy.visual.rect.Rect'>, anchor=('center', 'center'), autoDraw=False, autoLog=True, closeShape=True, color=method-wrapper(...), colorSpace='rgb', contrast=None, depth=-4.0, draggable=False, fillColor=array([1, 1, 1]), fillColorSpace='rgb', fillRGB=array([1, 1, 1]), interpolate=True, lineColor=array([1., 1., 1.]), lineColorSpace='rgb', lineRGB=array([1, 1, 1]), lineWidth=1.0, name='Line4', opacity=1, ori=90.0, pos=array([150.,   0.]), size=array([100.,  10.]), units='pix', vertices=ndarray(...), win=Window(...))
10.3033 	EXP 	Created Probe = ShapeStim(__class__=<class 'psychopy.visual.shape.ShapeStim'>, anchor=('center', 'center'), autoDraw=False, autoLog=True, closeShape=True, color=method-wrapper(...), colorSpace='rgb', contrast=None, depth=-5.0, draggable=False, fillColor=array([1, 1, 1]), fillColorSpace='rgb', fillRGB=array([1, 1, 1]), interpolate=True, lineColor=array([1., 1., 1.]), lineColorSpace='rgb', lineRGB=array([1, 1, 1]), lineWidth=1.0, name='Probe', opacity=1, ori=0.0, pos=array([0., 0.]), size=array([10., 10.]), units='pix', vertices=ndarray(...), win=Window(...), windingRule=None)
10.3042 	EXP 	Created Fixation2 = ShapeStim(__class__=<class 'psychopy.visual.shape.ShapeStim'>, anchor=('center', 'center'), autoDraw=False, autoLog=True, closeShape=True, color=method-wrapper(...), colorSpace='rgb', contrast=None, depth=0.0, draggable=False, fillColor=array([-0.2549,  0.2392,  0.2549]), fillColorSpace='rgb', fillRGB=array([-0.2549,  0.2392,  0.2549]), interpolate=True, lineColor=array([-0.2549,  0.2392,  0.2549]), lineColorSpace='rgb', lineRGB=array([-0.2549,  0.2392,  0.2549]), lineWidth=1.0, name='Fixation2', opacity=1, ori=0.0, pos=array([0., 0.]), size=array([10., 10.]), units='height', vertices=ndarray(...), win=Window(...), windingRule=None)
10.3050 	EXP 	Created line1 = Rect(__class__=<class 'psychopy.visual.rect.Rect'>, anchor=('center', 'center'), autoDraw=False, autoLog=True, closeShape=True, color=method-wrapper(...), colorSpace='rgb', contrast=None, depth=-1.0, draggable=False, fillColor=array([1, 1, 1]), fillColorSpace='rgb', fillRGB=array([1, 1, 1]), interpolate=True, lineColor=array([1., 1., 1.]), lineColorSpace='rgb', lineRGB=array([1, 1, 1]), lineWidth=1.0, name='line1', opacity=1, ori=90.0, pos=array([-150.,    0.]), size=array([100.,  10.]), units='pix', vertices=ndarray(...), win=Window(...))
10.3057 	EXP 	Created line2 = Rect(__class__=<class 'psychopy.visual.rect.Rect'>, anchor=('center', 'center'), autoDraw=False, autoLog=True, closeShape=True, color=method-wrapper(...), colorSpace='rgb', contrast=None, depth=-2.0, draggable=False, fillColor=array([1, 1, 1]), fillColorSpace='rgb', fillRGB=array([1, 1, 1]), interpolate=True, lineColor=array([1., 1., 1.]), lineColorSpace='rgb', lineRGB=array([1, 1, 1]), lineWidth=1.0, name='line2', opacity=1, ori=90.0, pos=array([-150.,    0.]), size=array([100.,  10.]), units='pix', vertices=ndarray(...), win=Window(...))
10.3064 	EXP 	Created line3 = Rect(__class__=<class 'psychopy.visual.rect.Rect'>, anchor=('center', 'center'), autoDraw=False, autoLog=True, closeShape=True, color=method-wrapper(...), colorSpace='rgb', contrast=None, depth=-3.0, draggable=False, fillColor=array([1, 1, 1]), fillColorSpace='rgb', fillRGB=array([1, 1, 1]), interpolate=True, lineColor=array([1., 1., 1.]), lineColorSpace='rgb', lineRGB=array([1, 1, 1]), lineWidth=1.0, name='line3', opacity=1, ori=90.0, pos=array([-150.,    0.]), size=array([100.,  10.]), units='pix', vertices=ndarray(...), win=Window(...))
10.3071 	EXP 	Created line4 = Rect(__class__=<class 'psychopy.visual.rect.Rect'>, anchor=('center', 'center'), autoDraw=False, autoLog=True, closeShape=True, color=method-wrapper(...), colorSpace='rgb', contrast=None, depth=-4.0, draggable=False, fillColor=array([1, 1, 1]), fillColorSpace='rgb', fillRGB=array([1, 1, 1]), interpolate=True, lineColor=array([1., 1., 1.]), lineColorSpace='rgb', lineRGB=array([1, 1, 1]), lineWidth=1.0, name='line4', opacity=1, ori=90.0, pos=array([-150.,    0.]), size=array([100.,  10.]), units='pix', vertices=ndarray(...), win=Window(...))
10.3080 	EXP 	Created probe2 = ShapeStim(__class__=<class 'psychopy.visual.shape.ShapeStim'>, anchor=('center', 'center'), autoDraw=False, autoLog=True, closeShape=True, color=method-wrapper(...), colorSpace='rgb', contrast=None, depth=-5.0, draggable=False, fillColor=array([1, 1, 1]), fillColorSpace='rgb', fillRGB=array([1, 1, 1]), interpolate=True, lineColor=array([1., 1., 1.]), lineColorSpace='rgb', lineRGB=array([1, 1, 1]), lineWidth=1.0, name='probe2', opacity=1, ori=0.0, pos=array([0., 0.]), size=array([10., 10.]), units='pix', vertices=ndarray(...), win=Window(...), windingRule=None)
0.0054 	EXP 	Imported ConditionsFile.csv as conditions, 4 conditions, 2 params
0.0059 	EXP 	New trial (rep=0, index=0): <Trial 0 (0 in rep 0) data={'Pos': np.int64(-50), 'corr_resp': 'x', 'thisN': 0, 'thisTrialN': 0, 'thisRepN': 0}>
0.0100 	EXP 	Fixation: autoDraw = True
0.5763 	EXP 	Device response: <KeyPress from None: t=0.49763960007112473, value=capslock, duration=None>
0.5769 	DATA 	Keypress: capslock
0.5846 	EXP 	Device response: <KeyPress from None: t=0.49763960007112473, value=capslock, duration=0.0835404999088496>
1.0081 	EXP 	Fixation: autoDraw = False
1.0081 	EXP 	Line1: autoDraw = True
1.0081 	EXP 	Line2: autoDraw = True
1.0081 	EXP 	Line3: autoDraw = True
1.0081 	EXP 	Line4: autoDraw = True
2.0085 	INFO 	Keyboard events cleared
2.0084 	EXP 	Probe: autoDraw = True
2.4085 	EXP 	Device response: <KeyPress from None: t=2.39499749999959, value=x, duration=None>
2.4087 	EXP 	New trial (rep=0, index=1): <Trial 1 (1 in rep 0) data={'Pos': np.int64(150), 'corr_resp': 'v', 'thisN': 1, 'thisTrialN': 1, 'thisRepN': 0}>
2.4093 	DATA 	Keypress: x
2.4263 	EXP 	Fixation: autoDraw = False
2.4263 	EXP 	Line1: autoDraw = False
2.4263 	EXP 	Line2: autoDraw = False
2.4263 	EXP 	Line3: autoDraw = False
2.4263 	EXP 	Line4: autoDraw = False
2.4263 	EXP 	Probe: autoDraw = False
2.4263 	EXP 	Fixation: autoDraw = True
2.4766 	EXP 	Device response: <KeyPress from None: t=2.39499749999959, value=x, duration=0.07140969997271895>
3.4096 	EXP 	Line1: autoDraw = True
3.4096 	EXP 	Line2: autoDraw = True
3.4096 	EXP 	Line3: autoDraw = True
3.4096 	EXP 	Line4: autoDraw = True
3.4250 	EXP 	Fixation: autoDraw = False
4.4082 	INFO 	Keyboard events cleared
4.4081 	EXP 	Probe: autoDraw = True
4.6750 	EXP 	Device response: <KeyPress from None: t=4.673663699999452, value=v, duration=None>
4.6752 	EXP 	New trial (rep=0, index=2): <Trial 2 (2 in rep 0) data={'Pos': np.int64(50), 'corr_resp': 'c', 'thisN': 2, 'thisTrialN': 2, 'thisRepN': 0}>
4.6758 	DATA 	Keypress: v
4.6933 	EXP 	Fixation: autoDraw = False
4.6933 	EXP 	Line1: autoDraw = False
4.6933 	EXP 	Line2: autoDraw = False
4.6933 	EXP 	Line3: autoDraw = False
4.6933 	EXP 	Line4: autoDraw = False
4.6933 	EXP 	Probe: autoDraw = False
4.6933 	EXP 	Fixation: autoDraw = True
4.8264 	EXP 	Device response: <KeyPress from None: t=4.673663699999452, value=v, duration=0.1366604999639094>
5.6762 	EXP 	Line1: autoDraw = True
5.6762 	EXP 	Line2: autoDraw = True
5.6762 	EXP 	Line3: autoDraw = True
5.6762 	EXP 	Line4: autoDraw = True
5.6916 	EXP 	Fixation: autoDraw = False
6.6756 	INFO 	Keyboard events cleared
6.6755 	EXP 	Probe: autoDraw = True
6.9749 	EXP 	Device response: <KeyPress from None: t=6.971726100076921, value=c, duration=None>
6.9752 	EXP 	New trial (rep=0, index=3): <Trial 3 (3 in rep 0) data={'Pos': np.int64(-150), 'corr_resp': 'z', 'thisN': 3, 'thisTrialN': 3, 'thisRepN': 0}>
6.9760 	DATA 	Keypress: c
6.9931 	EXP 	Fixation: autoDraw = False
6.9931 	EXP 	Line1: autoDraw = False
6.9931 	EXP 	Line2: autoDraw = False
6.9931 	EXP 	Line3: autoDraw = False
6.9931 	EXP 	Line4: autoDraw = False
6.9931 	EXP 	Probe: autoDraw = False
6.9931 	EXP 	Fixation: autoDraw = True
7.1432 	EXP 	Device response: <KeyPress from None: t=6.971726100076921, value=c, duration=0.1578387999907136>
7.9760 	EXP 	Line1: autoDraw = True
7.9760 	EXP 	Line2: autoDraw = True
7.9760 	EXP 	Line3: autoDraw = True
7.9760 	EXP 	Line4: autoDraw = True
7.9913 	EXP 	Fixation: autoDraw = False
8.9749 	INFO 	Keyboard events cleared
8.9749 	EXP 	Probe: autoDraw = True
9.2748 	EXP 	Device response: <KeyPress from None: t=9.26735970005393, value=z, duration=None>
9.2750 	EXP 	New trial (rep=1, index=0): <Trial 4 (0 in rep 1) data={'Pos': np.int64(-50), 'corr_resp': 'x', 'thisN': 4, 'thisTrialN': 0, 'thisRepN': 1}>
9.2756 	DATA 	Keypress: z
9.2929 	EXP 	Fixation: autoDraw = False
9.2929 	EXP 	Line1: autoDraw = False
9.2929 	EXP 	Line2: autoDraw = False
9.2929 	EXP 	Line3: autoDraw = False
9.2929 	EXP 	Line4: autoDraw = False
9.2929 	EXP 	Probe: autoDraw = False
9.2929 	EXP 	Fixation: autoDraw = True
9.3929 	EXP 	Device response: <KeyPress from None: t=9.26735970005393, value=z, duration=0.11289200000464916>
10.2762 	EXP 	Line1: autoDraw = True
10.2762 	EXP 	Line2: autoDraw = True
10.2762 	EXP 	Line3: autoDraw = True
10.2762 	EXP 	Line4: autoDraw = True
10.2913 	EXP 	Fixation: autoDraw = False
11.2751 	INFO 	Keyboard events cleared
11.2751 	EXP 	Probe: autoDraw = True
11.6582 	EXP 	Device response: <KeyPress from None: t=11.654298900044523, value=x, duration=None>
11.6584 	EXP 	New trial (rep=1, index=1): <Trial 5 (1 in rep 1) data={'Pos': np.int64(150), 'corr_resp': 'v', 'thisN': 5, 'thisTrialN': 1, 'thisRepN': 1}>
11.6589 	DATA 	Keypress: x
11.6760 	EXP 	Fixation: autoDraw = False
11.6760 	EXP 	Line1: autoDraw = False
11.6760 	EXP 	Line2: autoDraw = False
11.6760 	EXP 	Line3: autoDraw = False
11.6760 	EXP 	Line4: autoDraw = False
11.6760 	EXP 	Probe: autoDraw = False
11.6760 	EXP 	Fixation: autoDraw = True
11.7432 	EXP 	Device response: <KeyPress from None: t=11.654298900044523, value=x, duration=0.08086520002689213>
12.6592 	EXP 	Line1: autoDraw = True
12.6592 	EXP 	Line2: autoDraw = True
12.6592 	EXP 	Line3: autoDraw = True
12.6592 	EXP 	Line4: autoDraw = True
12.6745 	EXP 	Fixation: autoDraw = False
13.6588 	INFO 	Keyboard events cleared
13.6587 	EXP 	Probe: autoDraw = True
13.8918 	EXP 	Device response: <KeyPress from None: t=13.87733649997972, value=v, duration=None>
13.8919 	EXP 	New trial (rep=1, index=2): <Trial 6 (2 in rep 1) data={'Pos': np.int64(50), 'corr_resp': 'c', 'thisN': 6, 'thisTrialN': 2, 'thisRepN': 1}>
13.8926 	DATA 	Keypress: v
13.9093 	EXP 	Fixation: autoDraw = False
13.9093 	EXP 	Line1: autoDraw = False
13.9093 	EXP 	Line2: autoDraw = False
13.9093 	EXP 	Line3: autoDraw = False
13.9093 	EXP 	Line4: autoDraw = False
13.9093 	EXP 	Probe: autoDraw = False
13.9093 	EXP 	Fixation: autoDraw = True
14.0096 	EXP 	Device response: <KeyPress from None: t=13.87733649997972, value=v, duration=0.12574749998748302>
14.8925 	EXP 	Line1: autoDraw = True
14.8925 	EXP 	Line2: autoDraw = True
14.8925 	EXP 	Line3: autoDraw = True
14.8925 	EXP 	Line4: autoDraw = True
14.9077 	EXP 	Fixation: autoDraw = False
15.8912 	INFO 	Keyboard events cleared
15.8911 	EXP 	Probe: autoDraw = True
16.2246 	EXP 	Device response: <KeyPress from None: t=16.217017799965106, value=c, duration=None>
16.2247 	EXP 	New trial (rep=1, index=3): <Trial 7 (3 in rep 1) data={'Pos': np.int64(-150), 'corr_resp': 'z', 'thisN': 7, 'thisTrialN': 3, 'thisRepN': 1}>
16.2253 	DATA 	Keypress: c
16.2427 	EXP 	Fixation: autoDraw = False
16.2427 	EXP 	Line1: autoDraw = False
16.2427 	EXP 	Line2: autoDraw = False
16.2427 	EXP 	Line3: autoDraw = False
16.2427 	EXP 	Line4: autoDraw = False
16.2427 	EXP 	Probe: autoDraw = False
16.2427 	EXP 	Fixation: autoDraw = True
16.3762 	EXP 	Device response: <KeyPress from None: t=16.217017799965106, value=c, duration=0.14727830002084374>
17.2258 	EXP 	Line1: autoDraw = True
17.2258 	EXP 	Line2: autoDraw = True
17.2258 	EXP 	Line3: autoDraw = True
17.2258 	EXP 	Line4: autoDraw = True
17.2411 	EXP 	Fixation: autoDraw = False
18.2245 	INFO 	Keyboard events cleared
18.2244 	EXP 	Probe: autoDraw = True
18.4251 	EXP 	Device response: <KeyPress from None: t=18.419390200055204, value=z, duration=None>
18.4257 	EXP 	New trial (rep=2, index=0): <Trial 8 (0 in rep 2) data={'Pos': np.int64(-50), 'corr_resp': 'x', 'thisN': 8, 'thisTrialN': 0, 'thisRepN': 2}>
18.4262 	DATA 	Keypress: z
18.4428 	EXP 	Fixation: autoDraw = False
18.4428 	EXP 	Line1: autoDraw = False
18.4428 	EXP 	Line2: autoDraw = False
18.4428 	EXP 	Line3: autoDraw = False
18.4428 	EXP 	Line4: autoDraw = False
18.4428 	EXP 	Probe: autoDraw = False
18.4428 	EXP 	Fixation: autoDraw = True
18.5766 	EXP 	Device response: <KeyPress from None: t=18.419390200055204, value=z, duration=0.1432602999266237>
19.4258 	EXP 	Line1: autoDraw = True
19.4258 	EXP 	Line2: autoDraw = True
19.4258 	EXP 	Line3: autoDraw = True
19.4258 	EXP 	Line4: autoDraw = True
19.4411 	EXP 	Fixation: autoDraw = False
20.4251 	INFO 	Keyboard events cleared
20.4250 	EXP 	Probe: autoDraw = True
20.7247 	EXP 	Device response: <KeyPress from None: t=20.72298660001252, value=x, duration=None>
20.7248 	EXP 	New trial (rep=2, index=1): <Trial 9 (1 in rep 2) data={'Pos': np.int64(150), 'corr_resp': 'v', 'thisN': 9, 'thisTrialN': 1, 'thisRepN': 2}>
20.7253 	DATA 	Keypress: x
20.7422 	EXP 	Fixation: autoDraw = False
20.7422 	EXP 	Line1: autoDraw = False
20.7422 	EXP 	Line2: autoDraw = False
20.7422 	EXP 	Line3: autoDraw = False
20.7422 	EXP 	Line4: autoDraw = False
20.7422 	EXP 	Probe: autoDraw = False
20.7422 	EXP 	Fixation: autoDraw = True
20.7927 	EXP 	Device response: <KeyPress from None: t=20.72298660001252, value=x, duration=0.06079380004666746>
21.7257 	EXP 	Line1: autoDraw = True
21.7257 	EXP 	Line2: autoDraw = True
21.7257 	EXP 	Line3: autoDraw = True
21.7257 	EXP 	Line4: autoDraw = True
21.7411 	EXP 	Fixation: autoDraw = False
22.7244 	INFO 	Keyboard events cleared
22.7243 	EXP 	Probe: autoDraw = True
22.8579 	EXP 	Device response: <KeyPress from None: t=22.846470699994825, value=v, duration=None>
22.8581 	EXP 	New trial (rep=2, index=2): <Trial 10 (2 in rep 2) data={'Pos': np.int64(50), 'corr_resp': 'c', 'thisN': 10, 'thisTrialN': 2, 'thisRepN': 2}>
22.8586 	DATA 	Keypress: v
22.8761 	EXP 	Fixation: autoDraw = False
22.8761 	EXP 	Line1: autoDraw = False
22.8761 	EXP 	Line2: autoDraw = False
22.8761 	EXP 	Line3: autoDraw = False
22.8761 	EXP 	Line4: autoDraw = False
22.8761 	EXP 	Probe: autoDraw = False
22.8761 	EXP 	Fixation: autoDraw = True
22.9427 	EXP 	Device response: <KeyPress from None: t=22.846470699994825, value=v, duration=0.09266079997178167>
23.8589 	EXP 	Line1: autoDraw = True
23.8589 	EXP 	Line2: autoDraw = True
23.8589 	EXP 	Line3: autoDraw = True
23.8589 	EXP 	Line4: autoDraw = True
23.8748 	EXP 	Fixation: autoDraw = False
24.6914 	EXP 	Device response: <KeyPress from None: t=24.68037529999856, value=c, duration=None>
24.6921 	DATA 	Keypress: c
24.7751 	EXP 	Device response: <KeyPress from None: t=24.68037529999856, value=c, duration=0.08524769998621196>
24.8576 	INFO 	Keyboard events cleared
24.8575 	EXP 	Probe: autoDraw = True
25.0085 	EXP 	Device response: <KeyPress from None: t=25.00290209997911, value=c, duration=None>
25.0087 	EXP 	New trial (rep=2, index=3): <Trial 11 (3 in rep 2) data={'Pos': np.int64(-150), 'corr_resp': 'z', 'thisN': 11, 'thisTrialN': 3, 'thisRepN': 2}>
25.0092 	DATA 	Keypress: c
25.0254 	EXP 	Fixation: autoDraw = False
25.0254 	EXP 	Line1: autoDraw = False
25.0254 	EXP 	Line2: autoDraw = False
25.0254 	EXP 	Line3: autoDraw = False
25.0254 	EXP 	Line4: autoDraw = False
25.0254 	EXP 	Probe: autoDraw = False
25.0254 	EXP 	Fixation: autoDraw = True
25.1425 	EXP 	Device response: <KeyPress from None: t=25.00290209997911, value=c, duration=0.12942880007904023>
26.0089 	EXP 	Line1: autoDraw = True
26.0089 	EXP 	Line2: autoDraw = True
26.0089 	EXP 	Line3: autoDraw = True
26.0089 	EXP 	Line4: autoDraw = True
26.0242 	EXP 	Fixation: autoDraw = False
26.3085 	EXP 	Device response: <KeyPress from None: t=26.29554650001228, value=z, duration=None>
26.3094 	DATA 	Keypress: z
26.3750 	EXP 	Device response: <KeyPress from None: t=26.29554650001228, value=z, duration=0.07772199995815754>
27.0077 	INFO 	Keyboard events cleared
27.0076 	EXP 	Probe: autoDraw = True
27.0411 	EXP 	Device response: <KeyPress from None: t=27.031640900066122, value=z, duration=None>
27.0413 	EXP 	New trial (rep=3, index=0): <Trial 12 (0 in rep 3) data={'Pos': np.int64(-50), 'corr_resp': 'x', 'thisN': 12, 'thisTrialN': 0, 'thisRepN': 3}>
27.0419 	DATA 	Keypress: z
27.0589 	EXP 	Fixation: autoDraw = False
27.0589 	EXP 	Line1: autoDraw = False
27.0589 	EXP 	Line2: autoDraw = False
27.0589 	EXP 	Line3: autoDraw = False
27.0589 	EXP 	Line4: autoDraw = False
27.0589 	EXP 	Probe: autoDraw = False
27.0589 	EXP 	Fixation: autoDraw = True
27.0762 	EXP 	Device response: <KeyPress from None: t=27.031640900066122, value=z, duration=0.03645289991982281>
28.0422 	EXP 	Line1: autoDraw = True
28.0422 	EXP 	Line2: autoDraw = True
28.0422 	EXP 	Line3: autoDraw = True
28.0422 	EXP 	Line4: autoDraw = True
28.0575 	EXP 	Fixation: autoDraw = False
29.0418 	INFO 	Keyboard events cleared
29.0417 	EXP 	Probe: autoDraw = True
29.5913 	EXP 	Device response: <KeyPress from None: t=29.582192600006238, value=x, duration=None>
29.5914 	EXP 	New trial (rep=3, index=1): <Trial 13 (1 in rep 3) data={'Pos': np.int64(150), 'corr_resp': 'v', 'thisN': 13, 'thisTrialN': 1, 'thisRepN': 3}>
29.5919 	DATA 	Keypress: x
29.6094 	EXP 	Fixation: autoDraw = False
29.6094 	EXP 	Line1: autoDraw = False
29.6094 	EXP 	Line2: autoDraw = False
29.6094 	EXP 	Line3: autoDraw = False
29.6094 	EXP 	Line4: autoDraw = False
29.6094 	EXP 	Probe: autoDraw = False
29.6094 	EXP 	Fixation: autoDraw = True
29.6759 	EXP 	Device response: <KeyPress from None: t=29.582192600006238, value=x, duration=0.08845010004006326>
30.5923 	EXP 	Line1: autoDraw = True
30.5923 	EXP 	Line2: autoDraw = True
30.5923 	EXP 	Line3: autoDraw = True
30.5923 	EXP 	Line4: autoDraw = True
30.6074 	EXP 	Fixation: autoDraw = False
31.5908 	INFO 	Keyboard events cleared
31.5907 	EXP 	Probe: autoDraw = True
31.8577 	EXP 	Device response: <KeyPress from None: t=31.851561399991624, value=v, duration=None>
31.8579 	EXP 	New trial (rep=3, index=2): <Trial 14 (2 in rep 3) data={'Pos': np.int64(50), 'corr_resp': 'c', 'thisN': 14, 'thisTrialN': 2, 'thisRepN': 3}>
31.8585 	DATA 	Keypress: v
31.8754 	EXP 	Fixation: autoDraw = False
31.8754 	EXP 	Line1: autoDraw = False
31.8754 	EXP 	Line2: autoDraw = False
31.8754 	EXP 	Line3: autoDraw = False
31.8754 	EXP 	Line4: autoDraw = False
31.8754 	EXP 	Probe: autoDraw = False
31.8754 	EXP 	Fixation: autoDraw = True
32.0093 	EXP 	Device response: <KeyPress from None: t=31.851561399991624, value=v, duration=0.14930090005509555>
32.8589 	EXP 	Line1: autoDraw = True
32.8589 	EXP 	Line2: autoDraw = True
32.8589 	EXP 	Line3: autoDraw = True
32.8589 	EXP 	Line4: autoDraw = True
32.8747 	EXP 	Fixation: autoDraw = False
33.8578 	INFO 	Keyboard events cleared
33.8576 	EXP 	Probe: autoDraw = True
34.3614 	DATA 	Keypress: c
34.3747 	EXP 	Device response: <KeyPress from None: t=34.35939680004958, value=c, duration=None>
34.3753 	EXP 	New trial (rep=3, index=3): <Trial 15 (3 in rep 3) data={'Pos': np.int64(-150), 'corr_resp': 'z', 'thisN': 15, 'thisTrialN': 3, 'thisRepN': 3}>
34.3926 	EXP 	Fixation: autoDraw = False
34.3926 	EXP 	Line1: autoDraw = False
34.3926 	EXP 	Line2: autoDraw = False
34.3926 	EXP 	Line3: autoDraw = False
34.3926 	EXP 	Line4: autoDraw = False
34.3926 	EXP 	Probe: autoDraw = False
34.3926 	EXP 	Fixation: autoDraw = True
34.5263 	EXP 	Device response: <KeyPress from None: t=34.35939680004958, value=c, duration=0.15191789995878935>
35.3768 	EXP 	Line1: autoDraw = True
35.3768 	EXP 	Line2: autoDraw = True
35.3768 	EXP 	Line3: autoDraw = True
35.3768 	EXP 	Line4: autoDraw = True
35.3907 	EXP 	Fixation: autoDraw = False
36.3909 	INFO 	Keyboard events cleared
36.3908 	EXP 	Probe: autoDraw = True
36.4409 	EXP 	Device response: <KeyPress from None: t=36.42681299999822, value=z, duration=None>
36.4411 	EXP 	New trial (rep=4, index=0): <Trial 16 (0 in rep 4) data={'Pos': np.int64(-50), 'corr_resp': 'x', 'thisN': 16, 'thisTrialN': 0, 'thisRepN': 4}>
36.4422 	DATA 	Keypress: z
36.4594 	EXP 	Fixation: autoDraw = False
36.4594 	EXP 	Line1: autoDraw = False
36.4594 	EXP 	Line2: autoDraw = False
36.4594 	EXP 	Line3: autoDraw = False
36.4594 	EXP 	Line4: autoDraw = False
36.4594 	EXP 	Probe: autoDraw = False
36.4594 	EXP 	Fixation: autoDraw = True
36.5434 	EXP 	Device response: <KeyPress from None: t=36.42681299999822, value=z, duration=0.10975559998769313>
37.4431 	EXP 	Line1: autoDraw = True
37.4431 	EXP 	Line2: autoDraw = True
37.4431 	EXP 	Line3: autoDraw = True
37.4431 	EXP 	Line4: autoDraw = True
37.4571 	EXP 	Fixation: autoDraw = False
38.4408 	INFO 	Keyboard events cleared
38.4407 	EXP 	Probe: autoDraw = True
38.7574 	EXP 	Device response: <KeyPress from None: t=38.748137400019914, value=x, duration=None>
38.7577 	EXP 	New trial (rep=4, index=1): <Trial 17 (1 in rep 4) data={'Pos': np.int64(150), 'corr_resp': 'v', 'thisN': 17, 'thisTrialN': 1, 'thisRepN': 4}>
38.7599 	DATA 	Keypress: x
38.7769 	EXP 	Fixation: autoDraw = False
38.7769 	EXP 	Line1: autoDraw = False
38.7769 	EXP 	Line2: autoDraw = False
38.7769 	EXP 	Line3: autoDraw = False
38.7769 	EXP 	Line4: autoDraw = False
38.7769 	EXP 	Probe: autoDraw = False
38.7769 	EXP 	Fixation: autoDraw = True
38.8099 	EXP 	Device response: <KeyPress from None: t=38.748137400019914, value=x, duration=0.06010390003211796>
39.7589 	EXP 	Line1: autoDraw = True
39.7589 	EXP 	Line2: autoDraw = True
39.7589 	EXP 	Line3: autoDraw = True
39.7589 	EXP 	Line4: autoDraw = True
39.7904 	EXP 	Fixation: autoDraw = False
40.7570 	INFO 	Keyboard events cleared
40.7569 	EXP 	Probe: autoDraw = True
40.9075 	EXP 	Device response: <KeyPress from None: t=40.892390500055626, value=v, duration=None>
40.9078 	EXP 	New trial (rep=4, index=2): <Trial 18 (2 in rep 4) data={'Pos': np.int64(50), 'corr_resp': 'c', 'thisN': 18, 'thisTrialN': 2, 'thisRepN': 4}>
40.9090 	DATA 	Keypress: v
40.9260 	EXP 	Fixation: autoDraw = False
40.9260 	EXP 	Line1: autoDraw = False
40.9260 	EXP 	Line2: autoDraw = False
40.9260 	EXP 	Line3: autoDraw = False
40.9260 	EXP 	Line4: autoDraw = False
40.9260 	EXP 	Probe: autoDraw = False
40.9260 	EXP 	Fixation: autoDraw = True
41.0928 	EXP 	Device response: <KeyPress from None: t=40.892390500055626, value=v, duration=0.18918709992431104>
41.9098 	EXP 	Line1: autoDraw = True
41.9098 	EXP 	Line2: autoDraw = True
41.9098 	EXP 	Line3: autoDraw = True
41.9098 	EXP 	Line4: autoDraw = True
41.9237 	EXP 	Fixation: autoDraw = False
42.9073 	INFO 	Keyboard events cleared
42.9072 	EXP 	Probe: autoDraw = True
43.2906 	EXP 	Device response: <KeyPress from None: t=43.27804320002906, value=c, duration=None>
43.2909 	EXP 	New trial (rep=4, index=3): <Trial 19 (3 in rep 4) data={'Pos': np.int64(-150), 'corr_resp': 'z', 'thisN': 19, 'thisTrialN': 3, 'thisRepN': 4}>
43.2919 	DATA 	Keypress: c
43.3097 	EXP 	Fixation: autoDraw = False
43.3097 	EXP 	Line1: autoDraw = False
43.3097 	EXP 	Line2: autoDraw = False
43.3097 	EXP 	Line3: autoDraw = False
43.3097 	EXP 	Line4: autoDraw = False
43.3097 	EXP 	Probe: autoDraw = False
43.3097 	EXP 	Fixation: autoDraw = True
43.3935 	EXP 	Device response: <KeyPress from None: t=43.27804320002906, value=c, duration=0.09941549994982779>
44.2929 	EXP 	Line1: autoDraw = True
44.2929 	EXP 	Line2: autoDraw = True
44.2929 	EXP 	Line3: autoDraw = True
44.2929 	EXP 	Line4: autoDraw = True
44.3070 	EXP 	Fixation: autoDraw = False
45.2905 	INFO 	Keyboard events cleared
45.2903 	EXP 	Probe: autoDraw = True
45.5906 	EXP 	Device response: <KeyPress from None: t=45.5809278000379, value=z, duration=None>
45.5910 	EXP 	New trial (rep=5, index=0): <Trial 20 (0 in rep 5) data={'Pos': np.int64(-50), 'corr_resp': 'x', 'thisN': 20, 'thisTrialN': 0, 'thisRepN': 5}>
45.5926 	DATA 	Keypress: z
45.6092 	EXP 	Fixation: autoDraw = False
45.6092 	EXP 	Line1: autoDraw = False
45.6092 	EXP 	Line2: autoDraw = False
45.6092 	EXP 	Line3: autoDraw = False
45.6092 	EXP 	Line4: autoDraw = False
45.6092 	EXP 	Probe: autoDraw = False
45.6092 	EXP 	Fixation: autoDraw = True
45.6930 	EXP 	Device response: <KeyPress from None: t=45.5809278000379, value=z, duration=0.10658989998046309>
46.5928 	EXP 	Line1: autoDraw = True
46.5928 	EXP 	Line2: autoDraw = True
46.5928 	EXP 	Line3: autoDraw = True
46.5928 	EXP 	Line4: autoDraw = True
46.6070 	EXP 	Fixation: autoDraw = False
47.5903 	INFO 	Keyboard events cleared
47.5901 	EXP 	Probe: autoDraw = True
48.0241 	EXP 	Device response: <KeyPress from None: t=48.021246100077406, value=x, duration=None>
48.0245 	EXP 	New trial (rep=5, index=1): <Trial 21 (1 in rep 5) data={'Pos': np.int64(150), 'corr_resp': 'v', 'thisN': 21, 'thisTrialN': 1, 'thisRepN': 5}>
48.0258 	DATA 	Keypress: x
48.0426 	EXP 	Fixation: autoDraw = False
48.0426 	EXP 	Line1: autoDraw = False
48.0426 	EXP 	Line2: autoDraw = False
48.0426 	EXP 	Line3: autoDraw = False
48.0426 	EXP 	Line4: autoDraw = False
48.0426 	EXP 	Probe: autoDraw = False
48.0426 	EXP 	Fixation: autoDraw = True
48.1600 	EXP 	Device response: <KeyPress from None: t=48.021246100077406, value=x, duration=0.13645579991862178>
49.0262 	EXP 	Line1: autoDraw = True
49.0262 	EXP 	Line2: autoDraw = True
49.0262 	EXP 	Line3: autoDraw = True
49.0262 	EXP 	Line4: autoDraw = True
49.0406 	EXP 	Fixation: autoDraw = False
50.0237 	INFO 	Keyboard events cleared
50.0235 	EXP 	Probe: autoDraw = True
50.3244 	EXP 	Device response: <KeyPress from None: t=50.31231970002409, value=v, duration=None>
50.3247 	EXP 	New trial (rep=5, index=2): <Trial 22 (2 in rep 5) data={'Pos': np.int64(50), 'corr_resp': 'c', 'thisN': 22, 'thisTrialN': 2, 'thisRepN': 5}>
50.3259 	DATA 	Keypress: v
50.3426 	EXP 	Fixation: autoDraw = False
50.3426 	EXP 	Line1: autoDraw = False
50.3426 	EXP 	Line2: autoDraw = False
50.3426 	EXP 	Line3: autoDraw = False
50.3426 	EXP 	Line4: autoDraw = False
50.3426 	EXP 	Probe: autoDraw = False
50.3426 	EXP 	Fixation: autoDraw = True
50.3929 	EXP 	Device response: <KeyPress from None: t=50.31231970002409, value=v, duration=0.07394140004180372>
51.3262 	EXP 	Line1: autoDraw = True
51.3262 	EXP 	Line2: autoDraw = True
51.3262 	EXP 	Line3: autoDraw = True
51.3262 	EXP 	Line4: autoDraw = True
51.3407 	EXP 	Fixation: autoDraw = False
52.3245 	INFO 	Keyboard events cleared
52.3242 	EXP 	Probe: autoDraw = True
52.7243 	EXP 	Device response: <KeyPress from None: t=52.722243800060824, value=c, duration=None>
52.7250 	EXP 	New trial (rep=5, index=3): <Trial 23 (3 in rep 5) data={'Pos': np.int64(-150), 'corr_resp': 'z', 'thisN': 23, 'thisTrialN': 3, 'thisRepN': 5}>
52.7270 	DATA 	Keypress: c
52.7427 	EXP 	Fixation: autoDraw = False
52.7427 	EXP 	Line1: autoDraw = False
52.7427 	EXP 	Line2: autoDraw = False
52.7427 	EXP 	Line3: autoDraw = False
52.7427 	EXP 	Line4: autoDraw = False
52.7427 	EXP 	Probe: autoDraw = False
52.7427 	EXP 	Fixation: autoDraw = True
52.8429 	EXP 	Device response: <KeyPress from None: t=52.722243800060824, value=c, duration=0.11375289992429316>
53.7258 	EXP 	Line1: autoDraw = True
53.7258 	EXP 	Line2: autoDraw = True
53.7258 	EXP 	Line3: autoDraw = True
53.7258 	EXP 	Line4: autoDraw = True
53.7408 	EXP 	Fixation: autoDraw = False
54.7241 	INFO 	Keyboard events cleared
54.7238 	EXP 	Probe: autoDraw = True
55.0745 	EXP 	Device response: <KeyPress from None: t=55.07052890001796, value=z, duration=None>
55.0752 	EXP 	New trial (rep=6, index=0): <Trial 24 (0 in rep 6) data={'Pos': np.int64(-50), 'corr_resp': 'x', 'thisN': 24, 'thisTrialN': 0, 'thisRepN': 6}>
55.0772 	DATA 	Keypress: z
55.0922 	EXP 	Fixation: autoDraw = False
55.0922 	EXP 	Line1: autoDraw = False
55.0922 	EXP 	Line2: autoDraw = False
55.0922 	EXP 	Line3: autoDraw = False
55.0922 	EXP 	Line4: autoDraw = False
55.0922 	EXP 	Probe: autoDraw = False
55.0922 	EXP 	Fixation: autoDraw = True
55.1430 	EXP 	Device response: <KeyPress from None: t=55.07052890001796, value=z, duration=0.05978540005162358>
56.0755 	EXP 	Line1: autoDraw = True
56.0755 	EXP 	Line2: autoDraw = True
56.0755 	EXP 	Line3: autoDraw = True
56.0755 	EXP 	Line4: autoDraw = True
56.0904 	EXP 	Fixation: autoDraw = False
57.0742 	INFO 	Keyboard events cleared
57.0740 	EXP 	Probe: autoDraw = True
57.4242 	EXP 	Device response: <KeyPress from None: t=57.410306100035086, value=x, duration=None>
57.4248 	EXP 	New trial (rep=6, index=1): <Trial 25 (1 in rep 6) data={'Pos': np.int64(150), 'corr_resp': 'v', 'thisN': 25, 'thisTrialN': 1, 'thisRepN': 6}>
57.4269 	DATA 	Keypress: x
57.4424 	EXP 	Fixation: autoDraw = False
57.4424 	EXP 	Line1: autoDraw = False
57.4424 	EXP 	Line2: autoDraw = False
57.4424 	EXP 	Line3: autoDraw = False
57.4424 	EXP 	Line4: autoDraw = False
57.4424 	EXP 	Probe: autoDraw = False
57.4424 	EXP 	Fixation: autoDraw = True
57.4929 	EXP 	Device response: <KeyPress from None: t=57.410306100035086, value=x, duration=0.07037460000719875>
58.4263 	EXP 	Line1: autoDraw = True
58.4263 	EXP 	Line2: autoDraw = True
58.4263 	EXP 	Line3: autoDraw = True
58.4263 	EXP 	Line4: autoDraw = True
58.4407 	EXP 	Fixation: autoDraw = False
59.4404 	INFO 	Keyboard events cleared
59.4402 	EXP 	Probe: autoDraw = True
59.6270 	DATA 	Keypress: v
59.6409 	EXP 	Device response: <KeyPress from None: t=59.62518670002464, value=v, duration=None>
59.6413 	EXP 	New trial (rep=6, index=2): <Trial 26 (2 in rep 6) data={'Pos': np.int64(50), 'corr_resp': 'c', 'thisN': 26, 'thisTrialN': 2, 'thisRepN': 6}>
59.6591 	EXP 	Fixation: autoDraw = False
59.6591 	EXP 	Line1: autoDraw = False
59.6591 	EXP 	Line2: autoDraw = False
59.6591 	EXP 	Line3: autoDraw = False
59.6591 	EXP 	Line4: autoDraw = False
59.6591 	EXP 	Probe: autoDraw = False
59.6591 	EXP 	Fixation: autoDraw = True
59.7593 	EXP 	Device response: <KeyPress from None: t=59.62518670002464, value=v, duration=0.11831149994395673>
60.6423 	EXP 	Line1: autoDraw = True
60.6423 	EXP 	Line2: autoDraw = True
60.6423 	EXP 	Line3: autoDraw = True
60.6423 	EXP 	Line4: autoDraw = True
60.6574 	EXP 	Fixation: autoDraw = False
61.6404 	INFO 	Keyboard events cleared
61.6402 	EXP 	Probe: autoDraw = True
62.0103 	DATA 	Keypress: c
62.0245 	EXP 	Device response: <KeyPress from None: t=62.007702599978074, value=c, duration=None>
62.0250 	EXP 	New trial (rep=6, index=3): <Trial 27 (3 in rep 6) data={'Pos': np.int64(-150), 'corr_resp': 'z', 'thisN': 27, 'thisTrialN': 3, 'thisRepN': 6}>
62.0423 	EXP 	Fixation: autoDraw = False
62.0423 	EXP 	Line1: autoDraw = False
62.0423 	EXP 	Line2: autoDraw = False
62.0423 	EXP 	Line3: autoDraw = False
62.0423 	EXP 	Line4: autoDraw = False
62.0423 	EXP 	Probe: autoDraw = False
62.0423 	EXP 	Fixation: autoDraw = True
62.1430 	EXP 	Device response: <KeyPress from None: t=62.007702599978074, value=c, duration=0.13108379999175668>
63.0258 	EXP 	Line1: autoDraw = True
63.0258 	EXP 	Line2: autoDraw = True
63.0258 	EXP 	Line3: autoDraw = True
63.0258 	EXP 	Line4: autoDraw = True
63.0406 	EXP 	Fixation: autoDraw = False
63.9742 	EXP 	Device response: <KeyPress from None: t=63.97262750007212, value=z, duration=None>
63.9760 	DATA 	Keypress: z
64.0409 	INFO 	Keyboard events cleared
64.0407 	EXP 	Probe: autoDraw = True
64.0574 	EXP 	Device response: <KeyPress from None: t=63.97262750007212, value=z, duration=0.08240719989407808>
64.4241 	EXP 	Device response: <KeyPress from None: t=64.41604559996631, value=z, duration=None>
64.4246 	EXP 	New trial (rep=7, index=0): <Trial 28 (0 in rep 7) data={'Pos': np.int64(-50), 'corr_resp': 'x', 'thisN': 28, 'thisTrialN': 0, 'thisRepN': 7}>
64.4265 	DATA 	Keypress: z
64.4424 	EXP 	Fixation: autoDraw = False
64.4424 	EXP 	Line1: autoDraw = False
64.4424 	EXP 	Line2: autoDraw = False
64.4424 	EXP 	Line3: autoDraw = False
64.4424 	EXP 	Line4: autoDraw = False
64.4424 	EXP 	Probe: autoDraw = False
64.4424 	EXP 	Fixation: autoDraw = True
64.5094 	EXP 	Device response: <KeyPress from None: t=64.41604559996631, value=z, duration=0.0781864000018686>
65.4258 	EXP 	Line1: autoDraw = True
65.4258 	EXP 	Line2: autoDraw = True
65.4258 	EXP 	Line3: autoDraw = True
65.4258 	EXP 	Line4: autoDraw = True
65.4406 	EXP 	Fixation: autoDraw = False
66.4239 	INFO 	Keyboard events cleared
66.4238 	EXP 	Probe: autoDraw = True
67.3097 	DATA 	Keypress: x
67.3244 	EXP 	Device response: <KeyPress from None: t=67.30886890005786, value=x, duration=None>
67.3251 	EXP 	New trial (rep=7, index=1): <Trial 29 (1 in rep 7) data={'Pos': np.int64(150), 'corr_resp': 'v', 'thisN': 29, 'thisTrialN': 1, 'thisRepN': 7}>
67.3423 	EXP 	Fixation: autoDraw = False
67.3423 	EXP 	Line1: autoDraw = False
67.3423 	EXP 	Line2: autoDraw = False
67.3423 	EXP 	Line3: autoDraw = False
67.3423 	EXP 	Line4: autoDraw = False
67.3423 	EXP 	Probe: autoDraw = False
67.3423 	EXP 	Fixation: autoDraw = True
67.4093 	EXP 	Device response: <KeyPress from None: t=67.30886890005786, value=x, duration=0.08455569995567203>
68.3253 	EXP 	Line1: autoDraw = True
68.3253 	EXP 	Line2: autoDraw = True
68.3253 	EXP 	Line3: autoDraw = True
68.3253 	EXP 	Line4: autoDraw = True
68.3405 	EXP 	Fixation: autoDraw = False
69.3074 	EXP 	Device response: <KeyPress from None: t=69.3045822000131, value=v, duration=None>
69.3093 	DATA 	Keypress: v
69.3403 	INFO 	Keyboard events cleared
69.3401 	EXP 	Probe: autoDraw = True
69.3907 	EXP 	Device response: <KeyPress from None: t=69.3045822000131, value=v, duration=0.07279210002161562>
69.6244 	EXP 	Device response: <KeyPress from None: t=69.61396730004344, value=v, duration=None>
69.6249 	EXP 	New trial (rep=7, index=2): <Trial 30 (2 in rep 7) data={'Pos': np.int64(50), 'corr_resp': 'c', 'thisN': 30, 'thisTrialN': 2, 'thisRepN': 7}>
69.6267 	DATA 	Keypress: v
69.6424 	EXP 	Fixation: autoDraw = False
69.6424 	EXP 	Line1: autoDraw = False
69.6424 	EXP 	Line2: autoDraw = False
69.6424 	EXP 	Line3: autoDraw = False
69.6424 	EXP 	Line4: autoDraw = False
69.6424 	EXP 	Probe: autoDraw = False
69.6424 	EXP 	Fixation: autoDraw = True
69.7098 	EXP 	Device response: <KeyPress from None: t=69.61396730004344, value=v, duration=0.08339649997651577>
70.6253 	EXP 	Line1: autoDraw = True
70.6253 	EXP 	Line2: autoDraw = True
70.6253 	EXP 	Line3: autoDraw = True
70.6253 	EXP 	Line4: autoDraw = True
70.6403 	EXP 	Fixation: autoDraw = False
71.6405 	INFO 	Keyboard events cleared
71.6402 	EXP 	Probe: autoDraw = True
71.9409 	EXP 	Device response: <KeyPress from None: t=71.93454569997266, value=c, duration=None>
71.9414 	EXP 	New trial (rep=7, index=3): <Trial 31 (3 in rep 7) data={'Pos': np.int64(-150), 'corr_resp': 'z', 'thisN': 31, 'thisTrialN': 3, 'thisRepN': 7}>
71.9432 	DATA 	Keypress: c
71.9587 	EXP 	Fixation: autoDraw = False
71.9587 	EXP 	Line1: autoDraw = False
71.9587 	EXP 	Line2: autoDraw = False
71.9587 	EXP 	Line3: autoDraw = False
71.9587 	EXP 	Line4: autoDraw = False
71.9587 	EXP 	Probe: autoDraw = False
71.9587 	EXP 	Fixation: autoDraw = True
72.0097 	EXP 	Device response: <KeyPress from None: t=71.93454569997266, value=c, duration=0.07347020006272942>
72.9422 	EXP 	Line1: autoDraw = True
72.9422 	EXP 	Line2: autoDraw = True
72.9422 	EXP 	Line3: autoDraw = True
72.9422 	EXP 	Line4: autoDraw = True
72.9569 	EXP 	Fixation: autoDraw = False
73.9569 	INFO 	Keyboard events cleared
73.9567 	EXP 	Probe: autoDraw = True
74.2402 	EXP 	Device response: <KeyPress from None: t=74.23922760004643, value=z, duration=None>
74.2408 	EXP 	New trial (rep=8, index=0): <Trial 32 (0 in rep 8) data={'Pos': np.int64(-50), 'corr_resp': 'x', 'thisN': 32, 'thisTrialN': 0, 'thisRepN': 8}>
74.2431 	DATA 	Keypress: z
74.2587 	EXP 	Fixation: autoDraw = False
74.2587 	EXP 	Line1: autoDraw = False
74.2587 	EXP 	Line2: autoDraw = False
74.2587 	EXP 	Line3: autoDraw = False
74.2587 	EXP 	Line4: autoDraw = False
74.2587 	EXP 	Probe: autoDraw = False
74.2587 	EXP 	Fixation: autoDraw = True
74.3593 	EXP 	Device response: <KeyPress from None: t=74.23922760004643, value=z, duration=0.10443289997056127>
75.2417 	EXP 	Line1: autoDraw = True
75.2417 	EXP 	Line2: autoDraw = True
75.2417 	EXP 	Line3: autoDraw = True
75.2417 	EXP 	Line4: autoDraw = True
75.2563 	EXP 	Fixation: autoDraw = False
76.2400 	INFO 	Keyboard events cleared
76.2399 	EXP 	Probe: autoDraw = True
76.6406 	EXP 	Device response: <KeyPress from None: t=76.63042800000403, value=x, duration=None>
76.6411 	EXP 	New trial (rep=8, index=1): <Trial 33 (1 in rep 8) data={'Pos': np.int64(150), 'corr_resp': 'v', 'thisN': 33, 'thisTrialN': 1, 'thisRepN': 8}>
76.6430 	DATA 	Keypress: x
76.6587 	EXP 	Fixation: autoDraw = False
76.6587 	EXP 	Line1: autoDraw = False
76.6587 	EXP 	Line2: autoDraw = False
76.6587 	EXP 	Line3: autoDraw = False
76.6587 	EXP 	Line4: autoDraw = False
76.6587 	EXP 	Probe: autoDraw = False
76.6587 	EXP 	Fixation: autoDraw = True
76.7093 	EXP 	Device response: <KeyPress from None: t=76.63042800000403, value=x, duration=0.07443230005446821>
77.6419 	EXP 	Line1: autoDraw = True
77.6419 	EXP 	Line2: autoDraw = True
77.6419 	EXP 	Line3: autoDraw = True
77.6419 	EXP 	Line4: autoDraw = True
77.6565 	EXP 	Fixation: autoDraw = False
78.6571 	INFO 	Keyboard events cleared
78.6569 	EXP 	Probe: autoDraw = True
79.6266 	DATA 	Keypress: v
79.6406 	EXP 	Device response: <KeyPress from None: t=79.62504329998046, value=v, duration=None>
79.6411 	EXP 	New trial (rep=8, index=2): <Trial 34 (2 in rep 8) data={'Pos': np.int64(50), 'corr_resp': 'c', 'thisN': 34, 'thisTrialN': 2, 'thisRepN': 8}>
79.6587 	EXP 	Fixation: autoDraw = False
79.6587 	EXP 	Line1: autoDraw = False
79.6587 	EXP 	Line2: autoDraw = False
79.6587 	EXP 	Line3: autoDraw = False
79.6587 	EXP 	Line4: autoDraw = False
79.6587 	EXP 	Probe: autoDraw = False
79.6587 	EXP 	Fixation: autoDraw = True
79.7261 	EXP 	Device response: <KeyPress from None: t=79.62504329998046, value=v, duration=0.08683410007506609>
80.6419 	EXP 	Line1: autoDraw = True
80.6419 	EXP 	Line2: autoDraw = True
80.6419 	EXP 	Line3: autoDraw = True
80.6419 	EXP 	Line4: autoDraw = True
80.6567 	EXP 	Fixation: autoDraw = False
81.6570 	INFO 	Keyboard events cleared
81.6568 	EXP 	Probe: autoDraw = True
81.9450 	DATA 	Keypress: c
81.9572 	EXP 	Device response: <KeyPress from None: t=81.94209300004877, value=c, duration=None>
81.9577 	EXP 	New trial (rep=8, index=3): <Trial 35 (3 in rep 8) data={'Pos': np.int64(-150), 'corr_resp': 'z', 'thisN': 35, 'thisTrialN': 3, 'thisRepN': 8}>
81.9753 	EXP 	Fixation: autoDraw = False
81.9753 	EXP 	Line1: autoDraw = False
81.9753 	EXP 	Line2: autoDraw = False
81.9753 	EXP 	Line3: autoDraw = False
81.9753 	EXP 	Line4: autoDraw = False
81.9753 	EXP 	Probe: autoDraw = False
81.9753 	EXP 	Fixation: autoDraw = True
82.0093 	EXP 	Device response: <KeyPress from None: t=81.94209300004877, value=c, duration=0.06557460001204163>
82.9584 	EXP 	Line1: autoDraw = True
82.9584 	EXP 	Line2: autoDraw = True
82.9584 	EXP 	Line3: autoDraw = True
82.9584 	EXP 	Line4: autoDraw = True
82.9733 	EXP 	Fixation: autoDraw = False
83.7572 	EXP 	Device response: <KeyPress from None: t=83.74844880006276, value=z, duration=None>
83.7591 	DATA 	Keypress: z
83.8404 	EXP 	Device response: <KeyPress from None: t=83.74844880006276, value=z, duration=0.07562799996230751>
83.9570 	INFO 	Keyboard events cleared
83.9568 	EXP 	Probe: autoDraw = True
84.2406 	EXP 	Device response: <KeyPress from None: t=84.22620020003524, value=z, duration=None>
84.2412 	EXP 	New trial (rep=9, index=0): <Trial 36 (0 in rep 9) data={'Pos': np.int64(-50), 'corr_resp': 'x', 'thisN': 36, 'thisTrialN': 0, 'thisRepN': 9}>
84.2432 	DATA 	Keypress: z
84.2585 	EXP 	Fixation: autoDraw = False
84.2585 	EXP 	Line1: autoDraw = False
84.2585 	EXP 	Line2: autoDraw = False
84.2585 	EXP 	Line3: autoDraw = False
84.2585 	EXP 	Line4: autoDraw = False
84.2585 	EXP 	Probe: autoDraw = False
84.2585 	EXP 	Fixation: autoDraw = True
84.3101 	EXP 	Device response: <KeyPress from None: t=84.22620020003524, value=z, duration=0.06898730003740638>
85.2415 	EXP 	Line1: autoDraw = True
85.2415 	EXP 	Line2: autoDraw = True
85.2415 	EXP 	Line3: autoDraw = True
85.2415 	EXP 	Line4: autoDraw = True
85.2566 	EXP 	Fixation: autoDraw = False
86.2565 	INFO 	Keyboard events cleared
86.2564 	EXP 	Probe: autoDraw = True
86.8263 	DATA 	Keypress: x
86.8406 	EXP 	Device response: <KeyPress from None: t=86.82402739999816, value=x, duration=None>
86.8411 	EXP 	New trial (rep=9, index=1): <Trial 37 (1 in rep 9) data={'Pos': np.int64(150), 'corr_resp': 'v', 'thisN': 37, 'thisTrialN': 1, 'thisRepN': 9}>
86.8584 	EXP 	Fixation: autoDraw = False
86.8584 	EXP 	Line1: autoDraw = False
86.8584 	EXP 	Line2: autoDraw = False
86.8584 	EXP 	Line3: autoDraw = False
86.8584 	EXP 	Line4: autoDraw = False
86.8584 	EXP 	Probe: autoDraw = False
86.8584 	EXP 	Fixation: autoDraw = True
86.9593 	EXP 	Device response: <KeyPress from None: t=86.82402739999816, value=x, duration=0.11992590001318604>
87.8418 	EXP 	Line1: autoDraw = True
87.8418 	EXP 	Line2: autoDraw = True
87.8418 	EXP 	Line3: autoDraw = True
87.8418 	EXP 	Line4: autoDraw = True
87.8565 	EXP 	Fixation: autoDraw = False
88.8566 	INFO 	Keyboard events cleared
88.8564 	EXP 	Probe: autoDraw = True
89.1570 	EXP 	Device response: <KeyPress from None: t=89.15207080007531, value=v, duration=None>
89.1575 	EXP 	New trial (rep=9, index=2): <Trial 38 (2 in rep 9) data={'Pos': np.int64(50), 'corr_resp': 'c', 'thisN': 38, 'thisTrialN': 2, 'thisRepN': 9}>
89.1593 	DATA 	Keypress: v
89.1750 	EXP 	Fixation: autoDraw = False
89.1750 	EXP 	Line1: autoDraw = False
89.1750 	EXP 	Line2: autoDraw = False
89.1750 	EXP 	Line3: autoDraw = False
89.1750 	EXP 	Line4: autoDraw = False
89.1750 	EXP 	Probe: autoDraw = False
89.1750 	EXP 	Fixation: autoDraw = True
89.2423 	EXP 	Device response: <KeyPress from None: t=89.15207080007531, value=v, duration=0.08124089997727424>
90.1575 	EXP 	Line1: autoDraw = True
90.1575 	EXP 	Line2: autoDraw = True
90.1575 	EXP 	Line3: autoDraw = True
90.1575 	EXP 	Line4: autoDraw = True
90.1729 	EXP 	Fixation: autoDraw = False
91.1567 	INFO 	Keyboard events cleared
91.1565 	EXP 	Probe: autoDraw = True
91.4900 	EXP 	Device response: <KeyPress from None: t=91.48821900004987, value=c, duration=None>
91.4906 	EXP 	New trial (rep=9, index=3): <Trial 39 (3 in rep 9) data={'Pos': np.int64(-150), 'corr_resp': 'z', 'thisN': 39, 'thisTrialN': 3, 'thisRepN': 9}>
91.4923 	DATA 	Keypress: c
91.5085 	EXP 	Fixation: autoDraw = False
91.5085 	EXP 	Line1: autoDraw = False
91.5085 	EXP 	Line2: autoDraw = False
91.5085 	EXP 	Line3: autoDraw = False
91.5085 	EXP 	Line4: autoDraw = False
91.5085 	EXP 	Probe: autoDraw = False
91.5085 	EXP 	Fixation: autoDraw = True
91.6257 	EXP 	Device response: <KeyPress from None: t=91.48821900004987, value=c, duration=0.12086209992412478>
92.4914 	EXP 	Line1: autoDraw = True
92.4914 	EXP 	Line2: autoDraw = True
92.4914 	EXP 	Line3: autoDraw = True
92.4914 	EXP 	Line4: autoDraw = True
92.5063 	EXP 	Fixation: autoDraw = False
93.4901 	INFO 	Keyboard events cleared
93.4898 	EXP 	Probe: autoDraw = True
93.9401 	EXP 	Device response: <KeyPress from None: t=93.9317360999994, value=z, duration=None>
93.9407 	EXP 	New trial (rep=10, index=0): <Trial 40 (0 in rep 10) data={'Pos': np.int64(-50), 'corr_resp': 'x', 'thisN': 40, 'thisTrialN': 0, 'thisRepN': 10}>
93.9425 	DATA 	Keypress: z
93.9584 	EXP 	Fixation: autoDraw = False
93.9584 	EXP 	Line1: autoDraw = False
93.9584 	EXP 	Line2: autoDraw = False
93.9584 	EXP 	Line3: autoDraw = False
93.9584 	EXP 	Line4: autoDraw = False
93.9584 	EXP 	Probe: autoDraw = False
93.9584 	EXP 	Fixation: autoDraw = True
94.0422 	EXP 	Device response: <KeyPress from None: t=93.9317360999994, value=z, duration=0.10502490005455911>
94.9418 	EXP 	Line1: autoDraw = True
94.9418 	EXP 	Line2: autoDraw = True
94.9418 	EXP 	Line3: autoDraw = True
94.9418 	EXP 	Line4: autoDraw = True
94.9563 	EXP 	Fixation: autoDraw = False
95.9562 	INFO 	Keyboard events cleared
95.9561 	EXP 	Probe: autoDraw = True
96.3572 	EXP 	Device response: <KeyPress from None: t=96.34619750001002, value=x, duration=None>
96.3576 	EXP 	New trial (rep=10, index=1): <Trial 41 (1 in rep 10) data={'Pos': np.int64(150), 'corr_resp': 'v', 'thisN': 41, 'thisTrialN': 1, 'thisRepN': 10}>
96.3595 	DATA 	Keypress: x
96.3748 	EXP 	Fixation: autoDraw = False
96.3748 	EXP 	Line1: autoDraw = False
96.3748 	EXP 	Line2: autoDraw = False
96.3748 	EXP 	Line3: autoDraw = False
96.3748 	EXP 	Line4: autoDraw = False
96.3748 	EXP 	Probe: autoDraw = False
96.3748 	EXP 	Fixation: autoDraw = True
96.4923 	EXP 	Device response: <KeyPress from None: t=96.34619750001002, value=x, duration=0.14258169999811798>
97.3582 	EXP 	Line1: autoDraw = True
97.3582 	EXP 	Line2: autoDraw = True
97.3582 	EXP 	Line3: autoDraw = True
97.3582 	EXP 	Line4: autoDraw = True
97.3730 	EXP 	Fixation: autoDraw = False
98.3731 	INFO 	Keyboard events cleared
98.3729 	EXP 	Probe: autoDraw = True
98.4067 	EXP 	Device response: <KeyPress from None: t=98.3994631000096, value=v, duration=None>
98.4072 	EXP 	New trial (rep=10, index=2): <Trial 42 (2 in rep 10) data={'Pos': np.int64(50), 'corr_resp': 'c', 'thisN': 42, 'thisTrialN': 2, 'thisRepN': 10}>
98.4091 	DATA 	Keypress: v
98.4243 	EXP 	Fixation: autoDraw = False
98.4243 	EXP 	Line1: autoDraw = False
98.4243 	EXP 	Line2: autoDraw = False
98.4243 	EXP 	Line3: autoDraw = False
98.4243 	EXP 	Line4: autoDraw = False
98.4243 	EXP 	Probe: autoDraw = False
98.4243 	EXP 	Fixation: autoDraw = True
98.5919 	EXP 	Device response: <KeyPress from None: t=98.3994631000096, value=v, duration=0.18787120003253222>
99.4086 	EXP 	Line1: autoDraw = True
99.4086 	EXP 	Line2: autoDraw = True
99.4086 	EXP 	Line3: autoDraw = True
99.4086 	EXP 	Line4: autoDraw = True
99.4225 	EXP 	Fixation: autoDraw = False
100.4064 	INFO 	Keyboard events cleared
100.4062 	EXP 	Probe: autoDraw = True
100.7560 	EXP 	Device response: <KeyPress from None: t=100.75107830006164, value=c, duration=None>
100.7564 	EXP 	New trial (rep=10, index=3): <Trial 43 (3 in rep 10) data={'Pos': np.int64(-150), 'corr_resp': 'z', 'thisN': 43, 'thisTrialN': 3, 'thisRepN': 10}>
100.7586 	DATA 	Keypress: c
100.7743 	EXP 	Fixation: autoDraw = False
100.7743 	EXP 	Line1: autoDraw = False
100.7743 	EXP 	Line2: autoDraw = False
100.7743 	EXP 	Line3: autoDraw = False
100.7743 	EXP 	Line4: autoDraw = False
100.7743 	EXP 	Probe: autoDraw = False
100.7743 	EXP 	Fixation: autoDraw = True
100.8583 	EXP 	Device response: <KeyPress from None: t=100.75107830006164, value=c, duration=0.09966049995273352>
101.7577 	EXP 	Line1: autoDraw = True
101.7577 	EXP 	Line2: autoDraw = True
101.7577 	EXP 	Line3: autoDraw = True
101.7577 	EXP 	Line4: autoDraw = True
101.7721 	EXP 	Fixation: autoDraw = False
102.7558 	INFO 	Keyboard events cleared
102.7557 	EXP 	Probe: autoDraw = True
103.2237 	DATA 	Keypress: z
103.2392 	EXP 	Device response: <KeyPress from None: t=103.2231348999776, value=z, duration=None>
103.2395 	EXP 	New trial (rep=11, index=0): <Trial 44 (0 in rep 11) data={'Pos': np.int64(-50), 'corr_resp': 'x', 'thisN': 44, 'thisTrialN': 0, 'thisRepN': 11}>
103.2576 	EXP 	Fixation: autoDraw = False
103.2576 	EXP 	Line1: autoDraw = False
103.2576 	EXP 	Line2: autoDraw = False
103.2576 	EXP 	Line3: autoDraw = False
103.2576 	EXP 	Line4: autoDraw = False
103.2576 	EXP 	Probe: autoDraw = False
103.2576 	EXP 	Fixation: autoDraw = True
103.3915 	EXP 	Device response: <KeyPress from None: t=103.2231348999776, value=z, duration=0.15265150007326156>
104.2411 	EXP 	Line1: autoDraw = True
104.2411 	EXP 	Line2: autoDraw = True
104.2411 	EXP 	Line3: autoDraw = True
104.2411 	EXP 	Line4: autoDraw = True
104.2556 	EXP 	Fixation: autoDraw = False
105.2395 	INFO 	Keyboard events cleared
105.2393 	EXP 	Probe: autoDraw = True
105.7066 	EXP 	Device response: <KeyPress from None: t=105.69663120002951, value=x, duration=None>
105.7072 	EXP 	New trial (rep=11, index=1): <Trial 45 (1 in rep 11) data={'Pos': np.int64(150), 'corr_resp': 'v', 'thisN': 45, 'thisTrialN': 1, 'thisRepN': 11}>
105.7091 	DATA 	Keypress: x
105.7244 	EXP 	Fixation: autoDraw = False
105.7244 	EXP 	Line1: autoDraw = False
105.7244 	EXP 	Line2: autoDraw = False
105.7244 	EXP 	Line3: autoDraw = False
105.7244 	EXP 	Line4: autoDraw = False
105.7244 	EXP 	Probe: autoDraw = False
105.7244 	EXP 	Fixation: autoDraw = True
105.8419 	EXP 	Device response: <KeyPress from None: t=105.69663120002951, value=x, duration=0.1369758000364527>
106.7074 	EXP 	Line1: autoDraw = True
106.7074 	EXP 	Line2: autoDraw = True
106.7074 	EXP 	Line3: autoDraw = True
106.7074 	EXP 	Line4: autoDraw = True
106.7224 	EXP 	Fixation: autoDraw = False
107.7061 	INFO 	Keyboard events cleared
107.7059 	EXP 	Probe: autoDraw = True
108.0065 	EXP 	Device response: <KeyPress from None: t=108.00519890000578, value=v, duration=None>
108.0070 	EXP 	New trial (rep=11, index=2): <Trial 46 (2 in rep 11) data={'Pos': np.int64(50), 'corr_resp': 'c', 'thisN': 46, 'thisTrialN': 2, 'thisRepN': 11}>
108.0088 	DATA 	Keypress: v
108.0244 	EXP 	Fixation: autoDraw = False
108.0244 	EXP 	Line1: autoDraw = False
108.0244 	EXP 	Line2: autoDraw = False
108.0244 	EXP 	Line3: autoDraw = False
108.0244 	EXP 	Line4: autoDraw = False
108.0244 	EXP 	Probe: autoDraw = False
108.0244 	EXP 	Fixation: autoDraw = True
108.0916 	EXP 	Device response: <KeyPress from None: t=108.00519890000578, value=v, duration=0.0811223000055179>
109.0078 	EXP 	Line1: autoDraw = True
109.0078 	EXP 	Line2: autoDraw = True
109.0078 	EXP 	Line3: autoDraw = True
109.0078 	EXP 	Line4: autoDraw = True
109.0226 	EXP 	Fixation: autoDraw = False
110.0061 	INFO 	Keyboard events cleared
110.0059 	EXP 	Probe: autoDraw = True
110.1925 	DATA 	Keypress: c
110.2066 	EXP 	Device response: <KeyPress from None: t=110.19057410000823, value=c, duration=None>
110.2072 	EXP 	New trial (rep=11, index=3): <Trial 47 (3 in rep 11) data={'Pos': np.int64(-150), 'corr_resp': 'z', 'thisN': 47, 'thisTrialN': 3, 'thisRepN': 11}>
110.2247 	EXP 	Fixation: autoDraw = False
110.2247 	EXP 	Line1: autoDraw = False
110.2247 	EXP 	Line2: autoDraw = False
110.2247 	EXP 	Line3: autoDraw = False
110.2247 	EXP 	Line4: autoDraw = False
110.2247 	EXP 	Probe: autoDraw = False
110.2247 	EXP 	Fixation: autoDraw = True
110.2254 	EXP 	Device response: <KeyPress from None: t=110.19057410000823, value=c, duration=0.018342499970458448>
111.2078 	EXP 	Line1: autoDraw = True
111.2078 	EXP 	Line2: autoDraw = True
111.2078 	EXP 	Line3: autoDraw = True
111.2078 	EXP 	Line4: autoDraw = True
111.2224 	EXP 	Fixation: autoDraw = False
112.2226 	INFO 	Keyboard events cleared
112.2225 	EXP 	Probe: autoDraw = True
112.5228 	EXP 	Device response: <KeyPress from None: t=112.51007550000213, value=z, duration=None>
112.5236 	EXP 	New trial (rep=12, index=0): <Trial 48 (0 in rep 12) data={'Pos': np.int64(-50), 'corr_resp': 'x', 'thisN': 48, 'thisTrialN': 0, 'thisRepN': 12}>
112.5263 	DATA 	Keypress: z
112.5409 	EXP 	Fixation: autoDraw = False
112.5409 	EXP 	Line1: autoDraw = False
112.5409 	EXP 	Line2: autoDraw = False
112.5409 	EXP 	Line3: autoDraw = False
112.5409 	EXP 	Line4: autoDraw = False
112.5409 	EXP 	Probe: autoDraw = False
112.5409 	EXP 	Fixation: autoDraw = True
112.5415 	EXP 	Device response: <KeyPress from None: t=112.51007550000213, value=z, duration=0.01873630005866289>
113.5244 	EXP 	Line1: autoDraw = True
113.5244 	EXP 	Line2: autoDraw = True
113.5244 	EXP 	Line3: autoDraw = True
113.5244 	EXP 	Line4: autoDraw = True
113.5389 	EXP 	Fixation: autoDraw = False
114.5391 	INFO 	Keyboard events cleared
114.5389 	EXP 	Probe: autoDraw = True
114.9230 	EXP 	Device response: <KeyPress from None: t=114.91758600005414, value=x, duration=None>
114.9235 	EXP 	New trial (rep=12, index=1): <Trial 49 (1 in rep 12) data={'Pos': np.int64(150), 'corr_resp': 'v', 'thisN': 49, 'thisTrialN': 1, 'thisRepN': 12}>
114.9254 	DATA 	Keypress: x
114.9409 	EXP 	Fixation: autoDraw = False
114.9409 	EXP 	Line1: autoDraw = False
114.9409 	EXP 	Line2: autoDraw = False
114.9409 	EXP 	Line3: autoDraw = False
114.9409 	EXP 	Line4: autoDraw = False
114.9409 	EXP 	Probe: autoDraw = False
114.9409 	EXP 	Fixation: autoDraw = True
115.0249 	EXP 	Device response: <KeyPress from None: t=114.91758600005414, value=x, duration=0.09131909999996424>
115.9242 	EXP 	Line1: autoDraw = True
115.9242 	EXP 	Line2: autoDraw = True
115.9242 	EXP 	Line3: autoDraw = True
115.9242 	EXP 	Line4: autoDraw = True
115.9392 	EXP 	Fixation: autoDraw = False
116.8727 	EXP 	Device response: <KeyPress from None: t=116.87111920001917, value=v, duration=None>
116.8745 	DATA 	Keypress: v
116.9222 	INFO 	Keyboard events cleared
116.9221 	EXP 	Probe: autoDraw = True
117.0228 	EXP 	Device response: <KeyPress from None: t=116.87111920001917, value=v, duration=0.15020779997576028>
117.1397 	EXP 	Device response: <KeyPress from None: t=117.13091229996644, value=v, duration=None>
117.1402 	EXP 	New trial (rep=12, index=2): <Trial 50 (2 in rep 12) data={'Pos': np.int64(50), 'corr_resp': 'c', 'thisN': 50, 'thisTrialN': 2, 'thisRepN': 12}>
117.1420 	DATA 	Keypress: v
117.1575 	EXP 	Fixation: autoDraw = False
117.1575 	EXP 	Line1: autoDraw = False
117.1575 	EXP 	Line2: autoDraw = False
117.1575 	EXP 	Line3: autoDraw = False
117.1575 	EXP 	Line4: autoDraw = False
117.1575 	EXP 	Probe: autoDraw = False
117.1575 	EXP 	Fixation: autoDraw = True
117.2414 	EXP 	Device response: <KeyPress from None: t=117.13091229996644, value=v, duration=0.10291480005253106>
118.1409 	EXP 	Line1: autoDraw = True
118.1409 	EXP 	Line2: autoDraw = True
118.1409 	EXP 	Line3: autoDraw = True
118.1409 	EXP 	Line4: autoDraw = True
118.1559 	EXP 	Fixation: autoDraw = False
119.1559 	INFO 	Keyboard events cleared
119.1557 	EXP 	Probe: autoDraw = True
119.6896 	EXP 	Device response: <KeyPress from None: t=119.6760348000098, value=c, duration=None>
119.6901 	EXP 	New trial (rep=12, index=3): <Trial 51 (3 in rep 12) data={'Pos': np.int64(-150), 'corr_resp': 'z', 'thisN': 51, 'thisTrialN': 3, 'thisRepN': 12}>
119.6921 	DATA 	Keypress: c
119.7077 	EXP 	Fixation: autoDraw = False
119.7077 	EXP 	Line1: autoDraw = False
119.7077 	EXP 	Line2: autoDraw = False
119.7077 	EXP 	Line3: autoDraw = False
119.7077 	EXP 	Line4: autoDraw = False
119.7077 	EXP 	Probe: autoDraw = False
119.7077 	EXP 	Fixation: autoDraw = True
119.8915 	EXP 	Device response: <KeyPress from None: t=119.6760348000098, value=c, duration=0.19962490000762045>
120.6910 	EXP 	Line1: autoDraw = True
120.6910 	EXP 	Line2: autoDraw = True
120.6910 	EXP 	Line3: autoDraw = True
120.6910 	EXP 	Line4: autoDraw = True
120.7057 	EXP 	Fixation: autoDraw = False
121.6560 	EXP 	Device response: <KeyPress from None: t=121.65357470000163, value=z, duration=None>
121.6577 	DATA 	Keypress: z
121.7059 	INFO 	Keyboard events cleared
121.7057 	EXP 	Probe: autoDraw = True
121.7896 	EXP 	Device response: <KeyPress from None: t=121.65357470000163, value=z, duration=0.1311297999927774>
121.9561 	EXP 	Device response: <KeyPress from None: t=121.94485179998446, value=z, duration=None>
121.9568 	EXP 	New trial (rep=13, index=0): <Trial 52 (0 in rep 13) data={'Pos': np.int64(-50), 'corr_resp': 'x', 'thisN': 52, 'thisTrialN': 0, 'thisRepN': 13}>
121.9585 	DATA 	Keypress: z
121.9739 	EXP 	Fixation: autoDraw = False
121.9739 	EXP 	Line1: autoDraw = False
121.9739 	EXP 	Line2: autoDraw = False
121.9739 	EXP 	Line3: autoDraw = False
121.9739 	EXP 	Line4: autoDraw = False
121.9739 	EXP 	Probe: autoDraw = False
121.9739 	EXP 	Fixation: autoDraw = True
122.0918 	EXP 	Device response: <KeyPress from None: t=121.94485179998446, value=z, duration=0.13123390008695424>
122.9573 	EXP 	Line1: autoDraw = True
122.9573 	EXP 	Line2: autoDraw = True
122.9573 	EXP 	Line3: autoDraw = True
122.9573 	EXP 	Line4: autoDraw = True
122.9723 	EXP 	Fixation: autoDraw = False
123.9555 	INFO 	Keyboard events cleared
123.9553 	EXP 	Probe: autoDraw = True
124.4393 	EXP 	Device response: <KeyPress from None: t=124.43626700004097, value=x, duration=None>
124.4398 	EXP 	New trial (rep=13, index=1): <Trial 53 (1 in rep 13) data={'Pos': np.int64(150), 'corr_resp': 'v', 'thisN': 53, 'thisTrialN': 1, 'thisRepN': 13}>
124.4415 	DATA 	Keypress: x
124.4574 	EXP 	Fixation: autoDraw = False
124.4574 	EXP 	Line1: autoDraw = False
124.4574 	EXP 	Line2: autoDraw = False
124.4574 	EXP 	Line3: autoDraw = False
124.4574 	EXP 	Line4: autoDraw = False
124.4574 	EXP 	Probe: autoDraw = False
124.4574 	EXP 	Fixation: autoDraw = True
124.5245 	EXP 	Device response: <KeyPress from None: t=124.43626700004097, value=x, duration=0.0829916000366211>
125.4408 	EXP 	Line1: autoDraw = True
125.4408 	EXP 	Line2: autoDraw = True
125.4408 	EXP 	Line3: autoDraw = True
125.4408 	EXP 	Line4: autoDraw = True
125.4555 	EXP 	Fixation: autoDraw = False
126.4557 	INFO 	Keyboard events cleared
126.4555 	EXP 	Probe: autoDraw = True
126.6891 	EXP 	Device response: <KeyPress from None: t=126.67712920007762, value=v, duration=None>
126.6898 	EXP 	New trial (rep=13, index=2): <Trial 54 (2 in rep 13) data={'Pos': np.int64(50), 'corr_resp': 'c', 'thisN': 54, 'thisTrialN': 2, 'thisRepN': 13}>
126.6917 	DATA 	Keypress: v
126.7072 	EXP 	Fixation: autoDraw = False
126.7072 	EXP 	Line1: autoDraw = False
126.7072 	EXP 	Line2: autoDraw = False
126.7072 	EXP 	Line3: autoDraw = False
126.7072 	EXP 	Line4: autoDraw = False
126.7072 	EXP 	Probe: autoDraw = False
126.7072 	EXP 	Fixation: autoDraw = True
126.7740 	EXP 	Device response: <KeyPress from None: t=126.67712920007762, value=v, duration=0.08155949995853007>
127.6906 	EXP 	Line1: autoDraw = True
127.6906 	EXP 	Line2: autoDraw = True
127.6906 	EXP 	Line3: autoDraw = True
127.6906 	EXP 	Line4: autoDraw = True
127.7055 	EXP 	Fixation: autoDraw = False
128.7055 	INFO 	Keyboard events cleared
128.7053 	EXP 	Probe: autoDraw = True
129.2392 	EXP 	Device response: <KeyPress from None: t=129.2374262000667, value=c, duration=None>
129.2397 	EXP 	New trial (rep=13, index=3): <Trial 55 (3 in rep 13) data={'Pos': np.int64(-150), 'corr_resp': 'z', 'thisN': 55, 'thisTrialN': 3, 'thisRepN': 13}>
129.2413 	DATA 	Keypress: c
129.2573 	EXP 	Fixation: autoDraw = False
129.2573 	EXP 	Line1: autoDraw = False
129.2573 	EXP 	Line2: autoDraw = False
129.2573 	EXP 	Line3: autoDraw = False
129.2573 	EXP 	Line4: autoDraw = False
129.2573 	EXP 	Probe: autoDraw = False
129.2573 	EXP 	Fixation: autoDraw = True
129.4077 	EXP 	Device response: <KeyPress from None: t=129.2374262000667, value=c, duration=0.15483349992427975>
130.2406 	EXP 	Line1: autoDraw = True
130.2406 	EXP 	Line2: autoDraw = True
130.2406 	EXP 	Line3: autoDraw = True
130.2406 	EXP 	Line4: autoDraw = True
130.2553 	EXP 	Fixation: autoDraw = False
131.2392 	INFO 	Keyboard events cleared
131.2390 	EXP 	Probe: autoDraw = True
131.7219 	EXP 	Device response: <KeyPress from None: t=131.71412250003777, value=z, duration=None>
131.7222 	EXP 	New trial (rep=14, index=0): <Trial 56 (0 in rep 14) data={'Pos': np.int64(-50), 'corr_resp': 'x', 'thisN': 56, 'thisTrialN': 0, 'thisRepN': 14}>
131.7237 	DATA 	Keypress: z
131.7405 	EXP 	Fixation: autoDraw = False
131.7405 	EXP 	Line1: autoDraw = False
131.7405 	EXP 	Line2: autoDraw = False
131.7405 	EXP 	Line3: autoDraw = False
131.7405 	EXP 	Line4: autoDraw = False
131.7405 	EXP 	Probe: autoDraw = False
131.7405 	EXP 	Fixation: autoDraw = True
131.9078 	EXP 	Device response: <KeyPress from None: t=131.71412250003777, value=z, duration=0.18164450000040233>
132.7240 	EXP 	Line1: autoDraw = True
132.7240 	EXP 	Line2: autoDraw = True
132.7240 	EXP 	Line3: autoDraw = True
132.7240 	EXP 	Line4: autoDraw = True
132.7388 	EXP 	Fixation: autoDraw = False
133.7216 	INFO 	Keyboard events cleared
133.7214 	EXP 	Probe: autoDraw = True
135.1613 	EXP 	Device response: <KeyPress from None: t=135.12819249997847, value=x, duration=None>
135.1617 	EXP 	New trial (rep=14, index=1): <Trial 57 (1 in rep 14) data={'Pos': np.int64(150), 'corr_resp': 'v', 'thisN': 57, 'thisTrialN': 1, 'thisRepN': 14}>
135.1876 	DATA 	Keypress: x
135.2232 	EXP 	Fixation: autoDraw = False
135.2232 	EXP 	Line1: autoDraw = False
135.2232 	EXP 	Line2: autoDraw = False
135.2232 	EXP 	Line3: autoDraw = False
135.2232 	EXP 	Line4: autoDraw = False
135.2232 	EXP 	Probe: autoDraw = False
135.2232 	EXP 	Fixation: autoDraw = True
135.2421 	EXP 	Device response: <KeyPress from None: t=135.12819249997847, value=x, duration=0.11077640007715672>
136.1740 	EXP 	Line1: autoDraw = True
136.1740 	EXP 	Line2: autoDraw = True
136.1740 	EXP 	Line3: autoDraw = True
136.1740 	EXP 	Line4: autoDraw = True
136.2216 	EXP 	Fixation: autoDraw = False
137.1720 	INFO 	Keyboard events cleared
137.1718 	EXP 	Probe: autoDraw = True
138.8891 	EXP 	Device response: <KeyPress from None: t=138.87896370003, value=v, duration=None>
138.8897 	EXP 	New trial (rep=14, index=2): <Trial 58 (2 in rep 14) data={'Pos': np.int64(50), 'corr_resp': 'c', 'thisN': 58, 'thisTrialN': 2, 'thisRepN': 14}>
138.8916 	DATA 	Keypress: v
138.9068 	EXP 	Fixation: autoDraw = False
138.9068 	EXP 	Line1: autoDraw = False
138.9068 	EXP 	Line2: autoDraw = False
138.9068 	EXP 	Line3: autoDraw = False
138.9068 	EXP 	Line4: autoDraw = False
138.9068 	EXP 	Probe: autoDraw = False
138.9068 	EXP 	Fixation: autoDraw = True
139.1569 	EXP 	Device response: <KeyPress from None: t=138.87896370003, value=v, duration=0.26150959997903556>
139.8905 	EXP 	Line1: autoDraw = True
139.8905 	EXP 	Line2: autoDraw = True
139.8905 	EXP 	Line3: autoDraw = True
139.8905 	EXP 	Line4: autoDraw = True
139.9049 	EXP 	Fixation: autoDraw = False
140.2942 	DATA 	Keypress: c
140.3056 	EXP 	Device response: <KeyPress from None: t=140.28968330007046, value=c, duration=None>
140.5391 	EXP 	Device response: <KeyPress from None: t=140.28968330007046, value=c, duration=0.23854229995049536>
140.9052 	INFO 	Keyboard events cleared
140.9049 	EXP 	Probe: autoDraw = True
140.9076 	DATA 	Keypress: c
141.4088 	DATA 	Keypress: c
141.4224 	EXP 	Device response: <KeyPress from None: t=141.40679480007384, value=c, duration=None>
141.4229 	EXP 	New trial (rep=14, index=3): <Trial 59 (3 in rep 14) data={'Pos': np.int64(-150), 'corr_resp': 'z', 'thisN': 59, 'thisTrialN': 3, 'thisRepN': 14}>
141.4401 	EXP 	Fixation: autoDraw = False
141.4401 	EXP 	Line1: autoDraw = False
141.4401 	EXP 	Line2: autoDraw = False
141.4401 	EXP 	Line3: autoDraw = False
141.4401 	EXP 	Line4: autoDraw = False
141.4401 	EXP 	Probe: autoDraw = False
141.4401 	EXP 	Fixation: autoDraw = True
141.5577 	EXP 	Device response: <KeyPress from None: t=141.40679480007384, value=c, duration=0.14834610000252724>
142.4236 	EXP 	Line1: autoDraw = True
142.4236 	EXP 	Line2: autoDraw = True
142.4236 	EXP 	Line3: autoDraw = True
142.4236 	EXP 	Line4: autoDraw = True
142.4384 	EXP 	Fixation: autoDraw = False
143.4384 	INFO 	Keyboard events cleared
143.4382 	EXP 	Probe: autoDraw = True
143.6395 	EXP 	Device response: <KeyPress from None: t=143.63441339996643, value=z, duration=None>
143.6401 	EXP 	New trial (rep=15, index=0): <Trial 60 (0 in rep 15) data={'Pos': np.int64(-50), 'corr_resp': 'x', 'thisN': 60, 'thisTrialN': 0, 'thisRepN': 15}>
143.6419 	DATA 	Keypress: z
143.6567 	EXP 	Fixation: autoDraw = False
143.6567 	EXP 	Line1: autoDraw = False
143.6567 	EXP 	Line2: autoDraw = False
143.6567 	EXP 	Line3: autoDraw = False
143.6567 	EXP 	Line4: autoDraw = False
143.6567 	EXP 	Probe: autoDraw = False
143.6567 	EXP 	Fixation: autoDraw = True
143.8076 	EXP 	Device response: <KeyPress from None: t=143.63441339996643, value=z, duration=0.17249330005142838>
144.6403 	EXP 	Line1: autoDraw = True
144.6403 	EXP 	Line2: autoDraw = True
144.6403 	EXP 	Line3: autoDraw = True
144.6403 	EXP 	Line4: autoDraw = True
144.6549 	EXP 	Fixation: autoDraw = False
145.6553 	INFO 	Keyboard events cleared
145.6550 	EXP 	Probe: autoDraw = True
145.8746 	DATA 	Keypress: x
145.8888 	EXP 	Device response: <KeyPress from None: t=145.87200790003408, value=x, duration=None>
145.8894 	EXP 	New trial (rep=15, index=1): <Trial 61 (1 in rep 15) data={'Pos': np.int64(150), 'corr_resp': 'v', 'thisN': 61, 'thisTrialN': 1, 'thisRepN': 15}>
145.9071 	EXP 	Fixation: autoDraw = False
145.9071 	EXP 	Line1: autoDraw = False
145.9071 	EXP 	Line2: autoDraw = False
145.9071 	EXP 	Line3: autoDraw = False
145.9071 	EXP 	Line4: autoDraw = False
145.9071 	EXP 	Probe: autoDraw = False
145.9071 	EXP 	Fixation: autoDraw = True
146.0242 	EXP 	Device response: <KeyPress from None: t=145.87200790003408, value=x, duration=0.14280829997733235>
146.8902 	EXP 	Line1: autoDraw = True
146.8902 	EXP 	Line2: autoDraw = True
146.8902 	EXP 	Line3: autoDraw = True
146.8902 	EXP 	Line4: autoDraw = True
146.9050 	EXP 	Fixation: autoDraw = False
147.9050 	INFO 	Keyboard events cleared
147.9048 	EXP 	Probe: autoDraw = True
148.2577 	DATA 	Keypress: v
148.2722 	EXP 	Device response: <KeyPress from None: t=148.25585489999503, value=v, duration=None>
148.2727 	EXP 	New trial (rep=15, index=2): <Trial 62 (2 in rep 15) data={'Pos': np.int64(50), 'corr_resp': 'c', 'thisN': 62, 'thisTrialN': 2, 'thisRepN': 15}>
148.2901 	EXP 	Fixation: autoDraw = False
148.2901 	EXP 	Line1: autoDraw = False
148.2901 	EXP 	Line2: autoDraw = False
148.2901 	EXP 	Line3: autoDraw = False
148.2901 	EXP 	Line4: autoDraw = False
148.2901 	EXP 	Probe: autoDraw = False
148.2901 	EXP 	Fixation: autoDraw = True
148.3072 	EXP 	Device response: <KeyPress from None: t=148.25585489999503, value=v, duration=0.04615349997766316>
149.2732 	EXP 	Line1: autoDraw = True
149.2732 	EXP 	Line2: autoDraw = True
149.2732 	EXP 	Line3: autoDraw = True
149.2732 	EXP 	Line4: autoDraw = True
149.2881 	EXP 	Fixation: autoDraw = False
150.2884 	INFO 	Keyboard events cleared
150.2882 	EXP 	Probe: autoDraw = True
150.7910 	DATA 	Keypress: c
150.8054 	EXP 	Device response: <KeyPress from None: t=150.7893471000716, value=c, duration=None>
150.8061 	EXP 	New trial (rep=15, index=3): <Trial 63 (3 in rep 15) data={'Pos': np.int64(-150), 'corr_resp': 'z', 'thisN': 63, 'thisTrialN': 3, 'thisRepN': 15}>
150.8236 	EXP 	Fixation: autoDraw = False
150.8236 	EXP 	Line1: autoDraw = False
150.8236 	EXP 	Line2: autoDraw = False
150.8236 	EXP 	Line3: autoDraw = False
150.8236 	EXP 	Line4: autoDraw = False
150.8236 	EXP 	Probe: autoDraw = False
150.8236 	EXP 	Fixation: autoDraw = True
150.8569 	EXP 	Device response: <KeyPress from None: t=150.7893471000716, value=c, duration=0.06542279990389943>
151.8067 	EXP 	Line1: autoDraw = True
151.8067 	EXP 	Line2: autoDraw = True
151.8067 	EXP 	Line3: autoDraw = True
151.8067 	EXP 	Line4: autoDraw = True
151.8214 	EXP 	Fixation: autoDraw = False
152.8216 	INFO 	Keyboard events cleared
152.8213 	EXP 	Probe: autoDraw = True
152.8243 	DATA 	Keypress: z
153.1388 	EXP 	Device response: <KeyPress from None: t=153.12945120001677, value=z, duration=None>
153.1392 	EXP 	New trial (rep=16, index=0): <Trial 64 (0 in rep 16) data={'Pos': np.int64(-50), 'corr_resp': 'x', 'thisN': 64, 'thisTrialN': 0, 'thisRepN': 16}>
153.1411 	DATA 	Keypress: z
153.1565 	EXP 	Fixation: autoDraw = False
153.1565 	EXP 	Line1: autoDraw = False
153.1565 	EXP 	Line2: autoDraw = False
153.1565 	EXP 	Line3: autoDraw = False
153.1565 	EXP 	Line4: autoDraw = False
153.1565 	EXP 	Probe: autoDraw = False
153.1565 	EXP 	Fixation: autoDraw = True
153.2402 	EXP 	Device response: <KeyPress from None: t=153.12945120001677, value=z, duration=0.1072412000503391>
154.1398 	EXP 	Line1: autoDraw = True
154.1398 	EXP 	Line2: autoDraw = True
154.1398 	EXP 	Line3: autoDraw = True
154.1398 	EXP 	Line4: autoDraw = True
154.1545 	EXP 	Fixation: autoDraw = False
155.1547 	INFO 	Keyboard events cleared
155.1545 	EXP 	Probe: autoDraw = True
155.5408 	DATA 	Keypress: x
155.5550 	EXP 	Device response: <KeyPress from None: t=155.53997869999148, value=x, duration=None>
155.5557 	EXP 	New trial (rep=16, index=1): <Trial 65 (1 in rep 16) data={'Pos': np.int64(150), 'corr_resp': 'v', 'thisN': 65, 'thisTrialN': 1, 'thisRepN': 16}>
155.5733 	EXP 	Fixation: autoDraw = False
155.5733 	EXP 	Line1: autoDraw = False
155.5733 	EXP 	Line2: autoDraw = False
155.5733 	EXP 	Line3: autoDraw = False
155.5733 	EXP 	Line4: autoDraw = False
155.5733 	EXP 	Probe: autoDraw = False
155.5733 	EXP 	Fixation: autoDraw = True
155.6579 	EXP 	Device response: <KeyPress from None: t=155.53997869999148, value=x, duration=0.11650350003037602>
156.5564 	EXP 	Line1: autoDraw = True
156.5564 	EXP 	Line2: autoDraw = True
156.5564 	EXP 	Line3: autoDraw = True
156.5564 	EXP 	Line4: autoDraw = True
156.5712 	EXP 	Fixation: autoDraw = False
157.5709 	INFO 	Keyboard events cleared
157.5708 	EXP 	Probe: autoDraw = True
157.8719 	EXP 	Device response: <KeyPress from None: t=157.8617530000629, value=v, duration=None>
157.8724 	EXP 	New trial (rep=16, index=2): <Trial 66 (2 in rep 16) data={'Pos': np.int64(50), 'corr_resp': 'c', 'thisN': 66, 'thisTrialN': 2, 'thisRepN': 16}>
157.8756 	DATA 	Keypress: v
157.8895 	EXP 	Fixation: autoDraw = False
157.8895 	EXP 	Line1: autoDraw = False
157.8895 	EXP 	Line2: autoDraw = False
157.8895 	EXP 	Line3: autoDraw = False
157.8895 	EXP 	Line4: autoDraw = False
157.8895 	EXP 	Probe: autoDraw = False
157.8895 	EXP 	Fixation: autoDraw = True
157.9571 	EXP 	Device response: <KeyPress from None: t=157.8617530000629, value=v, duration=0.08528969995677471>
158.8734 	EXP 	Line1: autoDraw = True
158.8734 	EXP 	Line2: autoDraw = True
158.8734 	EXP 	Line3: autoDraw = True
158.8734 	EXP 	Line4: autoDraw = True
158.8878 	EXP 	Fixation: autoDraw = False
159.8883 	INFO 	Keyboard events cleared
159.8880 	EXP 	Probe: autoDraw = True
160.5881 	EXP 	Device response: <KeyPress from None: t=160.57942610001191, value=c, duration=None>
160.5886 	EXP 	New trial (rep=16, index=3): <Trial 67 (3 in rep 16) data={'Pos': np.int64(-150), 'corr_resp': 'z', 'thisN': 67, 'thisTrialN': 3, 'thisRepN': 16}>
160.5907 	DATA 	Keypress: c
160.6061 	EXP 	Fixation: autoDraw = False
160.6061 	EXP 	Line1: autoDraw = False
160.6061 	EXP 	Line2: autoDraw = False
160.6061 	EXP 	Line3: autoDraw = False
160.6061 	EXP 	Line4: autoDraw = False
160.6061 	EXP 	Probe: autoDraw = False
160.6061 	EXP 	Fixation: autoDraw = True
160.6900 	EXP 	Device response: <KeyPress from None: t=160.57942610001191, value=c, duration=0.09605329995974898>
161.5895 	EXP 	Line1: autoDraw = True
161.5895 	EXP 	Line2: autoDraw = True
161.5895 	EXP 	Line3: autoDraw = True
161.5895 	EXP 	Line4: autoDraw = True
161.6040 	EXP 	Fixation: autoDraw = False
162.6040 	INFO 	Keyboard events cleared
162.6039 	EXP 	Probe: autoDraw = True
162.8877 	EXP 	Device response: <KeyPress from None: t=162.88200079998933, value=z, duration=None>
162.8881 	EXP 	New trial (rep=17, index=0): <Trial 68 (0 in rep 17) data={'Pos': np.int64(-50), 'corr_resp': 'x', 'thisN': 68, 'thisTrialN': 0, 'thisRepN': 17}>
162.8896 	DATA 	Keypress: z
162.9060 	EXP 	Fixation: autoDraw = False
162.9060 	EXP 	Line1: autoDraw = False
162.9060 	EXP 	Line2: autoDraw = False
162.9060 	EXP 	Line3: autoDraw = False
162.9060 	EXP 	Line4: autoDraw = False
162.9060 	EXP 	Probe: autoDraw = False
162.9060 	EXP 	Fixation: autoDraw = True
163.0064 	EXP 	Device response: <KeyPress from None: t=162.88200079998933, value=z, duration=0.11425079999025911>
163.8899 	EXP 	Line1: autoDraw = True
163.8899 	EXP 	Line2: autoDraw = True
163.8899 	EXP 	Line3: autoDraw = True
163.8899 	EXP 	Line4: autoDraw = True
163.9043 	EXP 	Fixation: autoDraw = False
164.8880 	INFO 	Keyboard events cleared
164.8878 	EXP 	Probe: autoDraw = True
165.1717 	EXP 	Device response: <KeyPress from None: t=165.16425470006652, value=x, duration=None>
165.1721 	EXP 	New trial (rep=17, index=1): <Trial 69 (1 in rep 17) data={'Pos': np.int64(150), 'corr_resp': 'v', 'thisN': 69, 'thisTrialN': 1, 'thisRepN': 17}>
165.1739 	DATA 	Keypress: x
165.1896 	EXP 	Fixation: autoDraw = False
165.1896 	EXP 	Line1: autoDraw = False
165.1896 	EXP 	Line2: autoDraw = False
165.1896 	EXP 	Line3: autoDraw = False
165.1896 	EXP 	Line4: autoDraw = False
165.1896 	EXP 	Probe: autoDraw = False
165.1896 	EXP 	Fixation: autoDraw = True
165.2900 	EXP 	Device response: <KeyPress from None: t=165.16425470006652, value=x, duration=0.12124229990877211>
166.1733 	EXP 	Line1: autoDraw = True
166.1733 	EXP 	Line2: autoDraw = True
166.1733 	EXP 	Line3: autoDraw = True
166.1733 	EXP 	Line4: autoDraw = True
166.1876 	EXP 	Fixation: autoDraw = False
167.1878 	INFO 	Keyboard events cleared
167.1876 	EXP 	Probe: autoDraw = True
168.0217 	EXP 	Device response: <KeyPress from None: t=168.01308040006552, value=v, duration=None>
168.0222 	EXP 	New trial (rep=17, index=2): <Trial 70 (2 in rep 17) data={'Pos': np.int64(50), 'corr_resp': 'c', 'thisN': 70, 'thisTrialN': 2, 'thisRepN': 17}>
168.0237 	DATA 	Keypress: v
168.0397 	EXP 	Fixation: autoDraw = False
168.0397 	EXP 	Line1: autoDraw = False
168.0397 	EXP 	Line2: autoDraw = False
168.0397 	EXP 	Line3: autoDraw = False
168.0397 	EXP 	Line4: autoDraw = False
168.0397 	EXP 	Probe: autoDraw = False
168.0397 	EXP 	Fixation: autoDraw = True
168.1400 	EXP 	Device response: <KeyPress from None: t=168.01308040006552, value=v, duration=0.11343819997273386>
169.0223 	EXP 	Line1: autoDraw = True
169.0223 	EXP 	Line2: autoDraw = True
169.0223 	EXP 	Line3: autoDraw = True
169.0223 	EXP 	Line4: autoDraw = True
169.0375 	EXP 	Fixation: autoDraw = False
170.0377 	INFO 	Keyboard events cleared
170.0376 	EXP 	Probe: autoDraw = True
170.3383 	EXP 	Device response: <KeyPress from None: t=170.33489619998727, value=x, duration=None>
170.3388 	EXP 	New trial (rep=17, index=3): <Trial 71 (3 in rep 17) data={'Pos': np.int64(-150), 'corr_resp': 'z', 'thisN': 71, 'thisTrialN': 3, 'thisRepN': 17}>
170.3405 	DATA 	Keypress: x
170.3562 	EXP 	Fixation: autoDraw = False
170.3562 	EXP 	Line1: autoDraw = False
170.3562 	EXP 	Line2: autoDraw = False
170.3562 	EXP 	Line3: autoDraw = False
170.3562 	EXP 	Line4: autoDraw = False
170.3562 	EXP 	Probe: autoDraw = False
170.3562 	EXP 	Fixation: autoDraw = True
170.5566 	EXP 	Device response: <KeyPress from None: t=170.33489619998727, value=x, duration=0.2105110000120476>
171.3395 	EXP 	Line1: autoDraw = True
171.3395 	EXP 	Line2: autoDraw = True
171.3395 	EXP 	Line3: autoDraw = True
171.3395 	EXP 	Line4: autoDraw = True
171.3544 	EXP 	Fixation: autoDraw = False
172.3544 	INFO 	Keyboard events cleared
172.3541 	EXP 	Probe: autoDraw = True
172.3575 	DATA 	Keypress: z
172.3716 	EXP 	Device response: <KeyPress from None: t=172.35395580006298, value=z, duration=None>
172.3721 	EXP 	New trial (rep=18, index=0): <Trial 72 (0 in rep 18) data={'Pos': np.int64(-50), 'corr_resp': 'x', 'thisN': 72, 'thisTrialN': 0, 'thisRepN': 18}>
172.3894 	EXP 	Fixation: autoDraw = False
172.3894 	EXP 	Line1: autoDraw = False
172.3894 	EXP 	Line2: autoDraw = False
172.3894 	EXP 	Line3: autoDraw = False
172.3894 	EXP 	Line4: autoDraw = False
172.3894 	EXP 	Probe: autoDraw = False
172.3894 	EXP 	Fixation: autoDraw = True
172.4899 	EXP 	Device response: <KeyPress from None: t=172.35395580006298, value=z, duration=0.12131660000886768>
173.3725 	EXP 	Line1: autoDraw = True
173.3725 	EXP 	Line2: autoDraw = True
173.3725 	EXP 	Line3: autoDraw = True
173.3725 	EXP 	Line4: autoDraw = True
173.3875 	EXP 	Fixation: autoDraw = False
174.3876 	INFO 	Keyboard events cleared
174.3874 	EXP 	Probe: autoDraw = True
175.4548 	EXP 	Device response: <KeyPress from None: t=175.4422082999954, value=x, duration=None>
175.4554 	EXP 	New trial (rep=18, index=1): <Trial 73 (1 in rep 18) data={'Pos': np.int64(150), 'corr_resp': 'v', 'thisN': 73, 'thisTrialN': 1, 'thisRepN': 18}>
175.4571 	DATA 	Keypress: x
175.4727 	EXP 	Fixation: autoDraw = False
175.4727 	EXP 	Line1: autoDraw = False
175.4727 	EXP 	Line2: autoDraw = False
175.4727 	EXP 	Line3: autoDraw = False
175.4727 	EXP 	Line4: autoDraw = False
175.4727 	EXP 	Probe: autoDraw = False
175.4727 	EXP 	Fixation: autoDraw = True
175.5239 	EXP 	Device response: <KeyPress from None: t=175.4422082999954, value=x, duration=0.0663217999972403>
176.4557 	EXP 	Line1: autoDraw = True
176.4557 	EXP 	Line2: autoDraw = True
176.4557 	EXP 	Line3: autoDraw = True
176.4557 	EXP 	Line4: autoDraw = True
176.4713 	EXP 	Fixation: autoDraw = False
177.4541 	INFO 	Keyboard events cleared
177.4539 	EXP 	Probe: autoDraw = True
177.7043 	EXP 	Device response: <KeyPress from None: t=177.6980589000741, value=v, duration=None>
177.7048 	EXP 	New trial (rep=18, index=2): <Trial 74 (2 in rep 18) data={'Pos': np.int64(50), 'corr_resp': 'c', 'thisN': 74, 'thisTrialN': 2, 'thisRepN': 18}>
177.7081 	DATA 	Keypress: v
177.7232 	EXP 	Fixation: autoDraw = False
177.7232 	EXP 	Line1: autoDraw = False
177.7232 	EXP 	Line2: autoDraw = False
177.7232 	EXP 	Line3: autoDraw = False
177.7232 	EXP 	Line4: autoDraw = False
177.7232 	EXP 	Probe: autoDraw = False
177.7232 	EXP 	Fixation: autoDraw = True
177.9231 	EXP 	Device response: <KeyPress from None: t=177.6980589000741, value=v, duration=0.22171630000229925>
178.7059 	EXP 	Line1: autoDraw = True
178.7059 	EXP 	Line2: autoDraw = True
178.7059 	EXP 	Line3: autoDraw = True
178.7059 	EXP 	Line4: autoDraw = True
178.7205 	EXP 	Fixation: autoDraw = False
179.7040 	INFO 	Keyboard events cleared
179.7038 	EXP 	Probe: autoDraw = True
180.1379 	EXP 	Device response: <KeyPress from None: t=180.13335190003272, value=c, duration=None>
180.1384 	EXP 	New trial (rep=18, index=3): <Trial 75 (3 in rep 18) data={'Pos': np.int64(-150), 'corr_resp': 'z', 'thisN': 75, 'thisTrialN': 3, 'thisRepN': 18}>
180.1401 	DATA 	Keypress: c
180.1559 	EXP 	Fixation: autoDraw = False
180.1559 	EXP 	Line1: autoDraw = False
180.1559 	EXP 	Line2: autoDraw = False
180.1559 	EXP 	Line3: autoDraw = False
180.1559 	EXP 	Line4: autoDraw = False
180.1559 	EXP 	Probe: autoDraw = False
180.1559 	EXP 	Fixation: autoDraw = True
180.3396 	EXP 	Device response: <KeyPress from None: t=180.13335190003272, value=c, duration=0.19770409993361682>
181.1391 	EXP 	Line1: autoDraw = True
181.1391 	EXP 	Line2: autoDraw = True
181.1391 	EXP 	Line3: autoDraw = True
181.1391 	EXP 	Line4: autoDraw = True
181.1537 	EXP 	Fixation: autoDraw = False
182.1376 	INFO 	Keyboard events cleared
182.1374 	EXP 	Probe: autoDraw = True
182.9710 	EXP 	Device response: <KeyPress from None: t=182.96101440000348, value=z, duration=None>
182.9715 	EXP 	New trial (rep=19, index=0): <Trial 76 (0 in rep 19) data={'Pos': np.int64(-50), 'corr_resp': 'x', 'thisN': 76, 'thisTrialN': 0, 'thisRepN': 19}>
182.9733 	DATA 	Keypress: z
182.9890 	EXP 	Fixation: autoDraw = False
182.9890 	EXP 	Line1: autoDraw = False
182.9890 	EXP 	Line2: autoDraw = False
182.9890 	EXP 	Line3: autoDraw = False
182.9890 	EXP 	Line4: autoDraw = False
182.9890 	EXP 	Probe: autoDraw = False
182.9890 	EXP 	Fixation: autoDraw = True
183.1061 	EXP 	Device response: <KeyPress from None: t=182.96101440000348, value=z, duration=0.1324462000047788>
183.9723 	EXP 	Line1: autoDraw = True
183.9723 	EXP 	Line2: autoDraw = True
183.9723 	EXP 	Line3: autoDraw = True
183.9723 	EXP 	Line4: autoDraw = True
183.9874 	EXP 	Fixation: autoDraw = False
184.9710 	INFO 	Keyboard events cleared
184.9709 	EXP 	Probe: autoDraw = True
186.2735 	DATA 	Keypress: x
186.2878 	EXP 	Device response: <KeyPress from None: t=186.27295080001932, value=x, duration=None>
186.2883 	EXP 	New trial (rep=19, index=1): <Trial 77 (1 in rep 19) data={'Pos': np.int64(150), 'corr_resp': 'v', 'thisN': 77, 'thisTrialN': 1, 'thisRepN': 19}>
186.3054 	EXP 	Fixation: autoDraw = False
186.3054 	EXP 	Line1: autoDraw = False
186.3054 	EXP 	Line2: autoDraw = False
186.3054 	EXP 	Line3: autoDraw = False
186.3054 	EXP 	Line4: autoDraw = False
186.3054 	EXP 	Probe: autoDraw = False
186.3054 	EXP 	Fixation: autoDraw = True
186.3893 	EXP 	Device response: <KeyPress from None: t=186.27295080001932, value=x, duration=0.11270579998381436>
187.2888 	EXP 	Line1: autoDraw = True
187.2888 	EXP 	Line2: autoDraw = True
187.2888 	EXP 	Line3: autoDraw = True
187.2888 	EXP 	Line4: autoDraw = True
187.3039 	EXP 	Fixation: autoDraw = False
188.2872 	INFO 	Keyboard events cleared
188.2870 	EXP 	Probe: autoDraw = True
189.1878 	EXP 	Device response: <KeyPress from None: t=189.1871607999783, value=v, duration=None>
189.1882 	EXP 	New trial (rep=19, index=2): <Trial 78 (2 in rep 19) data={'Pos': np.int64(50), 'corr_resp': 'c', 'thisN': 78, 'thisTrialN': 2, 'thisRepN': 19}>
189.1898 	DATA 	Keypress: v
189.2054 	EXP 	Fixation: autoDraw = False
189.2054 	EXP 	Line1: autoDraw = False
189.2054 	EXP 	Line2: autoDraw = False
189.2054 	EXP 	Line3: autoDraw = False
189.2054 	EXP 	Line4: autoDraw = False
189.2054 	EXP 	Probe: autoDraw = False
189.2054 	EXP 	Fixation: autoDraw = True
189.3393 	EXP 	Device response: <KeyPress from None: t=189.1871607999783, value=v, duration=0.14777170005254447>
190.1893 	EXP 	Line1: autoDraw = True
190.1893 	EXP 	Line2: autoDraw = True
190.1893 	EXP 	Line3: autoDraw = True
190.1893 	EXP 	Line4: autoDraw = True
190.2035 	EXP 	Fixation: autoDraw = False
191.2036 	INFO 	Keyboard events cleared
191.2034 	EXP 	Probe: autoDraw = True
191.3707 	EXP 	Device response: <KeyPress from None: t=191.36623140005395, value=c, duration=None>
191.3712 	EXP 	New trial (rep=19, index=3): <Trial 79 (3 in rep 19) data={'Pos': np.int64(-150), 'corr_resp': 'z', 'thisN': 79, 'thisTrialN': 3, 'thisRepN': 19}>
191.3732 	DATA 	Keypress: c
191.3890 	EXP 	Fixation: autoDraw = False
191.3890 	EXP 	Line1: autoDraw = False
191.3890 	EXP 	Line2: autoDraw = False
191.3890 	EXP 	Line3: autoDraw = False
191.3890 	EXP 	Line4: autoDraw = False
191.3890 	EXP 	Probe: autoDraw = False
191.3890 	EXP 	Fixation: autoDraw = True
191.5230 	EXP 	Device response: <KeyPress from None: t=191.36623140005395, value=c, duration=0.14738300000317395>
192.3727 	EXP 	Line1: autoDraw = True
192.3727 	EXP 	Line2: autoDraw = True
192.3727 	EXP 	Line3: autoDraw = True
192.3727 	EXP 	Line4: autoDraw = True
192.3871 	EXP 	Fixation: autoDraw = False
193.3705 	INFO 	Keyboard events cleared
193.3703 	EXP 	Probe: autoDraw = True
193.6539 	EXP 	Device response: <KeyPress from None: t=193.6532723000273, value=z, duration=None>
193.6543 	EXP 	New trial (rep=20, index=0): <Trial 80 (0 in rep 20) data={'Pos': np.int64(-50), 'corr_resp': 'x', 'thisN': 80, 'thisTrialN': 0, 'thisRepN': 20}>
193.6562 	DATA 	Keypress: z
193.6721 	EXP 	Fixation: autoDraw = False
193.6721 	EXP 	Line1: autoDraw = False
193.6721 	EXP 	Line2: autoDraw = False
193.6721 	EXP 	Line3: autoDraw = False
193.6721 	EXP 	Line4: autoDraw = False
193.6721 	EXP 	Probe: autoDraw = False
193.6721 	EXP 	Fixation: autoDraw = True
193.7396 	EXP 	Device response: <KeyPress from None: t=193.6532723000273, value=z, duration=0.07682149996981025>
194.6553 	EXP 	Line1: autoDraw = True
194.6553 	EXP 	Line2: autoDraw = True
194.6553 	EXP 	Line3: autoDraw = True
194.6553 	EXP 	Line4: autoDraw = True
194.6702 	EXP 	Fixation: autoDraw = False
195.6538 	INFO 	Keyboard events cleared
195.6536 	EXP 	Probe: autoDraw = True
195.9704 	EXP 	Device response: <KeyPress from None: t=195.9655255000107, value=x, duration=None>
195.9708 	EXP 	New trial (rep=20, index=1): <Trial 81 (1 in rep 20) data={'Pos': np.int64(150), 'corr_resp': 'v', 'thisN': 81, 'thisTrialN': 1, 'thisRepN': 20}>
195.9730 	DATA 	Keypress: x
195.9886 	EXP 	Fixation: autoDraw = False
195.9886 	EXP 	Line1: autoDraw = False
195.9886 	EXP 	Line2: autoDraw = False
195.9886 	EXP 	Line3: autoDraw = False
195.9886 	EXP 	Line4: autoDraw = False
195.9886 	EXP 	Probe: autoDraw = False
195.9886 	EXP 	Fixation: autoDraw = True
196.0394 	EXP 	Device response: <KeyPress from None: t=195.9655255000107, value=x, duration=0.07327649998478591>
196.9720 	EXP 	Line1: autoDraw = True
196.9720 	EXP 	Line2: autoDraw = True
196.9720 	EXP 	Line3: autoDraw = True
196.9720 	EXP 	Line4: autoDraw = True
196.9868 	EXP 	Fixation: autoDraw = False
197.7878 	EXP 	Device response: <KeyPress from None: t=197.77567770006135, value=v, duration=None>
197.7899 	DATA 	Keypress: v
197.9039 	EXP 	Device response: <KeyPress from None: t=197.77567770006135, value=v, duration=0.12513840000610799>
197.9705 	INFO 	Keyboard events cleared
197.9704 	EXP 	Probe: autoDraw = True
198.0873 	EXP 	Device response: <KeyPress from None: t=198.08572360000107, value=v, duration=None>
198.0878 	EXP 	New trial (rep=20, index=2): <Trial 82 (2 in rep 20) data={'Pos': np.int64(50), 'corr_resp': 'c', 'thisN': 82, 'thisTrialN': 2, 'thisRepN': 20}>
198.0894 	DATA 	Keypress: v
198.1054 	EXP 	Fixation: autoDraw = False
198.1054 	EXP 	Line1: autoDraw = False
198.1054 	EXP 	Line2: autoDraw = False
198.1054 	EXP 	Line3: autoDraw = False
198.1054 	EXP 	Line4: autoDraw = False
198.1054 	EXP 	Probe: autoDraw = False
198.1054 	EXP 	Fixation: autoDraw = True
198.1894 	EXP 	Device response: <KeyPress from None: t=198.08572360000107, value=v, duration=0.09984310006257147>
199.0888 	EXP 	Line1: autoDraw = True
199.0888 	EXP 	Line2: autoDraw = True
199.0888 	EXP 	Line3: autoDraw = True
199.0888 	EXP 	Line4: autoDraw = True
199.1035 	EXP 	Fixation: autoDraw = False
200.0871 	INFO 	Keyboard events cleared
200.0869 	EXP 	Probe: autoDraw = True
200.4076 	DATA 	Keypress: c
200.4204 	EXP 	Device response: <KeyPress from None: t=200.4035197000485, value=c, duration=None>
200.4209 	EXP 	New trial (rep=20, index=3): <Trial 83 (3 in rep 20) data={'Pos': np.int64(-150), 'corr_resp': 'z', 'thisN': 83, 'thisTrialN': 3, 'thisRepN': 20}>
200.4387 	EXP 	Fixation: autoDraw = False
200.4387 	EXP 	Line1: autoDraw = False
200.4387 	EXP 	Line2: autoDraw = False
200.4387 	EXP 	Line3: autoDraw = False
200.4387 	EXP 	Line4: autoDraw = False
200.4387 	EXP 	Probe: autoDraw = False
200.4387 	EXP 	Fixation: autoDraw = True
200.4897 	EXP 	Device response: <KeyPress from None: t=200.4035197000485, value=c, duration=0.08453480002935976>
201.4219 	EXP 	Line1: autoDraw = True
201.4219 	EXP 	Line2: autoDraw = True
201.4219 	EXP 	Line3: autoDraw = True
201.4219 	EXP 	Line4: autoDraw = True
201.4366 	EXP 	Fixation: autoDraw = False
202.4204 	INFO 	Keyboard events cleared
202.4202 	EXP 	Probe: autoDraw = True
203.0206 	EXP 	Device response: <KeyPress from None: t=203.00706229999196, value=z, duration=None>
203.0211 	EXP 	New trial (rep=21, index=0): <Trial 84 (0 in rep 21) data={'Pos': np.int64(-50), 'corr_resp': 'x', 'thisN': 84, 'thisTrialN': 0, 'thisRepN': 21}>
203.0229 	DATA 	Keypress: z
203.0387 	EXP 	Fixation: autoDraw = False
203.0387 	EXP 	Line1: autoDraw = False
203.0387 	EXP 	Line2: autoDraw = False
203.0387 	EXP 	Line3: autoDraw = False
203.0387 	EXP 	Line4: autoDraw = False
203.0387 	EXP 	Probe: autoDraw = False
203.0387 	EXP 	Fixation: autoDraw = True
203.1552 	EXP 	Device response: <KeyPress from None: t=203.00706229999196, value=z, duration=0.14757360005751252>
204.0220 	EXP 	Line1: autoDraw = True
204.0220 	EXP 	Line2: autoDraw = True
204.0220 	EXP 	Line3: autoDraw = True
204.0220 	EXP 	Line4: autoDraw = True
204.0368 	EXP 	Fixation: autoDraw = False
205.0201 	INFO 	Keyboard events cleared
205.0199 	EXP 	Probe: autoDraw = True
205.6539 	EXP 	Device response: <KeyPress from None: t=205.64092270005494, value=x, duration=None>
205.6545 	EXP 	New trial (rep=21, index=1): <Trial 85 (1 in rep 21) data={'Pos': np.int64(150), 'corr_resp': 'v', 'thisN': 85, 'thisTrialN': 1, 'thisRepN': 21}>
205.6564 	DATA 	Keypress: x
205.6718 	EXP 	Fixation: autoDraw = False
205.6718 	EXP 	Line1: autoDraw = False
205.6718 	EXP 	Line2: autoDraw = False
205.6718 	EXP 	Line3: autoDraw = False
205.6718 	EXP 	Line4: autoDraw = False
205.6718 	EXP 	Probe: autoDraw = False
205.6718 	EXP 	Fixation: autoDraw = True
205.8059 	EXP 	Device response: <KeyPress from None: t=205.64092270005494, value=x, duration=0.15730780002195388>
206.6551 	EXP 	Line1: autoDraw = True
206.6551 	EXP 	Line2: autoDraw = True
206.6551 	EXP 	Line3: autoDraw = True
206.6551 	EXP 	Line4: autoDraw = True
206.6701 	EXP 	Fixation: autoDraw = False
207.6535 	INFO 	Keyboard events cleared
207.6534 	EXP 	Probe: autoDraw = True
207.7535 	EXP 	Device response: <KeyPress from None: t=207.75216020003427, value=v, duration=None>
207.7541 	EXP 	New trial (rep=21, index=2): <Trial 86 (2 in rep 21) data={'Pos': np.int64(50), 'corr_resp': 'c', 'thisN': 86, 'thisTrialN': 2, 'thisRepN': 21}>
207.7560 	DATA 	Keypress: v
207.7718 	EXP 	Fixation: autoDraw = False
207.7718 	EXP 	Line1: autoDraw = False
207.7718 	EXP 	Line2: autoDraw = False
207.7718 	EXP 	Line3: autoDraw = False
207.7718 	EXP 	Line4: autoDraw = False
207.7718 	EXP 	Probe: autoDraw = False
207.7718 	EXP 	Fixation: autoDraw = True
207.8556 	EXP 	Device response: <KeyPress from None: t=207.75216020003427, value=v, duration=0.10069200000725687>
208.7551 	EXP 	Line1: autoDraw = True
208.7551 	EXP 	Line2: autoDraw = True
208.7551 	EXP 	Line3: autoDraw = True
208.7551 	EXP 	Line4: autoDraw = True
208.7700 	EXP 	Fixation: autoDraw = False
209.7531 	INFO 	Keyboard events cleared
209.7529 	EXP 	Probe: autoDraw = True
210.4707 	EXP 	Device response: <KeyPress from None: t=210.45634300005622, value=c, duration=None>
210.4712 	EXP 	New trial (rep=21, index=3): <Trial 87 (3 in rep 21) data={'Pos': np.int64(-150), 'corr_resp': 'z', 'thisN': 87, 'thisTrialN': 3, 'thisRepN': 21}>
210.4731 	DATA 	Keypress: c
210.4884 	EXP 	Fixation: autoDraw = False
210.4884 	EXP 	Line1: autoDraw = False
210.4884 	EXP 	Line2: autoDraw = False
210.4884 	EXP 	Line3: autoDraw = False
210.4884 	EXP 	Line4: autoDraw = False
210.4884 	EXP 	Probe: autoDraw = False
210.4884 	EXP 	Fixation: autoDraw = True
210.5724 	EXP 	Device response: <KeyPress from None: t=210.45634300005622, value=c, duration=0.11402669991366565>
211.4717 	EXP 	Line1: autoDraw = True
211.4717 	EXP 	Line2: autoDraw = True
211.4717 	EXP 	Line3: autoDraw = True
211.4717 	EXP 	Line4: autoDraw = True
211.4866 	EXP 	Fixation: autoDraw = False
212.4866 	INFO 	Keyboard events cleared
212.4864 	EXP 	Probe: autoDraw = True
212.7036 	EXP 	Device response: <KeyPress from None: t=212.69680260005407, value=z, duration=None>
212.7041 	EXP 	New trial (rep=22, index=0): <Trial 88 (0 in rep 22) data={'Pos': np.int64(-50), 'corr_resp': 'x', 'thisN': 88, 'thisTrialN': 0, 'thisRepN': 22}>
212.7060 	DATA 	Keypress: z
212.7213 	EXP 	Fixation: autoDraw = False
212.7213 	EXP 	Line1: autoDraw = False
212.7213 	EXP 	Line2: autoDraw = False
212.7213 	EXP 	Line3: autoDraw = False
212.7213 	EXP 	Line4: autoDraw = False
212.7213 	EXP 	Probe: autoDraw = False
212.7213 	EXP 	Fixation: autoDraw = True
212.9223 	EXP 	Device response: <KeyPress from None: t=212.69680260005407, value=z, duration=0.21025220002047718>
213.7050 	EXP 	Line1: autoDraw = True
213.7050 	EXP 	Line2: autoDraw = True
213.7050 	EXP 	Line3: autoDraw = True
213.7050 	EXP 	Line4: autoDraw = True
213.7198 	EXP 	Fixation: autoDraw = False
214.7032 	INFO 	Keyboard events cleared
214.7030 	EXP 	Probe: autoDraw = True
214.9726 	DATA 	Keypress: x
214.9869 	EXP 	Device response: <KeyPress from None: t=214.97141710005235, value=x, duration=None>
214.9874 	EXP 	New trial (rep=22, index=1): <Trial 89 (1 in rep 22) data={'Pos': np.int64(150), 'corr_resp': 'v', 'thisN': 89, 'thisTrialN': 1, 'thisRepN': 22}>
215.0049 	EXP 	Fixation: autoDraw = False
215.0049 	EXP 	Line1: autoDraw = False
215.0049 	EXP 	Line2: autoDraw = False
215.0049 	EXP 	Line3: autoDraw = False
215.0049 	EXP 	Line4: autoDraw = False
215.0049 	EXP 	Probe: autoDraw = False
215.0049 	EXP 	Fixation: autoDraw = True
215.1390 	EXP 	Device response: <KeyPress from None: t=214.97141710005235, value=x, duration=0.16160489991307259>
215.9882 	EXP 	Line1: autoDraw = True
215.9882 	EXP 	Line2: autoDraw = True
215.9882 	EXP 	Line3: autoDraw = True
215.9882 	EXP 	Line4: autoDraw = True
216.0029 	EXP 	Fixation: autoDraw = False
217.0032 	INFO 	Keyboard events cleared
217.0030 	EXP 	Probe: autoDraw = True
217.8064 	DATA 	Keypress: v
217.8201 	EXP 	Device response: <KeyPress from None: t=217.8057923000306, value=v, duration=None>
217.8207 	EXP 	New trial (rep=22, index=2): <Trial 90 (2 in rep 22) data={'Pos': np.int64(50), 'corr_resp': 'c', 'thisN': 90, 'thisTrialN': 2, 'thisRepN': 22}>
217.8382 	EXP 	Fixation: autoDraw = False
217.8382 	EXP 	Line1: autoDraw = False
217.8382 	EXP 	Line2: autoDraw = False
217.8382 	EXP 	Line3: autoDraw = False
217.8382 	EXP 	Line4: autoDraw = False
217.8382 	EXP 	Probe: autoDraw = False
217.8382 	EXP 	Fixation: autoDraw = True
217.9722 	EXP 	Device response: <KeyPress from None: t=217.8057923000306, value=v, duration=0.1610213000094518>
218.8218 	EXP 	Line1: autoDraw = True
218.8218 	EXP 	Line2: autoDraw = True
218.8218 	EXP 	Line3: autoDraw = True
218.8218 	EXP 	Line4: autoDraw = True
218.8362 	EXP 	Fixation: autoDraw = False
219.8365 	INFO 	Keyboard events cleared
219.8363 	EXP 	Probe: autoDraw = True
220.5199 	EXP 	Device response: <KeyPress from None: t=220.51741109997965, value=c, duration=None>
220.5204 	EXP 	New trial (rep=22, index=3): <Trial 91 (3 in rep 22) data={'Pos': np.int64(-150), 'corr_resp': 'z', 'thisN': 91, 'thisTrialN': 3, 'thisRepN': 22}>
220.5222 	DATA 	Keypress: c
220.5382 	EXP 	Fixation: autoDraw = False
220.5382 	EXP 	Line1: autoDraw = False
220.5382 	EXP 	Line2: autoDraw = False
220.5382 	EXP 	Line3: autoDraw = False
220.5382 	EXP 	Line4: autoDraw = False
220.5382 	EXP 	Probe: autoDraw = False
220.5382 	EXP 	Fixation: autoDraw = True
220.6389 	EXP 	Device response: <KeyPress from None: t=220.51741109997965, value=c, duration=0.10739570006262511>
221.5211 	EXP 	Line1: autoDraw = True
221.5211 	EXP 	Line2: autoDraw = True
221.5211 	EXP 	Line3: autoDraw = True
221.5211 	EXP 	Line4: autoDraw = True
221.5357 	EXP 	Fixation: autoDraw = False
222.4864 	EXP 	Device response: <KeyPress from None: t=222.47773260006215, value=z, duration=None>
222.4881 	DATA 	Keypress: z
222.5364 	INFO 	Keyboard events cleared
222.5362 	EXP 	Probe: autoDraw = True
222.6201 	EXP 	Device response: <KeyPress from None: t=222.47773260006215, value=z, duration=0.13812549994327128>
223.6369 	EXP 	Device response: <KeyPress from None: t=223.6334425000241, value=z, duration=None>
223.6373 	EXP 	New trial (rep=23, index=0): <Trial 92 (0 in rep 23) data={'Pos': np.int64(-50), 'corr_resp': 'x', 'thisN': 92, 'thisTrialN': 0, 'thisRepN': 23}>
223.6392 	DATA 	Keypress: z
223.6548 	EXP 	Fixation: autoDraw = False
223.6548 	EXP 	Line1: autoDraw = False
223.6548 	EXP 	Line2: autoDraw = False
223.6548 	EXP 	Line3: autoDraw = False
223.6548 	EXP 	Line4: autoDraw = False
223.6548 	EXP 	Probe: autoDraw = False
223.6548 	EXP 	Fixation: autoDraw = True
223.8550 	EXP 	Device response: <KeyPress from None: t=223.6334425000241, value=z, duration=0.21757590002380311>
224.6379 	EXP 	Line1: autoDraw = True
224.6379 	EXP 	Line2: autoDraw = True
224.6379 	EXP 	Line3: autoDraw = True
224.6379 	EXP 	Line4: autoDraw = True
224.6528 	EXP 	Fixation: autoDraw = False
225.6530 	INFO 	Keyboard events cleared
225.6528 	EXP 	Probe: autoDraw = True
227.9198 	EXP 	Device response: <KeyPress from None: t=227.9172156000277, value=x, duration=None>
227.9203 	EXP 	New trial (rep=23, index=1): <Trial 93 (1 in rep 23) data={'Pos': np.int64(150), 'corr_resp': 'v', 'thisN': 93, 'thisTrialN': 1, 'thisRepN': 23}>
227.9220 	DATA 	Keypress: x
227.9378 	EXP 	Fixation: autoDraw = False
227.9378 	EXP 	Line1: autoDraw = False
227.9378 	EXP 	Line2: autoDraw = False
227.9378 	EXP 	Line3: autoDraw = False
227.9378 	EXP 	Line4: autoDraw = False
227.9378 	EXP 	Probe: autoDraw = False
227.9378 	EXP 	Fixation: autoDraw = True
228.0386 	EXP 	Device response: <KeyPress from None: t=227.9172156000277, value=x, duration=0.10527009994257241>
228.9212 	EXP 	Line1: autoDraw = True
228.9212 	EXP 	Line2: autoDraw = True
228.9212 	EXP 	Line3: autoDraw = True
228.9212 	EXP 	Line4: autoDraw = True
228.9359 	EXP 	Fixation: autoDraw = False
229.9197 	INFO 	Keyboard events cleared
229.9195 	EXP 	Probe: autoDraw = True
230.7387 	DATA 	Keypress: v
230.7533 	EXP 	Device response: <KeyPress from None: t=230.7367936000228, value=v, duration=None>
230.7539 	EXP 	New trial (rep=23, index=2): <Trial 94 (2 in rep 23) data={'Pos': np.int64(50), 'corr_resp': 'c', 'thisN': 94, 'thisTrialN': 2, 'thisRepN': 23}>
230.7713 	EXP 	Fixation: autoDraw = False
230.7713 	EXP 	Line1: autoDraw = False
230.7713 	EXP 	Line2: autoDraw = False
230.7713 	EXP 	Line3: autoDraw = False
230.7713 	EXP 	Line4: autoDraw = False
230.7713 	EXP 	Probe: autoDraw = False
230.7713 	EXP 	Fixation: autoDraw = True
230.8549 	EXP 	Device response: <KeyPress from None: t=230.7367936000228, value=v, duration=0.10278549999929965>
231.7543 	EXP 	Line1: autoDraw = True
231.7543 	EXP 	Line2: autoDraw = True
231.7543 	EXP 	Line3: autoDraw = True
231.7543 	EXP 	Line4: autoDraw = True
231.7693 	EXP 	Fixation: autoDraw = False
232.6364 	EXP 	Device response: <KeyPress from None: t=232.62568910000846, value=c, duration=None>
232.6382 	DATA 	Keypress: c
232.7528 	INFO 	Keyboard events cleared
232.7525 	EXP 	Probe: autoDraw = True
232.8866 	EXP 	Device response: <KeyPress from None: t=232.88148219999857, value=c, duration=None>
232.8871 	EXP 	New trial (rep=23, index=3): <Trial 95 (3 in rep 23) data={'Pos': np.int64(-150), 'corr_resp': 'z', 'thisN': 95, 'thisTrialN': 3, 'thisRepN': 23}>
232.8889 	DATA 	Keypress: c
232.9043 	EXP 	Fixation: autoDraw = False
232.9043 	EXP 	Line1: autoDraw = False
232.9043 	EXP 	Line2: autoDraw = False
232.9043 	EXP 	Line3: autoDraw = False
232.9043 	EXP 	Line4: autoDraw = False
232.9043 	EXP 	Probe: autoDraw = False
232.9043 	EXP 	Fixation: autoDraw = True
232.9885 	EXP 	Device response: <KeyPress from None: t=232.62568910000846, value=c, duration=0.34642970003187656>
233.8877 	EXP 	Line1: autoDraw = True
233.8877 	EXP 	Line2: autoDraw = True
233.8877 	EXP 	Line3: autoDraw = True
233.8877 	EXP 	Line4: autoDraw = True
233.9025 	EXP 	Fixation: autoDraw = False
234.9027 	INFO 	Keyboard events cleared
234.9025 	EXP 	Probe: autoDraw = True
234.9891 	DATA 	Keypress: z
235.0032 	EXP 	Device response: <KeyPress from None: t=234.98767080006655, value=z, duration=None>
235.0038 	EXP 	New trial (rep=24, index=0): <Trial 96 (0 in rep 24) data={'Pos': np.int64(-50), 'corr_resp': 'x', 'thisN': 96, 'thisTrialN': 0, 'thisRepN': 24}>
235.0213 	EXP 	Fixation: autoDraw = False
235.0213 	EXP 	Line1: autoDraw = False
235.0213 	EXP 	Line2: autoDraw = False
235.0213 	EXP 	Line3: autoDraw = False
235.0213 	EXP 	Line4: autoDraw = False
235.0213 	EXP 	Probe: autoDraw = False
235.0213 	EXP 	Fixation: autoDraw = True
235.1215 	EXP 	Device response: <KeyPress from None: t=234.98767080006655, value=z, duration=0.12536780000664294>
236.0041 	EXP 	Line1: autoDraw = True
236.0041 	EXP 	Line2: autoDraw = True
236.0041 	EXP 	Line3: autoDraw = True
236.0041 	EXP 	Line4: autoDraw = True
236.0193 	EXP 	Fixation: autoDraw = False
237.0194 	INFO 	Keyboard events cleared
237.0192 	EXP 	Probe: autoDraw = True
238.6363 	EXP 	Device response: <KeyPress from None: t=238.6249560000142, value=x, duration=None>
238.6368 	EXP 	New trial (rep=24, index=1): <Trial 97 (1 in rep 24) data={'Pos': np.int64(150), 'corr_resp': 'v', 'thisN': 97, 'thisTrialN': 1, 'thisRepN': 24}>
238.6389 	DATA 	Keypress: x
238.6543 	EXP 	Fixation: autoDraw = False
238.6543 	EXP 	Line1: autoDraw = False
238.6543 	EXP 	Line2: autoDraw = False
238.6543 	EXP 	Line3: autoDraw = False
238.6543 	EXP 	Line4: autoDraw = False
238.6543 	EXP 	Probe: autoDraw = False
238.6543 	EXP 	Fixation: autoDraw = True
238.7382 	EXP 	Device response: <KeyPress from None: t=238.6249560000142, value=x, duration=0.10640259995125234>
239.6377 	EXP 	Line1: autoDraw = True
239.6377 	EXP 	Line2: autoDraw = True
239.6377 	EXP 	Line3: autoDraw = True
239.6377 	EXP 	Line4: autoDraw = True
239.6524 	EXP 	Fixation: autoDraw = False
240.6360 	INFO 	Keyboard events cleared
240.6358 	EXP 	Probe: autoDraw = True
241.8388 	DATA 	Keypress: v
241.8526 	EXP 	Device response: <KeyPress from None: t=241.83677659998648, value=v, duration=None>
241.8530 	EXP 	New trial (rep=24, index=2): <Trial 98 (2 in rep 24) data={'Pos': np.int64(50), 'corr_resp': 'c', 'thisN': 98, 'thisTrialN': 2, 'thisRepN': 24}>
241.8711 	EXP 	Fixation: autoDraw = False
241.8711 	EXP 	Line1: autoDraw = False
241.8711 	EXP 	Line2: autoDraw = False
241.8711 	EXP 	Line3: autoDraw = False
241.8711 	EXP 	Line4: autoDraw = False
241.8711 	EXP 	Probe: autoDraw = False
241.8711 	EXP 	Fixation: autoDraw = True
241.9215 	EXP 	Device response: <KeyPress from None: t=241.83677659998648, value=v, duration=0.07121100008953363>
242.8542 	EXP 	Line1: autoDraw = True
242.8542 	EXP 	Line2: autoDraw = True
242.8542 	EXP 	Line3: autoDraw = True
242.8542 	EXP 	Line4: autoDraw = True
242.8690 	EXP 	Fixation: autoDraw = False
243.8525 	INFO 	Keyboard events cleared
243.8524 	EXP 	Probe: autoDraw = True
244.0693 	EXP 	Device response: <KeyPress from None: t=244.06738769996446, value=c, duration=None>
244.0698 	EXP 	New trial (rep=24, index=3): <Trial 99 (3 in rep 24) data={'Pos': np.int64(-150), 'corr_resp': 'z', 'thisN': 99, 'thisTrialN': 3, 'thisRepN': 24}>
244.0716 	DATA 	Keypress: c
244.0874 	EXP 	Fixation: autoDraw = False
244.0874 	EXP 	Line1: autoDraw = False
244.0874 	EXP 	Line2: autoDraw = False
244.0874 	EXP 	Line3: autoDraw = False
244.0874 	EXP 	Line4: autoDraw = False
244.0874 	EXP 	Probe: autoDraw = False
244.0874 	EXP 	Fixation: autoDraw = True
244.1718 	EXP 	Device response: <KeyPress from None: t=232.88148219999857, value=c, duration=11.286229999968782>
245.0710 	EXP 	Line1: autoDraw = True
245.0710 	EXP 	Line2: autoDraw = True
245.0710 	EXP 	Line3: autoDraw = True
245.0710 	EXP 	Line4: autoDraw = True
245.0856 	EXP 	Fixation: autoDraw = False
246.0855 	INFO 	Keyboard events cleared
246.0853 	EXP 	Probe: autoDraw = True
246.1714 	DATA 	Keypress: z
246.1861 	EXP 	Device response: <KeyPress from None: t=246.16949570004363, value=z, duration=None>
246.1951 	EXP 	Imported ConditionsFile.csv as conditions, 4 conditions, 2 params
246.2001 	EXP 	New trial (rep=0, index=0): <Trial 0 (0 in rep 0) data={'Pos': np.int64(150), 'corr_resp': 'v', 'thisN': 0, 'thisTrialN': 0, 'thisRepN': 0}>
246.2069 	EXP 	Fixation: autoDraw = False
246.2069 	EXP 	Line1: autoDraw = False
246.2069 	EXP 	Line2: autoDraw = False
246.2069 	EXP 	Line3: autoDraw = False
246.2069 	EXP 	Line4: autoDraw = False
246.2069 	EXP 	Probe: autoDraw = False
246.2069 	EXP 	Fixation2: autoDraw = True
246.3377 	EXP 	Device response: <KeyPress from None: t=246.16949570004363, value=z, duration=0.16422459995374084>
247.1876 	EXP 	line1: autoDraw = True
247.1876 	EXP 	line2: autoDraw = True
247.1876 	EXP 	line3: autoDraw = True
247.1876 	EXP 	line4: autoDraw = True
247.2188 	EXP 	Fixation2: autoDraw = False
248.1857 	INFO 	Keyboard events cleared
248.1855 	EXP 	probe2: autoDraw = True
249.8194 	EXP 	Device response: <KeyPress from None: t=249.81165439996403, value=v, duration=None>
249.8199 	EXP 	New trial (rep=0, index=1): <Trial 1 (1 in rep 0) data={'Pos': np.int64(50), 'corr_resp': 'c', 'thisN': 1, 'thisTrialN': 1, 'thisRepN': 0}>
249.8220 	DATA 	Keypress: v
249.8371 	EXP 	Fixation2: autoDraw = False
249.8371 	EXP 	line1: autoDraw = False
249.8371 	EXP 	line2: autoDraw = False
249.8371 	EXP 	line3: autoDraw = False
249.8371 	EXP 	line4: autoDraw = False
249.8371 	EXP 	probe2: autoDraw = False
249.8371 	EXP 	Fixation2: autoDraw = True
249.9379 	EXP 	Device response: <KeyPress from None: t=249.81165439996403, value=v, duration=0.1122355000115931>
250.8205 	EXP 	line1: autoDraw = True
250.8205 	EXP 	line2: autoDraw = True
250.8205 	EXP 	line3: autoDraw = True
250.8205 	EXP 	line4: autoDraw = True
250.8354 	EXP 	Fixation2: autoDraw = False
251.8358 	INFO 	Keyboard events cleared
251.8356 	EXP 	probe2: autoDraw = True
252.2219 	DATA 	Keypress: c
252.2361 	EXP 	Device response: <KeyPress from None: t=252.21977319999132, value=c, duration=None>
252.2369 	EXP 	New trial (rep=0, index=2): <Trial 2 (2 in rep 0) data={'Pos': np.int64(-50), 'corr_resp': 'x', 'thisN': 2, 'thisTrialN': 2, 'thisRepN': 0}>
252.2544 	EXP 	Fixation2: autoDraw = False
252.2544 	EXP 	line1: autoDraw = False
252.2544 	EXP 	line2: autoDraw = False
252.2544 	EXP 	line3: autoDraw = False
252.2544 	EXP 	line4: autoDraw = False
252.2544 	EXP 	probe2: autoDraw = False
252.2544 	EXP 	Fixation2: autoDraw = True
252.3712 	EXP 	Device response: <KeyPress from None: t=244.06738769996446, value=c, duration=8.29751030006446>
253.2375 	EXP 	line1: autoDraw = True
253.2375 	EXP 	line2: autoDraw = True
253.2375 	EXP 	line3: autoDraw = True
253.2375 	EXP 	line4: autoDraw = True
253.2520 	EXP 	Fixation2: autoDraw = False
254.2521 	INFO 	Keyboard events cleared
254.2518 	EXP 	probe2: autoDraw = True
254.6063 	DATA 	Keypress: x
254.6188 	EXP 	Device response: <KeyPress from None: t=254.60308550007176, value=x, duration=None>
254.6192 	EXP 	New trial (rep=1, index=3): <Trial 3 (3 in rep 1) data={'Pos': np.int64(50), 'corr_resp': 'c', 'thisN': 3, 'thisTrialN': 3, 'thisRepN': 1}>
254.6370 	EXP 	Fixation2: autoDraw = False
254.6370 	EXP 	line1: autoDraw = False
254.6370 	EXP 	line2: autoDraw = False
254.6370 	EXP 	line3: autoDraw = False
254.6370 	EXP 	line4: autoDraw = False
254.6370 	EXP 	probe2: autoDraw = False
254.6370 	EXP 	Fixation2: autoDraw = True
254.7208 	EXP 	Device response: <KeyPress from None: t=254.60308550007176, value=x, duration=0.10794769995845854>
255.6203 	EXP 	line1: autoDraw = True
255.6203 	EXP 	line2: autoDraw = True
255.6203 	EXP 	line3: autoDraw = True
255.6203 	EXP 	line4: autoDraw = True
255.6351 	EXP 	Fixation2: autoDraw = False
256.6190 	INFO 	Keyboard events cleared
256.6188 	EXP 	probe2: autoDraw = True
257.0880 	DATA 	Keypress: c
257.1025 	EXP 	Device response: <KeyPress from None: t=257.0858076000586, value=c, duration=None>
257.1031 	EXP 	New trial (rep=2, index=4): <Trial 4 (4 in rep 2) data={'Pos': np.int64(50), 'corr_resp': 'c', 'thisN': 4, 'thisTrialN': 4, 'thisRepN': 2}>
257.1205 	EXP 	Fixation2: autoDraw = False
257.1205 	EXP 	line1: autoDraw = False
257.1205 	EXP 	line2: autoDraw = False
257.1205 	EXP 	line3: autoDraw = False
257.1205 	EXP 	line4: autoDraw = False
257.1205 	EXP 	probe2: autoDraw = False
257.1205 	EXP 	Fixation2: autoDraw = True
257.2542 	EXP 	Device response: <KeyPress from None: t=252.21977319999132, value=c, duration=5.022249600035138>
258.1035 	EXP 	line1: autoDraw = True
258.1035 	EXP 	line2: autoDraw = True
258.1035 	EXP 	line3: autoDraw = True
258.1035 	EXP 	line4: autoDraw = True
258.1188 	EXP 	Fixation2: autoDraw = False
259.1188 	INFO 	Keyboard events cleared
259.1186 	EXP 	probe2: autoDraw = True
259.5881 	DATA 	Keypress: c
259.6024 	EXP 	Device response: <KeyPress from None: t=259.5852410000516, value=c, duration=None>
259.6030 	EXP 	New trial (rep=1, index=5): <Trial 5 (5 in rep 1) data={'Pos': np.int64(150), 'corr_resp': 'v', 'thisN': 5, 'thisTrialN': 5, 'thisRepN': 1}>
259.6209 	EXP 	Fixation2: autoDraw = False
259.6209 	EXP 	line1: autoDraw = False
259.6209 	EXP 	line2: autoDraw = False
259.6209 	EXP 	line3: autoDraw = False
259.6209 	EXP 	line4: autoDraw = False
259.6209 	EXP 	probe2: autoDraw = False
259.6209 	EXP 	Fixation2: autoDraw = True
259.7876 	EXP 	Device response: <KeyPress from None: t=257.0858076000586, value=c, duration=2.692211200017482>
260.6037 	EXP 	line1: autoDraw = True
260.6037 	EXP 	line2: autoDraw = True
260.6037 	EXP 	line3: autoDraw = True
260.6037 	EXP 	line4: autoDraw = True
260.6186 	EXP 	Fixation2: autoDraw = False
261.6188 	INFO 	Keyboard events cleared
261.6186 	EXP 	probe2: autoDraw = True
262.2020 	EXP 	Device response: <KeyPress from None: t=262.1888440999901, value=b, duration=None>
262.2025 	EXP 	New trial (rep=2, index=6): <Trial 6 (6 in rep 2) data={'Pos': np.int64(150), 'corr_resp': 'v', 'thisN': 6, 'thisTrialN': 6, 'thisRepN': 2}>
262.2041 	DATA 	Keypress: b
262.2201 	EXP 	Fixation2: autoDraw = False
262.2201 	EXP 	line1: autoDraw = False
262.2201 	EXP 	line2: autoDraw = False
262.2201 	EXP 	line3: autoDraw = False
262.2201 	EXP 	line4: autoDraw = False
262.2201 	EXP 	probe2: autoDraw = False
262.2201 	EXP 	Fixation2: autoDraw = True
262.3043 	EXP 	Device response: <KeyPress from None: t=262.1888440999901, value=b, duration=0.11395730008371174>
263.2037 	EXP 	line1: autoDraw = True
263.2037 	EXP 	line2: autoDraw = True
263.2037 	EXP 	line3: autoDraw = True
263.2037 	EXP 	line4: autoDraw = True
263.2187 	EXP 	Fixation2: autoDraw = False
264.2018 	INFO 	Keyboard events cleared
264.2016 	EXP 	probe2: autoDraw = True
264.9720 	DATA 	Keypress: c
264.9856 	EXP 	Device response: <KeyPress from None: t=264.9713186000008, value=c, duration=None>
264.9863 	EXP 	New trial (rep=3, index=7): <Trial 7 (7 in rep 3) data={'Pos': np.int64(50), 'corr_resp': 'c', 'thisN': 7, 'thisTrialN': 7, 'thisRepN': 3}>
265.0038 	EXP 	Fixation2: autoDraw = False
265.0038 	EXP 	line1: autoDraw = False
265.0038 	EXP 	line2: autoDraw = False
265.0038 	EXP 	line3: autoDraw = False
265.0038 	EXP 	line4: autoDraw = False
265.0038 	EXP 	probe2: autoDraw = False
265.0038 	EXP 	Fixation2: autoDraw = True
265.0707 	EXP 	Device response: <KeyPress from None: t=259.5852410000516, value=c, duration=5.4716007999377325>
265.9866 	EXP 	line1: autoDraw = True
265.9866 	EXP 	line2: autoDraw = True
265.9866 	EXP 	line3: autoDraw = True
265.9866 	EXP 	line4: autoDraw = True
266.0011 	EXP 	Fixation2: autoDraw = False
267.0018 	INFO 	Keyboard events cleared
267.0017 	EXP 	probe2: autoDraw = True
267.6022 	EXP 	Device response: <KeyPress from None: t=267.59921160002705, value=c, duration=None>
267.6027 	EXP 	New trial (rep=1, index=8): <Trial 8 (8 in rep 1) data={'Pos': np.int64(-50), 'corr_resp': 'x', 'thisN': 8, 'thisTrialN': 8, 'thisRepN': 1}>
267.6044 	DATA 	Keypress: c
267.6202 	EXP 	Fixation2: autoDraw = False
267.6202 	EXP 	line1: autoDraw = False
267.6202 	EXP 	line2: autoDraw = False
267.6202 	EXP 	line3: autoDraw = False
267.6202 	EXP 	line4: autoDraw = False
267.6202 	EXP 	probe2: autoDraw = False
267.6202 	EXP 	Fixation2: autoDraw = True
267.7039 	EXP 	Device response: <KeyPress from None: t=264.9713186000008, value=c, duration=2.720232899999246>
268.6033 	EXP 	line1: autoDraw = True
268.6033 	EXP 	line2: autoDraw = True
268.6033 	EXP 	line3: autoDraw = True
268.6033 	EXP 	line4: autoDraw = True
268.6184 	EXP 	Fixation2: autoDraw = False
269.6015 	INFO 	Keyboard events cleared
269.6013 	EXP 	probe2: autoDraw = True
270.3878 	DATA 	Keypress: x
270.4022 	EXP 	Device response: <KeyPress from None: t=270.3862385000102, value=x, duration=None>
270.4028 	EXP 	New trial (rep=2, index=9): <Trial 9 (9 in rep 2) data={'Pos': np.int64(-50), 'corr_resp': 'x', 'thisN': 9, 'thisTrialN': 9, 'thisRepN': 2}>
270.4200 	EXP 	Fixation2: autoDraw = False
270.4200 	EXP 	line1: autoDraw = False
270.4200 	EXP 	line2: autoDraw = False
270.4200 	EXP 	line3: autoDraw = False
270.4200 	EXP 	line4: autoDraw = False
270.4200 	EXP 	probe2: autoDraw = False
270.4200 	EXP 	Fixation2: autoDraw = True
270.4713 	EXP 	Device response: <KeyPress from None: t=270.3862385000102, value=x, duration=0.08337070001289248>
271.4033 	EXP 	line1: autoDraw = True
271.4033 	EXP 	line2: autoDraw = True
271.4033 	EXP 	line3: autoDraw = True
271.4033 	EXP 	line4: autoDraw = True
271.4180 	EXP 	Fixation2: autoDraw = False
272.4180 	INFO 	Keyboard events cleared
272.4179 	EXP 	probe2: autoDraw = True
272.8863 	EXP 	Device response: <KeyPress from None: t=272.8757050000131, value=x, duration=None>
272.8870 	EXP 	New trial (rep=0, index=10): <Trial 10 (10 in rep 0) data={'Pos': np.int64(-150), 'corr_resp': 'z', 'thisN': 10, 'thisTrialN': 10, 'thisRepN': 0}>
272.8890 	DATA 	Keypress: x
272.9036 	EXP 	Fixation2: autoDraw = False
272.9036 	EXP 	line1: autoDraw = False
272.9036 	EXP 	line2: autoDraw = False
272.9036 	EXP 	line3: autoDraw = False
272.9036 	EXP 	line4: autoDraw = False
272.9036 	EXP 	probe2: autoDraw = False
272.9036 	EXP 	Fixation2: autoDraw = True
272.9875 	EXP 	Device response: <KeyPress from None: t=272.8757050000131, value=x, duration=0.10379900003317744>
273.8866 	EXP 	line1: autoDraw = True
273.8866 	EXP 	line2: autoDraw = True
273.8866 	EXP 	line3: autoDraw = True
273.8866 	EXP 	line4: autoDraw = True
273.9013 	EXP 	Fixation2: autoDraw = False
274.9018 	INFO 	Keyboard events cleared
274.9016 	EXP 	probe2: autoDraw = True
275.8847 	EXP 	Device response: <KeyPress from None: t=275.8757773999823, value=z, duration=None>
275.8853 	EXP 	New trial (rep=4, index=11): <Trial 11 (11 in rep 4) data={'Pos': np.int64(50), 'corr_resp': 'c', 'thisN': 11, 'thisTrialN': 11, 'thisRepN': 4}>
275.8867 	DATA 	Keypress: z
275.9030 	EXP 	Fixation2: autoDraw = False
275.9030 	EXP 	line1: autoDraw = False
275.9030 	EXP 	line2: autoDraw = False
275.9030 	EXP 	line3: autoDraw = False
275.9030 	EXP 	line4: autoDraw = False
275.9030 	EXP 	probe2: autoDraw = False
275.9030 	EXP 	Fixation2: autoDraw = True
276.0039 	EXP 	Device response: <KeyPress from None: t=275.8757773999823, value=z, duration=0.11664140003267676>
276.8865 	EXP 	line1: autoDraw = True
276.8865 	EXP 	line2: autoDraw = True
276.8865 	EXP 	line3: autoDraw = True
276.8865 	EXP 	line4: autoDraw = True
276.9011 	EXP 	Fixation2: autoDraw = False
277.8851 	INFO 	Keyboard events cleared
277.8848 	EXP 	probe2: autoDraw = True
278.8348 	EXP 	Device response: <KeyPress from None: t=278.82624369999394, value=c, duration=None>
278.8354 	EXP 	New trial (rep=3, index=12): <Trial 12 (12 in rep 3) data={'Pos': np.int64(-50), 'corr_resp': 'x', 'thisN': 12, 'thisTrialN': 12, 'thisRepN': 3}>
278.8372 	DATA 	Keypress: c
278.8533 	EXP 	Fixation2: autoDraw = False
278.8533 	EXP 	line1: autoDraw = False
278.8533 	EXP 	line2: autoDraw = False
278.8533 	EXP 	line3: autoDraw = False
278.8533 	EXP 	line4: autoDraw = False
278.8533 	EXP 	probe2: autoDraw = False
278.8533 	EXP 	Fixation2: autoDraw = True
278.9205 	EXP 	Device response: <KeyPress from None: t=267.59921160002705, value=c, duration=11.307552100042813>
279.8363 	EXP 	line1: autoDraw = True
279.8363 	EXP 	line2: autoDraw = True
279.8363 	EXP 	line3: autoDraw = True
279.8363 	EXP 	line4: autoDraw = True
279.8512 	EXP 	Fixation2: autoDraw = False
280.8344 	INFO 	Keyboard events cleared
280.8343 	EXP 	probe2: autoDraw = True
281.5723 	DATA 	Keypress: x
281.5852 	EXP 	Device response: <KeyPress from None: t=281.5710670000408, value=x, duration=None>
281.5859 	EXP 	New trial (rep=5, index=13): <Trial 13 (13 in rep 5) data={'Pos': np.int64(50), 'corr_resp': 'c', 'thisN': 13, 'thisTrialN': 13, 'thisRepN': 5}>
281.6032 	EXP 	Fixation2: autoDraw = False
281.6032 	EXP 	line1: autoDraw = False
281.6032 	EXP 	line2: autoDraw = False
281.6032 	EXP 	line3: autoDraw = False
281.6032 	EXP 	line4: autoDraw = False
281.6032 	EXP 	probe2: autoDraw = False
281.6032 	EXP 	Fixation2: autoDraw = True
281.6704 	EXP 	Device response: <KeyPress from None: t=281.5710670000408, value=x, duration=0.08439089998137206>
282.5864 	EXP 	line1: autoDraw = True
282.5864 	EXP 	line2: autoDraw = True
282.5864 	EXP 	line3: autoDraw = True
282.5864 	EXP 	line4: autoDraw = True
282.6014 	EXP 	Fixation2: autoDraw = False
283.6013 	INFO 	Keyboard events cleared
283.6011 	EXP 	probe2: autoDraw = True
284.3351 	EXP 	Device response: <KeyPress from None: t=284.3246602000436, value=c, duration=None>
284.3357 	EXP 	New trial (rep=4, index=14): <Trial 14 (14 in rep 4) data={'Pos': np.int64(-50), 'corr_resp': 'x', 'thisN': 14, 'thisTrialN': 14, 'thisRepN': 4}>
284.3374 	DATA 	Keypress: c
284.3530 	EXP 	Fixation2: autoDraw = False
284.3530 	EXP 	line1: autoDraw = False
284.3530 	EXP 	line2: autoDraw = False
284.3530 	EXP 	line3: autoDraw = False
284.3530 	EXP 	line4: autoDraw = False
284.3530 	EXP 	probe2: autoDraw = False
284.3530 	EXP 	Fixation2: autoDraw = True
284.4874 	EXP 	Device response: <KeyPress from None: t=278.82624369999394, value=c, duration=5.652739900047891>
285.3366 	EXP 	line1: autoDraw = True
285.3366 	EXP 	line2: autoDraw = True
285.3366 	EXP 	line3: autoDraw = True
285.3366 	EXP 	line4: autoDraw = True
285.3512 	EXP 	Fixation2: autoDraw = False
286.3506 	INFO 	Keyboard events cleared
286.3505 	EXP 	probe2: autoDraw = True
286.5681 	EXP 	Device response: <KeyPress from None: t=286.56752769998275, value=v, duration=None>
286.5687 	EXP 	New trial (rep=5, index=15): <Trial 15 (15 in rep 5) data={'Pos': np.int64(-50), 'corr_resp': 'x', 'thisN': 15, 'thisTrialN': 15, 'thisRepN': 5}>
286.5704 	DATA 	Keypress: v
286.6001 	EXP 	Fixation2: autoDraw = False
286.6001 	EXP 	line1: autoDraw = False
286.6001 	EXP 	line2: autoDraw = False
286.6001 	EXP 	line3: autoDraw = False
286.6001 	EXP 	line4: autoDraw = False
286.6001 	EXP 	probe2: autoDraw = False
286.6001 	EXP 	Fixation2: autoDraw = True
286.7038 	EXP 	Device response: <KeyPress from None: t=286.56752769998275, value=v, duration=0.13068509998265654>
287.5697 	EXP 	line1: autoDraw = True
287.5697 	EXP 	line2: autoDraw = True
287.5697 	EXP 	line3: autoDraw = True
287.5697 	EXP 	line4: autoDraw = True
287.6012 	EXP 	Fixation2: autoDraw = False
288.5679 	INFO 	Keyboard events cleared
288.5678 	EXP 	probe2: autoDraw = True
289.2850 	EXP 	Device response: <KeyPress from None: t=289.281077099964, value=x, duration=None>
289.2855 	EXP 	New trial (rep=6, index=16): <Trial 16 (16 in rep 6) data={'Pos': np.int64(-50), 'corr_resp': 'x', 'thisN': 16, 'thisTrialN': 16, 'thisRepN': 6}>
289.2872 	DATA 	Keypress: x
289.3031 	EXP 	Fixation2: autoDraw = False
289.3031 	EXP 	line1: autoDraw = False
289.3031 	EXP 	line2: autoDraw = False
289.3031 	EXP 	line3: autoDraw = False
289.3031 	EXP 	line4: autoDraw = False
289.3031 	EXP 	probe2: autoDraw = False
289.3031 	EXP 	Fixation2: autoDraw = True
289.4537 	EXP 	Device response: <KeyPress from None: t=289.281077099964, value=x, duration=0.16539090010337532>
290.2861 	EXP 	line1: autoDraw = True
290.2861 	EXP 	line2: autoDraw = True
290.2861 	EXP 	line3: autoDraw = True
290.2861 	EXP 	line4: autoDraw = True
290.3010 	EXP 	Fixation2: autoDraw = False
291.3010 	INFO 	Keyboard events cleared
291.3008 	EXP 	probe2: autoDraw = True
291.7180 	EXP 	Device response: <KeyPress from None: t=291.71736030001193, value=c, duration=None>
291.7186 	EXP 	New trial (rep=1, index=17): <Trial 17 (17 in rep 1) data={'Pos': np.int64(-150), 'corr_resp': 'z', 'thisN': 17, 'thisTrialN': 17, 'thisRepN': 1}>
291.7206 	DATA 	Keypress: c
291.7360 	EXP 	Fixation2: autoDraw = False
291.7360 	EXP 	line1: autoDraw = False
291.7360 	EXP 	line2: autoDraw = False
291.7360 	EXP 	line3: autoDraw = False
291.7360 	EXP 	line4: autoDraw = False
291.7360 	EXP 	probe2: autoDraw = False
291.7360 	EXP 	Fixation2: autoDraw = True
291.8703 	EXP 	Device response: <KeyPress from None: t=284.3246602000436, value=c, duration=7.544841199996881>
292.7193 	EXP 	line1: autoDraw = True
292.7193 	EXP 	line2: autoDraw = True
292.7193 	EXP 	line3: autoDraw = True
292.7193 	EXP 	line4: autoDraw = True
292.7343 	EXP 	Fixation2: autoDraw = False
293.7179 	INFO 	Keyboard events cleared
293.7176 	EXP 	probe2: autoDraw = True
294.2541 	DATA 	Keypress: z
294.2681 	EXP 	Device response: <KeyPress from None: t=294.251672900049, value=z, duration=None>
294.2686 	EXP 	New trial (rep=2, index=18): <Trial 18 (18 in rep 2) data={'Pos': np.int64(-150), 'corr_resp': 'z', 'thisN': 18, 'thisTrialN': 18, 'thisRepN': 2}>
294.2860 	EXP 	Fixation2: autoDraw = False
294.2860 	EXP 	line1: autoDraw = False
294.2860 	EXP 	line2: autoDraw = False
294.2860 	EXP 	line3: autoDraw = False
294.2860 	EXP 	line4: autoDraw = False
294.2860 	EXP 	probe2: autoDraw = False
294.2860 	EXP 	Fixation2: autoDraw = True
294.4703 	EXP 	Device response: <KeyPress from None: t=294.251672900049, value=z, duration=0.21133239998016506>
295.2693 	EXP 	line1: autoDraw = True
295.2693 	EXP 	line2: autoDraw = True
295.2693 	EXP 	line3: autoDraw = True
295.2693 	EXP 	line4: autoDraw = True
295.2843 	EXP 	Fixation2: autoDraw = False
296.2678 	INFO 	Keyboard events cleared
296.2676 	EXP 	probe2: autoDraw = True
297.6513 	EXP 	Device response: <KeyPress from None: t=297.64368850004394, value=z, duration=None>
297.6518 	EXP 	New trial (rep=3, index=19): <Trial 19 (19 in rep 3) data={'Pos': np.int64(150), 'corr_resp': 'v', 'thisN': 19, 'thisTrialN': 19, 'thisRepN': 3}>
297.6536 	DATA 	Keypress: z
297.6698 	EXP 	Fixation2: autoDraw = False
297.6698 	EXP 	line1: autoDraw = False
297.6698 	EXP 	line2: autoDraw = False
297.6698 	EXP 	line3: autoDraw = False
297.6698 	EXP 	line4: autoDraw = False
297.6698 	EXP 	probe2: autoDraw = False
297.6698 	EXP 	Fixation2: autoDraw = True
297.8031 	EXP 	Device response: <KeyPress from None: t=297.64368850004394, value=z, duration=0.1472070999443531>
298.6526 	EXP 	line1: autoDraw = True
298.6526 	EXP 	line2: autoDraw = True
298.6526 	EXP 	line3: autoDraw = True
298.6526 	EXP 	line4: autoDraw = True
298.6672 	EXP 	Fixation2: autoDraw = False
299.6509 	INFO 	Keyboard events cleared
299.6507 	EXP 	probe2: autoDraw = True
300.2012 	EXP 	Device response: <KeyPress from None: t=300.1874622000614, value=v, duration=None>
300.2017 	EXP 	New trial (rep=3, index=20): <Trial 20 (20 in rep 3) data={'Pos': np.int64(-150), 'corr_resp': 'z', 'thisN': 20, 'thisTrialN': 20, 'thisRepN': 3}>
300.2033 	DATA 	Keypress: v
300.2193 	EXP 	Fixation2: autoDraw = False
300.2193 	EXP 	line1: autoDraw = False
300.2193 	EXP 	line2: autoDraw = False
300.2193 	EXP 	line3: autoDraw = False
300.2193 	EXP 	line4: autoDraw = False
300.2193 	EXP 	probe2: autoDraw = False
300.2193 	EXP 	Fixation2: autoDraw = True
300.3036 	EXP 	Device response: <KeyPress from None: t=300.1874622000614, value=v, duration=0.10009520000312477>
301.2026 	EXP 	line1: autoDraw = True
301.2026 	EXP 	line2: autoDraw = True
301.2026 	EXP 	line3: autoDraw = True
301.2026 	EXP 	line4: autoDraw = True
301.2176 	EXP 	Fixation2: autoDraw = False
302.2008 	INFO 	Keyboard events cleared
302.2006 	EXP 	probe2: autoDraw = True
302.7347 	EXP 	Device response: <KeyPress from None: t=302.73176540003624, value=z, duration=None>
302.7353 	EXP 	New trial (rep=7, index=21): <Trial 21 (21 in rep 7) data={'Pos': np.int64(-50), 'corr_resp': 'x', 'thisN': 21, 'thisTrialN': 21, 'thisRepN': 7}>
302.7371 	DATA 	Keypress: z
302.7525 	EXP 	Fixation2: autoDraw = False
302.7525 	EXP 	line1: autoDraw = False
302.7525 	EXP 	line2: autoDraw = False
302.7525 	EXP 	line3: autoDraw = False
302.7525 	EXP 	line4: autoDraw = False
302.7525 	EXP 	probe2: autoDraw = False
302.7525 	EXP 	Fixation2: autoDraw = True
302.8530 	EXP 	Device response: <KeyPress from None: t=302.73176540003624, value=z, duration=0.11155999999027699>
303.7359 	EXP 	line1: autoDraw = True
303.7359 	EXP 	line2: autoDraw = True
303.7359 	EXP 	line3: autoDraw = True
303.7359 	EXP 	line4: autoDraw = True
303.7506 	EXP 	Fixation2: autoDraw = False
304.7506 	INFO 	Keyboard events cleared
304.7504 	EXP 	probe2: autoDraw = True
305.4531 	DATA 	Keypress: c
305.4678 	EXP 	Device response: <KeyPress from None: t=305.45212050003465, value=c, duration=None>
305.4683 	EXP 	New trial (rep=4, index=22): <Trial 22 (22 in rep 4) data={'Pos': np.int64(-150), 'corr_resp': 'z', 'thisN': 22, 'thisTrialN': 22, 'thisRepN': 4}>
305.4858 	EXP 	Fixation2: autoDraw = False
305.4858 	EXP 	line1: autoDraw = False
305.4858 	EXP 	line2: autoDraw = False
305.4858 	EXP 	line3: autoDraw = False
305.4858 	EXP 	line4: autoDraw = False
305.4858 	EXP 	probe2: autoDraw = False
305.4858 	EXP 	Fixation2: autoDraw = True
305.5197 	EXP 	Device response: <KeyPress from None: t=305.50971740006935, value=x, duration=None>
305.5211 	DATA 	Keypress: x
305.5697 	EXP 	Device response: <KeyPress from None: t=291.71736030001193, value=c, duration=13.838542100042105>
305.6699 	EXP 	Device response: <KeyPress from None: t=305.50971740006935, value=x, duration=0.14473519998136908>
306.4692 	EXP 	line1: autoDraw = True
306.4692 	EXP 	line2: autoDraw = True
306.4692 	EXP 	line3: autoDraw = True
306.4692 	EXP 	line4: autoDraw = True
306.4839 	EXP 	Fixation2: autoDraw = False
307.4675 	INFO 	Keyboard events cleared
307.4673 	EXP 	probe2: autoDraw = True
308.1346 	EXP 	Device response: <KeyPress from None: t=308.12687020003796, value=z, duration=None>
308.1352 	EXP 	New trial (rep=4, index=23): <Trial 23 (23 in rep 4) data={'Pos': np.int64(150), 'corr_resp': 'v', 'thisN': 23, 'thisTrialN': 23, 'thisRepN': 4}>
308.1374 	DATA 	Keypress: z
308.1523 	EXP 	Fixation2: autoDraw = False
308.1523 	EXP 	line1: autoDraw = False
308.1523 	EXP 	line2: autoDraw = False
308.1523 	EXP 	line3: autoDraw = False
308.1523 	EXP 	line4: autoDraw = False
308.1523 	EXP 	probe2: autoDraw = False
308.1523 	EXP 	Fixation2: autoDraw = True
308.3200 	EXP 	Device response: <KeyPress from None: t=308.12687020003796, value=z, duration=0.18116609996650368>
309.1358 	EXP 	line1: autoDraw = True
309.1358 	EXP 	line2: autoDraw = True
309.1358 	EXP 	line3: autoDraw = True
309.1358 	EXP 	line4: autoDraw = True
309.1506 	EXP 	Fixation2: autoDraw = False
310.1508 	INFO 	Keyboard events cleared
310.1506 	EXP 	probe2: autoDraw = True
310.7344 	EXP 	Device response: <KeyPress from None: t=310.7249664000701, value=v, duration=None>
310.7349 	EXP 	New trial (rep=8, index=24): <Trial 24 (24 in rep 8) data={'Pos': np.int64(-50), 'corr_resp': 'x', 'thisN': 24, 'thisTrialN': 24, 'thisRepN': 8}>
310.7367 	DATA 	Keypress: v
310.7523 	EXP 	Fixation2: autoDraw = False
310.7523 	EXP 	line1: autoDraw = False
310.7523 	EXP 	line2: autoDraw = False
310.7523 	EXP 	line3: autoDraw = False
310.7523 	EXP 	line4: autoDraw = False
310.7523 	EXP 	probe2: autoDraw = False
310.7523 	EXP 	Fixation2: autoDraw = True
310.8693 	EXP 	Device response: <KeyPress from None: t=310.7249664000701, value=v, duration=0.13446359999943525>
311.7359 	EXP 	line1: autoDraw = True
311.7359 	EXP 	line2: autoDraw = True
311.7359 	EXP 	line3: autoDraw = True
311.7359 	EXP 	line4: autoDraw = True
311.7502 	EXP 	Fixation2: autoDraw = False
312.7340 	INFO 	Keyboard events cleared
312.7338 	EXP 	probe2: autoDraw = True
313.5511 	EXP 	Device response: <KeyPress from None: t=313.5420676000649, value=x, duration=None>
313.5517 	EXP 	New trial (rep=5, index=25): <Trial 25 (25 in rep 5) data={'Pos': np.int64(-150), 'corr_resp': 'z', 'thisN': 25, 'thisTrialN': 25, 'thisRepN': 5}>
313.5535 	DATA 	Keypress: x
313.5687 	EXP 	Fixation2: autoDraw = False
313.5687 	EXP 	line1: autoDraw = False
313.5687 	EXP 	line2: autoDraw = False
313.5687 	EXP 	line3: autoDraw = False
313.5687 	EXP 	line4: autoDraw = False
313.5687 	EXP 	probe2: autoDraw = False
313.5687 	EXP 	Fixation2: autoDraw = True
313.6694 	EXP 	Device response: <KeyPress from None: t=313.5420676000649, value=x, duration=0.11180399998556823>
314.5521 	EXP 	line1: autoDraw = True
314.5521 	EXP 	line2: autoDraw = True
314.5521 	EXP 	line3: autoDraw = True
314.5521 	EXP 	line4: autoDraw = True
314.5672 	EXP 	Fixation2: autoDraw = False
315.5671 	INFO 	Keyboard events cleared
315.5669 	EXP 	probe2: autoDraw = True
315.9676 	EXP 	Device response: <KeyPress from None: t=315.9580735999625, value=z, duration=None>
315.9681 	EXP 	New trial (rep=5, index=26): <Trial 26 (26 in rep 5) data={'Pos': np.int64(150), 'corr_resp': 'v', 'thisN': 26, 'thisTrialN': 26, 'thisRepN': 5}>
315.9704 	DATA 	Keypress: z
315.9857 	EXP 	Fixation2: autoDraw = False
315.9857 	EXP 	line1: autoDraw = False
315.9857 	EXP 	line2: autoDraw = False
315.9857 	EXP 	line3: autoDraw = False
315.9857 	EXP 	line4: autoDraw = False
315.9857 	EXP 	probe2: autoDraw = False
315.9857 	EXP 	Fixation2: autoDraw = True
316.2362 	EXP 	Device response: <KeyPress from None: t=315.9580735999625, value=z, duration=0.2653286000713706>
316.9688 	EXP 	line1: autoDraw = True
316.9688 	EXP 	line2: autoDraw = True
316.9688 	EXP 	line3: autoDraw = True
316.9688 	EXP 	line4: autoDraw = True
316.9838 	EXP 	Fixation2: autoDraw = False
317.9672 	INFO 	Keyboard events cleared
317.9670 	EXP 	probe2: autoDraw = True
318.4863 	DATA 	Keypress: c
318.5008 	EXP 	Device response: <KeyPress from None: t=318.484631099971, value=c, duration=None>
318.5013 	EXP 	New trial (rep=6, index=27): <Trial 27 (27 in rep 6) data={'Pos': np.int64(150), 'corr_resp': 'v', 'thisN': 27, 'thisTrialN': 27, 'thisRepN': 6}>
318.5189 	EXP 	Fixation2: autoDraw = False
318.5189 	EXP 	line1: autoDraw = False
318.5189 	EXP 	line2: autoDraw = False
318.5189 	EXP 	line3: autoDraw = False
318.5189 	EXP 	line4: autoDraw = False
318.5189 	EXP 	probe2: autoDraw = False
318.5189 	EXP 	Fixation2: autoDraw = True
318.6197 	EXP 	Device response: <KeyPress from None: t=305.45212050003465, value=c, duration=13.165413000038825>
319.5024 	EXP 	line1: autoDraw = True
319.5024 	EXP 	line2: autoDraw = True
319.5024 	EXP 	line3: autoDraw = True
319.5024 	EXP 	line4: autoDraw = True
319.5167 	EXP 	Fixation2: autoDraw = False
320.5005 	INFO 	Keyboard events cleared
320.5003 	EXP 	probe2: autoDraw = True
320.9672 	EXP 	Device response: <KeyPress from None: t=320.9664484000532, value=v, duration=None>
320.9677 	EXP 	New trial (rep=9, index=28): <Trial 28 (28 in rep 9) data={'Pos': np.int64(-50), 'corr_resp': 'x', 'thisN': 28, 'thisTrialN': 28, 'thisRepN': 9}>
320.9694 	DATA 	Keypress: v
320.9852 	EXP 	Fixation2: autoDraw = False
320.9852 	EXP 	line1: autoDraw = False
320.9852 	EXP 	line2: autoDraw = False
320.9852 	EXP 	line3: autoDraw = False
320.9852 	EXP 	line4: autoDraw = False
320.9852 	EXP 	probe2: autoDraw = False
320.9852 	EXP 	Fixation2: autoDraw = True
321.0859 	EXP 	Device response: <KeyPress from None: t=320.9664484000532, value=v, duration=0.10350379999727011>
321.9684 	EXP 	line1: autoDraw = True
321.9684 	EXP 	line2: autoDraw = True
321.9684 	EXP 	line3: autoDraw = True
321.9684 	EXP 	line4: autoDraw = True
321.9837 	EXP 	Fixation2: autoDraw = False
322.9672 	INFO 	Keyboard events cleared
322.9669 	EXP 	probe2: autoDraw = True
323.7673 	EXP 	Device response: <KeyPress from None: t=323.75559050007723, value=c, duration=None>
323.7678 	EXP 	New trial (rep=6, index=29): <Trial 29 (29 in rep 6) data={'Pos': np.int64(-150), 'corr_resp': 'z', 'thisN': 29, 'thisTrialN': 29, 'thisRepN': 6}>
323.7700 	DATA 	Keypress: c
323.7856 	EXP 	Fixation2: autoDraw = False
323.7856 	EXP 	line1: autoDraw = False
323.7856 	EXP 	line2: autoDraw = False
323.7856 	EXP 	line3: autoDraw = False
323.7856 	EXP 	line4: autoDraw = False
323.7856 	EXP 	probe2: autoDraw = False
323.7856 	EXP 	Fixation2: autoDraw = True
323.8193 	EXP 	Device response: <KeyPress from None: t=318.484631099971, value=c, duration=5.328883600072004>
324.7687 	EXP 	line1: autoDraw = True
324.7687 	EXP 	line2: autoDraw = True
324.7687 	EXP 	line3: autoDraw = True
324.7687 	EXP 	line4: autoDraw = True
324.7835 	EXP 	Fixation2: autoDraw = False
325.7672 	INFO 	Keyboard events cleared
325.7669 	EXP 	probe2: autoDraw = True
326.2864 	DATA 	Keypress: z
326.3005 	EXP 	Device response: <KeyPress from None: t=326.2852799000684, value=z, duration=None>
326.3010 	EXP 	New trial (rep=7, index=30): <Trial 30 (30 in rep 7) data={'Pos': np.int64(150), 'corr_resp': 'v', 'thisN': 30, 'thisTrialN': 30, 'thisRepN': 7}>
326.3185 	EXP 	Fixation2: autoDraw = False
326.3185 	EXP 	line1: autoDraw = False
326.3185 	EXP 	line2: autoDraw = False
326.3185 	EXP 	line3: autoDraw = False
326.3185 	EXP 	line4: autoDraw = False
326.3185 	EXP 	probe2: autoDraw = False
326.3185 	EXP 	Fixation2: autoDraw = True
326.4023 	EXP 	Device response: <KeyPress from None: t=326.2852799000684, value=z, duration=0.11003419989719987>
327.3016 	EXP 	line1: autoDraw = True
327.3016 	EXP 	line2: autoDraw = True
327.3016 	EXP 	line3: autoDraw = True
327.3016 	EXP 	line4: autoDraw = True
327.3168 	EXP 	Fixation2: autoDraw = False
328.3004 	INFO 	Keyboard events cleared
328.3002 	EXP 	probe2: autoDraw = True
328.9670 	EXP 	Device response: <KeyPress from None: t=328.959612900042, value=v, duration=None>
328.9675 	EXP 	New trial (rep=10, index=31): <Trial 31 (31 in rep 10) data={'Pos': np.int64(-50), 'corr_resp': 'x', 'thisN': 31, 'thisTrialN': 31, 'thisRepN': 10}>
328.9693 	DATA 	Keypress: v
328.9856 	EXP 	Fixation2: autoDraw = False
328.9856 	EXP 	line1: autoDraw = False
328.9856 	EXP 	line2: autoDraw = False
328.9856 	EXP 	line3: autoDraw = False
328.9856 	EXP 	line4: autoDraw = False
328.9856 	EXP 	probe2: autoDraw = False
328.9856 	EXP 	Fixation2: autoDraw = True
329.0698 	EXP 	Device response: <KeyPress from None: t=328.959612900042, value=v, duration=0.1092308999504894>
329.9686 	EXP 	line1: autoDraw = True
329.9686 	EXP 	line2: autoDraw = True
329.9686 	EXP 	line3: autoDraw = True
329.9686 	EXP 	line4: autoDraw = True
329.9832 	EXP 	Fixation2: autoDraw = False
330.9667 	INFO 	Keyboard events cleared
330.9665 	EXP 	probe2: autoDraw = True
331.4506 	EXP 	Device response: <KeyPress from None: t=331.4377209000522, value=x, duration=None>
331.4511 	EXP 	New trial (rep=6, index=32): <Trial 32 (32 in rep 6) data={'Pos': np.int64(50), 'corr_resp': 'c', 'thisN': 32, 'thisTrialN': 32, 'thisRepN': 6}>
331.4528 	DATA 	Keypress: x
331.4686 	EXP 	Fixation2: autoDraw = False
331.4686 	EXP 	line1: autoDraw = False
331.4686 	EXP 	line2: autoDraw = False
331.4686 	EXP 	line3: autoDraw = False
331.4686 	EXP 	line4: autoDraw = False
331.4686 	EXP 	probe2: autoDraw = False
331.4686 	EXP 	Fixation2: autoDraw = True
331.5356 	EXP 	Device response: <KeyPress from None: t=331.4377209000522, value=x, duration=0.09017500001937151>
332.4517 	EXP 	line1: autoDraw = True
332.4517 	EXP 	line2: autoDraw = True
332.4517 	EXP 	line3: autoDraw = True
332.4517 	EXP 	line4: autoDraw = True
332.4667 	EXP 	Fixation2: autoDraw = False
333.4665 	INFO 	Keyboard events cleared
333.4664 	EXP 	probe2: autoDraw = True
334.0526 	DATA 	Keypress: c
334.0668 	EXP 	Device response: <KeyPress from None: t=334.0513895000331, value=c, duration=None>
334.0673 	EXP 	New trial (rep=8, index=33): <Trial 33 (33 in rep 8) data={'Pos': np.int64(150), 'corr_resp': 'v', 'thisN': 33, 'thisTrialN': 33, 'thisRepN': 8}>
334.0852 	EXP 	Fixation2: autoDraw = False
334.0852 	EXP 	line1: autoDraw = False
334.0852 	EXP 	line2: autoDraw = False
334.0852 	EXP 	line3: autoDraw = False
334.0852 	EXP 	line4: autoDraw = False
334.0852 	EXP 	probe2: autoDraw = False
334.0852 	EXP 	Fixation2: autoDraw = True
334.1689 	EXP 	Device response: <KeyPress from None: t=323.75559050007723, value=c, duration=10.402755199931562>
335.0685 	EXP 	line1: autoDraw = True
335.0685 	EXP 	line2: autoDraw = True
335.0685 	EXP 	line3: autoDraw = True
335.0685 	EXP 	line4: autoDraw = True
335.0829 	EXP 	Fixation2: autoDraw = False
336.0668 	INFO 	Keyboard events cleared
336.0666 	EXP 	probe2: autoDraw = True
336.5003 	EXP 	Device response: <KeyPress from None: t=336.48764940002, value=v, duration=None>
336.5008 	EXP 	New trial (rep=7, index=34): <Trial 34 (34 in rep 7) data={'Pos': np.int64(-150), 'corr_resp': 'z', 'thisN': 34, 'thisTrialN': 34, 'thisRepN': 7}>
336.5026 	DATA 	Keypress: v
336.5183 	EXP 	Fixation2: autoDraw = False
336.5183 	EXP 	line1: autoDraw = False
336.5183 	EXP 	line2: autoDraw = False
336.5183 	EXP 	line3: autoDraw = False
336.5183 	EXP 	line4: autoDraw = False
336.5183 	EXP 	probe2: autoDraw = False
336.5183 	EXP 	Fixation2: autoDraw = True
336.6354 	EXP 	Device response: <KeyPress from None: t=336.48764940002, value=v, duration=0.13070320000406355>
337.5014 	EXP 	line1: autoDraw = True
337.5014 	EXP 	line2: autoDraw = True
337.5014 	EXP 	line3: autoDraw = True
337.5014 	EXP 	line4: autoDraw = True
337.5163 	EXP 	Fixation2: autoDraw = False
338.4999 	INFO 	Keyboard events cleared
338.4997 	EXP 	probe2: autoDraw = True
341.2334 	EXP 	Device response: <KeyPress from None: t=341.22045899997465, value=z, duration=None>
341.2339 	EXP 	New trial (rep=11, index=35): <Trial 35 (35 in rep 11) data={'Pos': np.int64(-50), 'corr_resp': 'x', 'thisN': 35, 'thisTrialN': 35, 'thisRepN': 11}>
341.2363 	DATA 	Keypress: z
341.2513 	EXP 	Fixation2: autoDraw = False
341.2513 	EXP 	line1: autoDraw = False
341.2513 	EXP 	line2: autoDraw = False
341.2513 	EXP 	line3: autoDraw = False
341.2513 	EXP 	line4: autoDraw = False
341.2513 	EXP 	probe2: autoDraw = False
341.2513 	EXP 	Fixation2: autoDraw = True
341.3853 	EXP 	Device response: <KeyPress from None: t=341.22045899997465, value=z, duration=0.15991040004882962>
342.2348 	EXP 	line1: autoDraw = True
342.2348 	EXP 	line2: autoDraw = True
342.2348 	EXP 	line3: autoDraw = True
342.2348 	EXP 	line4: autoDraw = True
342.2492 	EXP 	Fixation2: autoDraw = False
343.2331 	INFO 	Keyboard events cleared
343.2329 	EXP 	probe2: autoDraw = True
343.9170 	EXP 	Device response: <KeyPress from None: t=343.9047734000487, value=x, duration=None>
343.9176 	EXP 	New trial (rep=12, index=36): <Trial 36 (36 in rep 12) data={'Pos': np.int64(-50), 'corr_resp': 'x', 'thisN': 36, 'thisTrialN': 36, 'thisRepN': 12}>
343.9193 	DATA 	Keypress: x
343.9349 	EXP 	Fixation2: autoDraw = False
343.9349 	EXP 	line1: autoDraw = False
343.9349 	EXP 	line2: autoDraw = False
343.9349 	EXP 	line3: autoDraw = False
343.9349 	EXP 	line4: autoDraw = False
343.9349 	EXP 	probe2: autoDraw = False
343.9349 	EXP 	Fixation2: autoDraw = True
344.0520 	EXP 	Device response: <KeyPress from None: t=343.9047734000487, value=x, duration=0.14258129999507219>
344.9181 	EXP 	line1: autoDraw = True
344.9181 	EXP 	line2: autoDraw = True
344.9181 	EXP 	line3: autoDraw = True
344.9181 	EXP 	line4: autoDraw = True
344.9328 	EXP 	Fixation2: autoDraw = False
345.9330 	INFO 	Keyboard events cleared
345.9329 	EXP 	probe2: autoDraw = True
346.8168 	EXP 	Device response: <KeyPress from None: t=346.80736360000446, value=c, duration=None>
346.8174 	EXP 	New trial (rep=13, index=37): <Trial 37 (37 in rep 13) data={'Pos': np.int64(-50), 'corr_resp': 'x', 'thisN': 37, 'thisTrialN': 37, 'thisRepN': 13}>
346.8192 	DATA 	Keypress: c
346.8348 	EXP 	Fixation2: autoDraw = False
346.8348 	EXP 	line1: autoDraw = False
346.8348 	EXP 	line2: autoDraw = False
346.8348 	EXP 	line3: autoDraw = False
346.8348 	EXP 	line4: autoDraw = False
346.8348 	EXP 	probe2: autoDraw = False
346.8348 	EXP 	Fixation2: autoDraw = True
346.9018 	EXP 	Device response: <KeyPress from None: t=334.0513895000331, value=c, duration=12.835637799929827>
347.8180 	EXP 	line1: autoDraw = True
347.8180 	EXP 	line2: autoDraw = True
347.8180 	EXP 	line3: autoDraw = True
347.8180 	EXP 	line4: autoDraw = True
347.8329 	EXP 	Fixation2: autoDraw = False
348.8331 	INFO 	Keyboard events cleared
348.8329 	EXP 	probe2: autoDraw = True
349.5862 	DATA 	Keypress: x
349.6002 	EXP 	Device response: <KeyPress from None: t=349.58454409998376, value=x, duration=None>
349.6007 	EXP 	New trial (rep=14, index=38): <Trial 38 (38 in rep 14) data={'Pos': np.int64(-50), 'corr_resp': 'x', 'thisN': 38, 'thisTrialN': 38, 'thisRepN': 14}>
349.6181 	EXP 	Fixation2: autoDraw = False
349.6181 	EXP 	line1: autoDraw = False
349.6181 	EXP 	line2: autoDraw = False
349.6181 	EXP 	line3: autoDraw = False
349.6181 	EXP 	line4: autoDraw = False
349.6181 	EXP 	probe2: autoDraw = False
349.6181 	EXP 	Fixation2: autoDraw = True
349.6854 	EXP 	Device response: <KeyPress from None: t=349.58454409998376, value=x, duration=0.08414290007203817>
350.6010 	EXP 	line1: autoDraw = True
350.6010 	EXP 	line2: autoDraw = True
350.6010 	EXP 	line3: autoDraw = True
350.6010 	EXP 	line4: autoDraw = True
350.6160 	EXP 	Fixation2: autoDraw = False
351.6165 	INFO 	Keyboard events cleared
351.6163 	EXP 	probe2: autoDraw = True
352.1190 	DATA 	Keypress: x
352.1331 	EXP 	Device response: <KeyPress from None: t=352.11705440003425, value=x, duration=None>
352.1337 	EXP 	New trial (rep=7, index=39): <Trial 39 (39 in rep 7) data={'Pos': np.int64(50), 'corr_resp': 'c', 'thisN': 39, 'thisTrialN': 39, 'thisRepN': 7}>
352.1515 	EXP 	Fixation2: autoDraw = False
352.1515 	EXP 	line1: autoDraw = False
352.1515 	EXP 	line2: autoDraw = False
352.1515 	EXP 	line3: autoDraw = False
352.1515 	EXP 	line4: autoDraw = False
352.1515 	EXP 	probe2: autoDraw = False
352.1515 	EXP 	Fixation2: autoDraw = True
352.2351 	EXP 	Device response: <KeyPress from None: t=352.11705440003425, value=x, duration=0.10408499999903142>
353.1346 	EXP 	line1: autoDraw = True
353.1346 	EXP 	line2: autoDraw = True
353.1346 	EXP 	line3: autoDraw = True
353.1346 	EXP 	line4: autoDraw = True
353.1495 	EXP 	Fixation2: autoDraw = False
354.1493 	INFO 	Keyboard events cleared
354.1492 	EXP 	probe2: autoDraw = True
354.9667 	EXP 	Device response: <KeyPress from None: t=354.95941810007207, value=c, duration=None>
354.9672 	EXP 	New trial (rep=8, index=40): <Trial 40 (40 in rep 8) data={'Pos': np.int64(50), 'corr_resp': 'c', 'thisN': 40, 'thisTrialN': 40, 'thisRepN': 8}>
354.9689 	DATA 	Keypress: c
354.9845 	EXP 	Fixation2: autoDraw = False
354.9845 	EXP 	line1: autoDraw = False
354.9845 	EXP 	line2: autoDraw = False
354.9845 	EXP 	line3: autoDraw = False
354.9845 	EXP 	line4: autoDraw = False
354.9845 	EXP 	probe2: autoDraw = False
354.9845 	EXP 	Fixation2: autoDraw = True
355.0186 	EXP 	Device response: <KeyPress from None: t=346.80736360000446, value=c, duration=8.198760300059803>
355.9679 	EXP 	line1: autoDraw = True
355.9679 	EXP 	line2: autoDraw = True
355.9679 	EXP 	line3: autoDraw = True
355.9679 	EXP 	line4: autoDraw = True
355.9827 	EXP 	Fixation2: autoDraw = False
356.9827 	INFO 	Keyboard events cleared
356.9825 	EXP 	probe2: autoDraw = True
357.7356 	DATA 	Keypress: c
357.7500 	EXP 	Device response: <KeyPress from None: t=357.7332904000068, value=c, duration=None>
357.7507 	EXP 	New trial (rep=15, index=41): <Trial 41 (41 in rep 15) data={'Pos': np.int64(-50), 'corr_resp': 'x', 'thisN': 41, 'thisTrialN': 41, 'thisRepN': 15}>
357.7678 	EXP 	Fixation2: autoDraw = False
357.7678 	EXP 	line1: autoDraw = False
357.7678 	EXP 	line2: autoDraw = False
357.7678 	EXP 	line3: autoDraw = False
357.7678 	EXP 	line4: autoDraw = False
357.7678 	EXP 	probe2: autoDraw = False
357.7678 	EXP 	Fixation2: autoDraw = True
357.8187 	EXP 	Device response: <KeyPress from None: t=354.95941810007207, value=c, duration=2.85346649994608>
358.7511 	EXP 	line1: autoDraw = True
358.7511 	EXP 	line2: autoDraw = True
358.7511 	EXP 	line3: autoDraw = True
358.7511 	EXP 	line4: autoDraw = True
358.7656 	EXP 	Fixation2: autoDraw = False
359.7655 	INFO 	Keyboard events cleared
359.7653 	EXP 	probe2: autoDraw = True
360.7331 	EXP 	Device response: <KeyPress from None: t=360.7232839000644, value=x, duration=None>
360.7337 	EXP 	New trial (rep=9, index=42): <Trial 42 (42 in rep 9) data={'Pos': np.int64(150), 'corr_resp': 'v', 'thisN': 42, 'thisTrialN': 42, 'thisRepN': 9}>
360.7354 	DATA 	Keypress: x
360.7510 	EXP 	Fixation2: autoDraw = False
360.7510 	EXP 	line1: autoDraw = False
360.7510 	EXP 	line2: autoDraw = False
360.7510 	EXP 	line3: autoDraw = False
360.7510 	EXP 	line4: autoDraw = False
360.7510 	EXP 	probe2: autoDraw = False
360.7510 	EXP 	Fixation2: autoDraw = True
360.8350 	EXP 	Device response: <KeyPress from None: t=360.7232839000644, value=x, duration=0.09990739997010678>
361.7344 	EXP 	line1: autoDraw = True
361.7344 	EXP 	line2: autoDraw = True
361.7344 	EXP 	line3: autoDraw = True
361.7344 	EXP 	line4: autoDraw = True
361.7492 	EXP 	Fixation2: autoDraw = False
362.7494 	INFO 	Keyboard events cleared
362.7492 	EXP 	probe2: autoDraw = True
363.6327 	EXP 	Device response: <KeyPress from None: t=363.6305909999646, value=v, duration=None>
363.6332 	EXP 	New trial (rep=10, index=43): <Trial 43 (43 in rep 10) data={'Pos': np.int64(150), 'corr_resp': 'v', 'thisN': 43, 'thisTrialN': 43, 'thisRepN': 10}>
363.6351 	DATA 	Keypress: v
363.6507 	EXP 	Fixation2: autoDraw = False
363.6507 	EXP 	line1: autoDraw = False
363.6507 	EXP 	line2: autoDraw = False
363.6507 	EXP 	line3: autoDraw = False
363.6507 	EXP 	line4: autoDraw = False
363.6507 	EXP 	probe2: autoDraw = False
363.6507 	EXP 	Fixation2: autoDraw = True
363.7352 	EXP 	Device response: <KeyPress from None: t=363.6305909999646, value=v, duration=0.09390340000391006>
364.6335 	EXP 	line1: autoDraw = True
364.6335 	EXP 	line2: autoDraw = True
364.6335 	EXP 	line3: autoDraw = True
364.6335 	EXP 	line4: autoDraw = True
364.6488 	EXP 	Fixation2: autoDraw = False
365.6324 	INFO 	Keyboard events cleared
365.6322 	EXP 	probe2: autoDraw = True
366.3995 	EXP 	Device response: <KeyPress from None: t=366.39620690001175, value=v, duration=None>
366.4000 	EXP 	New trial (rep=9, index=44): <Trial 44 (44 in rep 9) data={'Pos': np.int64(50), 'corr_resp': 'c', 'thisN': 44, 'thisTrialN': 44, 'thisRepN': 9}>
366.4022 	DATA 	Keypress: v
366.4175 	EXP 	Fixation2: autoDraw = False
366.4175 	EXP 	line1: autoDraw = False
366.4175 	EXP 	line2: autoDraw = False
366.4175 	EXP 	line3: autoDraw = False
366.4175 	EXP 	line4: autoDraw = False
366.4175 	EXP 	probe2: autoDraw = False
366.4175 	EXP 	Fixation2: autoDraw = True
366.4851 	EXP 	Device response: <KeyPress from None: t=366.39620690001175, value=v, duration=0.07759420003276318>
367.4008 	EXP 	line1: autoDraw = True
367.4008 	EXP 	line2: autoDraw = True
367.4008 	EXP 	line3: autoDraw = True
367.4008 	EXP 	line4: autoDraw = True
367.4157 	EXP 	Fixation2: autoDraw = False
368.3991 	INFO 	Keyboard events cleared
368.3989 	EXP 	probe2: autoDraw = True
369.4995 	EXP 	Device response: <KeyPress from None: t=369.4904789000284, value=c, duration=None>
369.5000 	EXP 	New trial (rep=11, index=45): <Trial 45 (45 in rep 11) data={'Pos': np.int64(150), 'corr_resp': 'v', 'thisN': 45, 'thisTrialN': 45, 'thisRepN': 11}>
369.5016 	DATA 	Keypress: c
369.5175 	EXP 	Fixation2: autoDraw = False
369.5175 	EXP 	line1: autoDraw = False
369.5175 	EXP 	line2: autoDraw = False
369.5175 	EXP 	line3: autoDraw = False
369.5175 	EXP 	line4: autoDraw = False
369.5175 	EXP 	probe2: autoDraw = False
369.5175 	EXP 	Fixation2: autoDraw = True
369.6178 	EXP 	Device response: <KeyPress from None: t=357.7332904000068, value=c, duration=11.876019299961627>
370.5005 	EXP 	line1: autoDraw = True
370.5005 	EXP 	line2: autoDraw = True
370.5005 	EXP 	line3: autoDraw = True
370.5005 	EXP 	line4: autoDraw = True
370.5153 	EXP 	Fixation2: autoDraw = False
371.5157 	INFO 	Keyboard events cleared
371.5155 	EXP 	probe2: autoDraw = True
373.1991 	EXP 	Device response: <KeyPress from None: t=373.1959528999869, value=v, duration=None>
373.1997 	EXP 	New trial (rep=12, index=46): <Trial 46 (46 in rep 12) data={'Pos': np.int64(150), 'corr_resp': 'v', 'thisN': 46, 'thisTrialN': 46, 'thisRepN': 12}>
373.2014 	DATA 	Keypress: v
373.2174 	EXP 	Fixation2: autoDraw = False
373.2174 	EXP 	line1: autoDraw = False
373.2174 	EXP 	line2: autoDraw = False
373.2174 	EXP 	line3: autoDraw = False
373.2174 	EXP 	line4: autoDraw = False
373.2174 	EXP 	probe2: autoDraw = False
373.2174 	EXP 	Fixation2: autoDraw = True
373.3178 	EXP 	Device response: <KeyPress from None: t=373.1959528999869, value=v, duration=0.10522500006482005>
374.2006 	EXP 	line1: autoDraw = True
374.2006 	EXP 	line2: autoDraw = True
374.2006 	EXP 	line3: autoDraw = True
374.2006 	EXP 	line4: autoDraw = True
374.2155 	EXP 	Fixation2: autoDraw = False
375.1990 	INFO 	Keyboard events cleared
375.1987 	EXP 	probe2: autoDraw = True
376.0327 	EXP 	Device response: <KeyPress from None: t=376.02248499996495, value=c, duration=None>
376.0332 	EXP 	New trial (rep=13, index=47): <Trial 47 (47 in rep 13) data={'Pos': np.int64(150), 'corr_resp': 'v', 'thisN': 47, 'thisTrialN': 47, 'thisRepN': 13}>
376.0350 	DATA 	Keypress: c
376.0504 	EXP 	Fixation2: autoDraw = False
376.0504 	EXP 	line1: autoDraw = False
376.0504 	EXP 	line2: autoDraw = False
376.0504 	EXP 	line3: autoDraw = False
376.0504 	EXP 	line4: autoDraw = False
376.0504 	EXP 	probe2: autoDraw = False
376.0504 	EXP 	Fixation2: autoDraw = True
376.1174 	EXP 	Device response: <KeyPress from None: t=369.4904789000284, value=c, duration=6.612518299953081>
377.0340 	EXP 	line1: autoDraw = True
377.0340 	EXP 	line2: autoDraw = True
377.0340 	EXP 	line3: autoDraw = True
377.0340 	EXP 	line4: autoDraw = True
377.0487 	EXP 	Fixation2: autoDraw = False
378.0320 	INFO 	Keyboard events cleared
378.0318 	EXP 	probe2: autoDraw = True
378.7156 	EXP 	Device response: <KeyPress from None: t=378.71308640006464, value=v, duration=None>
378.7163 	EXP 	New trial (rep=14, index=48): <Trial 48 (48 in rep 14) data={'Pos': np.int64(150), 'corr_resp': 'v', 'thisN': 48, 'thisTrialN': 48, 'thisRepN': 14}>
378.7188 	DATA 	Keypress: v
378.7339 	EXP 	Fixation2: autoDraw = False
378.7339 	EXP 	line1: autoDraw = False
378.7339 	EXP 	line2: autoDraw = False
378.7339 	EXP 	line3: autoDraw = False
378.7339 	EXP 	line4: autoDraw = False
378.7339 	EXP 	probe2: autoDraw = False
378.7339 	EXP 	Fixation2: autoDraw = True
378.8344 	EXP 	Device response: <KeyPress from None: t=378.71308640006464, value=v, duration=0.10756559995934367>
379.7175 	EXP 	line1: autoDraw = True
379.7175 	EXP 	line2: autoDraw = True
379.7175 	EXP 	line3: autoDraw = True
379.7175 	EXP 	line4: autoDraw = True
379.7320 	EXP 	Fixation2: autoDraw = False
380.7153 	INFO 	Keyboard events cleared
380.7151 	EXP 	probe2: autoDraw = True
381.2845 	DATA 	Keypress: v
381.2992 	EXP 	Device response: <KeyPress from None: t=381.28340399998706, value=v, duration=None>
381.2997 	EXP 	New trial (rep=16, index=49): <Trial 49 (49 in rep 16) data={'Pos': np.int64(-50), 'corr_resp': 'x', 'thisN': 49, 'thisTrialN': 49, 'thisRepN': 16}>
381.3172 	EXP 	Fixation2: autoDraw = False
381.3172 	EXP 	line1: autoDraw = False
381.3172 	EXP 	line2: autoDraw = False
381.3172 	EXP 	line3: autoDraw = False
381.3172 	EXP 	line4: autoDraw = False
381.3172 	EXP 	probe2: autoDraw = False
381.3172 	EXP 	Fixation2: autoDraw = True
381.4344 	EXP 	Device response: <KeyPress from None: t=381.28340399998706, value=v, duration=0.134660099982284>
382.3001 	EXP 	line1: autoDraw = True
382.3001 	EXP 	line2: autoDraw = True
382.3001 	EXP 	line3: autoDraw = True
382.3001 	EXP 	line4: autoDraw = True
382.3151 	EXP 	Fixation2: autoDraw = False
383.3156 	INFO 	Keyboard events cleared
383.3154 	EXP 	probe2: autoDraw = True
383.8988 	EXP 	Device response: <KeyPress from None: t=383.8953579000663, value=x, duration=None>
383.8994 	EXP 	New trial (rep=8, index=50): <Trial 50 (50 in rep 8) data={'Pos': np.int64(-150), 'corr_resp': 'z', 'thisN': 50, 'thisTrialN': 50, 'thisRepN': 8}>
383.9013 	DATA 	Keypress: x
383.9170 	EXP 	Fixation2: autoDraw = False
383.9170 	EXP 	line1: autoDraw = False
383.9170 	EXP 	line2: autoDraw = False
383.9170 	EXP 	line3: autoDraw = False
383.9170 	EXP 	line4: autoDraw = False
383.9170 	EXP 	probe2: autoDraw = False
383.9170 	EXP 	Fixation2: autoDraw = True
384.1010 	EXP 	Device response: <KeyPress from None: t=383.8953579000663, value=x, duration=0.19334699993487448>
384.9005 	EXP 	line1: autoDraw = True
384.9005 	EXP 	line2: autoDraw = True
384.9005 	EXP 	line3: autoDraw = True
384.9005 	EXP 	line4: autoDraw = True
384.9151 	EXP 	Fixation2: autoDraw = False
385.8986 	INFO 	Keyboard events cleared
385.8984 	EXP 	probe2: autoDraw = True
386.4324 	EXP 	Device response: <KeyPress from None: t=386.4249225000385, value=z, duration=None>
386.4329 	EXP 	New trial (rep=10, index=51): <Trial 51 (51 in rep 10) data={'Pos': np.int64(50), 'corr_resp': 'c', 'thisN': 51, 'thisTrialN': 51, 'thisRepN': 10}>
386.4348 	DATA 	Keypress: z
386.4502 	EXP 	Fixation2: autoDraw = False
386.4502 	EXP 	line1: autoDraw = False
386.4502 	EXP 	line2: autoDraw = False
386.4502 	EXP 	line3: autoDraw = False
386.4502 	EXP 	line4: autoDraw = False
386.4502 	EXP 	probe2: autoDraw = False
386.4502 	EXP 	Fixation2: autoDraw = True
386.6510 	EXP 	Device response: <KeyPress from None: t=386.4249225000385, value=z, duration=0.21443880000151694>
387.4336 	EXP 	line1: autoDraw = True
387.4336 	EXP 	line2: autoDraw = True
387.4336 	EXP 	line3: autoDraw = True
387.4336 	EXP 	line4: autoDraw = True
387.4485 	EXP 	Fixation2: autoDraw = False
388.4317 	INFO 	Keyboard events cleared
388.4315 	EXP 	probe2: autoDraw = True
389.9350 	DATA 	Keypress: c
389.9488 	EXP 	Device response: <KeyPress from None: t=389.9331966000609, value=c, duration=None>
389.9495 	EXP 	New trial (rep=9, index=52): <Trial 52 (52 in rep 9) data={'Pos': np.int64(-150), 'corr_resp': 'z', 'thisN': 52, 'thisTrialN': 52, 'thisRepN': 9}>
389.9672 	EXP 	Fixation2: autoDraw = False
389.9672 	EXP 	line1: autoDraw = False
389.9672 	EXP 	line2: autoDraw = False
389.9672 	EXP 	line3: autoDraw = False
389.9672 	EXP 	line4: autoDraw = False
389.9672 	EXP 	probe2: autoDraw = False
389.9672 	EXP 	Fixation2: autoDraw = True
390.0344 	EXP 	Device response: <KeyPress from None: t=376.02248499996495, value=c, duration=14.002766500110738>
390.9500 	EXP 	line1: autoDraw = True
390.9500 	EXP 	line2: autoDraw = True
390.9500 	EXP 	line3: autoDraw = True
390.9500 	EXP 	line4: autoDraw = True
390.9651 	EXP 	Fixation2: autoDraw = False
391.9486 	INFO 	Keyboard events cleared
391.9484 	EXP 	probe2: autoDraw = True
392.7488 	EXP 	Device response: <KeyPress from None: t=392.7395280000055, value=z, duration=None>
392.7495 	EXP 	New trial (rep=17, index=53): <Trial 53 (53 in rep 17) data={'Pos': np.int64(-50), 'corr_resp': 'x', 'thisN': 53, 'thisTrialN': 53, 'thisRepN': 17}>
392.7512 	DATA 	Keypress: z
392.7667 	EXP 	Fixation2: autoDraw = False
392.7667 	EXP 	line1: autoDraw = False
392.7667 	EXP 	line2: autoDraw = False
392.7667 	EXP 	line3: autoDraw = False
392.7667 	EXP 	line4: autoDraw = False
392.7667 	EXP 	probe2: autoDraw = False
392.7667 	EXP 	Fixation2: autoDraw = True
392.9342 	EXP 	Device response: <KeyPress from None: t=392.7395280000055, value=z, duration=0.17896020004991442>
393.7499 	EXP 	line1: autoDraw = True
393.7499 	EXP 	line2: autoDraw = True
393.7499 	EXP 	line3: autoDraw = True
393.7499 	EXP 	line4: autoDraw = True
393.7649 	EXP 	Fixation2: autoDraw = False
394.7485 	INFO 	Keyboard events cleared
394.7483 	EXP 	probe2: autoDraw = True
395.4822 	EXP 	Device response: <KeyPress from None: t=395.47428349999245, value=x, duration=None>
395.4828 	EXP 	New trial (rep=11, index=54): <Trial 54 (54 in rep 11) data={'Pos': np.int64(50), 'corr_resp': 'c', 'thisN': 54, 'thisTrialN': 54, 'thisRepN': 11}>
395.4846 	DATA 	Keypress: x
395.4999 	EXP 	Fixation2: autoDraw = False
395.4999 	EXP 	line1: autoDraw = False
395.4999 	EXP 	line2: autoDraw = False
395.4999 	EXP 	line3: autoDraw = False
395.4999 	EXP 	line4: autoDraw = False
395.4999 	EXP 	probe2: autoDraw = False
395.4999 	EXP 	Fixation2: autoDraw = True
395.6505 	EXP 	Device response: <KeyPress from None: t=395.47428349999245, value=x, duration=0.16931590007152408>
396.4836 	EXP 	line1: autoDraw = True
396.4836 	EXP 	line2: autoDraw = True
396.4836 	EXP 	line3: autoDraw = True
396.4836 	EXP 	line4: autoDraw = True
396.4981 	EXP 	Fixation2: autoDraw = False
397.4985 	INFO 	Keyboard events cleared
397.4983 	EXP 	probe2: autoDraw = True
397.9320 	EXP 	Device response: <KeyPress from None: t=397.9204839000013, value=c, duration=None>
397.9325 	EXP 	New trial (rep=10, index=55): <Trial 55 (55 in rep 10) data={'Pos': np.int64(-150), 'corr_resp': 'z', 'thisN': 55, 'thisTrialN': 55, 'thisRepN': 10}>
397.9343 	DATA 	Keypress: c
397.9499 	EXP 	Fixation2: autoDraw = False
397.9499 	EXP 	line1: autoDraw = False
397.9499 	EXP 	line2: autoDraw = False
397.9499 	EXP 	line3: autoDraw = False
397.9499 	EXP 	line4: autoDraw = False
397.9499 	EXP 	probe2: autoDraw = False
397.9499 	EXP 	Fixation2: autoDraw = True
398.1839 	EXP 	Device response: <KeyPress from None: t=389.9331966000609, value=c, duration=8.241662699962035>
398.9336 	EXP 	line1: autoDraw = True
398.9336 	EXP 	line2: autoDraw = True
398.9336 	EXP 	line3: autoDraw = True
398.9336 	EXP 	line4: autoDraw = True
398.9481 	EXP 	Fixation2: autoDraw = False
399.9316 	INFO 	Keyboard events cleared
399.9313 	EXP 	probe2: autoDraw = True
400.4487 	EXP 	Device response: <KeyPress from None: t=400.4413187999744, value=z, duration=None>
400.4492 	EXP 	New trial (rep=18, index=56): <Trial 56 (56 in rep 18) data={'Pos': np.int64(-50), 'corr_resp': 'x', 'thisN': 56, 'thisTrialN': 56, 'thisRepN': 18}>
400.4511 	DATA 	Keypress: z
400.4666 	EXP 	Fixation2: autoDraw = False
400.4666 	EXP 	line1: autoDraw = False
400.4666 	EXP 	line2: autoDraw = False
400.4666 	EXP 	line3: autoDraw = False
400.4666 	EXP 	line4: autoDraw = False
400.4666 	EXP 	probe2: autoDraw = False
400.4666 	EXP 	Fixation2: autoDraw = True
400.6508 	EXP 	Device response: <KeyPress from None: t=400.4413187999744, value=z, duration=0.20328890008386225>
401.4497 	EXP 	line1: autoDraw = True
401.4497 	EXP 	line2: autoDraw = True
401.4497 	EXP 	line3: autoDraw = True
401.4497 	EXP 	line4: autoDraw = True
401.4640 	EXP 	Fixation2: autoDraw = False
402.4643 	INFO 	Keyboard events cleared
402.4641 	EXP 	probe2: autoDraw = True
402.7981 	EXP 	Device response: <KeyPress from None: t=402.7916148999939, value=v, duration=None>
402.7987 	EXP 	New trial (rep=11, index=57): <Trial 57 (57 in rep 11) data={'Pos': np.int64(-150), 'corr_resp': 'z', 'thisN': 57, 'thisTrialN': 57, 'thisRepN': 11}>
402.8004 	DATA 	Keypress: v
402.8163 	EXP 	Fixation2: autoDraw = False
402.8163 	EXP 	line1: autoDraw = False
402.8163 	EXP 	line2: autoDraw = False
402.8163 	EXP 	line3: autoDraw = False
402.8163 	EXP 	line4: autoDraw = False
402.8163 	EXP 	probe2: autoDraw = False
402.8163 	EXP 	Fixation2: autoDraw = True
402.9167 	EXP 	Device response: <KeyPress from None: t=402.7916148999939, value=v, duration=0.10897539998404682>
403.7997 	EXP 	line1: autoDraw = True
403.7997 	EXP 	line2: autoDraw = True
403.7997 	EXP 	line3: autoDraw = True
403.7997 	EXP 	line4: autoDraw = True
403.8147 	EXP 	Fixation2: autoDraw = False
404.7982 	INFO 	Keyboard events cleared
404.7979 	EXP 	probe2: autoDraw = True
406.5654 	EXP 	Device response: <KeyPress from None: t=406.5564444999909, value=z, duration=None>
406.5660 	EXP 	New trial (rep=15, index=58): <Trial 58 (58 in rep 15) data={'Pos': np.int64(150), 'corr_resp': 'v', 'thisN': 58, 'thisTrialN': 58, 'thisRepN': 15}>
406.5678 	DATA 	Keypress: z
406.5830 	EXP 	Fixation2: autoDraw = False
406.5830 	EXP 	line1: autoDraw = False
406.5830 	EXP 	line2: autoDraw = False
406.5830 	EXP 	line3: autoDraw = False
406.5830 	EXP 	line4: autoDraw = False
406.5830 	EXP 	probe2: autoDraw = False
406.5830 	EXP 	Fixation2: autoDraw = True
406.7672 	EXP 	Device response: <KeyPress from None: t=406.5564444999909, value=z, duration=0.2099123999942094>
407.5663 	EXP 	line1: autoDraw = True
407.5663 	EXP 	line2: autoDraw = True
407.5663 	EXP 	line3: autoDraw = True
407.5663 	EXP 	line4: autoDraw = True
407.5810 	EXP 	Fixation2: autoDraw = False
408.5814 	INFO 	Keyboard events cleared
408.5813 	EXP 	probe2: autoDraw = True
409.2482 	EXP 	Device response: <KeyPress from None: t=409.2364993999945, value=v, duration=None>
409.2487 	EXP 	New trial (rep=12, index=59): <Trial 59 (59 in rep 12) data={'Pos': np.int64(50), 'corr_resp': 'c', 'thisN': 59, 'thisTrialN': 59, 'thisRepN': 12}>
409.2504 	DATA 	Keypress: v
409.2664 	EXP 	Fixation2: autoDraw = False
409.2664 	EXP 	line1: autoDraw = False
409.2664 	EXP 	line2: autoDraw = False
409.2664 	EXP 	line3: autoDraw = False
409.2664 	EXP 	line4: autoDraw = False
409.2664 	EXP 	probe2: autoDraw = False
409.2664 	EXP 	Fixation2: autoDraw = True
409.3839 	EXP 	Device response: <KeyPress from None: t=409.2364993999945, value=v, duration=0.1455316999927163>
410.2496 	EXP 	line1: autoDraw = True
410.2496 	EXP 	line2: autoDraw = True
410.2496 	EXP 	line3: autoDraw = True
410.2496 	EXP 	line4: autoDraw = True
410.2644 	EXP 	Fixation2: autoDraw = False
411.2478 	INFO 	Keyboard events cleared
411.2476 	EXP 	probe2: autoDraw = True
412.1150 	EXP 	Device response: <KeyPress from None: t=412.10994880006183, value=c, duration=None>
412.1156 	EXP 	New trial (rep=16, index=60): <Trial 60 (60 in rep 16) data={'Pos': np.int64(150), 'corr_resp': 'v', 'thisN': 60, 'thisTrialN': 60, 'thisRepN': 16}>
412.1174 	DATA 	Keypress: c
412.1330 	EXP 	Fixation2: autoDraw = False
412.1330 	EXP 	line1: autoDraw = False
412.1330 	EXP 	line2: autoDraw = False
412.1330 	EXP 	line3: autoDraw = False
412.1330 	EXP 	line4: autoDraw = False
412.1330 	EXP 	probe2: autoDraw = False
412.1330 	EXP 	Fixation2: autoDraw = True
412.2836 	EXP 	Device response: <KeyPress from None: t=397.9204839000013, value=c, duration=14.34769059997052>
413.1160 	EXP 	line1: autoDraw = True
413.1160 	EXP 	line2: autoDraw = True
413.1160 	EXP 	line3: autoDraw = True
413.1160 	EXP 	line4: autoDraw = True
413.1312 	EXP 	Fixation2: autoDraw = False
414.1313 	INFO 	Keyboard events cleared
414.1311 	EXP 	probe2: autoDraw = True
415.8815 	EXP 	Device response: <KeyPress from None: t=415.8706744000083, value=v, duration=None>
415.8820 	EXP 	New trial (rep=19, index=61): <Trial 61 (61 in rep 19) data={'Pos': np.int64(-50), 'corr_resp': 'x', 'thisN': 61, 'thisTrialN': 61, 'thisRepN': 19}>
415.8838 	DATA 	Keypress: v
415.8996 	EXP 	Fixation2: autoDraw = False
415.8996 	EXP 	line1: autoDraw = False
415.8996 	EXP 	line2: autoDraw = False
415.8996 	EXP 	line3: autoDraw = False
415.8996 	EXP 	line4: autoDraw = False
415.8996 	EXP 	probe2: autoDraw = False
415.8996 	EXP 	Fixation2: autoDraw = True
415.9995 	EXP 	Device response: <KeyPress from None: t=415.8706744000083, value=v, duration=0.11238050006795675>
416.8827 	EXP 	line1: autoDraw = True
416.8827 	EXP 	line2: autoDraw = True
416.8827 	EXP 	line3: autoDraw = True
416.8827 	EXP 	line4: autoDraw = True
416.8976 	EXP 	Fixation2: autoDraw = False
417.8979 	INFO 	Keyboard events cleared
417.8977 	EXP 	probe2: autoDraw = True
418.6648 	EXP 	Device response: <KeyPress from None: t=418.65362740005367, value=x, duration=None>
418.6653 	EXP 	New trial (rep=17, index=62): <Trial 62 (62 in rep 17) data={'Pos': np.int64(150), 'corr_resp': 'v', 'thisN': 62, 'thisTrialN': 62, 'thisRepN': 17}>
418.6673 	DATA 	Keypress: x
418.6827 	EXP 	Fixation2: autoDraw = False
418.6827 	EXP 	line1: autoDraw = False
418.6827 	EXP 	line2: autoDraw = False
418.6827 	EXP 	line3: autoDraw = False
418.6827 	EXP 	line4: autoDraw = False
418.6827 	EXP 	probe2: autoDraw = False
418.6827 	EXP 	Fixation2: autoDraw = True
418.8833 	EXP 	Device response: <KeyPress from None: t=418.65362740005367, value=x, duration=0.21729749999940395>
419.6665 	EXP 	line1: autoDraw = True
419.6665 	EXP 	line2: autoDraw = True
419.6665 	EXP 	line3: autoDraw = True
419.6665 	EXP 	line4: autoDraw = True
419.6808 	EXP 	Fixation2: autoDraw = False
420.6810 	INFO 	Keyboard events cleared
420.6808 	EXP 	probe2: autoDraw = True
421.8311 	EXP 	Device response: <KeyPress from None: t=421.82203759998083, value=v, duration=None>
421.8316 	EXP 	New trial (rep=18, index=63): <Trial 63 (63 in rep 18) data={'Pos': np.int64(150), 'corr_resp': 'v', 'thisN': 63, 'thisTrialN': 63, 'thisRepN': 18}>
421.8333 	DATA 	Keypress: v
421.8490 	EXP 	Fixation2: autoDraw = False
421.8490 	EXP 	line1: autoDraw = False
421.8490 	EXP 	line2: autoDraw = False
421.8490 	EXP 	line3: autoDraw = False
421.8490 	EXP 	line4: autoDraw = False
421.8490 	EXP 	probe2: autoDraw = False
421.8490 	EXP 	Fixation2: autoDraw = True
421.9335 	EXP 	Device response: <KeyPress from None: t=421.82203759998083, value=v, duration=0.09682850004173815>
422.8328 	EXP 	line1: autoDraw = True
422.8328 	EXP 	line2: autoDraw = True
422.8328 	EXP 	line3: autoDraw = True
422.8328 	EXP 	line4: autoDraw = True
422.8472 	EXP 	Fixation2: autoDraw = False
423.8310 	INFO 	Keyboard events cleared
423.8308 	EXP 	probe2: autoDraw = True
424.8511 	DATA 	Keypress: c
424.8644 	EXP 	Device response: <KeyPress from None: t=424.8503068999853, value=c, duration=None>
424.8652 	EXP 	New trial (rep=13, index=64): <Trial 64 (64 in rep 13) data={'Pos': np.int64(50), 'corr_resp': 'c', 'thisN': 64, 'thisTrialN': 64, 'thisRepN': 13}>
424.8823 	EXP 	Fixation2: autoDraw = False
424.8823 	EXP 	line1: autoDraw = False
424.8823 	EXP 	line2: autoDraw = False
424.8823 	EXP 	line3: autoDraw = False
424.8823 	EXP 	line4: autoDraw = False
424.8823 	EXP 	probe2: autoDraw = False
424.8823 	EXP 	Fixation2: autoDraw = True
425.1163 	EXP 	Device response: <KeyPress from None: t=412.10994880006183, value=c, duration=12.990790399955586>
425.8656 	EXP 	line1: autoDraw = True
425.8656 	EXP 	line2: autoDraw = True
425.8656 	EXP 	line3: autoDraw = True
425.8656 	EXP 	line4: autoDraw = True
425.8805 	EXP 	Fixation2: autoDraw = False
426.8639 	INFO 	Keyboard events cleared
426.8637 	EXP 	probe2: autoDraw = True
427.4477 	EXP 	Device response: <KeyPress from None: t=427.4378205999965, value=x, duration=None>
427.4482 	EXP 	New trial (rep=12, index=65): <Trial 65 (65 in rep 12) data={'Pos': np.int64(-150), 'corr_resp': 'z', 'thisN': 65, 'thisTrialN': 65, 'thisRepN': 12}>
427.4501 	DATA 	Keypress: x
427.4659 	EXP 	Fixation2: autoDraw = False
427.4659 	EXP 	line1: autoDraw = False
427.4659 	EXP 	line2: autoDraw = False
427.4659 	EXP 	line3: autoDraw = False
427.4659 	EXP 	line4: autoDraw = False
427.4659 	EXP 	probe2: autoDraw = False
427.4659 	EXP 	Fixation2: autoDraw = True
427.7500 	EXP 	Device response: <KeyPress from None: t=427.4378205999965, value=x, duration=0.303114700014703>
428.4496 	EXP 	line1: autoDraw = True
428.4496 	EXP 	line2: autoDraw = True
428.4496 	EXP 	line3: autoDraw = True
428.4496 	EXP 	line4: autoDraw = True
428.4638 	EXP 	Fixation2: autoDraw = False
429.4471 	INFO 	Keyboard events cleared
429.4468 	EXP 	probe2: autoDraw = True
431.6335 	DATA 	Keypress: z
431.6476 	EXP 	Device response: <KeyPress from None: t=431.6323137000436, value=z, duration=None>
431.6484 	EXP 	New trial (rep=13, index=66): <Trial 66 (66 in rep 13) data={'Pos': np.int64(-150), 'corr_resp': 'z', 'thisN': 66, 'thisTrialN': 66, 'thisRepN': 13}>
431.6659 	EXP 	Fixation2: autoDraw = False
431.6659 	EXP 	line1: autoDraw = False
431.6659 	EXP 	line2: autoDraw = False
431.6659 	EXP 	line3: autoDraw = False
431.6659 	EXP 	line4: autoDraw = False
431.6659 	EXP 	probe2: autoDraw = False
431.6659 	EXP 	Fixation2: autoDraw = True
431.8495 	EXP 	Device response: <KeyPress from None: t=431.6323137000436, value=z, duration=0.20150349999312311>
432.6491 	EXP 	line1: autoDraw = True
432.6491 	EXP 	line2: autoDraw = True
432.6491 	EXP 	line3: autoDraw = True
432.6491 	EXP 	line4: autoDraw = True
432.6639 	EXP 	Fixation2: autoDraw = False
433.6473 	INFO 	Keyboard events cleared
433.6471 	EXP 	probe2: autoDraw = True
435.1810 	EXP 	Device response: <KeyPress from None: t=435.17761710006744, value=z, duration=None>
435.1816 	EXP 	New trial (rep=14, index=67): <Trial 67 (67 in rep 14) data={'Pos': np.int64(50), 'corr_resp': 'c', 'thisN': 67, 'thisTrialN': 67, 'thisRepN': 14}>
435.1835 	DATA 	Keypress: z
435.1992 	EXP 	Fixation2: autoDraw = False
435.1992 	EXP 	line1: autoDraw = False
435.1992 	EXP 	line2: autoDraw = False
435.1992 	EXP 	line3: autoDraw = False
435.1992 	EXP 	line4: autoDraw = False
435.1992 	EXP 	probe2: autoDraw = False
435.1992 	EXP 	Fixation2: autoDraw = True
435.4661 	EXP 	Device response: <KeyPress from None: t=435.17761710006744, value=z, duration=0.2727725999429822>
436.1823 	EXP 	line1: autoDraw = True
436.1823 	EXP 	line2: autoDraw = True
436.1823 	EXP 	line3: autoDraw = True
436.1823 	EXP 	line4: autoDraw = True
436.1972 	EXP 	Fixation2: autoDraw = False
437.1805 	INFO 	Keyboard events cleared
437.1803 	EXP 	probe2: autoDraw = True
439.5163 	DATA 	Keypress: c
439.5309 	EXP 	Device response: <KeyPress from None: t=439.51470150006935, value=c, duration=None>
439.5314 	EXP 	New trial (rep=14, index=68): <Trial 68 (68 in rep 14) data={'Pos': np.int64(-150), 'corr_resp': 'z', 'thisN': 68, 'thisTrialN': 68, 'thisRepN': 14}>
439.5489 	EXP 	Fixation2: autoDraw = False
439.5489 	EXP 	line1: autoDraw = False
439.5489 	EXP 	line2: autoDraw = False
439.5489 	EXP 	line3: autoDraw = False
439.5489 	EXP 	line4: autoDraw = False
439.5489 	EXP 	probe2: autoDraw = False
439.5489 	EXP 	Fixation2: autoDraw = True
439.6997 	EXP 	Device response: <KeyPress from None: t=424.8503068999853, value=c, duration=14.839105200022459>
440.5323 	EXP 	line1: autoDraw = True
440.5323 	EXP 	line2: autoDraw = True
440.5323 	EXP 	line3: autoDraw = True
440.5323 	EXP 	line4: autoDraw = True
440.5469 	EXP 	Fixation2: autoDraw = False
441.5306 	INFO 	Keyboard events cleared
441.5304 	EXP 	probe2: autoDraw = True
442.2669 	DATA 	Keypress: z
442.2809 	EXP 	Device response: <KeyPress from None: t=442.2663927000249, value=z, duration=None>
442.2814 	EXP 	New trial (rep=20, index=69): <Trial 69 (69 in rep 20) data={'Pos': np.int64(-50), 'corr_resp': 'x', 'thisN': 69, 'thisTrialN': 69, 'thisRepN': 20}>
442.2988 	EXP 	Fixation2: autoDraw = False
442.2988 	EXP 	line1: autoDraw = False
442.2988 	EXP 	line2: autoDraw = False
442.2988 	EXP 	line3: autoDraw = False
442.2988 	EXP 	line4: autoDraw = False
442.2988 	EXP 	probe2: autoDraw = False
442.2988 	EXP 	Fixation2: autoDraw = True
442.4994 	EXP 	Device response: <KeyPress from None: t=442.2663927000249, value=z, duration=0.21891049994155765>
443.2821 	EXP 	line1: autoDraw = True
443.2821 	EXP 	line2: autoDraw = True
443.2821 	EXP 	line3: autoDraw = True
443.2821 	EXP 	line4: autoDraw = True
443.2970 	EXP 	Fixation2: autoDraw = False
444.2808 	INFO 	Keyboard events cleared
444.2803 	EXP 	probe2: autoDraw = True
444.7971 	EXP 	Device response: <KeyPress from None: t=444.7859640000388, value=x, duration=None>
444.7977 	EXP 	New trial (rep=19, index=70): <Trial 70 (70 in rep 19) data={'Pos': np.int64(150), 'corr_resp': 'v', 'thisN': 70, 'thisTrialN': 70, 'thisRepN': 19}>
444.7996 	DATA 	Keypress: x
444.8154 	EXP 	Fixation2: autoDraw = False
444.8154 	EXP 	line1: autoDraw = False
444.8154 	EXP 	line2: autoDraw = False
444.8154 	EXP 	line3: autoDraw = False
444.8154 	EXP 	line4: autoDraw = False
444.8154 	EXP 	probe2: autoDraw = False
444.8154 	EXP 	Fixation2: autoDraw = True
444.9327 	EXP 	Device response: <KeyPress from None: t=444.7859640000388, value=x, duration=0.13532699993811548>
445.7987 	EXP 	line1: autoDraw = True
445.7987 	EXP 	line2: autoDraw = True
445.7987 	EXP 	line3: autoDraw = True
445.7987 	EXP 	line4: autoDraw = True
445.8136 	EXP 	Fixation2: autoDraw = False
446.7971 	INFO 	Keyboard events cleared
446.7969 	EXP 	probe2: autoDraw = True
447.3141 	EXP 	Device response: <KeyPress from None: t=447.30482349998783, value=v, duration=None>
447.3146 	EXP 	New trial (rep=15, index=71): <Trial 71 (71 in rep 15) data={'Pos': np.int64(-150), 'corr_resp': 'z', 'thisN': 71, 'thisTrialN': 71, 'thisRepN': 15}>
447.3167 	DATA 	Keypress: v
447.3320 	EXP 	Fixation2: autoDraw = False
447.3320 	EXP 	line1: autoDraw = False
447.3320 	EXP 	line2: autoDraw = False
447.3320 	EXP 	line3: autoDraw = False
447.3320 	EXP 	line4: autoDraw = False
447.3320 	EXP 	probe2: autoDraw = False
447.3320 	EXP 	Fixation2: autoDraw = True
447.4494 	EXP 	Device response: <KeyPress from None: t=447.30482349998783, value=v, duration=0.13414270000066608>
448.3152 	EXP 	line1: autoDraw = True
448.3152 	EXP 	line2: autoDraw = True
448.3152 	EXP 	line3: autoDraw = True
448.3152 	EXP 	line4: autoDraw = True
448.3303 	EXP 	Fixation2: autoDraw = False
449.3301 	INFO 	Keyboard events cleared
449.3299 	EXP 	probe2: autoDraw = True
450.1139 	EXP 	Device response: <KeyPress from None: t=450.1067984000547, value=z, duration=None>
450.1145 	EXP 	New trial (rep=15, index=72): <Trial 72 (72 in rep 15) data={'Pos': np.int64(50), 'corr_resp': 'c', 'thisN': 72, 'thisTrialN': 72, 'thisRepN': 15}>
450.1163 	DATA 	Keypress: z
450.1318 	EXP 	Fixation2: autoDraw = False
450.1318 	EXP 	line1: autoDraw = False
450.1318 	EXP 	line2: autoDraw = False
450.1318 	EXP 	line3: autoDraw = False
450.1318 	EXP 	line4: autoDraw = False
450.1318 	EXP 	probe2: autoDraw = False
450.1318 	EXP 	Fixation2: autoDraw = True
450.2325 	EXP 	Device response: <KeyPress from None: t=450.1067984000547, value=z, duration=0.1178798999171704>
451.1154 	EXP 	line1: autoDraw = True
451.1154 	EXP 	line2: autoDraw = True
451.1154 	EXP 	line3: autoDraw = True
451.1154 	EXP 	line4: autoDraw = True
451.1300 	EXP 	Fixation2: autoDraw = False
452.1302 	INFO 	Keyboard events cleared
452.1300 	EXP 	probe2: autoDraw = True
452.9308 	EXP 	Device response: <KeyPress from None: t=452.9188760999823, value=c, duration=None>
452.9313 	EXP 	New trial (rep=16, index=73): <Trial 73 (73 in rep 16) data={'Pos': np.int64(-150), 'corr_resp': 'z', 'thisN': 73, 'thisTrialN': 73, 'thisRepN': 16}>
452.9330 	DATA 	Keypress: c
452.9485 	EXP 	Fixation2: autoDraw = False
452.9485 	EXP 	line1: autoDraw = False
452.9485 	EXP 	line2: autoDraw = False
452.9485 	EXP 	line3: autoDraw = False
452.9485 	EXP 	line4: autoDraw = False
452.9485 	EXP 	probe2: autoDraw = False
452.9485 	EXP 	Fixation2: autoDraw = True
453.0325 	EXP 	Device response: <KeyPress from None: t=439.51470150006935, value=c, duration=13.502656899974681>
453.9319 	EXP 	line1: autoDraw = True
453.9319 	EXP 	line2: autoDraw = True
453.9319 	EXP 	line3: autoDraw = True
453.9319 	EXP 	line4: autoDraw = True
453.9463 	EXP 	Fixation2: autoDraw = False
454.9467 	INFO 	Keyboard events cleared
454.9465 	EXP 	probe2: autoDraw = True
455.5805 	EXP 	Device response: <KeyPress from None: t=455.5679522000719, value=z, duration=None>
455.5810 	EXP 	New trial (rep=16, index=74): <Trial 74 (74 in rep 16) data={'Pos': np.int64(50), 'corr_resp': 'c', 'thisN': 74, 'thisTrialN': 74, 'thisRepN': 16}>
455.5828 	DATA 	Keypress: z
455.5982 	EXP 	Fixation2: autoDraw = False
455.5982 	EXP 	line1: autoDraw = False
455.5982 	EXP 	line2: autoDraw = False
455.5982 	EXP 	line3: autoDraw = False
455.5982 	EXP 	line4: autoDraw = False
455.5982 	EXP 	probe2: autoDraw = False
455.5982 	EXP 	Fixation2: autoDraw = True
455.6989 	EXP 	Device response: <KeyPress from None: t=455.5679522000719, value=z, duration=0.12974979996215552>
456.5818 	EXP 	line1: autoDraw = True
456.5818 	EXP 	line2: autoDraw = True
456.5818 	EXP 	line3: autoDraw = True
456.5818 	EXP 	line4: autoDraw = True
456.5965 	EXP 	Fixation2: autoDraw = False
457.5966 	INFO 	Keyboard events cleared
457.5964 	EXP 	probe2: autoDraw = True
458.2970 	EXP 	Device response: <KeyPress from None: t=458.29318390006665, value=c, duration=None>
458.2975 	EXP 	New trial (rep=17, index=75): <Trial 75 (75 in rep 17) data={'Pos': np.int64(-150), 'corr_resp': 'z', 'thisN': 75, 'thisTrialN': 75, 'thisRepN': 17}>
458.2993 	DATA 	Keypress: c
458.3153 	EXP 	Fixation2: autoDraw = False
458.3153 	EXP 	line1: autoDraw = False
458.3153 	EXP 	line2: autoDraw = False
458.3153 	EXP 	line3: autoDraw = False
458.3153 	EXP 	line4: autoDraw = False
458.3153 	EXP 	probe2: autoDraw = False
458.3153 	EXP 	Fixation2: autoDraw = True
458.3823 	EXP 	Device response: <KeyPress from None: t=452.9188760999823, value=c, duration=5.447381700039841>
459.2983 	EXP 	line1: autoDraw = True
459.2983 	EXP 	line2: autoDraw = True
459.2983 	EXP 	line3: autoDraw = True
459.2983 	EXP 	line4: autoDraw = True
459.3133 	EXP 	Fixation2: autoDraw = False
460.2968 	INFO 	Keyboard events cleared
460.2966 	EXP 	probe2: autoDraw = True
460.8135 	EXP 	Device response: <KeyPress from None: t=460.8068423999939, value=z, duration=None>
460.8140 	EXP 	New trial (rep=21, index=76): <Trial 76 (76 in rep 21) data={'Pos': np.int64(-50), 'corr_resp': 'x', 'thisN': 76, 'thisTrialN': 76, 'thisRepN': 21}>
460.8158 	DATA 	Keypress: z
460.8318 	EXP 	Fixation2: autoDraw = False
460.8318 	EXP 	line1: autoDraw = False
460.8318 	EXP 	line2: autoDraw = False
460.8318 	EXP 	line3: autoDraw = False
460.8318 	EXP 	line4: autoDraw = False
460.8318 	EXP 	probe2: autoDraw = False
460.8318 	EXP 	Fixation2: autoDraw = True
460.8990 	EXP 	Device response: <KeyPress from None: t=460.8068423999939, value=z, duration=0.09088600007817149>
461.8149 	EXP 	line1: autoDraw = True
461.8149 	EXP 	line2: autoDraw = True
461.8149 	EXP 	line3: autoDraw = True
461.8149 	EXP 	line4: autoDraw = True
461.8298 	EXP 	Fixation2: autoDraw = False
462.8134 	INFO 	Keyboard events cleared
462.8132 	EXP 	probe2: autoDraw = True
463.9636 	EXP 	Device response: <KeyPress from None: t=463.95739180000965, value=x, duration=None>
463.9641 	EXP 	New trial (rep=17, index=77): <Trial 77 (77 in rep 17) data={'Pos': np.int64(50), 'corr_resp': 'c', 'thisN': 77, 'thisTrialN': 77, 'thisRepN': 17}>
463.9659 	DATA 	Keypress: x
463.9819 	EXP 	Fixation2: autoDraw = False
463.9819 	EXP 	line1: autoDraw = False
463.9819 	EXP 	line2: autoDraw = False
463.9819 	EXP 	line3: autoDraw = False
463.9819 	EXP 	line4: autoDraw = False
463.9819 	EXP 	probe2: autoDraw = False
463.9819 	EXP 	Fixation2: autoDraw = True
464.0657 	EXP 	Device response: <KeyPress from None: t=463.95739180000965, value=x, duration=0.10149490006733686>
464.9647 	EXP 	line1: autoDraw = True
464.9647 	EXP 	line2: autoDraw = True
464.9647 	EXP 	line3: autoDraw = True
464.9647 	EXP 	line4: autoDraw = True
464.9796 	EXP 	Fixation2: autoDraw = False
465.9633 	INFO 	Keyboard events cleared
465.9631 	EXP 	probe2: autoDraw = True
466.7993 	DATA 	Keypress: c
466.8137 	EXP 	Device response: <KeyPress from None: t=466.79777030006517, value=c, duration=None>
466.8142 	EXP 	New trial (rep=18, index=78): <Trial 78 (78 in rep 18) data={'Pos': np.int64(-150), 'corr_resp': 'z', 'thisN': 78, 'thisTrialN': 78, 'thisRepN': 18}>
466.8313 	EXP 	Fixation2: autoDraw = False
466.8313 	EXP 	line1: autoDraw = False
466.8313 	EXP 	line2: autoDraw = False
466.8313 	EXP 	line3: autoDraw = False
466.8313 	EXP 	line4: autoDraw = False
466.8313 	EXP 	probe2: autoDraw = False
466.8313 	EXP 	Fixation2: autoDraw = True
466.8991 	EXP 	Device response: <KeyPress from None: t=458.29318390006665, value=c, duration=8.604179999907501>
467.8148 	EXP 	line1: autoDraw = True
467.8148 	EXP 	line2: autoDraw = True
467.8148 	EXP 	line3: autoDraw = True
467.8148 	EXP 	line4: autoDraw = True
467.8296 	EXP 	Fixation2: autoDraw = False
468.8298 	INFO 	Keyboard events cleared
468.8296 	EXP 	probe2: autoDraw = True
469.2964 	EXP 	Device response: <KeyPress from None: t=469.2950851999922, value=z, duration=None>
469.2970 	EXP 	New trial (rep=19, index=79): <Trial 79 (79 in rep 19) data={'Pos': np.int64(-150), 'corr_resp': 'z', 'thisN': 79, 'thisTrialN': 79, 'thisRepN': 19}>
469.2987 	DATA 	Keypress: z
469.3147 	EXP 	Fixation2: autoDraw = False
469.3147 	EXP 	line1: autoDraw = False
469.3147 	EXP 	line2: autoDraw = False
469.3147 	EXP 	line3: autoDraw = False
469.3147 	EXP 	line4: autoDraw = False
469.3147 	EXP 	probe2: autoDraw = False
469.3147 	EXP 	Fixation2: autoDraw = True
469.4484 	EXP 	Device response: <KeyPress from None: t=469.2950851999922, value=z, duration=0.14890330005437136>
469.5657 	EXP 	Device response: <KeyPress from None: t=469.5510288999649, value=z, duration=None>
469.5672 	DATA 	Keypress: z
469.7162 	EXP 	Device response: <KeyPress from None: t=469.5510288999649, value=z, duration=0.15595860010944307>
470.2982 	EXP 	line1: autoDraw = True
470.2982 	EXP 	line2: autoDraw = True
470.2982 	EXP 	line3: autoDraw = True
470.2982 	EXP 	line4: autoDraw = True
470.3127 	EXP 	Fixation2: autoDraw = False
471.2964 	INFO 	Keyboard events cleared
471.2962 	EXP 	probe2: autoDraw = True
471.7505 	DATA 	Keypress: z
471.7635 	EXP 	Device response: <KeyPress from None: t=471.7486501999665, value=z, duration=None>
471.7641 	EXP 	New trial (rep=20, index=80): <Trial 80 (80 in rep 20) data={'Pos': np.int64(-150), 'corr_resp': 'z', 'thisN': 80, 'thisTrialN': 80, 'thisRepN': 20}>
471.7815 	EXP 	Fixation2: autoDraw = False
471.7815 	EXP 	line1: autoDraw = False
471.7815 	EXP 	line2: autoDraw = False
471.7815 	EXP 	line3: autoDraw = False
471.7815 	EXP 	line4: autoDraw = False
471.7815 	EXP 	probe2: autoDraw = False
471.7815 	EXP 	Fixation2: autoDraw = True
471.8820 	EXP 	Device response: <KeyPress from None: t=471.7486501999665, value=z, duration=0.12601540004834533>
472.7646 	EXP 	line1: autoDraw = True
472.7646 	EXP 	line2: autoDraw = True
472.7646 	EXP 	line3: autoDraw = True
472.7646 	EXP 	line4: autoDraw = True
472.7794 	EXP 	Fixation2: autoDraw = False
473.7628 	INFO 	Keyboard events cleared
473.7625 	EXP 	probe2: autoDraw = True
474.2635 	EXP 	Device response: <KeyPress from None: t=474.2486290000379, value=z, duration=None>
474.2640 	EXP 	New trial (rep=18, index=81): <Trial 81 (81 in rep 18) data={'Pos': np.int64(50), 'corr_resp': 'c', 'thisN': 81, 'thisTrialN': 81, 'thisRepN': 18}>
474.2657 	DATA 	Keypress: z
474.2812 	EXP 	Fixation2: autoDraw = False
474.2812 	EXP 	line1: autoDraw = False
474.2812 	EXP 	line2: autoDraw = False
474.2812 	EXP 	line3: autoDraw = False
474.2812 	EXP 	line4: autoDraw = False
474.2812 	EXP 	probe2: autoDraw = False
474.2812 	EXP 	Fixation2: autoDraw = True
474.3986 	EXP 	Device response: <KeyPress from None: t=474.2486290000379, value=z, duration=0.14447649999056011>
475.2647 	EXP 	line1: autoDraw = True
475.2647 	EXP 	line2: autoDraw = True
475.2647 	EXP 	line3: autoDraw = True
475.2647 	EXP 	line4: autoDraw = True
475.2792 	EXP 	Fixation2: autoDraw = False
476.2794 	INFO 	Keyboard events cleared
476.2792 	EXP 	probe2: autoDraw = True
476.9990 	DATA 	Keypress: c
477.0132 	EXP 	Device response: <KeyPress from None: t=476.99790439999197, value=c, duration=None>
477.0138 	EXP 	New trial (rep=19, index=82): <Trial 82 (82 in rep 19) data={'Pos': np.int64(50), 'corr_resp': 'c', 'thisN': 82, 'thisTrialN': 82, 'thisRepN': 19}>
477.0309 	EXP 	Fixation2: autoDraw = False
477.0309 	EXP 	line1: autoDraw = False
477.0309 	EXP 	line2: autoDraw = False
477.0309 	EXP 	line3: autoDraw = False
477.0309 	EXP 	line4: autoDraw = False
477.0309 	EXP 	probe2: autoDraw = False
477.0309 	EXP 	Fixation2: autoDraw = True
477.0816 	EXP 	Device response: <KeyPress from None: t=466.79777030006517, value=c, duration=10.278575900010765>
478.0144 	EXP 	line1: autoDraw = True
478.0144 	EXP 	line2: autoDraw = True
478.0144 	EXP 	line3: autoDraw = True
478.0144 	EXP 	line4: autoDraw = True
478.0293 	EXP 	Fixation2: autoDraw = False
479.0296 	INFO 	Keyboard events cleared
479.0294 	EXP 	probe2: autoDraw = True
479.7993 	DATA 	Keypress: v
479.8131 	EXP 	Device response: <KeyPress from None: t=479.79680690006353, value=v, duration=None>
479.8136 	EXP 	New trial (rep=20, index=83): <Trial 83 (83 in rep 20) data={'Pos': np.int64(50), 'corr_resp': 'c', 'thisN': 83, 'thisTrialN': 83, 'thisRepN': 20}>
479.8309 	EXP 	Fixation2: autoDraw = False
479.8309 	EXP 	line1: autoDraw = False
479.8309 	EXP 	line2: autoDraw = False
479.8309 	EXP 	line3: autoDraw = False
479.8309 	EXP 	line4: autoDraw = False
479.8309 	EXP 	probe2: autoDraw = False
479.8309 	EXP 	Fixation2: autoDraw = True
479.9317 	EXP 	Device response: <KeyPress from None: t=479.79680690006353, value=v, duration=0.12716599996201694>
480.8143 	EXP 	line1: autoDraw = True
480.8143 	EXP 	line2: autoDraw = True
480.8143 	EXP 	line3: autoDraw = True
480.8143 	EXP 	line4: autoDraw = True
480.8294 	EXP 	Fixation2: autoDraw = False
481.8127 	INFO 	Keyboard events cleared
481.8125 	EXP 	probe2: autoDraw = True
482.3798 	EXP 	Device response: <KeyPress from None: t=482.36651259998325, value=c, duration=None>
482.3803 	EXP 	New trial (rep=20, index=84): <Trial 84 (84 in rep 20) data={'Pos': np.int64(150), 'corr_resp': 'v', 'thisN': 84, 'thisTrialN': 84, 'thisRepN': 20}>
482.3819 	DATA 	Keypress: c
482.3979 	EXP 	Fixation2: autoDraw = False
482.3979 	EXP 	line1: autoDraw = False
482.3979 	EXP 	line2: autoDraw = False
482.3979 	EXP 	line3: autoDraw = False
482.3979 	EXP 	line4: autoDraw = False
482.3979 	EXP 	probe2: autoDraw = False
482.3979 	EXP 	Fixation2: autoDraw = True
482.4975 	EXP 	Device response: <KeyPress from None: t=476.99790439999197, value=c, duration=5.483729899977334>
483.3810 	EXP 	line1: autoDraw = True
483.3810 	EXP 	line2: autoDraw = True
483.3810 	EXP 	line3: autoDraw = True
483.3810 	EXP 	line4: autoDraw = True
483.3957 	EXP 	Fixation2: autoDraw = False
484.3794 	INFO 	Keyboard events cleared
484.3792 	EXP 	probe2: autoDraw = True
484.9631 	EXP 	Device response: <KeyPress from None: t=484.9539313999703, value=v, duration=None>
484.9636 	EXP 	New trial (rep=21, index=85): <Trial 85 (85 in rep 21) data={'Pos': np.int64(50), 'corr_resp': 'c', 'thisN': 85, 'thisTrialN': 85, 'thisRepN': 21}>
484.9653 	DATA 	Keypress: v
484.9811 	EXP 	Fixation2: autoDraw = False
484.9811 	EXP 	line1: autoDraw = False
484.9811 	EXP 	line2: autoDraw = False
484.9811 	EXP 	line3: autoDraw = False
484.9811 	EXP 	line4: autoDraw = False
484.9811 	EXP 	probe2: autoDraw = False
484.9811 	EXP 	Fixation2: autoDraw = True
485.0650 	EXP 	Device response: <KeyPress from None: t=484.9539313999703, value=v, duration=0.09920699999202043>
485.9645 	EXP 	line1: autoDraw = True
485.9645 	EXP 	line2: autoDraw = True
485.9645 	EXP 	line3: autoDraw = True
485.9645 	EXP 	line4: autoDraw = True
485.9792 	EXP 	Fixation2: autoDraw = False
486.9792 	INFO 	Keyboard events cleared
486.9791 	EXP 	probe2: autoDraw = True
487.5149 	DATA 	Keypress: x
487.5296 	EXP 	Device response: <KeyPress from None: t=487.5137898999965, value=x, duration=None>
487.5301 	EXP 	New trial (rep=21, index=86): <Trial 86 (86 in rep 21) data={'Pos': np.int64(-150), 'corr_resp': 'z', 'thisN': 86, 'thisTrialN': 86, 'thisRepN': 21}>
487.5473 	EXP 	Fixation2: autoDraw = False
487.5473 	EXP 	line1: autoDraw = False
487.5473 	EXP 	line2: autoDraw = False
487.5473 	EXP 	line3: autoDraw = False
487.5473 	EXP 	line4: autoDraw = False
487.5473 	EXP 	probe2: autoDraw = False
487.5473 	EXP 	Fixation2: autoDraw = True
487.8315 	EXP 	Device response: <KeyPress from None: t=487.5137898999965, value=x, duration=0.304983300040476>
488.5310 	EXP 	line1: autoDraw = True
488.5310 	EXP 	line2: autoDraw = True
488.5310 	EXP 	line3: autoDraw = True
488.5310 	EXP 	line4: autoDraw = True
488.5457 	EXP 	Fixation2: autoDraw = False
489.5290 	INFO 	Keyboard events cleared
489.5288 	EXP 	probe2: autoDraw = True
489.9459 	EXP 	Device response: <KeyPress from None: t=489.9374255000148, value=z, duration=None>
489.9464 	EXP 	New trial (rep=22, index=87): <Trial 87 (87 in rep 22) data={'Pos': np.int64(-50), 'corr_resp': 'x', 'thisN': 87, 'thisTrialN': 87, 'thisRepN': 22}>
489.9491 	DATA 	Keypress: z
489.9643 	EXP 	Fixation2: autoDraw = False
489.9643 	EXP 	line1: autoDraw = False
489.9643 	EXP 	line2: autoDraw = False
489.9643 	EXP 	line3: autoDraw = False
489.9643 	EXP 	line4: autoDraw = False
489.9643 	EXP 	probe2: autoDraw = False
489.9643 	EXP 	Fixation2: autoDraw = True
490.1315 	EXP 	Device response: <KeyPress from None: t=489.9374255000148, value=z, duration=0.18290060001891106>
490.9474 	EXP 	line1: autoDraw = True
490.9474 	EXP 	line2: autoDraw = True
490.9474 	EXP 	line3: autoDraw = True
490.9474 	EXP 	line4: autoDraw = True
490.9624 	EXP 	Fixation2: autoDraw = False
491.9455 	INFO 	Keyboard events cleared
491.9453 	EXP 	probe2: autoDraw = True
492.3630 	EXP 	Device response: <KeyPress from None: t=492.3579314000672, value=x, duration=None>
492.3636 	EXP 	New trial (rep=21, index=88): <Trial 88 (88 in rep 21) data={'Pos': np.int64(150), 'corr_resp': 'v', 'thisN': 88, 'thisTrialN': 88, 'thisRepN': 21}>
492.3659 	DATA 	Keypress: x
492.3805 	EXP 	Fixation2: autoDraw = False
492.3805 	EXP 	line1: autoDraw = False
492.3805 	EXP 	line2: autoDraw = False
492.3805 	EXP 	line3: autoDraw = False
492.3805 	EXP 	line4: autoDraw = False
492.3805 	EXP 	probe2: autoDraw = False
492.3805 	EXP 	Fixation2: autoDraw = True
492.5818 	EXP 	Device response: <KeyPress from None: t=492.3579314000672, value=x, duration=0.21240179997403175>
493.3640 	EXP 	line1: autoDraw = True
493.3640 	EXP 	line2: autoDraw = True
493.3640 	EXP 	line3: autoDraw = True
493.3640 	EXP 	line4: autoDraw = True
493.3789 	EXP 	Fixation2: autoDraw = False
494.3790 	INFO 	Keyboard events cleared
494.3788 	EXP 	probe2: autoDraw = True
495.8127 	EXP 	Device response: <KeyPress from None: t=495.80255570006557, value=v, duration=None>
495.8132 	EXP 	New trial (rep=22, index=89): <Trial 89 (89 in rep 22) data={'Pos': np.int64(150), 'corr_resp': 'v', 'thisN': 89, 'thisTrialN': 89, 'thisRepN': 22}>
495.8150 	DATA 	Keypress: v
495.8306 	EXP 	Fixation2: autoDraw = False
495.8306 	EXP 	line1: autoDraw = False
495.8306 	EXP 	line2: autoDraw = False
495.8306 	EXP 	line3: autoDraw = False
495.8306 	EXP 	line4: autoDraw = False
495.8306 	EXP 	probe2: autoDraw = False
495.8306 	EXP 	Fixation2: autoDraw = True
495.9146 	EXP 	Device response: <KeyPress from None: t=495.80255570006557, value=v, duration=0.10271689994260669>
496.8141 	EXP 	line1: autoDraw = True
496.8141 	EXP 	line2: autoDraw = True
496.8141 	EXP 	line3: autoDraw = True
496.8141 	EXP 	line4: autoDraw = True
496.8289 	EXP 	Fixation2: autoDraw = False
497.8287 	INFO 	Keyboard events cleared
497.8284 	EXP 	probe2: autoDraw = True
498.6795 	EXP 	Device response: <KeyPress from None: t=498.6721562000457, value=v, duration=None>
498.6800 	EXP 	New trial (rep=23, index=90): <Trial 90 (90 in rep 23) data={'Pos': np.int64(-50), 'corr_resp': 'x', 'thisN': 90, 'thisTrialN': 90, 'thisRepN': 23}>
498.6820 	DATA 	Keypress: v
498.6974 	EXP 	Fixation2: autoDraw = False
498.6974 	EXP 	line1: autoDraw = False
498.6974 	EXP 	line2: autoDraw = False
498.6974 	EXP 	line3: autoDraw = False
498.6974 	EXP 	line4: autoDraw = False
498.6974 	EXP 	probe2: autoDraw = False
498.6974 	EXP 	Fixation2: autoDraw = True
498.8154 	EXP 	Device response: <KeyPress from None: t=498.6721562000457, value=v, duration=0.12618159991689026>
499.6807 	EXP 	line1: autoDraw = True
499.6807 	EXP 	line2: autoDraw = True
499.6807 	EXP 	line3: autoDraw = True
499.6807 	EXP 	line4: autoDraw = True
499.6951 	EXP 	Fixation2: autoDraw = False
500.6956 	INFO 	Keyboard events cleared
500.6954 	EXP 	probe2: autoDraw = True
502.2791 	EXP 	Device response: <KeyPress from None: t=502.2738258000463, value=c, duration=None>
502.2796 	EXP 	New trial (rep=22, index=91): <Trial 91 (91 in rep 22) data={'Pos': np.int64(50), 'corr_resp': 'c', 'thisN': 91, 'thisTrialN': 91, 'thisRepN': 22}>
502.2813 	DATA 	Keypress: c
502.2969 	EXP 	Fixation2: autoDraw = False
502.2969 	EXP 	line1: autoDraw = False
502.2969 	EXP 	line2: autoDraw = False
502.2969 	EXP 	line3: autoDraw = False
502.2969 	EXP 	line4: autoDraw = False
502.2969 	EXP 	probe2: autoDraw = False
502.2969 	EXP 	Fixation2: autoDraw = True
502.3643 	EXP 	Device response: <KeyPress from None: t=502.35432969999965, value=x, duration=None>
502.3657 	DATA 	Keypress: x
502.3811 	EXP 	Device response: <KeyPress from None: t=482.36651259998325, value=c, duration=20.004878100007772>
502.5143 	EXP 	Device response: <KeyPress from None: t=502.35432969999965, value=x, duration=0.14531300007365644>
503.2807 	EXP 	line1: autoDraw = True
503.2807 	EXP 	line2: autoDraw = True
503.2807 	EXP 	line3: autoDraw = True
503.2807 	EXP 	line4: autoDraw = True
503.2954 	EXP 	Fixation2: autoDraw = False
504.2789 	INFO 	Keyboard events cleared
504.2787 	EXP 	probe2: autoDraw = True
504.9290 	EXP 	Device response: <KeyPress from None: t=504.92109429999255, value=x, duration=None>
504.9296 	EXP 	New trial (rep=22, index=92): <Trial 92 (92 in rep 22) data={'Pos': np.int64(-150), 'corr_resp': 'z', 'thisN': 92, 'thisTrialN': 92, 'thisRepN': 22}>
504.9314 	DATA 	Keypress: x
504.9469 	EXP 	Fixation2: autoDraw = False
504.9469 	EXP 	line1: autoDraw = False
504.9469 	EXP 	line2: autoDraw = False
504.9469 	EXP 	line3: autoDraw = False
504.9469 	EXP 	line4: autoDraw = False
504.9469 	EXP 	probe2: autoDraw = False
504.9469 	EXP 	Fixation2: autoDraw = True
504.9979 	EXP 	Device response: <KeyPress from None: t=504.92109429999255, value=x, duration=0.06470480002462864>
505.1319 	DATA 	Keypress: c
505.1476 	EXP 	Device response: <KeyPress from None: t=505.13118010002654, value=c, duration=None>
505.2809 	EXP 	Device response: <KeyPress from None: t=502.2738258000463, value=c, duration=2.995225999969989>
505.9304 	EXP 	line1: autoDraw = True
505.9304 	EXP 	line2: autoDraw = True
505.9304 	EXP 	line3: autoDraw = True
505.9304 	EXP 	line4: autoDraw = True
505.9453 	EXP 	Fixation2: autoDraw = False
506.9286 	INFO 	Keyboard events cleared
506.9284 	EXP 	probe2: autoDraw = True
507.4453 	EXP 	Device response: <KeyPress from None: t=507.4413658999838, value=z, duration=None>
507.4457 	EXP 	New trial (rep=23, index=93): <Trial 93 (93 in rep 23) data={'Pos': np.int64(150), 'corr_resp': 'v', 'thisN': 93, 'thisTrialN': 93, 'thisRepN': 23}>
507.4474 	DATA 	Keypress: z
507.4638 	EXP 	Fixation2: autoDraw = False
507.4638 	EXP 	line1: autoDraw = False
507.4638 	EXP 	line2: autoDraw = False
507.4638 	EXP 	line3: autoDraw = False
507.4638 	EXP 	line4: autoDraw = False
507.4638 	EXP 	probe2: autoDraw = False
507.4638 	EXP 	Fixation2: autoDraw = True
507.5810 	EXP 	Device response: <KeyPress from None: t=507.4413658999838, value=z, duration=0.13332200003787875>
508.4468 	EXP 	line1: autoDraw = True
508.4468 	EXP 	line2: autoDraw = True
508.4468 	EXP 	line3: autoDraw = True
508.4468 	EXP 	line4: autoDraw = True
508.4615 	EXP 	Fixation2: autoDraw = False
509.4449 	INFO 	Keyboard events cleared
509.4446 	EXP 	probe2: autoDraw = True
510.1298 	EXP 	Device response: <KeyPress from None: t=510.123352500028, value=v, duration=None>
510.1302 	EXP 	New trial (rep=23, index=94): <Trial 94 (94 in rep 23) data={'Pos': np.int64(-150), 'corr_resp': 'z', 'thisN': 94, 'thisTrialN': 94, 'thisRepN': 23}>
510.1318 	DATA 	Keypress: v
510.1466 	EXP 	Fixation2: autoDraw = False
510.1466 	EXP 	line1: autoDraw = False
510.1466 	EXP 	line2: autoDraw = False
510.1466 	EXP 	line3: autoDraw = False
510.1466 	EXP 	line4: autoDraw = False
510.1466 	EXP 	probe2: autoDraw = False
510.1466 	EXP 	Fixation2: autoDraw = True
510.2313 	EXP 	Device response: <KeyPress from None: t=510.123352500028, value=v, duration=0.10611199995037168>
511.1303 	EXP 	line1: autoDraw = True
511.1303 	EXP 	line2: autoDraw = True
511.1303 	EXP 	line3: autoDraw = True
511.1303 	EXP 	line4: autoDraw = True
511.1450 	EXP 	Fixation2: autoDraw = False
512.1453 	INFO 	Keyboard events cleared
512.1451 	EXP 	probe2: autoDraw = True
512.4785 	EXP 	Device response: <KeyPress from None: t=512.4735848000273, value=z, duration=None>
512.4791 	EXP 	New trial (rep=23, index=95): <Trial 95 (95 in rep 23) data={'Pos': np.int64(50), 'corr_resp': 'c', 'thisN': 95, 'thisTrialN': 95, 'thisRepN': 23}>
512.4815 	DATA 	Keypress: z
512.4969 	EXP 	Fixation2: autoDraw = False
512.4969 	EXP 	line1: autoDraw = False
512.4969 	EXP 	line2: autoDraw = False
512.4969 	EXP 	line3: autoDraw = False
512.4969 	EXP 	line4: autoDraw = False
512.4969 	EXP 	probe2: autoDraw = False
512.4969 	EXP 	Fixation2: autoDraw = True
512.6643 	EXP 	Device response: <KeyPress from None: t=512.4735848000273, value=z, duration=0.17462219996377826>
513.4803 	EXP 	line1: autoDraw = True
513.4803 	EXP 	line2: autoDraw = True
513.4803 	EXP 	line3: autoDraw = True
513.4803 	EXP 	line4: autoDraw = True
513.4945 	EXP 	Fixation2: autoDraw = False
514.4784 	INFO 	Keyboard events cleared
514.4781 	EXP 	probe2: autoDraw = True
515.0123 	EXP 	Device response: <KeyPress from None: t=515.0075417000335, value=c, duration=None>
515.0128 	EXP 	New trial (rep=24, index=96): <Trial 96 (96 in rep 24) data={'Pos': np.int64(-50), 'corr_resp': 'x', 'thisN': 96, 'thisTrialN': 96, 'thisRepN': 24}>
515.0146 	DATA 	Keypress: c
515.0301 	EXP 	Fixation2: autoDraw = False
515.0301 	EXP 	line1: autoDraw = False
515.0301 	EXP 	line2: autoDraw = False
515.0301 	EXP 	line3: autoDraw = False
515.0301 	EXP 	line4: autoDraw = False
515.0301 	EXP 	probe2: autoDraw = False
515.0301 	EXP 	Fixation2: autoDraw = True
515.1137 	EXP 	Device response: <KeyPress from None: t=505.13118010002654, value=c, duration=9.981831099954434>
516.0136 	EXP 	line1: autoDraw = True
516.0136 	EXP 	line2: autoDraw = True
516.0136 	EXP 	line3: autoDraw = True
516.0136 	EXP 	line4: autoDraw = True
516.0283 	EXP 	Fixation2: autoDraw = False
517.0119 	INFO 	Keyboard events cleared
517.0117 	EXP 	probe2: autoDraw = True
517.3953 	EXP 	Device response: <KeyPress from None: t=517.3827935999725, value=x, duration=None>
517.3959 	EXP 	New trial (rep=24, index=97): <Trial 97 (97 in rep 24) data={'Pos': np.int64(-150), 'corr_resp': 'z', 'thisN': 97, 'thisTrialN': 97, 'thisRepN': 24}>
517.3977 	DATA 	Keypress: x
517.4135 	EXP 	Fixation2: autoDraw = False
517.4135 	EXP 	line1: autoDraw = False
517.4135 	EXP 	line2: autoDraw = False
517.4135 	EXP 	line3: autoDraw = False
517.4135 	EXP 	line4: autoDraw = False
517.4135 	EXP 	probe2: autoDraw = False
517.4135 	EXP 	Fixation2: autoDraw = True
517.5307 	EXP 	Device response: <KeyPress from None: t=517.3827935999725, value=x, duration=0.13454690005164593>
518.3970 	EXP 	line1: autoDraw = True
518.3970 	EXP 	line2: autoDraw = True
518.3970 	EXP 	line3: autoDraw = True
518.3970 	EXP 	line4: autoDraw = True
518.4114 	EXP 	Fixation2: autoDraw = False
519.3949 	INFO 	Keyboard events cleared
519.3947 	EXP 	probe2: autoDraw = True
519.8287 	EXP 	Device response: <KeyPress from None: t=519.8173234000569, value=z, duration=None>
519.8292 	EXP 	New trial (rep=24, index=98): <Trial 98 (98 in rep 24) data={'Pos': np.int64(150), 'corr_resp': 'v', 'thisN': 98, 'thisTrialN': 98, 'thisRepN': 24}>
519.8309 	DATA 	Keypress: z
519.8468 	EXP 	Fixation2: autoDraw = False
519.8468 	EXP 	line1: autoDraw = False
519.8468 	EXP 	line2: autoDraw = False
519.8468 	EXP 	line3: autoDraw = False
519.8468 	EXP 	line4: autoDraw = False
519.8468 	EXP 	probe2: autoDraw = False
519.8468 	EXP 	Fixation2: autoDraw = True
520.0306 	EXP 	Device response: <KeyPress from None: t=519.8173234000569, value=z, duration=0.19877459993585944>
520.8302 	EXP 	line1: autoDraw = True
520.8302 	EXP 	line2: autoDraw = True
520.8302 	EXP 	line3: autoDraw = True
520.8302 	EXP 	line4: autoDraw = True
520.8445 	EXP 	Fixation2: autoDraw = False
521.8451 	INFO 	Keyboard events cleared
521.8449 	EXP 	probe2: autoDraw = True
522.2456 	EXP 	Device response: <KeyPress from None: t=522.2331373000052, value=v, duration=None>
522.2461 	EXP 	New trial (rep=24, index=99): <Trial 99 (99 in rep 24) data={'Pos': np.int64(50), 'corr_resp': 'c', 'thisN': 99, 'thisTrialN': 99, 'thisRepN': 24}>
522.2478 	DATA 	Keypress: v
522.2634 	EXP 	Fixation2: autoDraw = False
522.2634 	EXP 	line1: autoDraw = False
522.2634 	EXP 	line2: autoDraw = False
522.2634 	EXP 	line3: autoDraw = False
522.2634 	EXP 	line4: autoDraw = False
522.2634 	EXP 	probe2: autoDraw = False
522.2634 	EXP 	Fixation2: autoDraw = True
522.3307 	EXP 	Device response: <KeyPress from None: t=522.2331373000052, value=v, duration=0.08148160006385297>
523.2466 	EXP 	line1: autoDraw = True
523.2466 	EXP 	line2: autoDraw = True
523.2466 	EXP 	line3: autoDraw = True
523.2466 	EXP 	line4: autoDraw = True
523.2614 	EXP 	Fixation2: autoDraw = False
524.2618 	INFO 	Keyboard events cleared
524.2616 	EXP 	probe2: autoDraw = True
524.8788 	EXP 	Device response: <KeyPress from None: t=524.8758181000594, value=c, duration=None>
524.8803 	DATA 	Keypress: c
524.8948 	EXP 	Fixation2: autoDraw = False
524.8948 	EXP 	line1: autoDraw = False
524.8948 	EXP 	line2: autoDraw = False
524.8948 	EXP 	line3: autoDraw = False
524.8948 	EXP 	line4: autoDraw = False
524.8948 	EXP 	probe2: autoDraw = False
524.8951 	EXP 	MotorSequence: status = STOPPED
524.9750 	INFO 	saved data to 'C:\\Users\\Darsh Modi\\OneDrive\\Documents\\AU\\PSY310\\Motor Sequence\\data\\P005_MotorSequence_2025-10-03_21h45.06.202.csv'
524.9830 	INFO 	saved data to C:\Users\Darsh Modi\OneDrive\Documents\AU\PSY310\Motor Sequence\data\P005_MotorSequence_2025-10-03_21h45.06.202.psydat
525.2557 	WARNING 	Stopping key buffers but this could be dangerous ifother keyboards rely on the same.
525.2589 	WARNING 	Stopping key buffers but this could be dangerous ifother keyboards rely on the same.
525.2589 	WARNING 	Stopping key buffers but this could be dangerous ifother keyboards rely on the same.
