delay,freq,condition,thisN,thisTrialN,thisRepN,key_resp.keys,key_resp.rt,key_resp.duration,textbox.text,button.numClicks,button.timesOn,button.timesOff,trials.thisRepN,trials.thisTrialN,trials.thisN,trials.thisIndex,thisRow.t,notes,trial.started,Polygon.started,Polygon_2.started,key_resp.started,Polygon.stopped,trial.stopped,trials.key_resp.keys,trials.key_resp.rt,trials.key_resp.duration,beep.started,sound_1.started,sound_1.stopped,beep.stopped,response.started,text.started,textbox.started,button.started,response.stopped,trials.textbox.text,trials.button.numClicks,trials.button.timesOn,trials.button.timesOff,participant,session,Age,date,expName,expVersion,psychopyVersion,frameRate,expStart,
0.7,1000,exp,0,0,0,space,2.6569517999887466,None,330,1,[4.504158600000665],[4.504170299973339],0,0,0,5,0.014734900090843439,,0.011090500047430396,0.014734900090843439,1.006306100054644,1.006306100054644,1.0228671000804752,3.735695500043221,space,2.6569517999887466,None,3.736068500089459,0.7039691000245512,1.0041051000589505,4.754792200052179,4.755905500031076,4.7701180999865755,4.7701180999865755,4.7701180999865755,9.274608800071292,330,1,[4.504158600000665],[4.504170299973339],P001,001,21,2025-11-08_16h50.29.656,intentionalbinding_experiment,,2025.1.1,59.994660462498246,2025-11-08 16h50.46.258406 +0530,
0.7,1000,exp,1,1,0,space,0.3945801999652758,None,700,1,[2.894675499992445],[2.8946871999651194],0,1,1,8,9.289424100075848,,9.274907100014389,9.289424100075848,10.289533499977551,10.289533499977551,10.289533499977551,10.690171000082046,space,0.3945801999652758,None,10.690662999986671,0.6991681999061257,0.9993942999280989,11.703825799981132,11.704343300079927,11.712037599994801,11.712037599994801,11.712037599994801,14.607100400025956,700,1,[2.894675499992445],[2.8946871999651194],P001,001,21,2025-11-08_16h50.29.656,intentionalbinding_experiment,,2025.1.1,59.994660462498246,2025-11-08 16h50.46.258406 +0530,
0.7,1000,exp,2,2,0,space,0.6393793999450281,None,200,1,[2.4295009000925347],[2.4295105000492185],0,2,2,11,14.622319200076163,,14.607412400073372,14.622319200076163,15.622429499984719,15.622429499984719,15.622429499984719,16.273163000005297,space,0.6393793999450281,None,16.274136700085364,0.6991869000485167,0.9994387000333518,17.285367600037716,17.285908300080337,17.294591500074603,17.294591500074603,17.294591500074603,19.724342599976808,200,1,[2.4295009000925347],[2.4295105000492185],P001,001,21,2025-11-08_16h50.29.656,intentionalbinding_experiment,,2025.1.1,59.994660462498246,2025-11-08 16h50.46.258406 +0530,
0.1,1000,exp,3,3,0,space,0.650108200032264,None,50 ,1,[2.833047899999656],[2.833057799958624],0,3,3,9,19.73937520000618,,19.724565600045025,19.73937520000618,20.739340000087395,20.739340000087395,20.739340000087395,21.40620259998832,space,0.650108200032264,None,21.40678800002206,0.09967170003801584,0.39969260001089424,21.815869600046426,21.816162200062536,21.823150800075382,21.823150800075382,21.823150800075382,24.656466500018723,50 ,1,[2.833047899999656],[2.833057799958624],P001,001,21,2025-11-08_16h50.29.656,intentionalbinding_experiment,,2025.1.1,59.994660462498246,2025-11-08 16h50.46.258406 +0530,
0.7,400,unexp,4,4,0,space,1.766431999974884,None,400,1,[2.7779062000336125],[2.777919300016947],0,4,4,2,24.67228639998939,,24.656632700003684,24.67228639998939,25.65579820005223,25.65579820005223,25.672328200074844,27.439561199978925,space,1.766431999974884,None,27.440068700001575,0.6993687000358477,0.9991413000971079,28.45663760008756,28.4568900000304,28.461620600079186,28.461620600079186,28.461620600079186,31.239940300001763,400,1,[2.7779062000336125],[2.777919300016947],P001,001,21,2025-11-08_16h50.29.656,intentionalbinding_experiment,,2025.1.1,59.994660462498246,2025-11-08 16h50.46.258406 +0530,
0.4,1000,exp,5,5,0,space,0.9580566000659019,None,150,1,[2.7933106999844313],[2.7933167000301182],0,5,5,7,31.255304699996486,,31.240238800062798,31.255304699996486,32.25559559999965,32.25559559999965,32.25559559999965,33.22232790000271,space,0.9580566000659019,None,33.22281649999786,0.3996655000373721,0.6996814999729395,33.93885799997952,33.93932570004836,33.94632950006053,33.94632950006053,33.94632950006053,36.73981280007865,150,1,[2.7933106999844313],[2.7933167000301182],P001,001,21,2025-11-08_16h50.29.656,intentionalbinding_experiment,,2025.1.1,59.994660462498246,2025-11-08 16h50.46.258406 +0530,
0.1,1000,exp,6,6,0,space,1.9025998000288382,None,55,1,[1.565291399951093],[1.5652973999967799],0,6,6,3,36.75536319997627,,36.73995429999195,36.75536319997627,37.755467700073496,37.755467700073496,37.755467700073496,39.67248840001412,space,1.9025998000288382,None,39.67307650006842,0.09932489995844662,0.3996208000462502,40.08495829999447,40.08543390000705,40.09091690008063,40.09091690008063,40.09091690008063,41.65638499998022,55,1,[1.565291399951093],[1.5652973999967799],P001,001,21,2025-11-08_16h50.29.656,intentionalbinding_experiment,,2025.1.1,59.994660462498246,2025-11-08 16h50.46.258406 +0530,
0.4,1000,exp,7,7,0,space,0.8227190000470728,None,300,1,[4.44975960010197],[4.449765300028957],0,7,7,4,41.67176679999102,,41.656545800040476,41.67176679999102,42.67194909998216,42.67194909998216,42.67194909998216,43.50573950004764,space,0.8227190000470728,None,43.506276500062086,0.399421300040558,0.6995580000802875,44.216056199977174,44.21655260003172,44.22249459999148,44.22249459999148,44.22249459999148,48.67242489999626,300,1,[4.44975960010197],[4.449765300028957],P001,001,21,2025-11-08_16h50.29.656,intentionalbinding_experiment,,2025.1.1,59.994660462498246,2025-11-08 16h50.46.258406 +0530,
0.4,400,unexp,8,8,0,space,0.3022171000484377,None,10,1,[2.958210099954158],[2.95821679988876],0,8,8,1,48.68832309998106,,48.67258070001844,48.68832309998106,49.67170730000362,49.67170730000362,49.68849139998201,49.988714599981904,space,0.3022171000484377,None,49.98907510004938,0.39954240003135055,0.6996371999848634,50.70751810004003,50.70809420000296,50.71443330007605,50.71443330007605,50.71443330007605,53.672907300060615,10,1,[2.958210099954158],[2.95821679988876],P001,001,21,2025-11-08_16h50.29.656,intentionalbinding_experiment,,2025.1.1,59.994660462498246,2025-11-08 16h50.46.258406 +0530,
0.4,1000,exp,9,9,0,space,0.640648299944587,None,500,1,[2.008156400057487],[2.008161499979906],0,9,9,10,53.688261899980716,,53.67307360004634,53.688261899980716,54.68823680002242,54.68823680002242,54.68823680002242,55.33895060000941,space,0.640648299944587,None,55.33986399997957,0.39932510000653565,0.6991884000599384,56.056718199979514,56.057239299989305,56.06400170002598,56.06400170002598,56.06400170002598,58.07232280005701,500,1,[2.008156400057487],[2.008161499979906],P001,001,21,2025-11-08_16h50.29.656,intentionalbinding_experiment,,2025.1.1,59.994660462498246,2025-11-08 16h50.46.258406 +0530,
0.1,1000,exp,10,10,0,space,0.8577783000655472,None,100,1,[1.8458060000557452],[1.8458142000017688],0,10,10,6,58.0881447000429,,58.072464600089006,58.0881447000429,59.07150740001816,59.07150740001816,59.088065600022674,59.93888250004966,space,0.8577783000655472,None,59.939883599989116,0.09907039999961853,0.3990781999891624,60.35432070004754,60.354673900059424,60.35927080002148,60.35927080002148,60.35927080002148,62.20529589999933,100,1,[1.8458060000557452],[1.8458142000017688],P001,001,21,2025-11-08_16h50.29.656,intentionalbinding_experiment,,2025.1.1,59.994660462498246,2025-11-08 16h50.46.258406 +0530,
0.1,400,unexp,11,11,0,space,0.7052324999822304,None,100,1,[1.5737307999515906],[1.5737363999942318],0,11,11,0,62.22169230005238,,62.20549399999436,62.22169230005238,63.20504060003441,63.20504060003441,63.22141990007367,63.92163610004354,space,0.7052324999822304,None,63.92223550006747,0.09959630004595965,0.3995608000550419,64.33841540000867,64.33896239998285,64.34813030005898,64.34813030005898,64.34813030005898,65.922043700004,100,1,[1.5737307999515906],[1.5737363999942318],P001,001,21,2025-11-08_16h50.29.656,intentionalbinding_experiment,,2025.1.1,59.994660462498246,2025-11-08 16h50.46.258406 +0530,
0.4,1000,exp,12,0,1,space,0.7524857999524102,None,100,1,[4.141280899988487],[4.141287000034936],1,0,12,7,65.93804500007536,,65.92220660008024,65.93804500007536,66.92110979999416,66.92110979999416,66.9377233000705,67.68858539999928,space,0.7524857999524102,None,67.6894803000614,0.39940869994461536,0.6993943999987096,68.40632800001185,68.40686280000955,68.4142743999837,68.4142743999837,68.4142743999837,72.5557444000151,100,1,[4.141280899988487],[4.141287000034936],P001,001,21,2025-11-08_16h50.29.656,intentionalbinding_experiment,,2025.1.1,59.994660462498246,2025-11-08 16h50.46.258406 +0530,
0.1,1000,exp,13,1,1,space,0.7070405000122264,None,65,1,[2.711596299894154],[2.7116087999893352],1,1,13,3,72.57096859999001,,72.55590530007612,72.57096859999001,73.5711117000319,73.5711117000319,73.5711117000319,74.28815460007172,space,0.7070405000122264,None,74.28876300004777,0.0994333999697119,0.39951719995588064,74.7052167999791,74.70546249998733,74.71018539997749,74.71018539997749,74.71018539997749,77.42216060007922,65,1,[2.711596299894154],[2.7116087999893352],P001,001,21,2025-11-08_16h50.29.656,intentionalbinding_experiment,,2025.1.1,59.994660462498246,2025-11-08 16h50.46.258406 +0530,
0.4,400,unexp,14,2,1,space,2.612295600003563,None,100,1,[1.8326713999267668],[1.8326770999701694],1,2,14,1,77.43738650006708,,77.42243959999178,77.43738650006708,78.43737719999626,78.43737719999626,78.43737719999626,81.05457939999178,space,2.612295600003563,None,81.05493189999834,0.3994331998983398,0.6995576999615878,81.76529320003465,81.76567170000635,81.77196849999018,81.77196849999018,81.77196849999018,83.6048274000641,100,1,[1.8326713999267668],[1.8326770999701694],P001,001,21,2025-11-08_16h50.29.656,intentionalbinding_experiment,,2025.1.1,59.994660462498246,2025-11-08 16h50.46.258406 +0530,
0.4,1000,exp,15,3,1,space,0.5798939000815153,None,200,1,[1.7671958000864834],[1.767201800015755],1,3,15,10,83.62068050005473,,83.60497400001623,83.62068050005473,84.6042279000394,84.6042279000394,84.62056499999017,85.18830560008064,space,0.5798939000815153,None,85.18924930004869,0.4156975999940187,0.7158536000642926,85.91495550004765,85.91520390007645,85.92073630006053,85.92073630006053,85.92073630006053,87.68814670003485,200,1,[1.7671958000864834],[1.767201800015755],P001,001,21,2025-11-08_16h50.29.656,intentionalbinding_experiment,,2025.1.1,59.994660462498246,2025-11-08 16h50.46.258406 +0530,
0.1,1000,exp,16,4,1,space,1.1647576000541449,None,50,1,[2.464520600042306],[2.4645337000256404],1,4,16,6,87.70410249999259,,87.68830360006541,87.70410249999259,88.68730370001867,88.68730370001867,88.70400090003386,89.85428880003747,space,1.1647576000541449,None,89.85464949999005,0.09984020004048944,0.3997139000566676,90.26505739998538,90.2655773999868,90.27328780002426,90.27328780002426,90.27328780002426,92.73816810001153,50,1,[2.464520600042306],[2.4645337000256404],P001,001,21,2025-11-08_16h50.29.656,intentionalbinding_experiment,,2025.1.1,59.994660462498246,2025-11-08 16h50.46.258406 +0530,
0.1,400,unexp,17,5,1,space,0.31178540003020316,None,200,1,[4.9253126999828964],[4.925320699927397],1,5,17,0,92.75367150001694,,92.7384735000087,92.75367150001694,93.75372330006212,93.75372330006212,93.75372330006212,94.07055070006754,space,0.31178540003020316,None,94.07121329999063,0.09959320002235472,0.3998380999546498,94.48778429999948,94.48821750003844,94.4955353999976,94.4955353999976,94.4955353999976,99.42106459999923,200,1,[4.9253126999828964],[4.925320699927397],P001,001,21,2025-11-08_16h50.29.656,intentionalbinding_experiment,,2025.1.1,59.994660462498246,2025-11-08 16h50.46.258406 +0530,
0.4,1000,exp,18,6,1,space,0.573806400061585,None,500,1,[3.380970999947749],[3.3809796000132337],1,6,18,4,99.43701130000409,,99.42123410000931,99.43701130000409,100.4203369000461,100.4203369000461,100.43710660003126,101.00440520001575,space,0.573806400061585,None,101.00510100007523,0.3990097000496462,0.6991074000252411,101.71406929998193,101.71438370004762,101.72357000003103,101.72357000003103,101.72357000003103,105.10485210001934,500,1,[3.380970999947749],[3.3809796000132337],P001,001,21,2025-11-08_16h50.29.656,intentionalbinding_experiment,,2025.1.1,59.994660462498246,2025-11-08 16h50.46.258406 +0530,
0.1,1000,exp,19,7,1,space,1.356065099942498,None,700,1,[1.3011840999824926],[1.3011965999612585],1,7,19,9,105.12009360000957,,105.10505590005778,105.12009360000957,106.12012089998461,106.12012089998461,106.12012089998461,107.48725730006117,space,1.356065099942498,None,107.48766940005589,0.09970849996898323,0.399561999947764,107.8948865000857,107.89517320005689,107.90344380005263,107.90344380005263,107.90344380005263,109.20505290001165,700,1,[1.3011840999824926],[1.3011965999612585],P001,001,21,2025-11-08_16h50.29.656,intentionalbinding_experiment,,2025.1.1,59.994660462498246,2025-11-08 16h50.46.258406 +0530,
0.7,400,unexp,20,8,1,space,1.1203518999973312,None,800,1,[2.883868199889548],[2.883873699931428],1,8,20,2,109.21972500008997,,109.20534470002167,109.21972500008997,110.21977050008718,110.21977050008718,110.21977050008718,111.35394960001577,space,1.1203518999973312,None,111.35451350000221,0.6992070000851527,0.9993682000786066,112.36456050002016,112.36485450004693,112.3702524000546,112.3702524000546,112.3702524000546,115.25429469998926,800,1,[2.883868199889548],[2.883873699931428],P001,001,21,2025-11-08_16h50.29.656,intentionalbinding_experiment,,2025.1.1,59.994660462498246,2025-11-08 16h50.46.258406 +0530,
0.7,1000,exp,21,9,1,space,0.7029677999671549,None,650,1,[3.4312129000900313],[3.431218500016257],1,9,21,11,115.26982739998493,,115.25443670002278,115.26982739998493,116.26983150001615,116.26983150001615,116.26983150001615,116.9873012000462,space,0.7029677999671549,None,116.98825380008202,0.6990449000149965,0.9992412999272346,117.99840689997654,117.9991540000774,118.00720930006355,118.00720930006355,118.00720930006355,121.43860610004049,650,1,[3.4312129000900313],[3.431218500016257],P001,001,21,2025-11-08_16h50.29.656,intentionalbinding_experiment,,2025.1.1,59.994660462498246,2025-11-08 16h50.46.258406 +0530,
0.7,1000,exp,22,10,1,space,0.6612218000227585,None,200,1,[1.7450739999767393],[1.7450864999555051],1,10,22,5,121.45311480003875,,121.43874750006944,121.45311480003875,122.45310819998849,122.45310819998849,122.45310819998849,123.120103900088,space,0.6612218000227585,None,123.12048739998136,0.6994115998968482,0.9995691999793053,124.13463900005445,124.13507469999604,124.14196300006006,124.14196300006006,124.14196300006006,125.88741379999556,200,1,[1.7450739999767393],[1.7450864999555051],P001,001,21,2025-11-08_16h50.29.656,intentionalbinding_experiment,,2025.1.1,59.994660462498246,2025-11-08 16h50.46.258406 +0530,
0.7,1000,exp,23,11,1,space,0.19394969998393208,None,900,1,[1.4440839999588206],[1.4440936000319198],1,11,23,8,125.90333720005583,,125.88833700004034,125.90333720005583,126.9027109000599,126.9027109000599,126.9027109000599,127.10323900007643,space,0.19394969998393208,None,127.10370049998164,0.6997067000484094,0.9995904000243172,128.11883290007245,128.11930390005,128.12694680003915,128.12694680003915,128.12694680003915,129.57129680004437,900,1,[1.4440839999588206],[1.4440936000319198],P001,001,21,2025-11-08_16h50.29.656,intentionalbinding_experiment,,2025.1.1,59.994660462498246,2025-11-08 16h50.46.258406 +0530,
0.1,1000,exp,24,0,2,space,0.8035389999859035,None,100,1,[1.4997412998927757],[1.4997613999294117],2,0,24,9,129.58616429998074,,129.57153120008297,129.58616429998074,130.58618710003793,130.58618710003793,130.58618710003793,131.40345690003596,space,0.8035389999859035,None,131.40440280002076,0.0991717999568209,0.39945949998218566,131.81523670000024,131.8155294000171,131.82061559997965,131.82061559997965,131.82061559997965,133.3207075999817,100,1,[1.4997412998927757],[1.4997613999294117],P001,001,21,2025-11-08_16h50.29.656,intentionalbinding_experiment,,2025.1.1,59.994660462498246,2025-11-08 16h50.46.258406 +0530,
0.7,1000,exp,25,1,2,space,0.39123800001107156,None,500,1,[1.4328117000404745],[1.43281690008007],2,1,25,5,133.33614040003158,,133.32085960009135,133.33614040003158,134.3359787000809,134.3359787000809,134.3359787000809,134.73636169999372,space,0.39123800001107156,None,134.73671169998124,0.6996674999827519,0.9996255999431014,135.74552130000666,135.74610550003126,135.75378430006094,135.75378430006094,135.75378430006094,137.18682579998858,500,1,[1.4328117000404745],[1.43281690008007],P001,001,21,2025-11-08_16h50.29.656,intentionalbinding_experiment,,2025.1.1,59.994660462498246,2025-11-08 16h50.46.258406 +0530,
0.7,400,unexp,26,2,2,space,0.268483699997887,None,200,1,[2.1787422000197694],[2.1787529999855906],2,2,26,2,137.20266329997685,,137.18710740003735,137.20266329997685,138.1861082999967,138.1861082999967,138.2026896000607,138.46954010007903,space,0.268483699997887,None,138.46992579998914,0.6996698000002652,0.9995456000324339,139.48493640008382,139.4854542000685,139.49094619997777,139.49094619997777,139.49094619997777,141.67001950007398,200,1,[2.1787422000197694],[2.1787529999855906],P001,001,21,2025-11-08_16h50.29.656,intentionalbinding_experiment,,2025.1.1,59.994660462498246,2025-11-08 16h50.46.258406 +0530,
0.4,1000,exp,27,3,2,space,0.6972981999861076,None,100,1,[1.2166101000038907],[1.2166161000495777],2,3,27,10,141.68630010006018,,141.67030940006953,141.68630010006018,142.68564989999868,142.68564989999868,142.68564989999868,143.386016100063,space,0.6972981999861076,None,143.38635689998046,0.3998909000074491,0.6999235000694171,144.0973789000418,144.09762250003405,144.10257560003083,144.10257560003083,144.10257560003083,145.31935960007831,100,1,[1.2166101000038907],[1.2166161000495777],P001,001,21,2025-11-08_16h50.29.656,intentionalbinding_experiment,,2025.1.1,59.994660462498246,2025-11-08 16h50.46.258406 +0530,
0.4,1000,exp,28,4,2,space,0.5687773000681773,None,800 ,1,[2.1781660999404266],[2.1781729999929667],2,4,28,4,145.33561030006967,,145.3195102000609,145.33561030006967,146.31911170005333,146.31911170005333,146.33581890002824,146.9029515000293,space,0.5687773000681773,None,146.90365800005384,0.39937060000374913,0.6994310000445694,147.61583450005855,147.6163878000807,147.62523680005688,147.62523680005688,147.62523680005688,149.80359660007525,800 ,1,[2.1781660999404266],[2.1781729999929667],P001,001,21,2025-11-08_16h50.29.656,intentionalbinding_experiment,,2025.1.1,59.994660462498246,2025-11-08 16h50.46.258406 +0530,
0.4,1000,exp,29,5,2,space,0.2960540000349283,None,222 ,1,[4.429958999971859],[4.429970299941488],2,5,29,7,149.8188318000175,,149.80374840006698,149.8188318000175,150.81887050007936,150.81887050007936,150.81887050007936,151.119429100072,space,0.2960540000349283,None,151.12021319998894,0.39956350007560104,0.6992741000140086,151.8342597000301,151.83454240008723,151.83935440005735,151.83935440005735,151.83935440005735,156.2697023000801,222 ,1,[4.429958999971859],[4.429970299941488],P001,001,21,2025-11-08_16h50.29.656,intentionalbinding_experiment,,2025.1.1,59.994660462498246,2025-11-08 16h50.46.258406 +0530,
0.4,400,unexp,30,6,2,space,0.40065309999044985,None,170,1,[3.1104499999200925],[3.1104555999627337],2,6,30,1,156.28549250005744,,156.26998240000103,156.28549250005744,157.2852592000272,157.2852592000272,157.2852592000272,157.7022914000554,space,0.40065309999044985,None,157.70295960002113,0.39957619993947446,0.6995534000452608,158.4146322000306,158.41517950000707,158.4254721000325,158.4254721000325,158.4254721000325,161.53611730004195,170,1,[3.1104499999200925],[3.1104555999627337],P001,001,21,2025-11-08_16h50.29.656,intentionalbinding_experiment,,2025.1.1,59.994660462498246,2025-11-08 16h50.46.258406 +0530,
0.1,400,unexp,31,7,2,space,0.6586340999929234,None,400,1,[1.697862399974838],[1.6978694000281394],2,7,31,0,161.55196090007666,,161.5362763000885,161.55196090007666,162.5353806000203,162.5353806000203,162.55196020007133,163.20275110006332,space,0.6586340999929234,None,163.20371190004516,0.09943139995448291,0.3990386000368744,163.61616750003304,163.6165992000606,163.6213414000813,163.6213414000813,163.6213414000813,165.31942519999575,400,1,[1.697862399974838],[1.6978694000281394],P001,001,21,2025-11-08_16h50.29.656,intentionalbinding_experiment,,2025.1.1,59.994660462498246,2025-11-08 16h50.46.258406 +0530,
0.1,1000,exp,32,8,2,space,0.6167284999974072,None,100,1,[1.8230219000251964],[1.8230275000678375],2,8,32,6,165.33518829999957,,165.3196023000637,165.33518829999957,166.33530989999417,166.33530989999417,166.33530989999417,166.96883120003622,space,0.6167284999974072,None,166.96925409999676,0.09965620003640652,0.399819300044328,167.38659390003886,167.38721570000052,167.39644080004655,167.39644080004655,167.39644080004655,169.21964850008953,100,1,[1.8230219000251964],[1.8230275000678375],P001,001,21,2025-11-08_16h50.29.656,intentionalbinding_experiment,,2025.1.1,59.994660462498246,2025-11-08 16h50.46.258406 +0530,
0.1,1000,exp,33,9,2,space,0.29632099997252226,None,100,1,[1.1166377000045031],[1.1166506999870762],2,9,33,3,169.23502430005465,,169.21978970000055,169.23502430005465,170.23511920007877,170.23511920007877,170.23511920007877,170.53524750005454,space,0.29632099997252226,None,170.5355997000588,0.09975239995401353,0.4001100000459701,170.9460390000604,170.9463011000771,170.95185110007878,170.95185110007878,170.95185110007878,172.06885989999864,100,1,[1.1166377000045031],[1.1166506999870762],P001,001,21,2025-11-08_16h50.29.656,intentionalbinding_experiment,,2025.1.1,59.994660462498246,2025-11-08 16h50.46.258406 +0530,
0.7,1000,exp,34,10,2,space,0.3184439999749884,None,200,1,[1.3133851999882609],[1.3133963999571279],2,10,34,8,172.08483389997855,,172.06916190008633,172.08483389997855,173.0680994000286,173.0680994000286,173.0848105000332,173.40184659999795,space,0.3184439999749884,None,173.40252450003754,0.6997583000920713,1.0000108000822365,174.414720700006,174.41526520007756,174.42261800006963,174.42261800006963,174.42261800006963,175.73627710004803,200,1,[1.3133851999882609],[1.3133963999571279],P001,001,21,2025-11-08_16h50.29.656,intentionalbinding_experiment,,2025.1.1,59.994660462498246,2025-11-08 16h50.46.258406 +0530,
0.7,1000,exp,35,11,2,space,0.0909203999908641,None,600,1,[0.7080728999571875],[0.7080778999952599],2,11,35,11,175.7516059000045,,175.73644580005202,175.7516059000045,176.75166270008776,176.75166270008776,176.75166270008776,176.85211119998712,space,0.0909203999908641,None,176.85245340003166,0.6995515999151394,0.9996744999662042,177.86797939997632,177.86853750003502,177.87749420001637,177.87749420001637,177.87749420001637,178.58572940004524,600,1,[0.7080728999571875],[0.7080778999952599],P001,001,21,2025-11-08_16h50.29.656,intentionalbinding_experiment,,2025.1.1,59.994660462498246,2025-11-08 16h50.46.258406 +0530,
0.7,1000,exp,36,0,3,space,0.43631150003056973,None,800,1,[0.8344622000586241],[0.8344866000115871],3,0,36,11,178.60199360002298,,178.5858682000544,178.60199360002298,179.58498030004557,179.58498030004557,179.6013774999883,180.03532140003517,space,0.43631150003056973,None,180.03619940008502,0.6997564000776038,0.9997340000700206,181.04633390007075,181.04663710005116,181.05143460002728,181.05143460002728,181.05143460002728,181.886310000089,800,1,[0.8344622000586241],[0.8344866000115871],P001,001,21,2025-11-08_16h50.29.656,intentionalbinding_experiment,,2025.1.1,59.994660462498246,2025-11-08 16h50.46.258406 +0530,
0.1,400,unexp,37,1,3,space,0.5135993999429047,None,900,1,[1.1930273999460042],[1.193032499984838],3,1,37,0,181.9011963000521,,181.88646890001837,181.9011963000521,182.90111129998695,182.90111129998695,182.90111129998695,183.41846020007506,space,0.5135993999429047,None,183.41938880004454,0.09961339994333684,0.39973860001191497,183.83713080000598,183.83752810000442,183.84274270001333,183.84274270001333,183.84274270001333,185.03593950008508,900,1,[1.1930273999460042],[1.193032499984838],P001,001,21,2025-11-08_16h50.29.656,intentionalbinding_experiment,,2025.1.1,59.994660462498246,2025-11-08 16h50.46.258406 +0530,
0.4,1000,exp,38,2,3,space,0.018675500061362982,None,100 ,1,[2.11539890000131],[2.1154106999747455],3,2,38,7,185.0514731000876,,185.0360779000912,185.0514731000876,186.0513390999986,186.0513390999986,186.0513390999986,186.0850607000757,space,0.018675500061362982,None,186.08544190006796,0.3998236999614164,0.6996110000181943,186.7963519000914,186.7968147000065,186.80303050007205,186.80303050007205,186.80303050007205,188.91879580006935,100 ,1,[2.11539890000131],[2.1154106999747455],P001,001,21,2025-11-08_16h50.29.656,intentionalbinding_experiment,,2025.1.1,59.994660462498246,2025-11-08 16h50.46.258406 +0530,
0.7,1000,exp,39,3,3,space,0.25481100007891655,None,650,1,[2.1296228000428528],[2.1296283000847325],3,3,39,8,188.93450530001428,,188.91909079998732,188.93450530001428,189.917688800022,189.917688800022,189.93468110007234,190.18512889998965,space,0.25481100007891655,None,190.1855121999979,0.6997816000366583,0.9996358000207692,191.19725570001174,191.1978037999943,191.20605809998233,191.20605809998233,191.20605809998233,193.33584940002766,650,1,[2.1296228000428528],[2.1296283000847325],P001,001,21,2025-11-08_16h50.29.656,intentionalbinding_experiment,,2025.1.1,59.994660462498246,2025-11-08 16h50.46.258406 +0530,
0.7,1000,exp,40,4,3,space,0.45999059989117086,None,455,1,[1.6440773999784142],[1.644082500017248],3,4,40,5,193.3509977000067,,193.33600210002623,193.3509977000067,194.35109100001864,194.35109100001864,194.35109100001864,194.81841489998624,space,0.45999059989117086,None,194.81936810002662,0.6991216000169516,0.9991381000727415,195.83700790000148,195.8373031000374,195.84223890001886,195.84223890001886,195.84223890001886,197.48650290002115,455,1,[1.6440773999784142],[1.644082500017248],P001,001,21,2025-11-08_16h50.29.656,intentionalbinding_experiment,,2025.1.1,59.994660462498246,2025-11-08 16h50.46.258406 +0530,
0.4,1000,exp,41,5,3,space,0.6028814000310376,None,555 ,1,[1.8842715000500903],[1.8842808000044897],3,5,41,4,197.50129679997917,,197.48670090001542,197.50129679997917,198.5010524999816,198.5010524999816,198.5010524999816,199.11797360004857,space,0.6028814000310376,None,199.11834240006283,0.39942189992871135,0.6994659999618307,199.82833350007422,199.8286536000669,199.8341065000277,199.8341065000277,199.8341065000277,201.71863380004652,555 ,1,[1.8842715000500903],[1.8842808000044897],P001,001,21,2025-11-08_16h50.29.656,intentionalbinding_experiment,,2025.1.1,59.994660462498246,2025-11-08 16h50.46.258406 +0530,
0.1,1000,exp,42,6,3,space,0.4749887000070885,None,333,1,[2.0640720000956208],[2.0640842000721022],3,6,42,6,201.73413460003212,,201.71885950001888,201.73413460003212,202.73437880002894,202.73437880002894,202.73437880002894,203.21792279998772,space,0.4749887000070885,None,203.21831760008354,0.09961210004985332,0.3992002001032233,203.62770479999017,203.62820270005614,203.6375467000762,203.6375467000762,203.6375467000762,205.70200849999674,333,1,[2.0640720000956208],[2.0640842000721022],P001,001,21,2025-11-08_16h50.29.656,intentionalbinding_experiment,,2025.1.1,59.994660462498246,2025-11-08 16h50.46.258406 +0530,
0.4,1000,exp,43,7,3,space,0.4344725999981165,None,345 ,1,[2.7468478000955656],[2.7468534000217915],3,7,43,10,205.71709950000513,,205.7030337000033,205.71709950000513,206.7172626000829,206.7172626000829,206.7172626000829,207.16754150006454,space,0.4344725999981165,None,207.1679962000344,0.3997628999641165,0.6996386999962851,207.88569870009087,207.88592590007465,207.890897699981,207.890897699981,207.890897699981,210.63791390007827,345 ,1,[2.7468478000955656],[2.7468534000217915],P001,001,21,2025-11-08_16h50.29.656,intentionalbinding_experiment,,2025.1.1,59.994660462498246,2025-11-08 16h50.46.258406 +0530,
0.4,400,unexp,44,8,3,space,0.15319730003830045,None,555,1,[1.9099000000860542],[1.9099082000320777],3,8,44,1,210.6528897000244,,210.63805750000756,210.6528897000244,211.6539587000152,211.6539587000152,211.6539587000152,211.82023140008096,space,0.15319730003830045,None,211.82068410003558,0.39982479996979237,0.7158680000575259,212.53623500000685,212.5365006000502,212.5415799000766,212.5415799000766,212.5415799000766,214.45171850000042,555,1,[1.9099000000860542],[1.9099082000320777],P001,001,21,2025-11-08_16h50.29.656,intentionalbinding_experiment,,2025.1.1,59.994660462498246,2025-11-08 16h50.46.258406 +0530,
0.1,1000,exp,45,9,3,space,0.36374549998436123,None,650,1,[2.264330100035295],[2.2643349999561906],3,9,45,9,214.46709719998762,,214.45187450002413,214.46709719998762,215.46708610001951,215.46708610001951,215.46708610001951,215.83413460000884,space,0.36374549998436123,None,215.8345744999824,0.09984849998727441,0.399909200030379,216.2443225000752,216.2448924999917,216.25414540001657,216.25414540001657,216.25414540001657,218.51863469998352,650,1,[2.264330100035295],[2.2643349999561906],P001,001,21,2025-11-08_16h50.29.656,intentionalbinding_experiment,,2025.1.1,59.994660462498246,2025-11-08 16h50.46.258406 +0530,
0.1,1000,exp,46,10,3,space,1.3446384000126272,None,450,1,[5.679500899976119],[5.679506500018761],3,10,46,3,218.534107399988,,218.51876810006797,218.534107399988,219.53337610000744,219.53337610000744,219.53337610000744,220.883962300024,space,1.3446384000126272,None,220.88464699999895,0.09939959994517267,0.3994027000153437,221.29810910008382,221.29858010006137,221.30923910008278,221.30923910008278,221.30923910008278,226.98895040003117,450,1,[5.679500899976119],[5.679506500018761],P001,001,21,2025-11-08_16h50.29.656,intentionalbinding_experiment,,2025.1.1,59.994660462498246,2025-11-08 16h50.46.258406 +0530,
0.7,400,unexp,47,11,3,space,1.3176754000596702,None,950,1,[2.493821700103581],[2.4938272000290453],3,11,47,2,227.0028915000148,,226.98909920000006,227.0028915000148,228.00005480006803,228.00005480006803,228.01686590001918,229.33397530007642,space,1.3176754000596702,None,229.33431910001673,0.6993657000130042,0.9993094999808818,230.34830170008354,230.34885020006914,230.35698739998043,230.35698739998043,230.35698739998043,232.85100000002421,950,1,[2.493821700103581],[2.4938272000290453],P001,001,21,2025-11-08_16h50.29.656,intentionalbinding_experiment,,2025.1.1,59.994660462498246,2025-11-08 16h50.46.258406 +0530,
0.4,1000,exp,48,0,4,space,0.6286650000838563,None,100,1,[1.1891066000098363],[1.1891195999924093],4,0,48,4,232.86643679998815,,232.85114809998777,232.86643679998815,233.86675859999377,233.86675859999377,233.86675859999377,234.50030339998193,space,0.6286650000838563,None,234.50064740004018,0.399331699940376,0.6993174999952316,235.21891719999257,235.21933049999643,235.22810930002015,235.22810930002015,235.22810930002015,236.4176208000863,100,1,[1.1891066000098363],[1.1891195999924093],P001,001,21,2025-11-08_16h50.29.656,intentionalbinding_experiment,,2025.1.1,59.994660462498246,2025-11-08 16h50.46.258406 +0530,
0.1,1000,exp,49,1,4,space,1.1214364999905229,None,100,1,[1.8319382999325171],[1.8319436999736354],4,1,49,6,236.43353330006357,,236.4179307000013,236.43353330006357,237.43315739999525,237.43315739999525,237.43315739999525,238.5669619999826,space,1.1214364999905229,None,238.5673793000169,0.0995419000973925,0.39965700008906424,238.9766132000368,238.97717249998823,238.98525849997532,238.98525849997532,238.98525849997532,240.81738420005422,100,1,[1.8319382999325171],[1.8319436999736354],P001,001,21,2025-11-08_16h50.29.656,intentionalbinding_experiment,,2025.1.1,59.994660462498246,2025-11-08 16h50.46.258406 +0530,
0.1,400,unexp,50,2,4,space,0.36273609998170286,None,450,1,[2.7129446000326425],[2.712950099958107],4,2,50,0,240.83292419998907,,240.81756490003318,240.83292419998907,241.83289140008856,241.83289140008856,241.83289140008856,242.19994179997593,space,0.36273609998170286,None,242.20057850005105,0.09950709994882345,0.39984830003231764,242.61677810002584,242.61703620001208,242.6217706000898,242.6217706000898,242.6217706000898,245.33489140006714,450,1,[2.7129446000326425],[2.712950099958107],P001,001,21,2025-11-08_16h50.29.656,intentionalbinding_experiment,,2025.1.1,59.994660462498246,2025-11-08 16h50.46.258406 +0530,
0.7,1000,exp,51,3,4,space,0.30221379990689456,None,750,1,[2.530991300009191],[2.5309967000503093],4,3,51,8,245.34977900004014,,245.3350229000207,245.34977900004014,246.34962970006745,246.34962970006745,246.34962970006745,246.66676549997646,space,0.30221379990689456,None,246.66766440006904,0.6995822000317276,0.9994418000569567,247.67858750000596,247.67889229999855,247.6858535000356,247.6858535000356,247.6858535000356,250.21700710000005,750,1,[2.530991300009191],[2.5309967000503093],P001,001,21,2025-11-08_16h50.29.656,intentionalbinding_experiment,,2025.1.1,59.994660462498246,2025-11-08 16h50.46.258406 +0530,
0.4,400,unexp,52,4,4,space,0.08973429992329329,None,600,1,[2.328252200037241],[2.3282629000023007],4,4,52,1,250.23274410003796,,250.21715010004118,250.23274410003796,251.23263290000614,251.23263290000614,251.23263290000614,251.33296220004559,space,0.08973429992329329,None,251.33371050003916,0.39953749999403954,0.6995778999989852,252.0443510999903,252.04480020003393,252.0553677000571,252.0553677000571,252.0553677000571,254.38391930004582,600,1,[2.328252200037241],[2.3282629000023007],P001,001,21,2025-11-08_16h50.29.656,intentionalbinding_experiment,,2025.1.1,59.994660462498246,2025-11-08 16h50.46.258406 +0530,
0.1,1000,exp,53,5,4,space,0.2899252000497654,None,650,1,[3.458328199922107],[3.4583378999959677],4,5,53,9,254.39941230008844,,254.38417690002825,254.39941230008844,255.39935269998387,255.39935269998387,255.39935269998387,255.69996860006358,space,0.2899252000497654,None,255.70087439997587,0.09924919996410608,0.39948180003557354,256.117879300029,256.1184801000636,256.12615150003694,256.12615150003694,256.12615150003694,259.5847352000419,650,1,[3.458328199922107],[3.4583378999959677],P001,001,21,2025-11-08_16h50.29.656,intentionalbinding_experiment,,2025.1.1,59.994660462498246,2025-11-08 16h50.46.258406 +0530,
0.7,1000,exp,54,6,4,space,0.7479369000066072,None,400,1,[2.244687999947928],[2.2446932999882847],4,6,54,11,259.59932100004517,,259.58490010001697,259.59932100004517,260.5992104000179,260.5992104000179,260.5992104000179,261.34969100006856,space,0.7479369000066072,None,261.3506115999771,0.699627700028941,0.9994839000282809,262.3667063000612,262.3669330000412,262.371538800071,262.371538800071,262.371538800071,264.61640860000625,400,1,[2.244687999947928],[2.2446932999882847],P001,001,21,2025-11-08_16h50.29.656,intentionalbinding_experiment,,2025.1.1,59.994660462498246,2025-11-08 16h50.46.258406 +0530,
0.4,1000,exp,55,7,4,space,0.3464817999629304,None,200,1,[2.3776436001062393],[2.3776490000309423],4,7,55,10,264.6324174000183,,264.61658170004375,264.6324174000183,265.615863300045,265.615863300045,265.63248999998905,265.96633750002366,space,0.3464817999629304,None,265.96720529999584,0.39931459992658347,0.6991131999529898,266.6781184000429,266.6785771000432,266.68833610008005,266.68833610008005,266.68833610008005,269.06616649997886,200,1,[2.3776436001062393],[2.3776490000309423],P001,001,21,2025-11-08_16h50.29.656,intentionalbinding_experiment,,2025.1.1,59.994660462498246,2025-11-08 16h50.46.258406 +0530,
0.7,400,unexp,56,8,4,space,0.48290230007842183,None,300,1,[2.0962224999675527],[2.0962284000124782],4,8,56,2,269.0821823000442,,269.06631690007634,269.0821823000442,270.0656920000911,270.0656920000911,270.0822388000088,270.5491951000877,space,0.48290230007842183,None,270.5495404000394,0.6995958000188693,0.9995728000067174,271.5646001000423,271.56495909998193,271.57013100001495,271.57013100001495,271.57013100001495,273.6665323000634,300,1,[2.0962224999675527],[2.0962284000124782],P001,001,21,2025-11-08_16h50.29.656,intentionalbinding_experiment,,2025.1.1,59.994660462498246,2025-11-08 16h50.46.258406 +0530,
0.4,1000,exp,57,9,4,space,0.9484191000228748,None,400,1,[1.9309372999705374],[1.9309424000093713],4,9,57,7,273.6821416000603,,273.66667599999346,273.6821416000603,274.68224330001976,274.68224330001976,274.68224330001976,275.6324272999773,space,0.9484191000228748,None,275.6329703000374,0.39961480000056326,0.6998118000337854,276.3443352000322,276.344864099985,276.3513900000835,276.3513900000835,276.3513900000835,278.28249460004736,400,1,[1.9309372999705374],[1.9309424000093713],P001,001,21,2025-11-08_16h50.29.656,intentionalbinding_experiment,,2025.1.1,59.994660462498246,2025-11-08 16h50.46.258406 +0530,
0.1,1000,exp,58,10,4,space,0.5989618999883533,None,100,1,[3.895400899928063],[3.895413799909875],4,10,58,3,278.2986148999771,,278.28267600003164,278.2986148999771,279.28231640008744,279.28231640008744,279.2989088000031,279.8824982000515,space,0.5989618999883533,None,279.8828764000209,0.09947290003765374,0.399593299953267,280.2986421000678,280.29892840003595,280.30380640004296,280.30380640004296,280.30380640004296,284.19958920008503,100,1,[3.895400899928063],[3.895413799909875],P001,001,21,2025-11-08_16h50.29.656,intentionalbinding_experiment,,2025.1.1,59.994660462498246,2025-11-08 16h50.46.258406 +0530,
0.7,1000,exp,59,11,4,space,0.521848600008525,None,350,1,[6.0086437000427395],[6.008649200084619],4,11,59,5,284.21498360007536,,284.1998823999893,284.21498360007536,285.2151288000168,285.2151288000168,285.2151288000168,285.7489618000109,space,0.521848600008525,None,285.7496745000826,0.6995716000674292,0.9995544999837875,286.76565700001083,286.7661197000416,286.7741082999855,286.7741082999855,286.7741082999855,292.782958200085,350,1,[6.0086437000427395],[6.008649200084619],P001,001,21,2025-11-08_16h50.29.656,intentionalbinding_experiment,,2025.1.1,59.994660462498246,2025-11-08 16h50.46.258406 +0530,
0.1,1000,exp,60,0,5,space,0.356265899958089,None,10,1,[3.049058899981901],[3.0490644000237808],5,0,60,6,292.7981754000066,,292.7831195000326,292.7981754000066,293.79849499999546,293.79849499999546,293.79849499999546,294.16525199997704,space,0.356265899958089,None,294.16564760007896,0.09959509992040694,0.39975240000057966,294.5776349999942,294.57795569999143,294.5831246000016,294.5831246000016,294.5831246000016,297.6323481000727,10,1,[3.049058899981901],[3.0490644000237808],P001,001,21,2025-11-08_16h50.29.656,intentionalbinding_experiment,,2025.1.1,59.994660462498246,2025-11-08 16h50.46.258406 +0530,
0.1,1000,exp,61,1,5,space,1.0832962000276893,None,600,1,[2.4582173000089824],[2.458222799934447],5,1,61,9,297.6482008000603,,297.63248690008186,297.6482008000603,298.6478855999885,298.6478855999885,298.6478855999885,299.7316540000029,space,1.0832962000276893,None,299.7322666000109,0.09955899999476969,0.3997780999634415,300.1478323000483,300.14817250007764,300.1570295999991,300.1570295999991,300.1570295999991,302.6154649000382,600,1,[2.4582173000089824],[2.458222799934447],P001,001,21,2025-11-08_16h50.29.656,intentionalbinding_experiment,,2025.1.1,59.994660462498246,2025-11-08 16h50.46.258406 +0530,
0.7,1000,exp,62,2,5,space,0.3989133998984471,None,650,1,[1.9659898000536487],[1.9659951000940055],5,2,62,5,302.6315258999821,,302.6156227000756,302.6315258999821,303.6149736000225,303.6149736000225,303.6313458000077,304.0152119999984,space,0.3989133998984471,None,304.0157101000659,0.6996988001046702,0.9995451000286266,305.02562720002607,305.02609840000514,305.03320040006656,305.03320040006656,305.03320040006656,306.99935800000094,650,1,[1.9659898000536487],[1.9659951000940055],P001,001,21,2025-11-08_16h50.29.656,intentionalbinding_experiment,,2025.1.1,59.994660462498246,2025-11-08 16h50.46.258406 +0530,
0.1,1000,exp,63,3,5,space,0.25971630006097257,None,100,1,[2.594862899975851],[2.594870900036767],5,3,63,3,307.01475430000573,,306.99949820002075,307.01475430000573,308.01497390004806,308.01497390004806,308.01497390004806,308.2816383000463,space,0.25971630006097257,None,308.2820347000379,0.09968720003962517,0.3996522000525147,308.69466560008004,308.6952109000413,308.7037097000284,308.7037097000284,308.7037097000284,311.29879999998957,100,1,[2.594862899975851],[2.594870900036767],P001,001,21,2025-11-08_16h50.29.656,intentionalbinding_experiment,,2025.1.1,59.994660462498246,2025-11-08 16h50.46.258406 +0530,
0.7,400,unexp,64,4,5,space,0.33183939999435097,None,900,1,[3.126963199931197],[3.1269791999366134],5,4,64,2,311.3148327000672,,311.29896510008257,311.3148327000672,312.2981343000429,312.2981343000429,312.3146048000781,312.6316760000773,space,0.33183939999435097,None,312.6320987000363,0.6994899000274017,0.9991930000251159,313.64452590001747,313.6449701000238,313.6548063000664,313.6548063000664,313.6548063000664,316.7821442000568,900,1,[3.126963199931197],[3.1269791999366134],P001,001,21,2025-11-08_16h50.29.656,intentionalbinding_experiment,,2025.1.1,59.994660462498246,2025-11-08 16h50.46.258406 +0530,
0.4,1000,exp,65,5,5,space,0.9634870999725536,None,200,1,[1.7500421999720857],[1.7500508999219164],5,5,65,4,316.7976879000198,,316.78232280001976,316.7976879000198,317.7978061999893,317.7978061999893,317.7978061999893,318.7648393000709,space,0.9634870999725536,None,318.76573590002954,0.39949670003261417,0.6994348999578506,319.47524830000475,319.47559859999456,319.48128960002214,319.48128960002214,319.48128960002214,321.2315961000277,200,1,[1.7500421999720857],[1.7500508999219164],P001,001,21,2025-11-08_16h50.29.656,intentionalbinding_experiment,,2025.1.1,59.994660462498246,2025-11-08 16h50.46.258406 +0530,
0.7,1000,exp,66,6,5,space,0.0875523000722751,None,700,1,[2.477183899958618],[2.47719269990921],5,6,66,11,321.2474208000349,,321.23183679999784,321.2474208000349,322.23098120000213,322.23098120000213,322.2476422000909,322.3312171000289,space,0.0875523000722751,None,322.3316429000115,0.699775299988687,0.9996872000629082,323.34705360000953,323.3474786999868,323.3541728000855,323.3541728000855,323.3541728000855,325.83159100008197,700,1,[2.477183899958618],[2.47719269990921],P001,001,21,2025-11-08_16h50.29.656,intentionalbinding_experiment,,2025.1.1,59.994660462498246,2025-11-08 16h50.46.258406 +0530,
0.1,400,unexp,67,7,5,space,0.45377030002418905,None,100,1,[2.466913799988106],[2.466925600077957],5,7,67,0,325.84726730000693,,325.8317457999801,325.84726730000693,326.83074580004904,326.83074580004904,326.8474363000132,327.29821100004483,space,0.45377030002418905,None,327.2991445000516,0.09936320001725107,0.3993170999456197,327.7083904000465,327.7090015000431,327.71434449998196,327.71434449998196,327.71434449998196,330.181618200033,100,1,[2.466913799988106],[2.466925600077957],P001,001,21,2025-11-08_16h50.29.656,intentionalbinding_experiment,,2025.1.1,59.994660462498246,2025-11-08 16h50.46.258406 +0530,
0.4,1000,exp,68,8,5,space,0.7828312999336049,None,400,1,[2.580516399932094],[2.5805218999739736],5,8,68,10,330.1970376999816,,330.18190850003157,330.1970376999816,331.19702670001425,331.19702670001425,331.19702670001425,331.981128500076,space,0.7828312999336049,None,331.98148800001945,0.39946450002025813,0.6993426999542862,332.69567440007813,332.69594240002334,332.700790300034,332.700790300034,332.700790300034,335.2814841000363,400,1,[2.580516399932094],[2.5805218999739736],P001,001,21,2025-11-08_16h50.29.656,intentionalbinding_experiment,,2025.1.1,59.994660462498246,2025-11-08 16h50.46.258406 +0530,
0.4,1000,exp,69,9,5,space,0.2569353999570012,None,100,1,[2.464099399978295],[2.464104700018652],5,9,69,7,335.29709170002025,,335.2816288000904,335.29709170002025,336.29723840008955,336.29723840008955,336.29723840008955,336.56427840003744,space,0.2569353999570012,None,336.564833200071,0.39970039995387197,0.6996010999428108,337.2782845000038,337.27881580009125,337.2837872999953,337.2837872999953,337.2837872999953,339.7480534000788,100,1,[2.464099399978295],[2.464104700018652],P001,001,21,2025-11-08_16h50.29.656,intentionalbinding_experiment,,2025.1.1,59.994660462498246,2025-11-08 16h50.46.258406 +0530,
0.4,400,unexp,70,10,5,space,0.2968961000442505,None,900,1,[2.1333807000191882],[2.133389300084673],5,10,70,1,339.7638937000884,,339.74819399998523,339.7638937000884,340.7470841000322,340.7470841000322,340.7638364000013,341.0474576000124,space,0.2968961000442505,None,341.0478426000336,0.3996925000101328,0.6996795000741258,341.7584942000685,341.7587954000337,341.7644912999822,341.7644912999822,341.7644912999822,343.8981216000393,900,1,[2.1333807000191882],[2.133389300084673],P001,001,21,2025-11-08_16h50.29.656,intentionalbinding_experiment,,2025.1.1,59.994660462498246,2025-11-08 16h50.46.258406 +0530,
0.7,1000,exp,71,11,5,space,0.28471699997317046,None,150,1,[2.3260629000142217],[2.326071299961768],5,11,71,8,343.9137690999778,,343.89832670008764,343.9137690999778,344.9138318999903,344.9138318999903,344.9138318999903,345.2142401000019,space,0.28471699997317046,None,345.2148254000349,0.6990588000044227,0.9990269999252632,346.2275664000772,346.22807100007776,346.2384279000107,346.2384279000107,346.2384279000107,348.564718300011,150,1,[2.3260629000142217],[2.326071299961768],P001,001,21,2025-11-08_16h50.29.656,intentionalbinding_experiment,,2025.1.1,59.994660462498246,2025-11-08 16h50.46.258406 +0530,
0.4,1000,exp,72,0,6,space,2.3544559000292793,None,100,1,[1.9137960999505594],[1.913801799993962],6,0,72,10,348.58018100005575,,348.56487400003243,348.58018100005575,349.58010880008806,349.58010880008806,349.58010880008806,351.9472346000839,space,2.3544559000292793,None,351.94792449998204,0.3996006000088528,0.69953609991353,352.65859260002617,352.65901539998595,352.6668510000454,352.6668510000454,352.6668510000454,354.58081329998095,100,1,[1.9137960999505594],[1.913801799993962],P001,001,21,2025-11-08_16h50.29.656,intentionalbinding_experiment,,2025.1.1,59.994660462498246,2025-11-08 16h50.46.258406 +0530,
0.7,1000,exp,73,1,6,space,0.6162603999255225,None,999,1,[1.9273120999569073],[1.927317599998787],6,1,73,8,354.59651820000727,,354.58095149998553,354.59651820000727,355.5800448000664,355.5800448000664,355.59659740002826,356.1969707000535,space,0.6162603999255225,None,356.1979256999912,0.699375499971211,0.9994949999963865,357.21552770002745,357.2157884000335,357.2206268000882,357.2206268000882,357.2206268000882,359.14812170004006,999,1,[1.9273120999569073],[1.927317599998787],P001,001,21,2025-11-08_16h50.29.656,intentionalbinding_experiment,,2025.1.1,59.994660462498246,2025-11-08 16h50.46.258406 +0530,
0.1,1000,exp,74,2,6,space,0.3410742999985814,None,276 ,1,[2.6289319000206888],[2.628943799994886],6,2,74,9,359.1632653999841,,359.1482769000577,359.1632653999841,360.16309550008737,360.16309550008737,360.16309550008737,360.5137627000222,space,0.3410742999985814,None,360.5146998000564,0.09939630003646016,0.39928730006795377,360.9280049999943,360.92842970008496,360.9349803000223,360.9349803000223,360.9349803000223,363.56429520004895,276 ,1,[2.6289319000206888],[2.628943799994886],P001,001,21,2025-11-08_16h50.29.656,intentionalbinding_experiment,,2025.1.1,59.994660462498246,2025-11-08 16h50.46.258406 +0530,
0.7,1000,exp,75,3,6,space,0.2687812999356538,None,350,1,[2.1595186000922695],[2.1595305000664666],6,3,75,11,363.57959059998393,,363.5645941999974,363.57959059998393,364.5796882000286,364.5796882000286,364.5796882000286,364.8633495999966,space,0.2687812999356538,None,364.8637376000406,0.6998155999463052,0.999824499944225,365.8785785000073,365.8791440000059,365.8872275000904,365.8872275000904,365.8872275000904,368.0470095999772,350,1,[2.1595186000922695],[2.1595305000664666],P001,001,21,2025-11-08_16h50.29.656,intentionalbinding_experiment,,2025.1.1,59.994660462498246,2025-11-08 16h50.46.258406 +0530,
0.1,1000,exp,76,4,6,space,0.02151750004850328,None,1,1,[2.793729899916798],[2.793736799969338],6,4,76,6,368.0629350000527,,368.0472310000332,368.0629350000527,369.04641429998446,369.04641429998446,369.0629100999795,369.0801537000807,space,0.02151750004850328,None,369.08058020006865,0.09939139999914914,0.3996687999460846,369.4948330000043,369.49541970004793,369.50274370005354,369.50274370005354,369.50274370005354,372.296689299983,1,1,[2.793729899916798],[2.793736799969338],P001,001,21,2025-11-08_16h50.29.656,intentionalbinding_experiment,,2025.1.1,59.994660462498246,2025-11-08 16h50.46.258406 +0530,
0.4,1000,exp,77,5,6,space,0.7312686999794096,None,300,1,[2.566478099906817],[2.566487899981439],6,5,77,7,372.31283050007187,,372.296840300085,372.31283050007187,373.29637890006416,373.29637890006416,373.31268880004063,374.03037440008484,space,0.7312686999794096,None,374.0307501000352,0.41589049994945526,0.7159549000207335,374.75703340000473,374.7573893000372,374.76337190007325,374.76337190007325,374.76337190007325,377.33018799999263,300,1,[2.566478099906817],[2.566487899981439],P001,001,21,2025-11-08_16h50.29.656,intentionalbinding_experiment,,2025.1.1,59.994660462498246,2025-11-08 16h50.46.258406 +0530,
0.7,400,unexp,78,6,6,space,0.14061450003646314,None,100,1,[2.1112875000108033],[2.111294799949974],6,6,78,2,377.3457498999778,,377.3304390000412,377.3457498999778,378.3457282000454,378.3457282000454,378.3457282000454,378.4961801000172,space,0.14061450003646314,None,378.4969002000289,0.6995139999780804,0.9995243999874219,379.5079480999848,379.50841060001403,379.51836119999643,379.51836119999643,379.51836119999643,381.62987870001234,100,1,[2.1112875000108033],[2.111294799949974],P001,001,21,2025-11-08_16h50.29.656,intentionalbinding_experiment,,2025.1.1,59.994660462498246,2025-11-08 16h50.46.258406 +0530,
0.4,400,unexp,79,7,6,space,0.5718503999523818,None,400,1,[2.0460305999731645],[2.046038700034842],6,7,79,1,381.64592330006417,,381.6300643000286,381.64592330006417,382.6291174000362,382.6291174000362,382.64580100006424,383.2133197999792,space,0.5718503999523818,None,383.21426490007434,0.39916190004441887,0.6989668000023812,383.9285344000673,383.92882070003543,383.9338759999955,383.9338759999955,383.9338759999955,385.9802036000183,400,1,[2.0460305999731645],[2.046038700034842],P001,001,21,2025-11-08_16h50.29.656,intentionalbinding_experiment,,2025.1.1,59.994660462498246,2025-11-08 16h50.46.258406 +0530,
0.1,400,unexp,80,8,6,space,0.752788299927488,None,400,1,[2.1300715999677777],[2.1300805000355467],6,8,80,0,385.99577200005297,,385.9805335000856,385.99577200005297,386.9959338000044,386.9959338000044,386.9959338000044,387.7632179000648,space,0.752788299927488,None,387.7639772000257,0.09907789994031191,0.3993217999814078,388.17409970005974,388.17453950003255,388.182747200015,388.182747200015,388.182747200015,390.31313530006446,400,1,[2.1300715999677777],[2.1300805000355467],P001,001,21,2025-11-08_16h50.29.656,intentionalbinding_experiment,,2025.1.1,59.994660462498246,2025-11-08 16h50.46.258406 +0530,
0.1,1000,exp,81,9,6,space,0.2138142999028787,None,100,1,[1.7787300000200048],[1.7787432000041008],6,9,81,3,390.32892100000754,,390.313384899986,390.32892100000754,391.3126433000434,391.3126433000434,391.3291345000034,391.52958390000276,space,0.2138142999028787,None,391.53058190003503,0.09947829996235669,0.39966379990801215,391.9452232000185,391.9455206000712,391.9505315000424,391.9505315000424,391.9505315000424,393.72963710001204,100,1,[1.7787300000200048],[1.7787432000041008],P001,001,21,2025-11-08_16h50.29.656,intentionalbinding_experiment,,2025.1.1,59.994660462498246,2025-11-08 16h50.46.258406 +0530,
0.7,1000,exp,82,10,6,space,0.25265939999371767,None,800,1,[3.6123824999667704],[3.6123874000040814],6,10,82,5,393.7453509999905,,393.72993180004414,393.7453509999905,394.74529730004724,394.74529730004724,394.74529730004724,395.01252850005403,space,0.25265939999371767,None,395.0131177000003,0.6996765000512823,0.9997449000366032,396.02871950005647,396.02899949997663,396.033824400045,396.033824400045,396.033824400045,399.64637069997843,800,1,[3.6123824999667704],[3.6123874000040814],P001,001,21,2025-11-08_16h50.29.656,intentionalbinding_experiment,,2025.1.1,59.994660462498246,2025-11-08 16h50.46.258406 +0530,
0.4,1000,exp,83,11,6,space,0.17726639995817095,None,100,1,[1.526043700054288],[1.526049799984321],6,11,83,4,399.66221430001315,,399.64651820005383,399.66221430001315,400.645529899979,400.645529899979,400.6619260000298,400.8289947999874,space,0.17726639995817095,None,400.82945990003645,0.3999080000212416,0.6997402000706643,401.5453975000419,401.54590780008584,401.5537476000609,401.5537476000609,401.5537476000609,403.0799788000295,100,1,[1.526043700054288],[1.526049799984321],P001,001,21,2025-11-08_16h50.29.656,intentionalbinding_experiment,,2025.1.1,59.994660462498246,2025-11-08 16h50.46.258406 +0530,
0.4,1000,exp,84,0,7,space,0.13244040007703006,None,100,1,[1.4888695999979973],[1.4888763999333605],7,0,84,7,403.095289500081,,403.08014189999085,403.095289500081,404.0953730000183,404.0953730000183,404.0953730000183,404.2288976000855,space,0.13244040007703006,None,404.2294083000161,0.3999094000319019,0.6999400000786409,404.9489005000796,404.9493999000406,404.95662589999847,404.95662589999847,404.95662589999847,406.4456804000074,100,1,[1.4888695999979973],[1.4888763999333605],P001,001,21,2025-11-08_16h50.29.656,intentionalbinding_experiment,,2025.1.1,59.994660462498246,2025-11-08 16h50.46.258406 +0530,
0.7,1000,exp,85,1,7,space,0.47893059998750687,None,800,1,[1.489319600048475],[1.489332800032571],7,1,85,5,406.46178100002,,406.4458456999855,406.46178100002,407.4452253000345,407.4452253000345,407.461802200065,407.9286150999833,space,0.47893059998750687,None,407.9289874000242,0.6996729000238702,0.9996974000241607,408.9447284999769,408.9452610000735,408.956061600009,408.956061600009,408.956061600009,410.4457846999867,800,1,[1.489319600048475],[1.489332800032571],P001,001,21,2025-11-08_16h50.29.656,intentionalbinding_experiment,,2025.1.1,59.994660462498246,2025-11-08 16h50.46.258406 +0530,
0.1,1000,exp,86,2,7,space,0.28763079992495477,None,50,1,[2.5629103999817744],[2.5629158000228927],7,2,86,9,410.4616495000664,,410.44610070006456,410.4616495000664,411.4450401000213,411.4450401000213,411.4618128000293,411.74539659998845,space,0.28763079992495477,None,411.74575260002166,0.09955769998487085,0.39989549992606044,412.1560962999938,412.15662939997856,412.16592860000674,412.16592860000674,412.16592860000674,414.7290081999963,50,1,[2.5629103999817744],[2.5629158000228927],P001,001,21,2025-11-08_16h50.29.656,intentionalbinding_experiment,,2025.1.1,59.994660462498246,2025-11-08 16h50.46.258406 +0530,
0.4,400,unexp,87,3,7,space,0.23889879998750985,None,450,1,[4.456509199924767],[4.456517899991013],7,3,87,1,414.74485870008357,,414.7291485000169,414.74485870008357,415.7284091000911,415.7284091000911,415.7448764999863,415.9786297000246,space,0.23889879998750985,None,415.97898790007457,0.3996527000563219,0.6996717000147328,416.69848410005216,416.6989601000678,416.7061878000386,416.7061878000386,416.7061878000386,421.16295040003024,450,1,[4.456509199924767],[4.456517899991013],P001,001,21,2025-11-08_16h50.29.656,intentionalbinding_experiment,,2025.1.1,59.994660462498246,2025-11-08 16h50.46.258406 +0530,
0.1,400,unexp,88,4,7,space,0.8167827000143006,None,600,1,[3.7956966999918222],[3.795702200033702],7,4,88,0,421.1781336000422,,421.163100500009,421.1781336000422,422.1781580999959,422.1781580999959,422.1781580999959,423.0117677000817,space,0.8167827000143006,None,423.01212970004417,0.0995155000127852,0.39966700004879385,423.42833480006084,423.4286422000732,423.4332838000264,423.4332838000264,423.4332838000264,427.22914439998567,600,1,[3.7956966999918222],[3.795702200033702],P001,001,21,2025-11-08_16h50.29.656,intentionalbinding_experiment,,2025.1.1,59.994660462498246,2025-11-08 16h50.46.258406 +0530,
0.1,1000,exp,89,5,7,space,0.14038029999937862,None,103,1,[1.7271520000649616],[1.7271571999881417],7,5,89,3,427.24475369998254,,427.22930670005735,427.24475369998254,428.24493739998434,428.24493739998434,428.24493739998434,428.39523490006104,space,0.14038029999937862,None,428.39597770001274,0.09974749991670251,0.39952310000080615,428.8089624000713,428.8096091999905,428.8181940000504,428.8181940000504,428.8181940000504,430.54559830005746,103,1,[1.7271520000649616],[1.7271571999881417],P001,001,21,2025-11-08_16h50.29.656,intentionalbinding_experiment,,2025.1.1,59.994660462498246,2025-11-08 16h50.46.258406 +0530,
0.7,1000,exp,90,6,7,space,0.5843645000131801,None,999,1,[2.857088500051759],[2.857096099993214],7,6,90,11,430.56139070005156,,430.5459572999971,430.56139070005156,431.5612245000666,431.5612245000666,431.5612245000666,432.1615567000117,space,0.5843645000131801,None,432.1619296000572,0.6997133999830112,0.9995890000136569,433.1781458000187,433.17874410003424,433.18821649998426,433.18821649998426,433.18821649998426,436.0455261000898,999,1,[2.857088500051759],[2.857096099993214],P001,001,21,2025-11-08_16h50.29.656,intentionalbinding_experiment,,2025.1.1,59.994660462498246,2025-11-08 16h50.46.258406 +0530,
0.4,1000,exp,91,7,7,space,0.2830170000670478,None,500,1,[2.910697799990885],[2.9107095999643207],7,7,91,4,436.06113410007674,,436.04569459997583,436.06113410007674,437.0612183000194,437.0612183000194,437.0612183000194,437.3451122000115,space,0.2830170000670478,None,437.34548520005774,0.3994572999654338,0.69926729996223,438.05760499997996,438.0581467000302,438.06718070001807,438.06718070001807,438.06718070001807,440.9782535000704,500,1,[2.910697799990885],[2.9107095999643207],P001,001,21,2025-11-08_16h50.29.656,intentionalbinding_experiment,,2025.1.1,59.994660462498246,2025-11-08 16h50.46.258406 +0530,
0.1,1000,exp,92,8,7,space,0.6684078999096528,None,100,1,[1.7423729000147432],[1.7423791999462992],7,8,92,6,440.99408930004574,,440.97856209997553,440.99408930004574,441.97770639997907,441.97770639997907,441.99410190002527,442.66148860007524,space,0.6684078999096528,None,442.6622383000795,0.09944350004661828,0.3992743000853807,443.0755732000107,443.076338200015,443.08598450000864,443.08598450000864,443.08598450000864,444.82854970009066,100,1,[1.7423729000147432],[1.7423791999462992],P001,001,21,2025-11-08_16h50.29.656,intentionalbinding_experiment,,2025.1.1,59.994660462498246,2025-11-08 16h50.46.258406 +0530,
0.4,1000,exp,93,9,7,space,0.2911965000675991,None,100,1,[1.7767462999327108],[1.7767582000233233],7,9,93,10,444.8442035000771,,444.82872230000794,444.8442035000771,445.82756710005924,445.82756710005924,445.84414749999996,446.1282654000679,space,0.2911965000675991,None,446.1291089000879,0.39930279995314777,0.6990823999512941,446.8450286000734,446.84532140009105,446.85104730003513,446.85104730003513,446.85104730003513,448.6281231000321,100,1,[1.7767462999327108],[1.7767582000233233],P001,001,21,2025-11-08_16h50.29.656,intentionalbinding_experiment,,2025.1.1,59.994660462498246,2025-11-08 16h50.46.258406 +0530,
0.7,1000,exp,94,10,7,space,0.3966407999396324,None,950,1,[2.983437299961224],[2.9834447000175714],7,10,94,8,448.64415910001844,,448.62837940000463,448.64415910001844,449.6275105000241,449.6275105000241,449.644220200018,450.0277217000257,space,0.3966407999396324,None,450.0280778000597,0.6995764999883249,0.9997045999625698,451.03786500007845,451.03815660008695,451.04418229998555,451.04418229998555,451.04418229998555,454.02785850001965,950,1,[2.983437299961224],[2.9834447000175714],P001,001,21,2025-11-08_16h50.29.656,intentionalbinding_experiment,,2025.1.1,59.994660462498246,2025-11-08 16h50.46.258406 +0530,
0.7,400,unexp,95,11,7,space,0.6124697999330238,None,700,1,[2.762550999992527],[2.7625569000374526],7,11,95,2,454.04376240004785,,454.0280206000898,454.04376240004785,455.0273997000186,455.0273997000186,455.04391430004034,455.6442673000274,space,0.6124697999330238,None,455.6447907000547,0.6994319000514224,0.9994414000539109,456.6541166000534,456.65457960008644,456.6645763000706,456.6645763000706,456.6645763000706,459.4273243000498,700,1,[2.762550999992527],[2.7625569000374526],P001,001,21,2025-11-08_16h50.29.656,intentionalbinding_experiment,,2025.1.1,59.994660462498246,2025-11-08 16h50.46.258406 +0530,
0.1,400,unexp,96,0,8,space,0.2955039000371471,None,100,1,[1.816814500023611],[1.816823299974203],8,0,96,0,459.4437971999869,,459.42748020007275,459.4437971999869,460.4270984000759,460.4270984000759,460.4439223000081,460.7275033000624,space,0.2955039000371471,None,460.7280779000139,0.0994945999700576,0.3993843999924138,461.1347299000481,461.1351084000198,461.1438229000196,461.1438229000196,461.1438229000196,462.96100880007725,100,1,[1.816814500023611],[1.816823299974203],P001,001,21,2025-11-08_16h50.29.656,intentionalbinding_experiment,,2025.1.1,59.994660462498246,2025-11-08 16h50.46.258406 +0530,
0.7,1000,exp,97,1,8,space,0.17253250000067055,None,200,1,[1.5625070000533015],[1.5625139999901876],8,1,97,5,462.97680970001966,,462.961269200081,462.97680970001966,463.96047320007347,463.96047320007347,463.9769304000074,464.14420310000423,space,0.17253250000067055,None,464.1447658999823,0.6995127000845969,0.9996877000667155,465.15845029999036,465.15886480000336,465.16515580005944,465.16515580005944,465.16515580005944,466.7278843000531,200,1,[1.5625070000533015],[1.5625139999901876],P001,001,21,2025-11-08_16h50.29.656,intentionalbinding_experiment,,2025.1.1,59.994660462498246,2025-11-08 16h50.46.258406 +0530,
0.1,1000,exp,98,2,8,space,0.36602669989224523,None,205,1,[3.7812107999343425],[3.781219399999827],8,2,98,6,466.7437414000742,,466.728070900077,466.7437414000742,467.7438260000199,467.7438260000199,467.7438260000199,468.1104479000205,space,0.36602669989224523,None,468.1109921000898,0.09955259994603693,0.3996061999350786,468.5240763000911,468.52452249999624,468.529321399983,468.529321399983,468.529321399983,472.3107653000625,205,1,[3.7812107999343425],[3.781219399999827],P001,001,21,2025-11-08_16h50.29.656,intentionalbinding_experiment,,2025.1.1,59.994660462498246,2025-11-08 16h50.46.258406 +0530,
0.7,1000,exp,99,3,8,space,0.6596989000681788,None,100,1,[2.4674255000427365],[2.4674321999773383],8,3,99,11,472.32674460008275,,472.310973500018,472.32674460008275,473.30989740008954,473.30989740008954,473.3264598000096,473.97689689998515,space,0.6596989000681788,None,473.97757840005215,0.6995853999396786,0.999776899931021,474.98640230007004,474.98668010008987,474.99326320004184,474.99326320004184,474.99326320004184,477.46088250004686,100,1,[2.4674255000427365],[2.4674321999773383],P001,001,21,2025-11-08_16h50.29.656,intentionalbinding_experiment,,2025.1.1,59.994660462498246,2025-11-08 16h50.46.258406 +0530,
0.4,1000,exp,100,4,8,space,0.3972660000436008,None,10,1,[1.9610704999649897],[1.9610753000015393],8,4,100,4,477.47669490007684,,477.4610557000851,477.47669490007684,478.46019790007267,478.46019790007267,478.4765530000441,478.8600705000572,space,0.3972660000436008,None,478.8604568000883,0.3996579999802634,0.6999260999727994,479.5739300000714,479.5744607000379,479.5823247000808,479.5823247000808,479.5823247000808,481.54358360008337,10,1,[1.9610704999649897],[1.9610753000015393],P001,001,21,2025-11-08_16h50.29.656,intentionalbinding_experiment,,2025.1.1,59.994660462498246,2025-11-08 16h50.46.258406 +0530,
0.1,1000,exp,101,5,8,space,0.24389669997617602,None,10,1,[1.6461213999427855],[1.6461318000219762],8,5,101,9,481.55989060003776,,481.54373110004235,481.55989060003776,482.54331560002174,482.54331560002174,482.55995330004953,482.79375180008356,space,0.24389669997617602,None,482.7946060000686,0.09961969999130815,0.3993591000325978,483.2090789000504,483.2093631000025,483.21469000005163,483.21469000005163,483.21469000005163,484.8610823000781,10,1,[1.6461213999427855],[1.6461318000219762],P001,001,21,2025-11-08_16h50.29.656,intentionalbinding_experiment,,2025.1.1,59.994660462498246,2025-11-08 16h50.46.258406 +0530,
0.7,1000,exp,102,6,8,space,0.44372850004583597,None,333 ,1,[2.482175200013444],[2.482187799992971],8,6,102,8,484.8765666000545,,484.86133680003695,484.8765666000545,485.87626609997824,485.87626609997824,485.87626609997824,486.3270541999955,space,0.44372850004583597,None,486.3278793999925,0.6991974000120535,0.9993947999319062,487.3366563000018,487.33718959998805,487.3451616000384,487.3451616000384,487.3451616000384,489.82774770003743,333 ,1,[2.482175200013444],[2.482187799992971],P001,001,21,2025-11-08_16h50.29.656,intentionalbinding_experiment,,2025.1.1,59.994660462498246,2025-11-08 16h50.46.258406 +0530,
0.4,1000,exp,103,7,8,space,0.45197880000341684,None,200,1,[2.2802485999418423],[2.2802559999981895],8,7,103,10,489.84279830008745,,489.8280534000369,489.84279830008745,490.84267620008904,490.84267620008904,490.84267620008904,491.31002930004615,space,0.45197880000341684,None,491.310838400037,0.39964379998855293,0.699594400008209,492.0246573999757,492.0249772000825,492.0304744000314,492.0304744000314,492.0304744000314,494.3109365000855,200,1,[2.2802485999418423],[2.2802559999981895],P001,001,21,2025-11-08_16h50.29.656,intentionalbinding_experiment,,2025.1.1,59.994660462498246,2025-11-08 16h50.46.258406 +0530,
0.4,1000,exp,104,8,8,space,0.899606499937363,None,100,1,[1.9837363000260666],[1.983744200086221],8,8,104,7,494.32615990005434,,494.3111166000599,494.32615990005434,495.3260519000469,495.3260519000469,495.3260519000469,496.2265008999966,space,0.899606499937363,None,496.2268535000039,0.39975850004702806,0.6997705000685528,496.93630220007617,496.9365841000108,496.94273650005925,496.94273650005925,496.94273650005925,498.926699200063,100,1,[1.9837363000260666],[1.983744200086221],P001,001,21,2025-11-08_16h50.29.656,intentionalbinding_experiment,,2025.1.1,59.994660462498246,2025-11-08 16h50.46.258406 +0530,
0.4,400,unexp,105,9,8,space,0.14125810004770756,None,700,1,[1.711533599998802],[1.711539200041443],8,9,105,1,498.9426491999766,,498.92706390004605,498.9426491999766,499.92608720005956,499.92608720005956,499.9427067000652,500.0766904000193,space,0.14125810004770756,None,500.0773680000566,0.39920659991912544,0.6992403999902308,500.78837060008664,500.7889266000129,500.79842590005137,500.79842590005137,500.79842590005137,502.5101397000253,700,1,[1.711533599998802],[1.711539200041443],P001,001,21,2025-11-08_16h50.29.656,intentionalbinding_experiment,,2025.1.1,59.994660462498246,2025-11-08 16h50.46.258406 +0530,
0.7,400,unexp,106,10,8,space,0.2604744000127539,None,900,1,[2.0143975999671966],[2.014409999945201],8,10,106,2,502.52595400006976,,502.5104603000218,502.52595400006976,503.5094758999767,503.5094758999767,503.52604740008246,503.7763068000786,space,0.2604744000127539,None,503.77684760000557,0.6993561000563204,0.999280400108546,504.7856947000837,504.78616230003536,504.7949566000607,504.7949566000607,504.7949566000607,506.80971990001854,900,1,[2.0143975999671966],[2.014409999945201],P001,001,21,2025-11-08_16h50.29.656,intentionalbinding_experiment,,2025.1.1,59.994660462498246,2025-11-08 16h50.46.258406 +0530,
0.1,1000,exp,107,11,8,space,0.3897407000185922,None,100,1,[1.7762892000610009],[1.7762942999834195],8,11,107,3,506.82568930007983,,506.81001950008795,506.82568930007983,507.80936700000893,507.80936700000893,507.82597410003655,508.2099448000081,space,0.3897407000185922,None,508.21092890005093,0.0990758000407368,0.3991804000688717,508.625458399998,508.6260245000012,508.63338810007554,508.63338810007554,508.63338810007554,510.4098394000903,100,1,[1.7762892000610009],[1.7762942999834195],P001,001,21,2025-11-08_16h50.29.656,intentionalbinding_experiment,,2025.1.1,59.994660462498246,2025-11-08 16h50.46.258406 +0530,
0.4,1000,exp,108,0,9,space,0.25982039992231876,None,400,1,[2.9814810999669135],[2.981486300006509],9,0,108,4,510.4258296000771,,510.4099744000705,510.4258296000771,511.4090993000427,511.4090993000427,511.42577540001366,511.6758713000454,space,0.25982039992231876,None,511.676220000023,0.39973649999592453,0.6996964999707416,512.3885095000733,512.389073300059,512.3947618000675,512.3947618000675,512.3947618000675,515.3764110000338,400,1,[2.9814810999669135],[2.981486300006509],P001,001,21,2025-11-08_16h50.29.656,intentionalbinding_experiment,,2025.1.1,59.994660462498246,2025-11-08 16h50.46.258406 +0530,
0.1,400,unexp,109,1,9,space,0.04444480000529438,None,500,1,[1.9425664000445977],[1.942574999993667],9,1,109,0,515.392254400067,,515.3765525000636,515.392254400067,516.3757318999851,516.3757318999851,516.3924259999767,516.4259862999897,space,0.04444480000529438,None,516.4263754000422,0.09957590000703931,0.39969939994625747,516.8446123000467,516.8449644000502,516.850310400012,516.850310400012,516.850310400012,518.793117800029,500,1,[1.9425664000445977],[1.942574999993667],P001,001,21,2025-11-08_16h50.29.656,intentionalbinding_experiment,,2025.1.1,59.994660462498246,2025-11-08 16h50.46.258406 +0530,
0.7,1000,exp,110,2,9,space,0.0361463000299409,None,700,1,[2.193106499966234],[2.193119899951853],9,2,110,8,518.8088230000576,,518.7933276999975,518.8088230000576,519.7923729000613,519.7923729000613,519.8090253000846,519.8424368000124,space,0.0361463000299409,None,519.8428292000899,0.6998156999470666,0.9994576999451965,520.8569586999947,520.8573576000053,520.8658094999846,520.8658094999846,520.8658094999846,523.0592969000572,700,1,[2.193106499966234],[2.193119899951853],P001,001,21,2025-11-08_16h50.29.656,intentionalbinding_experiment,,2025.1.1,59.994660462498246,2025-11-08 16h50.46.258406 +0530,
0.7,1000,exp,111,3,9,space,0.3231344000669196,None,853,1,[3.5497349000070244],[3.5497403000481427],9,3,111,11,523.075144900009,,523.0596028000582,523.075144900009,524.0588223000523,524.0588223000523,524.0752130000619,524.3926637000404,space,0.3231344000669196,None,524.393520600046,0.6993382000364363,0.9992598000681028,525.4044397000689,525.4047165000811,525.4097460000776,525.4097460000776,525.4097460000776,528.9596602000529,853,1,[3.5497349000070244],[3.5497403000481427],P001,001,21,2025-11-08_16h50.29.656,intentionalbinding_experiment,,2025.1.1,59.994660462498246,2025-11-08 16h50.46.258406 +0530,
0.1,1000,exp,112,4,9,space,0.51424029993359,None,100,1,[1.626190199982375],[1.6261953000212088],9,4,112,3,528.9752403000602,,528.9598028999753,528.9752403000602,529.9752743000863,529.9752743000863,529.9752743000863,530.4924643000122,space,0.51424029993359,None,530.4935236000456,0.0995147000066936,0.3994459999958053,530.9079926999984,530.9083949000342,530.9157129999949,530.9157129999949,530.9157129999949,532.5420866999775,100,1,[1.626190199982375],[1.6261953000212088],P001,001,21,2025-11-08_16h50.29.656,intentionalbinding_experiment,,2025.1.1,59.994660462498246,2025-11-08 16h50.46.258406 +0530,
0.4,1000,exp,113,5,9,space,0.2930269999196753,None,100,1,[2.5455026000272483],[2.5455168000189587],9,5,113,7,532.5583752000239,,532.5422317000339,532.5583752000239,533.54194070003,533.54194070003,533.558311300003,533.8418811000884,space,0.2930269999196753,None,533.8422386000166,0.3998482000315562,0.7000407000305131,534.5570854999823,534.5574931000592,534.5631281000096,534.5631281000096,534.5631281000096,537.1089929000009,100,1,[2.5455026000272483],[2.5455168000189587],P001,001,21,2025-11-08_16h50.29.656,intentionalbinding_experiment,,2025.1.1,59.994660462498246,2025-11-08 16h50.46.258406 +0530,
0.4,400,unexp,114,6,9,space,0.25559240009170026,None,400,1,[1.8489060999127105],[1.848911099950783],9,6,114,1,537.1248031000141,,537.1092809999827,537.1248031000141,538.1248010999989,538.1248010999989,538.1248010999989,538.3918570000678,space,0.25559240009170026,None,538.3925435000565,0.39959020004607737,0.6998574000317603,539.1050033000065,539.1052917999914,539.1101663000882,539.1101663000882,539.1101663000882,540.9592541999882,400,1,[1.8489060999127105],[1.848911099950783],P001,001,21,2025-11-08_16h50.29.656,intentionalbinding_experiment,,2025.1.1,59.994660462498246,2025-11-08 16h50.46.258406 +0530,
0.1,1000,exp,115,7,9,space,0.15373420005198568,None,300,1,[1.674156800028868],[1.6741636000806466],9,7,115,9,540.9749149000272,,540.9594066999853,540.9749149000272,541.9750097000506,541.9750097000506,541.9750097000506,542.1419588000281,space,0.15373420005198568,None,542.1424068000633,0.09956330002751201,0.39951919997110963,542.559199100011,542.5597957000136,542.5680778999813,542.5680778999813,542.5680778999813,544.2424580000807,300,1,[1.674156800028868],[1.6741636000806466],P001,001,21,2025-11-08_16h50.29.656,intentionalbinding_experiment,,2025.1.1,59.994660462498246,2025-11-08 16h50.46.258406 +0530,
0.1,1000,exp,116,8,9,space,0.32196930004283786,None,200,1,[1.909292500000447],[1.9092977000400424],9,8,116,6,544.25804840005,,544.2426592999836,544.25804840005,545.2580354000675,545.2580354000675,545.2580354000675,545.5921377000632,space,0.32196930004283786,None,545.5930431000888,0.09951420000288635,0.39939829998183995,546.0081056000199,546.0085969000356,546.0161881999811,546.0161881999811,546.0161881999811,547.925647300086,200,1,[1.909292500000447],[1.9092977000400424],P001,001,21,2025-11-08_16h50.29.656,intentionalbinding_experiment,,2025.1.1,59.994660462498246,2025-11-08 16h50.46.258406 +0530,
0.7,400,unexp,117,9,9,space,0.2579883999424055,None,150,1,[2.4931099999230355],[2.493121999897994],9,9,117,2,547.9413650999777,,547.925785300089,547.9413650999777,548.9250992999878,548.9250992999878,548.9414186000358,549.1915527000092,space,0.2579883999424055,None,549.1918874999974,0.6999474000185728,0.9998389999382198,550.2073863000842,550.2079124000156,550.2154573000735,550.2154573000735,550.2154573000735,552.70894650009,150,1,[2.4931099999230355],[2.493121999897994],P001,001,21,2025-11-08_16h50.29.656,intentionalbinding_experiment,,2025.1.1,59.994660462498246,2025-11-08 16h50.46.258406 +0530,
0.7,1000,exp,118,10,9,space,0.3730373000726104,None,700 ,1,[2.1506088000023738],[2.1506174000678584],9,10,118,5,552.7244959999807,,552.7092565000057,552.7244959999807,553.7243394000689,553.7243394000689,553.7243394000689,554.1080661000451,space,0.3730373000726104,None,554.1087671000278,0.6998069999972358,0.999931100057438,555.1147395999869,555.1152930000098,555.1246062000282,555.1246062000282,555.1246062000282,557.2754569000099,700 ,1,[2.1506088000023738],[2.1506174000678584],P001,001,21,2025-11-08_16h50.29.656,intentionalbinding_experiment,,2025.1.1,59.994660462498246,2025-11-08 16h50.46.258406 +0530,
0.4,1000,exp,119,11,9,space,0.28528459998779,None,400,1,[2.0813057998893782],[2.0813180999830365],9,11,119,10,557.2910778999794,,557.275662100059,557.2910778999794,558.2910618000897,558.2910618000897,558.2910618000897,558.5914486000547,space,0.28528459998779,None,558.5919644000242,0.3997698000166565,0.6995328000048175,559.3053901999956,559.3056510000024,559.310903100064,559.310903100064,559.310903100064,561.3924260999775,400,1,[2.0813057998893782],[2.0813180999830365],P001,001,21,2025-11-08_16h50.29.656,intentionalbinding_experiment,,2025.1.1,59.994660462498246,2025-11-08 16h50.46.258406 +0530,
0.7,1000,exp,120,0,10,space,0.4700427999487147,None,900 ,1,[2.5569291999563575],[2.5569361000088975],10,0,120,8,561.4078341000713,,561.392563899979,561.4078341000713,562.407743900083,562.407743900083,562.407743900083,562.891774800024,space,0.4700427999487147,None,562.8922681000549,0.6991234000306576,0.9992741000605747,563.9086230000248,563.9091897000326,563.9175522000296,563.9175522000296,563.9175522000296,566.4746863000328,900 ,1,[2.5569291999563575],[2.5569361000088975],P001,001,21,2025-11-08_16h50.29.656,intentionalbinding_experiment,,2025.1.1,59.994660462498246,2025-11-08 16h50.46.258406 +0530,
0.4,1000,exp,121,1,10,space,0.567245899932459,None,400,1,[2.60325400007423],[2.6032617000164464],10,1,121,4,566.4908844000893,,566.4748769000871,566.4908844000893,567.4740413000109,567.4740413000109,567.4906178000383,568.0576398000121,space,0.567245899932459,None,568.0583513000747,0.3996910999994725,0.6996147000463679,568.777191500063,568.7777088000439,568.7882456000661,568.7882456000661,568.7882456000661,571.3917299000314,400,1,[2.60325400007423],[2.6032617000164464],P001,001,21,2025-11-08_16h50.29.656,intentionalbinding_experiment,,2025.1.1,59.994660462498246,2025-11-08 16h50.46.258406 +0530,
0.7,1000,exp,122,2,10,space,0.5270198000362143,None,100,1,[1.8458021000260487],[1.8458070000633597],10,2,122,11,571.4074090999784,,571.3919169000583,571.4074090999784,572.4074337000493,572.4074337000493,572.4074337000493,572.9411049999762,space,0.5270198000362143,None,572.941624200088,0.699718700023368,0.9995692000957206,573.9550295000663,573.9555708999978,573.9620223999955,573.9620223999955,573.9620223999955,575.8079897999996,100,1,[1.8458021000260487],[1.8458070000633597],P001,001,21,2025-11-08_16h50.29.656,intentionalbinding_experiment,,2025.1.1,59.994660462498246,2025-11-08 16h50.46.258406 +0530,
0.7,1000,exp,123,3,10,space,0.8047000000951812,None,856,1,[4.032981500029564],[4.032987300073728],10,3,123,5,575.8240422999952,,575.8081308000255,575.8240422999952,576.807347199996,576.807347199996,576.8239729000488,577.6245720000006,space,0.8047000000951812,None,577.6249734000303,0.6991351000033319,0.9993223000783473,578.6345871000085,578.6351250000298,578.6415250999853,578.6415250999853,578.6415250999853,582.6746855999809,856,1,[4.032981500029564],[4.032987300073728],P001,001,21,2025-11-08_16h50.29.656,intentionalbinding_experiment,,2025.1.1,59.994660462498246,2025-11-08 16h50.46.258406 +0530,
0.1,1000,exp,124,4,10,space,1.8604951999150217,None,180,1,[2.916863099904731],[2.9168696999549866],10,4,124,6,582.6906479999889,,582.6748314000433,582.6906479999889,583.6901650000364,583.6901650000364,583.6901650000364,585.5571433000732,space,1.8604951999150217,None,585.5578261000337,0.09961749997455627,0.39995160000398755,585.9655710000079,585.9660931000253,585.9739726000698,585.9739726000698,585.9739726000698,588.891056100023,180,1,[2.916863099904731],[2.9168696999549866],P001,001,21,2025-11-08_16h50.29.656,intentionalbinding_experiment,,2025.1.1,59.994660462498246,2025-11-08 16h50.46.258406 +0530,
0.4,1000,exp,125,5,10,space,0.7444806999992579,None,156,1,[3.178724199999124],[3.1787303999299183],10,5,125,7,588.9069016000722,,588.8912206999958,588.9069016000722,589.8904031000566,589.8904031000566,589.9069965999806,590.6405605000909,space,0.7444806999992579,None,590.6411018000217,0.3995704000117257,0.6997172000119463,591.3554534000577,591.3560933000408,591.3629985000007,591.3629985000007,591.3629985000007,594.5419248000253,156,1,[3.178724199999124],[3.1787303999299183],P001,001,21,2025-11-08_16h50.29.656,intentionalbinding_experiment,,2025.1.1,59.994660462498246,2025-11-08 16h50.46.258406 +0530,
0.1,1000,exp,126,6,10,space,0.3766701000276953,None,100,1,[2.958649800042622],[2.958654799964279],10,6,126,9,594.5567401000299,,594.5420731999911,594.5567401000299,595.5569706000388,595.5569706000388,595.5569706000388,595.9408714000601,space,0.3766701000276953,None,595.9417231000261,0.09908529999665916,0.39912449999246746,596.3589926999994,596.3597533000866,596.3656268999912,596.3656268999912,596.3656268999912,599.3244553999975,100,1,[2.958649800042622],[2.958654799964279],P001,001,21,2025-11-08_16h50.29.656,intentionalbinding_experiment,,2025.1.1,59.994660462498246,2025-11-08 16h50.46.258406 +0530,
0.1,400,unexp,127,7,10,space,0.8538556999992579,None,400,1,[2.5836980999447405],[2.583703499985859],10,7,127,0,599.3398192999884,,599.3246612000512,599.3398192999884,600.3397494000383,600.3397494000383,600.3397494000383,601.2071243000682,space,0.8538556999992579,None,601.2078150000889,0.09924729994963855,0.3992117999587208,601.6180364000611,601.6183151000878,601.6236760000465,601.6236760000465,601.6236760000465,604.207548800041,400,1,[2.5836980999447405],[2.583703499985859],P001,001,21,2025-11-08_16h50.29.656,intentionalbinding_experiment,,2025.1.1,59.994660462498246,2025-11-08 16h50.46.258406 +0530,
0.4,400,unexp,128,8,10,space,0.5924997999100015,None,100,1,[1.5335990000749007],[1.5336064000148326],10,8,128,1,604.2234066000674,,604.2076950999908,604.2234066000674,605.2229911000468,605.2229911000468,605.2229911000468,605.8238773000194,space,0.5924997999100015,None,605.8245645000134,0.3992625999962911,0.6992893998976797,606.5352629000554,606.5355293999892,606.5402792000677,606.5402792000677,606.5402792000677,608.0741525000194,100,1,[1.5335990000749007],[1.5336064000148326],P001,001,21,2025-11-08_16h50.29.656,intentionalbinding_experiment,,2025.1.1,59.994660462498246,2025-11-08 16h50.46.258406 +0530,
0.4,1000,exp,129,9,10,space,2.4240580999758095,None,200,1,[3.079304000013508],[3.0793119999580085],10,9,129,10,608.089578700019,,608.0743381000357,608.089578700019,609.089826600044,609.089826600044,609.089826600044,611.5234274000395,space,2.4240580999758095,None,611.5239228000864,0.3995078000007197,0.6997022000141442,612.2375593000324,612.238049000036,612.2444233000278,612.2444233000278,612.2444233000278,615.3239530000137,200,1,[3.079304000013508],[3.0793119999580085],P001,001,21,2025-11-08_16h50.29.656,intentionalbinding_experiment,,2025.1.1,59.994660462498246,2025-11-08 16h50.46.258406 +0530,
0.1,1000,exp,130,10,10,space,1.1697254999307916,None,187,1,[3.0091181999305263],[3.0091232999693602],10,10,130,3,615.3396681000013,,615.3241547000362,615.3396681000013,616.3392697999952,616.3392697999952,616.3392697999952,617.5230074999854,space,1.1697254999307916,None,617.5238653999986,0.09958249994087964,0.39987149997614324,617.9378794999793,617.938372900011,617.9476319000823,617.9476319000823,617.9476319000823,620.9569124000845,187,1,[3.0091181999305263],[3.0091232999693602],P001,001,21,2025-11-08_16h50.29.656,intentionalbinding_experiment,,2025.1.1,59.994660462498246,2025-11-08 16h50.46.258406 +0530,
0.7,400,unexp,131,11,10,space,0.5679195000557229,None,190,1,[2.093335499987006],[2.093343200045638],10,11,131,2,620.9726377000334,,620.9570606000489,620.9726377000334,621.9561163000762,621.9561163000762,621.972728600027,622.5400030000601,space,0.5679195000557229,None,622.5409002000233,0.6994060999713838,0.9994223999092355,623.5558526000241,623.5562895000912,623.5628310000757,623.5628310000757,623.5628310000757,625.6564319999889,190,1,[2.093335499987006],[2.093343200045638],P001,001,21,2025-11-08_16h50.29.656,intentionalbinding_experiment,,2025.1.1,59.994660462498246,2025-11-08 16h50.46.258406 +0530,
0.4,400,unexp,132,0,11,space,0.311672699986957,None,200,1,[1.9170747000025585],[1.917081799940206],11,0,132,1,625.6725646000123,,625.6566709000617,625.6725646000123,626.6559234000742,626.6559234000742,626.672639299999,626.9734269999899,space,0.311672699986957,None,626.9745513000526,0.3991192999528721,0.6992192999459803,627.6844815000659,627.6847628999967,627.6894748000195,627.6894748000195,627.6894748000195,629.6067661000416,200,1,[1.9170747000025585],[1.917081799940206],P001,001,21,2025-11-08_16h50.29.656,intentionalbinding_experiment,,2025.1.1,59.994660462498246,2025-11-08 16h50.46.258406 +0530,
0.7,1000,exp,133,1,11,space,0.7506902000168338,None,700,1,[2.3880534999771044],[2.3880658000707626],11,1,133,11,629.6224132999778,,629.6070101000369,629.6224132999778,630.6222141000908,630.6222141000908,630.6222141000908,631.3892955000047,space,0.7506902000168338,None,631.3900030000368,0.6995897999731824,0.9995765999192372,632.40838300006,632.4088477999903,632.41890160006,632.41890160006,632.41890160006,634.8072925000452,700,1,[2.3880534999771044],[2.3880658000707626],P001,001,21,2025-11-08_16h50.29.656,intentionalbinding_experiment,,2025.1.1,59.994660462498246,2025-11-08 16h50.46.258406 +0530,
0.7,1000,exp,134,2,11,space,0.24740510003175586,None,400,1,[3.0943533000536263],[3.094360199989751],11,2,134,5,634.8222852000035,,634.8074572000187,634.8222852000035,635.8223619000055,635.8223619000055,635.8223619000055,636.0727308000205,space,0.24740510003175586,None,636.0732079000445,0.699726500082761,0.9998238000553101,637.0887208000058,637.0891507000197,637.0953540999908,637.0953540999908,637.0953540999908,640.1898962000851,400,1,[3.0943533000536263],[3.094360199989751],P001,001,21,2025-11-08_16h50.29.656,intentionalbinding_experiment,,2025.1.1,59.994660462498246,2025-11-08 16h50.46.258406 +0530,
0.4,1000,exp,135,3,11,space,2.0752557000378147,None,100,1,[3.6943897999590263],[3.694401799933985],11,3,135,10,640.2056107000681,,640.19004580006,640.2056107000681,641.1890778000234,641.1890778000234,641.205485100043,643.2727995000314,space,2.0752557000378147,None,643.2736789999763,0.39955600001849234,0.6990855999756604,643.9886168000521,643.9889847000595,643.9953090000199,643.9953090000199,643.9953090000199,647.6900927000679,100,1,[3.6943897999590263],[3.694401799933985],P001,001,21,2025-11-08_16h50.29.656,intentionalbinding_experiment,,2025.1.1,59.994660462498246,2025-11-08 16h50.46.258406 +0530,
0.4,1000,exp,136,4,11,space,1.983443700009957,None,120,1,[2.0660654000239447],[2.0660751000978053],11,4,136,4,647.7050778000848,,647.6903898000019,647.7050778000848,648.7052780999802,648.7052780999802,648.7052780999802,650.7057585000293,space,1.983443700009957,None,650.7065611000871,0.3994333000155166,0.6995416999561712,651.4190634000115,651.4193490000907,651.4241152000614,651.4241152000614,651.4241152000614,653.490442499984,120,1,[2.0660654000239447],[2.0660751000978053],P001,001,21,2025-11-08_16h50.29.656,intentionalbinding_experiment,,2025.1.1,59.994660462498246,2025-11-08 16h50.46.258406 +0530,
0.1,400,unexp,137,5,11,space,0.6097101999912411,None,450,1,[2.162836099974811],[2.162843699916266],11,5,137,0,653.5051382000092,,653.4906737999991,653.5051382000092,654.5050924000097,654.5050924000097,654.5050924000097,655.1219347000588,space,0.6097101999912411,None,655.1223564000102,0.09996419993694872,0.399985000025481,655.5362711000489,655.5368758999975,655.5429513000418,655.5429513000418,655.5429513000418,657.7060388000682,450,1,[2.162836099974811],[2.162843699916266],P001,001,21,2025-11-08_16h50.29.656,intentionalbinding_experiment,,2025.1.1,59.994660462498246,2025-11-08 16h50.46.258406 +0530,
0.7,1000,exp,138,6,11,space,0.6196841000346467,None,150,1,[5.259121399954893],[5.25913090002723],11,6,138,8,657.7217459999956,,657.7062323000282,657.7217459999956,658.7052003000863,658.7052003000863,658.7218921000604,659.3388441000134,space,0.6196841000346467,None,659.3392199000809,0.6995130000868812,0.9996444000862539,660.3565673000412,660.3569555000868,660.3629524999997,660.3629524999997,660.3629524999997,665.6223373999819,150,1,[5.259121399954893],[5.25913090002723],P001,001,21,2025-11-08_16h50.29.656,intentionalbinding_experiment,,2025.1.1,59.994660462498246,2025-11-08 16h50.46.258406 +0530,
0.7,400,unexp,139,7,11,space,0.7360148000298068,None,400,1,[3.631775000016205],[3.6317829999607056],11,7,139,2,665.6381015999941,,665.6225495000836,665.6381015999941,666.6214914000593,666.6214914000593,666.6381160999881,667.3719411999919,space,0.7360148000298068,None,667.3723846999928,0.6996899000369012,0.9995200999546796,668.384685200057,668.385037100059,668.3904143000254,668.3904143000254,668.3904143000254,672.0224132000003,400,1,[3.631775000016205],[3.6317829999607056],P001,001,21,2025-11-08_16h50.29.656,intentionalbinding_experiment,,2025.1.1,59.994660462498246,2025-11-08 16h50.46.258406 +0530,
0.1,1000,exp,140,8,11,space,0.3146705999970436,None,150,1,[10.04425690008793],[10.044262200011872],11,8,140,9,672.0380628000712,,672.0226037000539,672.0380628000712,673.0216201000148,673.0216201000148,673.0380710000172,673.3383267000318,space,0.3146705999970436,None,673.3387077000225,0.0995773000176996,0.3997347999829799,673.7551054999931,673.7554354000604,673.7607372000348,673.7607372000348,673.7607372000348,683.8051669000415,150,1,[10.04425690008793],[10.044262200011872],P001,001,21,2025-11-08_16h50.29.656,intentionalbinding_experiment,,2025.1.1,59.994660462498246,2025-11-08 16h50.46.258406 +0530,
0.1,1000,exp,141,9,11,space,0.4422766000498086,None,600,1,[3.91599100001622],[3.916000100085512],11,9,141,6,683.8209379999898,,683.8053087000735,683.8209379999898,684.8044989000773,684.8044989000773,684.8211283000419,685.2548041000264,space,0.4422766000498086,None,685.2555356000084,0.09958579996600747,0.39952450001146644,685.6668893999886,685.6671629999764,685.6718885999871,685.6718885999871,685.6718885999871,689.5881524999859,600,1,[3.91599100001622],[3.916000100085512],P001,001,21,2025-11-08_16h50.29.656,intentionalbinding_experiment,,2025.1.1,59.994660462498246,2025-11-08 16h50.46.258406 +0530,
0.1,1000,exp,142,10,11,space,0.23729069996625185,None,400,1,[2.7449492999585345],[2.744961299933493],11,10,142,3,689.6042148000561,,689.5883677999955,689.6042148000561,690.587768400088,690.587768400088,690.6042739000404,690.8377535999753,space,0.23729069996625185,None,690.8381904000416,0.09990219993051142,0.399732599966228,691.2538694000104,691.2541664000601,691.2598052000394,691.2598052000394,691.2598052000394,694.0051137000555,400,1,[2.7449492999585345],[2.744961299933493],P001,001,21,2025-11-08_16h50.29.656,intentionalbinding_experiment,,2025.1.1,59.994660462498246,2025-11-08 16h50.46.258406 +0530,
0.4,1000,exp,143,11,11,space,0.3938350999960676,None,100,1,[2.2968410999746993],[2.2968469999032095],11,11,143,7,694.0204571000068,,694.0054213000694,694.0204571000068,695.0204795000609,695.0204795000609,695.0204795000609,695.4209988000803,space,0.3938350999960676,None,695.4217363999924,0.39943729992955923,0.6997013000072911,696.1345453000395,696.134887500084,696.141824600054,696.141824600054,696.141824600054,698.4388447999954,100,1,[2.2968410999746993],[2.2968469999032095],P001,001,21,2025-11-08_16h50.29.656,intentionalbinding_experiment,,2025.1.1,59.994660462498246,2025-11-08 16h50.46.258406 +0530,
0.7,400,unexp,144,0,12,space,0.5205728000728413,None,250,1,[4.489453100017272],[4.4894641999853775],12,0,144,2,698.4538450000109,,698.4390071000671,698.4538450000109,699.4540436000098,699.4540436000098,699.4540436000098,699.9879766000668,space,0.5205728000728413,None,699.9889583999757,0.6993642000015825,0.9991013000253588,701.0053894000594,701.0058265000116,701.0155032000039,701.0155032000039,701.0155032000039,705.5052396000829,250,1,[4.489453100017272],[4.4894641999853775],P001,001,21,2025-11-08_16h50.29.656,intentionalbinding_experiment,,2025.1.1,59.994660462498246,2025-11-08 16h50.46.258406 +0530,
0.4,400,unexp,145,1,12,space,0.4911897999700159,None,600,1,[2.142266899929382],[2.142279499908909],12,1,145,1,705.5204920000397,,705.5055006999755,705.5204920000397,706.5204164000461,706.5204164000461,706.5204164000461,707.0210287000518,space,0.4911897999700159,None,707.0216144000879,0.3996134999906644,0.6993234000401571,707.7356267999858,707.736332600005,707.745364200091,707.745364200091,707.745364200091,709.8880093999906,600,1,[2.142266899929382],[2.142279499908909],P001,001,21,2025-11-08_16h50.29.656,intentionalbinding_experiment,,2025.1.1,59.994660462498246,2025-11-08 16h50.46.258406 +0530,
0.7,1000,exp,146,2,12,space,0.35659330000635237,None,700,1,[1.4431747000198811],[1.4431857999879867],12,2,146,5,709.903386900085,,709.8883640000131,709.903386900085,710.9033498000354,710.9033498000354,710.9033498000354,711.2704653000692,space,0.35659330000635237,None,711.2711651000427,0.6999396999599412,0.9996006999863312,712.2859958000481,712.2865368999774,712.2946863999823,712.2946863999823,712.2946863999823,713.7381593000609,700,1,[1.4431747000198811],[1.4431857999879867],P001,001,21,2025-11-08_16h50.29.656,intentionalbinding_experiment,,2025.1.1,59.994660462498246,2025-11-08 16h50.46.258406 +0530,
0.1,1000,exp,147,3,12,space,0.7180362000362948,None,100,1,[3.4339629999594763],[3.4339678999967873],12,3,147,9,713.753401700058,,713.7384124000091,713.753401700058,714.7535748999799,714.7535748999799,714.7535748999799,715.4872196000069,space,0.7180362000362948,None,715.4876753999852,0.0998377000214532,0.39966170000843704,715.8958320000675,715.8961350000463,715.9034108000342,715.9034108000342,715.9034108000342,719.3375392000889,100,1,[3.4339629999594763],[3.4339678999967873],P001,001,21,2025-11-08_16h50.29.656,intentionalbinding_experiment,,2025.1.1,59.994660462498246,2025-11-08 16h50.46.258406 +0530,
0.1,1000,exp,148,4,12,space,0.7683565000770614,None,300,1,[2.2981513999402523],[2.2981560999760404],12,4,148,3,719.3532515000552,,719.3376793999923,719.3532515000552,720.3366697999882,720.3366697999882,720.35337050003,721.1206892000046,space,0.7683565000770614,None,721.1214590000454,0.09922500001266599,0.3993534999899566,721.5341229999904,721.534408000065,721.5390561000677,721.5390561000677,721.5390561000677,723.837398200063,300,1,[2.2981513999402523],[2.2981560999760404],P001,001,21,2025-11-08_16h50.29.656,intentionalbinding_experiment,,2025.1.1,59.994660462498246,2025-11-08 16h50.46.258406 +0530,
0.4,1000,exp,149,5,12,space,0.42621479998342693,None,400,1,[1.9747944000409916],[1.9748004000866786],12,5,149,4,723.8532202000497,,723.837576400023,723.8532202000497,724.8366389999865,724.8366389999865,724.8532728999853,725.27011640009,space,0.42621479998342693,None,725.2707573000807,0.3995000999420881,0.69948149996344,725.9887738000834,725.9891082000686,725.9960001000436,725.9960001000436,725.9960001000436,727.9709970999975,400,1,[1.9747944000409916],[1.9748004000866786],P001,001,21,2025-11-08_16h50.29.656,intentionalbinding_experiment,,2025.1.1,59.994660462498246,2025-11-08 16h50.46.258406 +0530,
0.1,1000,exp,150,6,12,space,0.31039760005660355,None,100,1,[2.06336819997523],[2.0633733000140637],12,6,150,6,727.9864805000834,,727.9711420000531,727.9864805000834,728.986479000072,728.986479000072,728.986479000072,729.3035020000534,space,0.31039760005660355,None,729.3039819999831,0.09947320003993809,0.3997181000886485,729.7165595000843,729.7170007000677,729.7237045000074,729.7237045000074,729.7237045000074,731.7872875999892,100,1,[2.06336819997523],[2.0633733000140637],P001,001,21,2025-11-08_16h50.29.656,intentionalbinding_experiment,,2025.1.1,59.994660462498246,2025-11-08 16h50.46.258406 +0530,
0.7,1000,exp,151,7,12,space,0.2876812000758946,None,700,1,[1.9068827000446618],[1.9068878000834957],12,7,151,11,731.8029822000535,,731.7874250999885,731.8029822000535,732.7863174000522,732.7863174000522,732.8031173000345,733.0871244000737,space,0.2876812000758946,None,733.0880632000044,0.6991553000407293,0.998981999931857,734.1058177000377,734.1063947000075,734.1134506000672,734.1134506000672,734.1134506000672,736.0205180000048,700,1,[1.9068827000446618],[1.9068878000834957],P001,001,21,2025-11-08_16h50.29.656,intentionalbinding_experiment,,2025.1.1,59.994660462498246,2025-11-08 16h50.46.258406 +0530,
0.7,1000,exp,152,8,12,space,0.3721201999578625,None,400,1,[3.7749578999355435],[3.7749706000322476],12,8,152,8,736.0362111000577,,736.02065890003,736.0362111000577,737.0196800000267,737.0196800000267,737.0364000999834,737.4031939000124,space,0.3721201999578625,None,737.4036597000668,0.6998139000497758,0.9995720000006258,738.4187318000477,738.4193190999795,738.4280892000534,738.4280892000534,738.4280892000534,742.2033925000578,400,1,[3.7749578999355435],[3.7749706000322476],P001,001,21,2025-11-08_16h50.29.656,intentionalbinding_experiment,,2025.1.1,59.994660462498246,2025-11-08 16h50.46.258406 +0530,
0.4,1000,exp,153,9,12,space,0.3480002998840064,None,700,1,[2.610719299991615],[2.610728899948299],12,9,153,7,742.2192152000498,,742.203729800065,742.2192152000498,743.2191999000497,743.2191999000497,743.2191999000497,743.5696673999773,space,0.3480002998840064,None,743.5702114000451,0.39992350002285093,0.6995381999295205,744.2846979000606,744.2851407000562,744.2933977000648,744.2933977000648,744.2933977000648,746.9043851000024,700,1,[2.610719299991615],[2.610728899948299],P001,001,21,2025-11-08_16h50.29.656,intentionalbinding_experiment,,2025.1.1,59.994660462498246,2025-11-08 16h50.46.258406 +0530,
0.1,400,unexp,154,10,12,space,0.8716626999666914,None,100,1,[1.6293259999947622],[1.6293331000488251],12,10,154,0,746.9192947000265,,746.9045497999759,746.9192947000265,747.9192911999999,747.9192911999999,747.9192911999999,748.8029254000867,space,0.8716626999666914,None,748.8032988000195,0.09950959996785969,0.3996330000227317,749.2173105999827,749.2176786999917,749.2238363000797,749.2238363000797,749.2238363000797,750.8533910000697,100,1,[1.6293259999947622],[1.6293331000488251],P001,001,21,2025-11-08_16h50.29.656,intentionalbinding_experiment,,2025.1.1,59.994660462498246,2025-11-08 16h50.46.258406 +0530,
0.4,1000,exp,155,11,12,space,1.145007900078781,None,300 ,1,[2.8464855999918655],[2.8464951999485493],12,11,155,10,750.8693247999763,,750.8535985000199,750.8693247999763,751.8525804000674,751.8525804000674,751.8692725000437,753.0031857000431,space,1.145007900078781,None,753.004188699997,0.3992896999698132,0.6994174999417737,753.7164810000686,753.717071000021,753.7232665000483,753.7232665000483,753.7232665000483,756.5700689000078,300 ,1,[2.8464855999918655],[2.8464951999485493],P001,001,21,2025-11-08_16h50.29.656,intentionalbinding_experiment,,2025.1.1,59.994660462498246,2025-11-08 16h50.46.258406 +0530,
0.1,1000,exp,156,0,13,space,0.6177497999742627,None,235,1,[3.1572030000388622],[3.157208099961281],13,0,156,6,756.5854602999752,,756.5703170000343,756.5854602999752,757.5855193000752,757.5855193000752,757.5855193000752,758.2191694000503,space,0.6177497999742627,None,758.2198758000741,0.09958749997895211,0.39967399998568,758.6340899000643,758.6344718000619,758.6458472000668,758.6458472000668,758.6458472000668,761.8032548000338,235,1,[3.1572030000388622],[3.157208099961281],P001,001,21,2025-11-08_16h50.29.656,intentionalbinding_experiment,,2025.1.1,59.994660462498246,2025-11-08 16h50.46.258406 +0530,
0.4,400,unexp,157,1,13,space,0.41020379995461553,None,100,1,[2.139641199959442],[2.139646800002083],13,1,157,1,761.8188401000807,,761.8033929000376,761.8188401000807,762.8186014000094,762.8186014000094,762.8186014000094,763.2360016000457,space,0.41020379995461553,None,763.236757799983,0.4002543999813497,0.6994147000368685,763.9542793000583,763.9546966999769,763.9634069000604,763.9634069000604,763.9634069000604,766.1032227000687,100,1,[2.139641199959442],[2.139646800002083],P001,001,21,2025-11-08_16h50.29.656,intentionalbinding_experiment,,2025.1.1,59.994660462498246,2025-11-08 16h50.46.258406 +0530,
0.1,1000,exp,158,2,13,space,0.38072410004679114,None,200,1,[2.095474599977024],[2.0954801000189036],13,2,158,3,766.1188932000659,,766.1033615000779,766.1188932000659,767.1187236000551,767.1187236000551,767.1187236000551,767.5023207999766,space,0.38072410004679114,None,767.5029011000879,0.09993919997941703,0.39972089999355376,767.9149248000467,767.9154095000122,767.9238603999838,767.9238603999838,767.9238603999838,770.0195256000152,200,1,[2.095474599977024],[2.0954801000189036],P001,001,21,2025-11-08_16h50.29.656,intentionalbinding_experiment,,2025.1.1,59.994660462498246,2025-11-08 16h50.46.258406 +0530,
0.7,400,unexp,159,3,13,space,0.2823323999764398,None,700,1,[1.8917322000488639],[1.8917381999781355],13,3,159,2,770.0353349000216,,770.0197031000862,770.0353349000216,771.018851300003,771.018851300003,771.0354960000841,771.3024192000739,space,0.2823323999764398,None,771.3029389000731,0.6992697000969201,0.9993132000090554,772.3167796999915,772.31721810007,772.3274338999763,772.3274338999763,772.3274338999763,774.2193791000172,700,1,[1.8917322000488639],[1.8917381999781355],P001,001,21,2025-11-08_16h50.29.656,intentionalbinding_experiment,,2025.1.1,59.994660462498246,2025-11-08 16h50.46.258406 +0530,
0.4,1000,exp,160,4,13,space,0.7975967000238597,None,400,1,[2.8795686000958085],[2.8795773000456393],13,4,160,10,774.2349806000711,,774.2195386000676,774.2349806000711,775.2184502000455,775.2184502000455,775.235179600073,776.0190773999784,space,0.7975967000238597,None,776.0199349999893,0.3994871999602765,0.6994927000487223,776.7346061000135,776.7348915000912,776.7395171000389,776.7395171000389,776.7395171000389,779.6192985000089,400,1,[2.8795686000958085],[2.8795773000456393],P001,001,21,2025-11-08_16h50.29.656,intentionalbinding_experiment,,2025.1.1,59.994660462498246,2025-11-08 16h50.46.258406 +0530,
0.7,1000,exp,161,5,13,space,0.7711722000967711,None,700,1,[2.258654300007038],[2.2586770000634715],13,5,161,11,779.6350957000395,,779.6194416000508,779.6350957000395,780.6186762000434,780.6186762000434,780.6351547000231,781.4026670000749,space,0.7711722000967711,None,781.4036176999798,0.7163365000160411,1.0155361000215635,782.436571600032,782.4371277000755,782.4437185000861,782.4437185000861,782.4437185000861,784.7025845000753,700,1,[2.258654300007038],[2.2586770000634715],P001,001,21,2025-11-08_16h50.29.656,intentionalbinding_experiment,,2025.1.1,59.994660462498246,2025-11-08 16h50.46.258406 +0530,
0.7,1000,exp,162,6,13,space,1.5570820999564603,None,650,1,[4.11828409996815],[4.1182924000313506],13,6,162,8,784.7183825999964,,784.7027454000199,784.7183825999964,785.7017253000522,785.7017253000522,785.7183396000182,787.2686463000719,space,1.5570820999564603,None,787.2690140000777,0.6992582000093535,0.9992631999775767,788.2743802000768,788.2748269999865,788.2851014999906,788.2851014999906,788.2851014999906,792.4036333999829,650,1,[4.11828409996815],[4.1182924000313506],P001,001,21,2025-11-08_16h50.29.656,intentionalbinding_experiment,,2025.1.1,59.994660462498246,2025-11-08 16h50.46.258406 +0530,
0.1,400,unexp,163,7,13,space,0.49672860000282526,None,100,1,[1.7676423999946564],[1.767648399923928],13,7,163,0,792.4180401000194,,792.4038454000838,792.4180401000194,793.4179588999832,793.4179588999832,793.4179588999832,793.9181715000886,space,0.49672860000282526,None,793.9185614000307,0.09992619999684393,0.3999048999976367,794.3282791000092,794.3285642000847,794.3346605000552,794.3346605000552,794.3346605000552,796.1025066000875,100,1,[1.7676423999946564],[1.767648399923928],P001,001,21,2025-11-08_16h50.29.656,intentionalbinding_experiment,,2025.1.1,59.994660462498246,2025-11-08 16h50.46.258406 +0530,
0.1,1000,exp,164,8,13,space,1.3409448000602424,None,100,1,[2.399301400058903],[2.3993069001007825],13,8,164,9,796.1179323000833,,796.102662099991,796.1179323000833,797.1180922000203,797.1180922000203,797.1180922000203,798.4684993000701,space,1.3409448000602424,None,798.4690428000176,0.09924770006909966,0.3993359000887722,798.8780394999776,798.8785811000271,798.8857018999988,798.8857018999988,798.8857018999988,801.2851817000192,100,1,[2.399301400058903],[2.3993069001007825],P001,001,21,2025-11-08_16h50.29.656,intentionalbinding_experiment,,2025.1.1,59.994660462498246,2025-11-08 16h50.46.258406 +0530,
0.4,1000,exp,165,9,13,space,0.37563120003324,None,200,1,[2.3935316000133753],[2.3935443999944255],13,9,165,4,801.3012396000559,,801.2853217000375,801.3012396000559,802.2845987000037,802.2845987000037,802.3011776000494,802.6682781000854,space,0.37563120003324,None,802.6686305000912,0.39977599994745106,0.6995346999028698,803.3859887000872,803.3862777000759,803.3910436000442,803.3910436000442,803.3910436000442,805.7849378000246,200,1,[2.3935316000133753],[2.3935443999944255],P001,001,21,2025-11-08_16h50.29.656,intentionalbinding_experiment,,2025.1.1,59.994660462498246,2025-11-08 16h50.46.258406 +0530,
0.4,1000,exp,166,10,13,space,0.262410799972713,None,560,1,[1.975787799921818],[1.9757925999583676],13,10,166,7,805.8008073000237,,805.7852445000317,805.8008073000237,806.7844564000843,806.7844564000843,806.8010546000442,807.0517296000617,space,0.262410799972713,None,807.052687700023,0.39929520001169294,0.6994268000125885,807.7678098999895,807.7683232000563,807.7758467000676,807.7758467000676,807.7758467000676,809.7518000000855,560,1,[1.975787799921818],[1.9757925999583676],P001,001,21,2025-11-08_16h50.29.656,intentionalbinding_experiment,,2025.1.1,59.994660462498246,2025-11-08 16h50.46.258406 +0530,
0.7,1000,exp,167,11,13,space,0.6127384999999776,None,200,1,[1.6485473000211641],[1.648552600061521],13,11,167,5,809.767601700034,,809.7519735000096,809.767601700034,810.7677442000713,810.7677442000713,810.7677442000713,811.3846161999973,space,0.6127384999999776,None,811.3852814000566,0.699441900011152,0.9997943999478593,812.3984389000107,812.3987253999803,812.4035147000104,812.4035147000104,812.4035147000104,814.0523109000642,200,1,[1.6485473000211641],[1.648552600061521],P001,001,21,2025-11-08_16h50.29.656,intentionalbinding_experiment,,2025.1.1,59.994660462498246,2025-11-08 16h50.46.258406 +0530,
0.7,1000,exp,168,0,14,space,0.621544299996458,None,567,1,[2.0969639000250027],[2.096969199948944],14,0,168,11,814.0674900000449,,814.0526223999914,814.0674900000449,815.0673646000214,815.0673646000214,815.0673646000214,815.700942800031,space,0.621544299996458,None,815.7013867000351,0.6998640999663621,1.0000466000055894,816.7144251000136,816.7148020000895,816.7222955999896,816.7222955999896,816.7222955999896,818.8194331000559,567,1,[2.0969639000250027],[2.096969199948944],P001,001,21,2025-11-08_16h50.29.656,intentionalbinding_experiment,,2025.1.1,59.994660462498246,2025-11-08 16h50.46.258406 +0530,
0.1,1000,exp,169,1,14,space,0.7751450000796467,None,100,1,[2.113720200024545],[2.113743399968371],14,1,169,6,818.8340985000832,,818.8195774999913,818.8340985000832,819.833730100072,819.833730100072,819.833730100072,820.6175384999951,space,0.7751450000796467,None,820.6181539000245,0.09953100001439452,0.39950540009886026,821.0264298000839,821.0269596000435,821.037350700004,821.037350700004,821.037350700004,823.1514726000605,100,1,[2.113720200024545],[2.113743399968371],P001,001,21,2025-11-08_16h50.29.656,intentionalbinding_experiment,,2025.1.1,59.994660462498246,2025-11-08 16h50.46.258406 +0530,
0.7,1000,exp,170,2,14,space,0.6829540999606252,None,200 ,1,[2.4706244999542832],[2.470636099926196],14,2,170,8,823.1673119000625,,823.1517947000684,823.1673119000625,824.1671146000735,824.1671146000735,824.1671146000735,824.8508918000152,space,0.6829540999606252,None,824.8515328000067,0.6996209999779239,0.9996826000278816,825.8654804000398,825.866229300038,825.8809006999945,825.8809006999945,825.8809006999945,828.3518657999812,200 ,1,[2.4706244999542832],[2.470636099926196],P001,001,21,2025-11-08_16h50.29.656,intentionalbinding_experiment,,2025.1.1,59.994660462498246,2025-11-08 16h50.46.258406 +0530,
0.4,1000,exp,171,3,14,space,0.3690523999975994,None,500,1,[2.0722744000377133],[2.072290000040084],14,3,171,4,828.3670479999855,,828.3521298000123,828.3670479999855,829.3672415000619,829.3672415000619,829.3672415000619,829.7509184000082,space,0.3690523999975994,None,829.7517842000816,0.39945419994182885,0.6996748000383377,830.4644898000406,830.465101000038,830.4783656999934,830.4783656999934,830.4783656999934,832.5511043000733,500,1,[2.0722744000377133],[2.072290000040084],P001,001,21,2025-11-08_16h50.29.656,intentionalbinding_experiment,,2025.1.1,59.994660462498246,2025-11-08 16h50.46.258406 +0530,
0.1,1000,exp,172,4,14,space,0.3502923999913037,None,100,1,[1.6943507000105456],[1.69436829991173],14,4,172,3,832.5670399999944,,832.5513684999896,832.5670399999944,833.5503511000425,833.5503511000425,833.5669436000753,833.9178333000746,space,0.3502923999913037,None,833.918984399992,0.09977020008955151,0.39911120000761,834.3259960000869,834.3265858000377,834.3399487000424,834.3399487000424,834.3399487000424,836.0347067000112,100,1,[1.6943507000105456],[1.69436829991173],P001,001,21,2025-11-08_16h50.29.656,intentionalbinding_experiment,,2025.1.1,59.994660462498246,2025-11-08 16h50.46.258406 +0530,
0.4,1000,exp,173,5,14,space,0.3779585000593215,None,235,1,[3.822266499977559],[3.8222808999707922],14,5,173,10,836.0503643000266,,836.0349779999815,836.0503643000266,837.050274200039,837.050274200039,837.050274200039,837.4345708000474,space,0.3779585000593215,None,837.435954399989,0.3990368000231683,0.6990361999487504,838.1468638000078,838.1475476999767,838.1623607000802,838.1623607000802,838.1623607000802,841.9850246000569,235,1,[3.822266499977559],[3.8222808999707922],P001,001,21,2025-11-08_16h50.29.656,intentionalbinding_experiment,,2025.1.1,59.994660462498246,2025-11-08 16h50.46.258406 +0530,
0.1,400,unexp,174,6,14,space,0.32521279994398355,None,100,1,[3.1061615999788046],[3.1061751000816002],14,6,174,0,842.0000301999971,,841.9852452999912,842.0000301999971,843.0001519999932,843.0001519999932,843.0001519999932,843.3338169000344,space,0.32521279994398355,None,843.334525900078,0.09945890004746616,0.3996781000168994,843.7450854000635,843.7456189000513,843.760978300008,843.760978300008,843.760978300008,846.8674510000274,100,1,[3.1061615999788046],[3.1061751000816002],P001,001,21,2025-11-08_16h50.29.656,intentionalbinding_experiment,,2025.1.1,59.994660462498246,2025-11-08 16h50.46.258406 +0530,
0.1,1000,exp,175,7,14,space,0.5661933000665158,None,150,1,[2.0042705999221653],[2.004285699920729],14,7,175,9,846.8833259000676,,846.8676781000104,846.8833259000676,847.8667456000112,847.8667456000112,847.8830893000122,848.4343288000673,space,0.5661933000665158,None,848.4354097000323,0.09916270000394434,0.39931110001634806,848.8485832000151,848.8492266000248,848.8629468000727,848.8629468000727,848.8629468000727,850.8677121000364,150,1,[2.0042705999221653],[2.004285699920729],P001,001,21,2025-11-08_16h50.29.656,intentionalbinding_experiment,,2025.1.1,59.994660462498246,2025-11-08 16h50.46.258406 +0530,
0.4,1000,exp,176,8,14,space,0.4535197000950575,None,333 ,1,[2.8757408000528812],[2.87575280002784],14,8,176,7,850.8832184000639,,850.8680977000622,850.8832184000639,851.8832396999933,851.8832396999933,851.8832396999933,852.3502542000497,space,0.4535197000950575,None,852.3511492999969,0.3995184999657795,0.6995445999782532,853.0643153000856,853.0648031000746,853.0750748000573,853.0750748000573,853.0750748000573,855.9512582999887,333 ,1,[2.8757408000528812],[2.87575280002784],P001,001,21,2025-11-08_16h50.29.656,intentionalbinding_experiment,,2025.1.1,59.994660462498246,2025-11-08 16h50.46.258406 +0530,
0.4,400,unexp,177,9,14,space,0.1931299000279978,None,345  ,1,[5.17699199996423],[5.1770057999528944],14,9,177,1,855.9663716000505,,855.9515979000134,855.9663716000505,856.9663720000535,856.9663720000535,856.9663720000535,857.1666884000879,space,0.1931299000279978,None,857.1675924999872,0.39957310003228486,0.6995524999219924,857.8864442000631,857.8870803000173,857.9067517999792,857.9067517999792,857.9067517999792,863.084198400029,345  ,1,[5.17699199996423],[5.1770057999528944],P001,001,21,2025-11-08_16h50.29.656,intentionalbinding_experiment,,2025.1.1,59.994660462498246,2025-11-08 16h50.46.258406 +0530,
0.7,1000,exp,178,10,14,space,0.2703391000395641,None,400,1,[1.7771618999540806],[1.777175800059922],14,10,178,5,863.0995842000702,,863.0845955000259,863.0995842000702,864.0996360999998,864.0996360999998,864.0996360999998,864.3832801000681,space,0.2703391000395641,None,864.3844884000719,0.6996077999938279,0.999798999982886,865.3976568999933,865.3980853999965,865.407166399993,865.407166399993,865.407166399993,867.1847412000643,400,1,[1.7771618999540806],[1.777175800059922],P001,001,21,2025-11-08_16h50.29.656,intentionalbinding_experiment,,2025.1.1,59.994660462498246,2025-11-08 16h50.46.258406 +0530,
0.7,400,unexp,179,11,14,space,0.7699900000588968,None,700,1,[0.9799921000376344],[0.9800010999897495],14,11,179,2,867.199486700003,,867.1850334000774,867.199486700003,868.1991584000643,868.1991584000643,868.1991584000643,868.9830547000747,space,0.7699900000588968,None,868.9838863000041,0.6996630999492481,0.9996716999448836,869.9961011999985,869.996430600062,870.0038489000872,870.0038489000872,870.0038489000872,870.9841298999963,700,1,[0.9799921000376344],[0.9800010999897495],P001,001,21,2025-11-08_16h50.29.656,intentionalbinding_experiment,,2025.1.1,59.994660462498246,2025-11-08 16h50.46.258406 +0530,
0.4,1000,exp,180,0,15,space,1.026830599992536,None,600,1,[0.8075649000238627],[0.8075742999790236],15,0,180,7,870.9993236000882,,870.9843567999778,870.9993236000882,871.9994632999878,871.9994632999878,871.9994632999878,873.0331831000512,space,1.026830599992536,None,873.0340378000401,0.39967009995598346,0.6996186999604106,873.7445548999822,873.7451700000092,873.7600812000455,873.7600812000455,873.7600812000455,874.5679478000384,600,1,[0.8075649000238627],[0.8075742999790236],P001,001,21,2025-11-08_16h50.29.656,intentionalbinding_experiment,,2025.1.1,59.994660462498246,2025-11-08 16h50.46.258406 +0530,
0.7,1000,exp,181,1,15,space,0.3756537000881508,None,456 ,1,[1.427106300019659],[1.427117899991572],15,1,181,5,874.5825792000396,,874.5681870999979,874.5825792000396,875.5824331999756,875.5824331999756,875.5824331999756,875.9664031000575,space,0.3756537000881508,None,875.9671845000703,0.6994502000743523,0.9994336001109332,876.9771937000332,876.9799261000007,876.9890610000584,876.9890610000584,876.9890610000584,878.4164746000897,456 ,1,[1.427106300019659],[1.427117899991572],P001,001,21,2025-11-08_16h50.29.656,intentionalbinding_experiment,,2025.1.1,59.994660462498246,2025-11-08 16h50.46.258406 +0530,
0.4,1000,exp,182,2,15,space,1.6805405999766663,None,156,1,[4.449634599965066],[4.449649899965152],15,2,182,4,878.4323664000258,,878.4166989000514,878.4323664000258,879.415816300083,879.415816300083,879.4324879000196,881.0997338000452,space,1.6805405999766663,None,881.1003901000367,0.39937779994215816,0.6994983999757096,881.8189740000525,881.8195788000012,881.8334164000116,881.8334164000116,881.8334164000116,886.2835214000661,156,1,[4.449634599965066],[4.449649899965152],P001,001,21,2025-11-08_16h50.29.656,intentionalbinding_experiment,,2025.1.1,59.994660462498246,2025-11-08 16h50.46.258406 +0530,
0.1,1000,exp,183,3,15,space,0.29755910008680075,None,333,1,[1.9747822999488562],[1.9747944000409916],15,3,183,9,886.2988801000174,,886.2839516000822,886.2988801000174,887.2988486000104,887.2988486000104,887.2988486000104,887.5993089000694,space,0.29755910008680075,None,887.6000192000065,0.09959819994401187,0.39953289995901287,888.014760900056,888.0152391000884,888.025312700076,888.025312700076,888.025312700076,890.0005108000478,333,1,[1.9747822999488562],[1.9747944000409916],P001,001,21,2025-11-08_16h50.29.656,intentionalbinding_experiment,,2025.1.1,59.994660462498246,2025-11-08 16h50.46.258406 +0530,
0.1,1000,exp,184,4,15,space,0.6417258000001311,None,100,1,[1.2787473999196663],[1.278761199908331],15,4,184,6,890.015544300084,,890.0008152000373,890.015544300084,891.0154841999756,891.0154841999756,891.0154841999756,891.6658843000187,space,0.6417258000001311,None,891.6666198000312,0.09943880001083016,0.3994894999777898,892.0767154999776,892.077188000083,892.0872895000502,892.0872895000502,892.0872895000502,893.3664332000772,100,1,[1.2787473999196663],[1.278761199908331],P001,001,21,2025-11-08_16h50.29.656,intentionalbinding_experiment,,2025.1.1,59.994660462498246,2025-11-08 16h50.46.258406 +0530,
0.1,400,unexp,185,5,15,space,0.273956699995324,None,235,1,[3.232458799961023],[3.232483899919316],15,5,185,0,893.3819857999915,,893.36675070005,893.3819857999915,894.3819931000471,894.3819931000471,894.3819931000471,894.6659482000396,space,0.273956699995324,None,894.66705560009,0.09934349998366088,0.39932349999435246,895.0749625000171,895.0755532999756,895.0838817000622,895.0838817000622,895.0838817000622,898.3170661000768,235,1,[3.232458799961023],[3.232483899919316],P001,001,21,2025-11-08_16h50.29.656,intentionalbinding_experiment,,2025.1.1,59.994660462498246,2025-11-08 16h50.46.258406 +0530,
0.4,1000,exp,186,6,15,space,2.2552477000281215,None,50,1,[3.094735600054264],[3.0947511000558734],15,6,186,10,898.3321352000348,,898.3177119999891,898.3321352000348,899.332092900062,899.332092900062,899.332092900062,901.599336400046,space,2.2552477000281215,None,901.6004089000635,0.3992154001025483,0.6991962000029162,902.314239300089,902.3145885000704,902.3211147000547,902.3211147000547,902.3211147000547,905.4164004999911,50,1,[3.094735600054264],[3.0947511000558734],P001,001,21,2025-11-08_16h50.29.656,intentionalbinding_experiment,,2025.1.1,59.994660462498246,2025-11-08 16h50.46.258406 +0530,
0.7,1000,exp,187,7,15,space,0.3770701000466943,None,800,1,[1.7146669999929145],[1.7146767999511212],15,7,187,8,905.4321722000604,,905.4169379000086,905.4321722000604,906.4317612000741,906.4317612000741,906.4317612000741,906.8160404000664,space,0.3770701000466943,None,906.8170693999855,0.6990131000056863,0.9991097999736667,907.8263102000346,907.826679400052,907.8353102999972,907.8353102999972,907.8353102999972,909.5502607000526,800,1,[1.7146669999929145],[1.7146767999511212],P001,001,21,2025-11-08_16h50.29.656,intentionalbinding_experiment,,2025.1.1,59.994660462498246,2025-11-08 16h50.46.258406 +0530,
0.7,400,unexp,188,8,15,space,0.25181980000343174,None,600,1,[2.208477900014259],[2.2084985999390483],15,8,188,2,909.5648264000192,,909.5504827999976,909.5648264000192,910.5651054000482,910.5651054000482,910.5651054000482,910.8319380000466,space,0.25181980000343174,None,910.8327706999844,0.6998262000270188,0.9995154000353068,911.8455579000292,911.8462316000368,911.8582795000402,911.8582795000402,911.8582795000402,914.0673515000381,600,1,[2.208477900014259],[2.2084985999390483],P001,001,21,2025-11-08_16h50.29.656,intentionalbinding_experiment,,2025.1.1,59.994660462498246,2025-11-08 16h50.46.258406 +0530,
0.4,400,unexp,189,9,15,space,2.72617659997195,None,400,1,[1.8399616000242531],[1.8399795999284834],15,9,189,1,914.0815801999997,,914.0678280000575,914.0815801999997,915.0815264000557,915.0815264000557,915.0815264000557,917.8158281000797,space,2.72617659997195,None,917.8172379999887,0.3992163999937475,0.6991585999494419,918.5284996000119,918.5291016000556,918.5424504000694,918.5424504000694,918.5424504000694,920.3829592000693,400,1,[1.8399616000242531],[1.8399795999284834],P001,001,21,2025-11-08_16h50.29.656,intentionalbinding_experiment,,2025.1.1,59.994660462498246,2025-11-08 16h50.46.258406 +0530,
0.1,1000,exp,190,10,15,space,0.9161572000011802,None,100,1,[2.780274400021881],[2.780283599975519],15,10,190,3,920.3981505000265,,920.3832411000039,920.3981505000265,921.3980012000538,921.3980012000538,921.3980012000538,922.3148761000484,space,0.9161572000011802,None,922.3156506000087,0.10006139997858554,0.39988129993434995,922.7250162999844,922.7254852000624,922.7350614999887,922.7350614999887,922.7350614999887,925.5156288000289,100,1,[2.780274400021881],[2.780283599975519],P001,001,21,2025-11-08_16h50.29.656,intentionalbinding_experiment,,2025.1.1,59.994660462498246,2025-11-08 16h50.46.258406 +0530,
0.7,1000,exp,191,11,15,space,0.33847409998998046,None,400,1,[1.3237097000237554],[1.3237230000086129],15,11,191,11,925.531192000024,,925.5158685999922,925.531192000024,926.5311593000079,926.5311593000079,926.5311593000079,926.881413700059,space,0.33847409998998046,None,926.8821352000814,0.6999374000588432,0.9996650000102818,927.8993544999976,927.8997861000244,927.9089691999834,927.9089691999834,927.9089691999834,929.2329850000096,400,1,[1.3237097000237554],[1.3237230000086129],P001,001,21,2025-11-08_16h50.29.656,intentionalbinding_experiment,,2025.1.1,59.994660462498246,2025-11-08 16h50.46.258406 +0530,
0.4,1000,exp,192,0,16,space,0.3449720999924466,None,100,1,[1.4993217999581248],[1.499334399937652],16,0,192,10,929.2481538000284,,929.2333799999906,929.2481538000284,930.2479491999839,930.2479491999839,930.2479491999839,930.5984285000013,space,0.3449720999924466,None,930.5994278000435,0.39952590002212673,0.699481200077571,931.3146715000039,931.3155266999966,931.3332483000122,931.3332483000122,931.3332483000122,932.8330529000377,100,1,[1.4993217999581248],[1.499334399937652],P001,001,21,2025-11-08_16h50.29.656,intentionalbinding_experiment,,2025.1.1,59.994660462498246,2025-11-08 16h50.46.258406 +0530,
0.1,1000,exp,193,1,16,space,0.1981538999825716,None,675,1,[3.3894446999765933],[3.3894537000451237],16,1,193,3,932.8476854000473,,932.8333604000509,932.8476854000473,933.8477093999973,933.8477093999973,933.8477093999973,934.0485793000553,space,0.1981538999825716,None,934.0500771000516,0.09910110000055283,0.3987968999426812,934.4586932000238,934.4592844999861,934.475840600091,934.475840600091,934.475840600091,937.8656426999951,675,1,[3.3894446999765933],[3.3894537000451237],P001,001,21,2025-11-08_16h50.29.656,intentionalbinding_experiment,,2025.1.1,59.994660462498246,2025-11-08 16h50.46.258406 +0530,
0.1,1000,exp,194,2,16,space,2.674930899986066,None,500,1,[2.3614348999690264],[2.3614469999447465],16,2,194,6,937.8808355000801,,937.8659034000011,937.8808355000801,938.8809485000093,938.8809485000093,938.8809485000093,941.5649374000495,space,2.674930899986066,None,941.5659653000766,0.0992355999769643,0.39918339997529984,941.9788616000442,941.9795126999961,941.9873552999925,941.9873552999925,941.9873552999925,944.3491321000038,500,1,[2.3614348999690264],[2.3614469999447465],P001,001,21,2025-11-08_16h50.29.656,intentionalbinding_experiment,,2025.1.1,59.994660462498246,2025-11-08 16h50.46.258406 +0530,
0.4,1000,exp,195,3,16,space,0.4266031999140978,None,100,1,[1.052521799923852],[1.052534099901095],16,3,195,4,944.3640253000194,,944.3495411999756,944.3640253000194,945.3641249000793,945.3641249000793,945.3641249000793,945.7981937000295,space,0.4266031999140978,None,945.7995716000441,0.39936009992379695,0.6991371000185609,946.5170129999751,946.5176131000044,946.5289268000051,946.5289268000051,946.5289268000051,947.5818101000041,100,1,[1.052521799923852],[1.052534099901095],P001,001,21,2025-11-08_16h50.29.656,intentionalbinding_experiment,,2025.1.1,59.994660462498246,2025-11-08 16h50.46.258406 +0530,
0.7,1000,exp,196,4,16,space,1.171408100053668,None,700,1,[1.3894803000148386],[1.3894893999677151],16,4,196,11,947.5971936000278,,947.5823678000597,947.5971936000278,948.5973472000333,948.5973472000333,948.5973472000333,949.7811448000139,space,1.171408100053668,None,949.7820130999899,0.6995617999928072,0.9995599999092519,950.7946917000227,950.7952535999939,950.8086174000055,950.8086174000055,950.8086174000055,952.1983950000722,700,1,[1.3894803000148386],[1.3894893999677151],P001,001,21,2025-11-08_16h50.29.656,intentionalbinding_experiment,,2025.1.1,59.994660462498246,2025-11-08 16h50.46.258406 +0530,
0.7,1000,exp,197,5,16,space,0.6226391999516636,None,760,1,[3.9122988000744954],[3.9123093000380322],16,5,197,5,952.2142902000342,,952.1986064000521,952.2142902000342,953.2138056000695,953.2138056000695,953.2138056000695,953.8477953000693,space,0.6226391999516636,None,953.8485736000584,0.6993346000090241,0.9994464999763295,954.8578678000486,954.8583900000667,954.8687655000249,954.8687655000249,954.8687655000249,958.7814527000301,760,1,[3.9122988000744954],[3.9123093000380322],P001,001,21,2025-11-08_16h50.29.656,intentionalbinding_experiment,,2025.1.1,59.994660462498246,2025-11-08 16h50.46.258406 +0530,
0.7,1000,exp,198,6,16,space,0.49548650009091944,None,180,1,[2.646727200015448],[2.6467373999767005],16,6,198,8,958.796829400002,,958.7817584000295,958.796829400002,959.7969507999951,959.7969507999951,959.7969507999951,960.2975539000472,space,0.49548650009091944,None,960.2983260999899,0.6994071000954136,0.9993264001095667,961.3073683000403,961.3078536000103,961.3183690999867,961.3183690999867,961.3183690999867,963.9654168999987,180,1,[2.646727200015448],[2.6467373999767005],P001,001,21,2025-11-08_16h50.29.656,intentionalbinding_experiment,,2025.1.1,59.994660462498246,2025-11-08 16h50.46.258406 +0530,
0.1,400,unexp,199,7,16,space,0.3622347000055015,None,700,1,[3.6009029999841005],[3.600913800066337],16,7,199,0,963.9801426000195,,963.9656983000459,963.9801426000195,964.9802562000696,964.9802562000696,964.9802562000696,965.3475520000793,space,0.3622347000055015,None,965.3485746000661,0.09935689996927977,0.3994576999684796,965.7575502999825,965.7578771000262,965.7641116000013,965.7641116000013,965.7641116000013,969.3653403000208,700,1,[3.6009029999841005],[3.600913800066337],P001,001,21,2025-11-08_16h50.29.656,intentionalbinding_experiment,,2025.1.1,59.994660462498246,2025-11-08 16h50.46.258406 +0530,
0.7,400,unexp,200,8,16,space,0.6213023000163957,None,300,1,[5.321540299919434],[5.321552800014615],16,8,200,2,969.3798972000368,,969.3656471000286,969.3798972000368,970.3800225000596,970.3800225000596,970.3800225000596,971.0145629000617,space,0.6213023000163957,None,971.0157715000678,0.7153641999466345,1.0153752999613062,972.0445095000323,972.0450960000744,972.0584765999811,972.0584765999811,972.0584765999811,977.3804636000423,300,1,[5.321540299919434],[5.321552800014615],P001,001,21,2025-11-08_16h50.29.656,intentionalbinding_experiment,,2025.1.1,59.994660462498246,2025-11-08 16h50.46.258406 +0530,
0.4,400,unexp,201,9,16,space,0.23913929995615035,None,200,1,[1.4463736999314278],[1.4463954999810085],16,9,201,1,977.3964122000616,,977.3807957000099,977.3964122000616,978.3799539000029,978.3799539000029,978.3964827000163,978.6304936000379,space,0.23913929995615035,None,978.6316414000466,0.39939379994757473,0.6993962000124156,979.3448338999879,979.3453717000084,979.3523813000647,979.3523813000647,979.3523813000647,980.7994511000579,200,1,[1.4463736999314278],[1.4463954999810085],P001,001,21,2025-11-08_16h50.29.656,intentionalbinding_experiment,,2025.1.1,59.994660462498246,2025-11-08 16h50.46.258406 +0530,
0.1,1000,exp,202,10,16,space,0.37830680003389716,None,250,1,[2.593748899991624],[2.5937608999665827],16,10,202,9,980.8131145000225,,980.8000072999857,980.8131145000225,981.8131323000416,981.8131323000416,981.8131323000416,982.1972635000711,space,0.37830680003389716,None,982.1985653000884,0.09901020000688732,0.3990940999938175,982.6063783999998,982.6070604000706,982.6208596000215,982.6208596000215,982.6208596000215,985.2149442000082,250,1,[2.593748899991624],[2.5937608999665827],P001,001,21,2025-11-08_16h50.29.656,intentionalbinding_experiment,,2025.1.1,59.994660462498246,2025-11-08 16h50.46.258406 +0530,
0.4,1000,exp,203,11,16,space,0.3658635999308899,None,100,1,[1.1876065999967977],[1.1876165999565274],16,11,203,7,985.2294254000299,,985.2152755000861,985.2294254000299,986.2296944999835,986.2296944999835,986.2296944999835,986.6135755000869,space,0.3658635999308899,None,986.6147150000324,0.39938590000383556,0.6993971000192687,987.3275446000043,987.3282646000152,987.3426206000149,987.3426206000149,987.3426206000149,988.5305386000546,100,1,[1.1876065999967977],[1.1876165999565274],P001,001,21,2025-11-08_16h50.29.656,intentionalbinding_experiment,,2025.1.1,59.994660462498246,2025-11-08 16h50.46.258406 +0530,
0.7,1000,exp,204,0,17,space,0.13597179995849729,None,700,1,[1.0976482999976724],[1.097737199976109],17,0,204,8,988.5462998000439,,988.5307742999867,988.5462998000439,989.5461877000052,989.5461877000052,989.5461877000052,989.6965375000145,space,0.13597179995849729,None,989.6972890000325,0.6995495000155643,0.9995590000180528,990.7063216000097,990.7068102000048,990.716478300048,990.716478300048,990.716478300048,991.8146084999898,700,1,[1.0976482999976724],[1.097737199976109],P001,001,21,2025-11-08_16h50.29.656,intentionalbinding_experiment,,2025.1.1,59.994660462498246,2025-11-08 16h50.46.258406 +0530,
0.4,400,unexp,205,1,17,space,0.3628875999711454,None,150,1,[3.4964398000156507],[3.4964596999343485],17,1,205,1,991.8294893000275,,991.8148973999778,991.8294893000275,992.8294002000475,992.8294002000475,992.8294002000475,993.196459800005,space,0.3628875999711454,None,993.1972091000061,0.3994622000027448,0.6995213000336662,993.9066425000783,993.907115100068,993.9171963999979,993.9171963999979,993.9171963999979,997.4141772000585,150,1,[3.4964398000156507],[3.4964596999343485],P001,001,21,2025-11-08_16h50.29.656,intentionalbinding_experiment,,2025.1.1,59.994660462498246,2025-11-08 16h50.46.258406 +0530,
0.1,1000,exp,206,2,17,space,0.29243879998102784,None,100,1,[1.501852700021118],[1.5018676000181586],17,2,206,6,997.4292926000198,,997.4145079000155,997.4292926000198,998.4293760000728,998.4293760000728,998.4293760000728,998.7299063000828,space,0.29243879998102784,None,998.7313666000264,0.09922670002561063,0.3991541999857873,999.1473765000701,999.1480228999862,999.1621119000483,999.1621119000483,999.1621119000483,1000.6643665999873,100,1,[1.501852700021118],[1.5018676000181586],P001,001,21,2025-11-08_16h50.29.656,intentionalbinding_experiment,,2025.1.1,59.994660462498246,2025-11-08 16h50.46.258406 +0530,
0.4,1000,exp,207,3,17,space,0.8201220000628382,None,150,1,[1.3385532000102103],[1.338566999998875],17,3,207,4,1000.6797880000668,,1000.6647008000873,1000.6797880000668,1001.679177800077,1001.679177800077,1001.679177800077,1002.5131446000887,space,0.8201220000628382,None,1002.5143916000379,0.3994350000284612,0.6994453000370413,1003.2278370000422,1003.2284898000071,1003.2414809000911,1003.2414809000911,1003.2414809000911,1004.580398100079,150,1,[1.3385532000102103],[1.338566999998875],P001,001,21,2025-11-08_16h50.29.656,intentionalbinding_experiment,,2025.1.1,59.994660462498246,2025-11-08 16h50.46.258406 +0530,
0.1,1000,exp,208,4,17,space,0.42157999996561557,None,400,1,[3.384307699976489],[3.38432469998952],17,4,208,9,1004.5955031000776,,1004.5806238000514,1004.5955031000776,1005.5956628000131,1005.5956628000131,1005.5956628000131,1006.0298351000529,space,0.42157999996561557,None,1006.0309423999861,0.09923389996401966,0.39920109999366105,1006.4484593999805,1006.449084800086,1006.4624570000451,1006.4624570000451,1006.4624570000451,1009.8472367000068,400,1,[3.384307699976489],[3.38432469998952],P001,001,21,2025-11-08_16h50.29.656,intentionalbinding_experiment,,2025.1.1,59.994660462498246,2025-11-08 16h50.46.258406 +0530,
0.7,400,unexp,209,5,17,space,1.2849163999781013,None,700,1,[4.803404400008731],[4.803417699993588],17,5,209,2,1009.8628201000392,,1009.8476417000638,1009.8628201000392,1010.8623505000724,1010.8623505000724,1010.8623505000724,1012.1631608000025,space,1.2849163999781013,None,1012.1643466000678,0.6990379999624565,0.999131300020963,1013.1790115000913,1013.1796160000376,1013.1924848000053,1013.1924848000053,1013.1924848000053,1017.9962246000068,700,1,[4.803404400008731],[4.803417699993588],P001,001,21,2025-11-08_16h50.29.656,intentionalbinding_experiment,,2025.1.1,59.994660462498246,2025-11-08 16h50.46.258406 +0530,
0.7,1000,exp,210,6,17,space,0.5540570999728516,None,100,1,[1.387582499999553],[1.3875896000536159],17,6,210,11,1018.0119524000911,,1017.9965114999795,1018.0119524000911,1019.0120481000049,1019.0120481000049,1019.0120481000049,1019.5791152000893,space,0.5540570999728516,None,1019.5799634000286,0.6993781999917701,0.9993945999303833,1020.5944422000321,1020.5951655000681,1020.6085878000595,1020.6085878000595,1020.6085878000595,1021.9964479000773,100,1,[1.387582499999553],[1.3875896000536159],P001,001,21,2025-11-08_16h50.29.656,intentionalbinding_experiment,,2025.1.1,59.994660462498246,2025-11-08 16h50.46.258406 +0530,
0.4,1000,exp,211,7,17,space,0.3245070999255404,None,400,1,[0.9802719000726938],[0.9802839000476524],17,7,211,10,1022.0116169999819,,1021.9969864999875,1022.0116169999819,1023.0117778000422,1023.0117778000422,1023.0117778000422,1023.3456959000323,space,0.3245070999255404,None,1023.3464712999994,0.3995159000623971,0.6995620001107454,1024.0548372999765,1024.0553239000728,1024.0659041000763,1024.0659041000763,1024.0659041000763,1025.046585300006,400,1,[0.9802719000726938],[0.9802839000476524],P001,001,21,2025-11-08_16h50.29.656,intentionalbinding_experiment,,2025.1.1,59.994660462498246,2025-11-08 16h50.46.258406 +0530,
0.1,1000,exp,212,8,17,space,0.29280840000137687,None,100,1,[1.1434742999263108],[1.143486600019969],17,8,212,3,1025.0622067999793,,1025.0476486000698,1025.0622067999793,1026.0617776000872,1026.0617776000872,1026.0617776000872,1026.3622684000293,space,0.29280840000137687,None,1026.363016600022,0.09927330003120005,0.39947069995105267,1026.7750947000459,1026.7755784000037,1026.7860026999842,1026.7860026999842,1026.7860026999842,1027.9299032000126,100,1,[1.1434742999263108],[1.143486600019969],P001,001,21,2025-11-08_16h50.29.656,intentionalbinding_experiment,,2025.1.1,59.994660462498246,2025-11-08 16h50.46.258406 +0530,
0.4,1000,exp,213,9,17,space,0.05111950007267296,None,100,1,[0.9109446000074968],[0.9109561999794096],17,9,213,7,1027.9449621000094,,1027.9301945000188,1027.9449621000094,1028.9450081000105,1028.9450081000105,1028.9450081000105,1029.0121408000123,space,0.05111950007267296,None,1029.012888600002,0.3993945000693202,0.699750000028871,1029.7278513000347,1029.7283797999844,1029.7349447000306,1029.7349447000306,1029.7349447000306,1030.6470800000243,100,1,[0.9109446000074968],[0.9109561999794096],P001,001,21,2025-11-08_16h50.29.656,intentionalbinding_experiment,,2025.1.1,59.994660462498246,2025-11-08 16h50.46.258406 +0530,
0.7,1000,exp,214,10,17,space,0.3788825999945402,None,960,1,[2.016374300001189],[2.0163879999890924],17,10,214,5,1030.661911400035,,1030.6474276999943,1030.661911400035,1031.6615430000238,1031.6615430000238,1031.6615430000238,1032.0454597000498,space,0.3788825999945402,None,1032.0461531999754,0.6998268000315875,0.9994849000358954,1033.0567399000283,1033.0570701999823,1033.0632666000165,1033.0632666000165,1033.0632666000165,1035.0800737000536,960,1,[2.016374300001189],[2.0163879999890924],P001,001,21,2025-11-08_16h50.29.656,intentionalbinding_experiment,,2025.1.1,59.994660462498246,2025-11-08 16h50.46.258406 +0530,
0.1,400,unexp,215,11,17,space,0.2146035999758169,None,850,1,[1.3209696999983862],[1.3209808999672532],17,11,215,0,1035.0949988000793,,1035.0804312999826,1035.0949988000793,1036.0950978000183,1036.0950978000183,1036.0950978000183,1036.312185100047,space,0.2146035999758169,None,1036.3135970000876,0.09940479998476803,0.39946009998675436,1036.7279717000201,1036.728575700079,1036.742209500051,1036.742209500051,1036.742209500051,1038.0637940000743,850,1,[1.3209696999983862],[1.3209808999672532],P001,001,21,2025-11-08_16h50.29.656,intentionalbinding_experiment,,2025.1.1,59.994660462498246,2025-11-08 16h50.46.258406 +0530,
0.4,1000,exp,216,0,18,space,0.2592321999836713,None,345,1,[1.4563195999944583],[1.4563333000987768],18,0,216,4,1038.0780366000254,,1038.0641831000103,1038.0780366000254,1039.0779271000065,1039.0779271000065,1039.0779271000065,1039.3456723000854,space,0.2592321999836713,None,1039.346287399996,0.3992742000846192,0.6990788000402972,1040.057317400002,1040.0579534000717,1040.0728949999902,1040.0728949999902,1040.0728949999902,1041.5296177000273,345,1,[1.4563195999944583],[1.4563333000987768],P001,001,21,2025-11-08_16h50.29.656,intentionalbinding_experiment,,2025.1.1,59.994660462498246,2025-11-08 16h50.46.258406 +0530,
0.1,1000,exp,217,1,18,space,0.23399219999555498,None,677 ,1,[2.2476711000781506],[2.2476823000470176],18,1,217,3,1041.5447849000338,,1041.529941600049,1041.5447849000338,1042.544748699991,1042.544748699991,1042.544748699991,1042.7952656000853,space,0.23399219999555498,None,1042.7960230000317,0.09951359999831766,0.39938429999165237,1043.2041714000516,1043.204693100066,1043.2145022000186,1043.2145022000186,1043.2145022000186,1045.4624806999927,677 ,1,[2.2476711000781506],[2.2476823000470176],P001,001,21,2025-11-08_16h50.29.656,intentionalbinding_experiment,,2025.1.1,59.994660462498246,2025-11-08 16h50.46.258406 +0530,
0.1,1000,exp,218,2,18,space,0.07414739998057485,None,567 ,1,[1.2197097999742255],[1.2197232999606058],18,2,218,6,1045.478393000085,,1045.4627328000497,1045.478393000085,1046.477900900063,1046.477900900063,1046.477900900063,1046.561725800042,space,0.07414739998057485,None,1046.5624967999756,0.09954009996727109,0.3997879000380635,1046.9760409999872,1046.976889200043,1046.9918055000016,1046.9918055000016,1046.9918055000016,1048.211930599995,567 ,1,[1.2197097999742255],[1.2197232999606058],P001,001,21,2025-11-08_16h50.29.656,intentionalbinding_experiment,,2025.1.1,59.994660462498246,2025-11-08 16h50.46.258406 +0530,
0.4,1000,exp,219,3,18,space,0.2801734000677243,None,123 ,1,[0.9243471000809222],[0.9243688000133261],18,3,219,7,1048.2277999999933,,1048.212263100082,1048.2277999999933,1049.21124720003,1049.21124720003,1049.2279750000453,1049.4949828999816,space,0.2801734000677243,None,1049.4960711000022,0.3994601999875158,0.6996105000143871,1050.2066316000419,1050.2072473000735,1050.2210623000283,1050.2210623000283,1050.2210623000283,1051.1457770999987,123 ,1,[0.9243471000809222],[0.9243688000133261],P001,001,21,2025-11-08_16h50.29.656,intentionalbinding_experiment,,2025.1.1,59.994660462498246,2025-11-08 16h50.46.258406 +0530,
0.7,1000,exp,220,4,18,space,0.248747400008142,None,999,1,[1.233558400068432],[1.2335720000555739],18,4,220,8,1051.1620164000196,,1051.145984300063,1051.1620164000196,1052.1612109000562,1052.1612109000562,1052.1612109000562,1052.412473000004,space,0.248747400008142,None,1052.4135794000467,0.7152281999588013,1.0152100999839604,1053.4352772000711,1053.4355906000128,1053.44448559999,1053.44448559999,1053.44448559999,1054.6784523000242,999,1,[1.233558400068432],[1.2335720000555739],P001,001,21,2025-11-08_16h50.29.656,intentionalbinding_experiment,,2025.1.1,59.994660462498246,2025-11-08 16h50.46.258406 +0530,
0.1,1000,exp,221,5,18,space,0.2682293000398204,None,100,1,[1.2780530999880284],[1.2780665999744087],18,5,221,9,1054.6943188000005,,1054.678775700042,1054.6943188000005,1055.6778789000819,1055.6778789000819,1055.6943173999898,1055.9614003000315,space,0.2682293000398204,None,1055.96204880008,0.09955059993080795,0.399842599988915,1056.3745536999777,1056.3750231000595,1056.3839771000203,1056.3839771000203,1056.3839771000203,1057.6624459000304,100,1,[1.2780530999880284],[1.2780665999744087],P001,001,21,2025-11-08_16h50.29.656,intentionalbinding_experiment,,2025.1.1,59.994660462498246,2025-11-08 16h50.46.258406 +0530,
0.7,1000,exp,222,6,18,space,0.2484941000584513,None,760,1,[1.355193299939856],[1.3552068000426516],18,6,222,5,1057.677521500038,,1057.6627602999797,1057.677521500038,1058.6776062999852,1058.6776062999852,1058.6776062999852,1058.9282438000664,space,0.2484941000584513,None,1058.9291976999957,0.6991237999172881,0.9991508999373764,1059.9455279000103,1059.9460063000442,1059.9561530000065,1059.9561530000065,1059.9561530000065,1061.3117507999996,760,1,[1.355193299939856],[1.3552068000426516],P001,001,21,2025-11-08_16h50.29.656,intentionalbinding_experiment,,2025.1.1,59.994660462498246,2025-11-08 16h50.46.258406 +0530,
0.7,1000,exp,223,7,18,space,0.42021290003322065,None,870,1,[2.005890000029467],[2.005898499977775],18,7,223,11,1061.3274228000082,,1061.3120913000312,1061.3274228000082,1062.3273954000324,1062.3273954000324,1062.3273954000324,1062.7613586999942,space,0.42021290003322065,None,1062.7621189000783,0.6994596000295132,0.9994574000593275,1063.7783697000705,1063.778855200042,1063.7894191000378,1063.7894191000378,1063.7894191000378,1065.7955976000521,870,1,[2.005890000029467],[2.005898499977775],P001,001,21,2025-11-08_16h50.29.656,intentionalbinding_experiment,,2025.1.1,59.994660462498246,2025-11-08 16h50.46.258406 +0530,
0.1,400,unexp,224,8,18,space,0.08390339999459684,None,100,1,[1.5885625999653712],[1.5885771999601275],18,8,224,0,1065.8105945000425,,1065.7958150000777,1065.8105945000425,1066.810844700085,1066.810844700085,1066.810844700085,1066.9115598000353,space,0.08390339999459684,None,1066.912637499976,0.09925359999760985,0.39914949994999915,1067.325543700019,1067.3261752000544,1067.338890700019,1067.338890700019,1067.338890700019,1068.9278600000544,100,1,[1.5885625999653712],[1.5885771999601275],P001,001,21,2025-11-08_16h50.29.656,intentionalbinding_experiment,,2025.1.1,59.994660462498246,2025-11-08 16h50.46.258406 +0530,
0.7,400,unexp,225,9,18,space,0.17591640003956854,None,400,1,[1.053431099979207],[1.0534418999450281],18,9,225,2,1068.9438533000648,,1068.9281590000028,1068.9438533000648,1069.9272645000601,1069.9272645000601,1069.944174400065,1070.1112819000846,space,0.17591640003956854,None,1070.1121926000342,0.6994934000540525,0.9993639000458643,1071.1273777000606,1071.1280209000688,1071.141428400064,1071.141428400064,1071.141428400064,1072.1951726999832,400,1,[1.053431099979207],[1.0534418999450281],P001,001,21,2025-11-08_16h50.29.656,intentionalbinding_experiment,,2025.1.1,59.994660462498246,2025-11-08 16h50.46.258406 +0530,
0.4,1000,exp,226,10,18,space,0.24203860003035516,None,700,1,[1.58767080004327],[1.5876835000235587],18,10,226,10,1072.210642500082,,1072.1954254000448,1072.210642500082,1073.210486200056,1073.210486200056,1073.210486200056,1073.4612685000757,space,0.24203860003035516,None,1073.4627379000885,0.39918240008410066,0.6991708000423387,1074.175630700076,1074.1762449999806,1074.190661400091,1074.190661400091,1074.190661400091,1075.7786723000463,700,1,[1.58767080004327],[1.5876835000235587],P001,001,21,2025-11-08_16h50.29.656,intentionalbinding_experiment,,2025.1.1,59.994660462498246,2025-11-08 16h50.46.258406 +0530,
0.4,400,unexp,227,11,18,space,0.105489999987185,None,400,1,[1.5068686000304297],[1.506885000038892],18,11,227,1,1075.7939711000072,,1075.7790282000788,1075.7939711000072,1076.7939440000337,1076.7939440000337,1076.7939440000337,1076.9112840000307,space,0.105489999987185,None,1076.912420900073,0.3993120000232011,0.6991332999896258,1077.6242655999959,1077.6248314999975,1077.6390807999996,1077.6390807999996,1077.6390807999996,1079.1464002000866,400,1,[1.5068686000304297],[1.506885000038892],P001,001,21,2025-11-08_16h50.29.656,intentionalbinding_experiment,,2025.1.1,59.994660462498246,2025-11-08 16h50.46.258406 +0530,
0.1,400,unexp,228,0,19,space,0.2459375000325963,None,100 ,1,[2.9074691000860184],[2.907482200069353],19,0,228,0,1079.1604337000754,,1079.1467757000355,1079.1604337000754,1080.1602275000187,1080.1602275000187,1080.1602275000187,1080.4112911000848,space,0.2459375000325963,None,1080.41250830004,0.09915829997044057,0.399081900017336,1080.8248960999772,1080.8254706000444,1080.8365362000186,1080.8365362000186,1080.8365362000186,1083.744329500012,100 ,1,[2.9074691000860184],[2.907482200069353],P001,001,21,2025-11-08_16h50.29.656,intentionalbinding_experiment,,2025.1.1,59.994660462498246,2025-11-08 16h50.46.258406 +0530,
0.7,1000,exp,229,1,19,space,0.25772800005506724,None,540,1,[0.7845841000089422],[0.7845946999732405],19,1,229,8,1083.7601378000109,,1083.7445620000362,1083.7601378000109,1084.743723600055,1084.743723600055,1084.760271599982,1085.0111213000491,space,0.25772800005506724,None,1085.0122698000632,0.699230800033547,0.9990359001094475,1086.0260887000477,1086.026699900045,1086.043191100005,1086.043191100005,1086.043191100005,1086.8281577000162,540,1,[0.7845841000089422],[0.7845946999732405],P001,001,21,2025-11-08_16h50.29.656,intentionalbinding_experiment,,2025.1.1,59.994660462498246,2025-11-08 16h50.46.258406 +0530,
0.4,1000,exp,230,2,19,space,1.7219740999862552,None,555,1,[1.1096348999999464],[1.1096503000007942],19,2,230,10,1086.8435772000812,,1086.8284280999796,1086.8435772000812,1087.8436638000421,1087.8436638000421,1087.8436638000421,1089.576993099996,space,1.7219740999862552,None,1089.577748300042,0.3997284999350086,0.699620799976401,1090.2857785000233,1090.2863570000045,1090.3010512000183,1090.3010512000183,1090.3010512000183,1091.411428200081,555,1,[1.1096348999999464],[1.1096503000007942],P001,001,21,2025-11-08_16h50.29.656,intentionalbinding_experiment,,2025.1.1,59.994660462498246,2025-11-08 16h50.46.258406 +0530,
0.4,400,unexp,231,3,19,space,0.1402822999516502,None,100,1,[1.8656036000465974],[1.8656161000253633],19,3,231,1,1091.426766699995,,1091.4118499000324,1091.426766699995,1092.4264785000123,1092.4264785000123,1092.4264785000123,1092.577157300082,space,0.1402822999516502,None,1092.577942200005,0.3994941998971626,0.699416899937205,1093.284216400003,1093.2847165000858,1093.295331900008,1093.295331900008,1093.295331900008,1095.1613588000182,100,1,[1.8656036000465974],[1.8656161000253633],P001,001,21,2025-11-08_16h50.29.656,intentionalbinding_experiment,,2025.1.1,59.994660462498246,2025-11-08 16h50.46.258406 +0530,
0.1,1000,exp,232,4,19,space,0.6923391999443993,None,240,1,[2.17917859996669],[2.1791879000375047],19,4,232,6,1095.1765266000293,,1095.1616731000831,1095.1765266000293,1096.1764582000906,1096.1764582000906,1096.1764582000906,1096.8769534000894,space,0.6923391999443993,None,1096.877680100035,0.09952399996109307,0.39953039993997663,1097.287023800076,1097.2874939000467,1097.2975227000425,1097.2975227000425,1097.2975227000425,1099.4770072000101,240,1,[2.17917859996669],[2.1791879000375047],P001,001,21,2025-11-08_16h50.29.656,intentionalbinding_experiment,,2025.1.1,59.994660462498246,2025-11-08 16h50.46.258406 +0530,
0.1,1000,exp,233,5,19,space,0.37513429997488856,None,820,1,[1.219422599999234],[1.2194314999505877],19,5,233,3,1099.4931920000818,,1099.47728370002,1099.4931920000818,1100.4766444000416,1100.4766444000416,1100.4932873999933,1100.8603625000687,space,0.37513429997488856,None,1100.8611017999938,0.09949729999061674,0.39947180007584393,1101.2752452000277,1101.275823200005,1101.2909115999937,1101.2909115999937,1101.2909115999937,1102.5106614000397,820,1,[1.219422599999234],[1.2194314999505877],P001,001,21,2025-11-08_16h50.29.656,intentionalbinding_experiment,,2025.1.1,59.994660462498246,2025-11-08 16h50.46.258406 +0530,
0.4,1000,exp,234,6,19,space,0.29837119998410344,None,123,1,[0.8775097000179812],[0.8775245000142604],19,6,234,4,1102.5262864000397,,1102.5110215999885,1102.5262864000397,1103.5264286000747,1103.5264286000747,1103.5264286000747,1103.827125800075,space,0.29837119998410344,None,1103.828517200076,0.39916309993714094,0.6992765000322834,1104.53584580007,1104.536430999986,1104.550258400035,1104.550258400035,1104.550258400035,1105.4281845000805,123,1,[0.8775097000179812],[0.8775245000142604],P001,001,21,2025-11-08_16h50.29.656,intentionalbinding_experiment,,2025.1.1,59.994660462498246,2025-11-08 16h50.46.258406 +0530,
0.7,1000,exp,235,7,19,space,0.52848749991972,None,765 ,1,[1.4586444000015035],[1.4586528000654653],19,7,235,11,1105.443091000081,,1105.4285181000596,1105.443091000081,1106.4427449000068,1106.4427449000068,1106.4427449000068,1106.9768667999888,space,0.52848749991972,None,1106.9776400000555,0.6998007000656798,0.9993193000555038,1107.987572300015,1107.988187000039,1108.0016262000427,1108.0016262000427,1108.0016262000427,1109.4605522999773,765 ,1,[1.4586444000015035],[1.4586528000654653],P001,001,21,2025-11-08_16h50.29.656,intentionalbinding_experiment,,2025.1.1,59.994660462498246,2025-11-08 16h50.46.258406 +0530,
0.7,400,unexp,236,8,19,space,0.3291171999881044,None,879 ,1,[1.1832871000515297],[1.183297900017351],19,8,236,2,1109.475942900055,,1109.460768799996,1109.475942900055,1110.4762825000798,1110.4762825000798,1110.4762825000798,1110.810263200081,space,0.3291171999881044,None,1110.811341600027,0.6994119000155479,0.9992912999587134,1111.8277467000298,1111.8284846000606,1111.8434020000277,1111.8434020000277,1111.8434020000277,1113.0270300999982,879 ,1,[1.1832871000515297],[1.183297900017351],P001,001,21,2025-11-08_16h50.29.656,intentionalbinding_experiment,,2025.1.1,59.994660462498246,2025-11-08 16h50.46.258406 +0530,
0.7,1000,exp,237,9,19,space,0.4367193999933079,None,333 ,1,[1.1374657000415027],[1.1374788000248373],19,9,237,5,1113.0428444000427,,1113.027289699996,1113.0428444000427,1114.02607979998,1114.02607979998,1114.0426916000433,1114.4768673999934,space,0.4367193999933079,None,1114.4783158000791,0.6991727000568062,0.9994456000858918,1115.4950942000141,1115.4956956000533,1115.507685000077,1115.507685000077,1115.507685000077,1116.6455957000144,333 ,1,[1.1374657000415027],[1.1374788000248373],P001,001,21,2025-11-08_16h50.29.656,intentionalbinding_experiment,,2025.1.1,59.994660462498246,2025-11-08 16h50.46.258406 +0530,
0.4,1000,exp,238,10,19,space,0.27803389995824546,None,100,1,[0.7639970999443904],[0.764007999910973],19,10,238,7,1116.6593442000449,,1116.6458593000425,1116.6593442000449,1117.6594333000248,1117.6594333000248,1117.6594333000248,1117.9431991000893,space,0.27803389995824546,None,1117.9437547000125,0.3996461998904124,0.6993762999773026,1118.655007900088,1118.6555385000538,1118.6641913000494,1118.6641913000494,1118.6641913000494,1119.4285035000648,100,1,[0.7639970999443904],[0.764007999910973],P001,001,21,2025-11-08_16h50.29.656,intentionalbinding_experiment,,2025.1.1,59.994660462498246,2025-11-08 16h50.46.258406 +0530,
0.1,1000,exp,239,11,19,space,0.15627879998646677,None,50 ,1,[1.7054428999545053],[1.7054599999682978],19,11,239,9,1119.4426008000737,,1119.4287686999887,1119.4426008000737,1120.4427821000572,1120.4427821000572,1120.4427821000572,1120.6098839000333,space,0.15627879998646677,None,1120.6111394000473,0.09922710002865642,0.39938630000688136,1121.0246239000699,1121.0251449000789,1121.037894600071,1121.037894600071,1121.037894600071,1122.743949100026,50 ,1,[1.7054428999545053],[1.7054599999682978],P001,001,21,2025-11-08_16h50.29.656,intentionalbinding_experiment,,2025.1.1,59.994660462498246,2025-11-08 16h50.46.258406 +0530,
0.7,1000,exp,240,0,20,space,0.11559519998263568,None,999,1,[1.93460999999661],[1.9346330999396741],20,0,240,8,1122.7592702000402,,1122.744255000027,1122.7592702000402,1123.7591651000548,1123.7591651000548,1123.7591651000548,1123.8766447000671,space,0.11559519998263568,None,1123.8779308000812,0.6990496000507846,0.9990650999825448,1124.8947473000735,1124.8954444000265,1124.9086360000074,1124.9086360000074,1124.9086360000074,1126.843655499979,999,1,[1.93460999999661],[1.9346330999396741],P001,001,21,2025-11-08_16h50.29.656,intentionalbinding_experiment,,2025.1.1,59.994660462498246,2025-11-08 16h50.46.258406 +0530,
0.7,1000,exp,241,1,20,space,0.3141812999965623,None,888,1,[1.4205578999826685],[1.4205709000816569],20,1,241,11,1126.8590001000557,,1126.8439417000627,1126.8590001000557,1127.8590564000187,1127.8590564000187,1127.8590564000187,1128.1760361000197,space,0.3141812999965623,None,1128.1768214000622,0.6994125000201166,0.9996288999682292,1129.1953525000717,1129.1958460999886,1129.2060112000909,1129.2060112000909,1129.2060112000909,1130.6269816000713,888,1,[1.4205578999826685],[1.4205709000816569],P001,001,21,2025-11-08_16h50.29.656,intentionalbinding_experiment,,2025.1.1,59.994660462498246,2025-11-08 16h50.46.258406 +0530,
0.7,400,unexp,242,2,20,space,0.20514119998551905,None,777,1,[1.2501079000066966],[1.2501205001026392],20,2,242,2,1130.6423182000872,,1130.6273015000625,1130.6423182000872,1131.6423502999824,1131.6423502999824,1131.6423502999824,1131.8596534000244,space,0.20514119998551905,None,1131.8608230000827,0.6993525999132544,0.9992253999225795,1132.8787336000241,1132.8794520000229,1132.8936474000802,1132.8936474000802,1132.8936474000802,1134.144197500078,777,1,[1.2501079000066966],[1.2501205001026392],P001,001,21,2025-11-08_16h50.29.656,intentionalbinding_experiment,,2025.1.1,59.994660462498246,2025-11-08 16h50.46.258406 +0530,
0.4,400,unexp,243,3,20,space,0.5473000999772921,None,666,1,[1.150782199925743],[1.150798299931921],20,3,243,1,1134.1587484000484,,1134.1445284000365,1134.1587484000484,1135.1590548000531,1135.1590548000531,1135.1590548000531,1135.7093201000243,space,0.5473000999772921,None,1135.7104250000557,0.3995650999713689,0.6995089999400079,1136.4285603000317,1136.4291842000093,1136.441740600043,1136.441740600043,1136.441740600043,1137.5929074999876,666,1,[1.150782199925743],[1.150798299931921],P001,001,21,2025-11-08_16h50.29.656,intentionalbinding_experiment,,2025.1.1,59.994660462498246,2025-11-08 16h50.46.258406 +0530,
0.4,1000,exp,244,4,20,space,0.2563788000261411,None,555,1,[1.0880702000577003],[1.0880856000585482],20,4,244,7,1137.608635700075,,1137.593217400019,1137.608635700075,1138.608737200033,1138.608737200033,1138.608737200033,1138.8760059999768,space,0.2563788000261411,None,1138.8773734000279,0.39942699996754527,0.6993273000698537,1139.5899738000007,1139.5905538999941,1139.605189600028,1139.605189600028,1139.605189600028,1140.6938003000105,555,1,[1.0880702000577003],[1.0880856000585482],P001,001,21,2025-11-08_16h50.29.656,intentionalbinding_experiment,,2025.1.1,59.994660462498246,2025-11-08 16h50.46.258406 +0530,
0.1,1000,exp,245,5,20,space,1.1042570000281557,None,432,1,[1.0910218000644818],[1.0910352000501007],20,5,245,3,1140.709290000028,,1140.6941886000568,1140.709290000028,1141.7087324000895,1141.7087324000895,1141.7087324000895,1142.8256956000114,space,1.1042570000281557,None,1142.8264291000087,0.09931579988915473,0.3995701998937875,1143.2364534999942,1143.237113100011,1143.2516202999977,1143.2516202999977,1143.2516202999977,1144.3430281999754,432,1,[1.0910218000644818],[1.0910352000501007],P001,001,21,2025-11-08_16h50.29.656,intentionalbinding_experiment,,2025.1.1,59.994660462498246,2025-11-08 16h50.46.258406 +0530,
0.7,1000,exp,246,6,20,space,0.5655446000164375,None,333,1,[1.4940278000431135],[1.4940396000165492],20,6,246,5,1144.3583338999888,,1144.3433557000244,1144.3583338999888,1145.3585023999913,1145.3585023999913,1145.3585023999913,1145.926054200041,space,0.5655446000164375,None,1145.9270518000703,0.699213600018993,0.9989294999977574,1146.9369552000426,1146.9388096000766,1146.9488494000398,1146.9488494000398,1146.9488494000398,1148.4431901000207,333,1,[1.4940278000431135],[1.4940396000165492],P001,001,21,2025-11-08_16h50.29.656,intentionalbinding_experiment,,2025.1.1,59.994660462498246,2025-11-08 16h50.46.258406 +0530,
0.4,1000,exp,247,7,20,space,0.307461200049147,None,100,1,[0.6228923000162467],[0.6229016999714077],20,7,247,10,1148.4584663000423,,1148.4434829000384,1148.4584663000423,1149.458484300063,1149.458484300063,1149.458484300063,1149.7756687999936,space,0.307461200049147,None,1149.7764652000042,0.39954340003896505,0.6995758000994101,1150.486300699995,1150.4868969999952,1150.5032150000334,1150.5032150000334,1150.5032150000334,1151.126406299998,100,1,[0.6228923000162467],[0.6229016999714077],P001,001,21,2025-11-08_16h50.29.656,intentionalbinding_experiment,,2025.1.1,59.994660462498246,2025-11-08 16h50.46.258406 +0530,
0.4,1000,exp,248,8,20,space,0.6864273999817669,None,10,1,[0.772414100007154],[0.7724224999547005],20,8,248,4,1151.141623100033,,1151.1266229000175,1151.141623100033,1152.1417925000424,1152.1417925000424,1152.1417925000424,1152.8425197000615,space,0.6864273999817669,None,1152.843487199978,0.39905010000802577,0.6991348000010476,1153.558217199985,1153.558776800055,1153.5702324000886,1153.5702324000886,1153.5702324000886,1154.3430495000212,10,1,[0.772414100007154],[0.7724224999547005],P001,001,21,2025-11-08_16h50.29.656,intentionalbinding_experiment,,2025.1.1,59.994660462498246,2025-11-08 16h50.46.258406 +0530,
0.1,1000,exp,249,9,20,space,0.11517050000838935,None,10,1,[1.2245814999332651],[1.2245938999112695],20,9,249,6,1154.3581106000347,,1154.3433189999778,1154.3581106000347,1155.3580876999767,1155.3580876999767,1155.3580876999767,1155.4758701000828,space,0.11517050000838935,None,1155.477013100055,0.09909660008270293,0.3990382000338286,1155.8880546999862,1155.8886523999972,1155.9017393999966,1155.9017393999966,1155.9017393999966,1157.1267646000488,10,1,[1.2245814999332651],[1.2245938999112695],P001,001,21,2025-11-08_16h50.29.656,intentionalbinding_experiment,,2025.1.1,59.994660462498246,2025-11-08 16h50.46.258406 +0530,
0.1,1000,exp,250,10,20,space,0.14135869999881834,None,1,1,[0.8216057000681758],[0.821619400056079],20,10,250,9,1157.1415122000035,,1157.1270000999793,1157.1415122000035,1158.1415231000865,1158.1415231000865,1158.1415231000865,1158.2923101000488,space,0.14135869999881834,None,1158.2935407999903,0.09932050004135817,0.3991845999844372,1158.709075700026,1158.7096506999806,1158.721047500032,1158.721047500032,1158.721047500032,1159.5430970999878,1,1,[0.8216057000681758],[0.821619400056079],P001,001,21,2025-11-08_16h50.29.656,intentionalbinding_experiment,,2025.1.1,59.994660462498246,2025-11-08 16h50.46.258406 +0530,
0.1,400,unexp,251,11,20,space,0.053027199930511415,None,20,1,[1.2263258000602946],[1.2263386000413448],20,11,251,0,1159.558118200046,,1159.5434202000033,1159.558118200046,1160.5579195000464,1160.5579195000464,1160.5579195000464,1160.6255050000036,space,0.053027199930511415,None,1160.626249800087,0.09954780002590269,0.3994292999850586,1161.0389512000838,1161.0394143000012,1161.0494645000435,1161.0494645000435,1161.0494645000435,1162.2762018999783,20,1,[1.2263258000602946],[1.2263386000413448],P001,001,21,2025-11-08_16h50.29.656,intentionalbinding_experiment,,2025.1.1,59.994660462498246,2025-11-08 16h50.46.258406 +0530,
0.7,1000,exp,252,0,21,space,0.32127999991644174,None,760,1,[2.384135799948126],[2.3841501999413595],21,0,252,5,1162.2913124000188,,1162.27653500007,1162.2913124000188,1163.2914960000198,1163.2914960000198,1163.2914960000198,1163.6254027000396,space,0.32127999991644174,None,1163.6262607000535,0.6991821998963133,0.9994230999145657,1164.6374414000893,1164.6378981000744,1164.6463468000293,1164.6463468000293,1164.6463468000293,1167.0308819999918,760,1,[2.384135799948126],[2.3841501999413595],P001,001,21,2025-11-08_16h50.29.656,intentionalbinding_experiment,,2025.1.1,59.994660462498246,2025-11-08 16h50.46.258406 +0530,
0.4,1000,exp,253,1,21,space,3.8788591000484303,None,599,1,[1.3028765000635758],[1.3028874000301585],21,1,253,7,1167.0338239000412,,1167.0316179000074,1167.0338239000412,1168.0413237999892,1168.0413237999892,1168.0413237999892,1171.9249506000197,space,3.8788591000484303,None,1171.9257776000304,0.3995621999492869,0.6994720000075176,1172.6383039000211,1172.6389235000825,1172.6554734000238,1172.6554734000238,1172.6554734000238,1173.9586333000334,599,1,[1.3028765000635758],[1.3028874000301585],P001,001,21,2025-11-08_16h50.29.656,intentionalbinding_experiment,,2025.1.1,59.994660462498246,2025-11-08 16h50.46.258406 +0530,
0.7,1000,exp,254,2,21,space,0.03315259993541986,None,100,1,[1.2542097999248654],[1.2542228999082],21,2,254,8,1173.9742867000168,,1173.9588419999927,1173.9742867000168,1174.957916000043,1174.957916000043,1174.9742923000595,1174.9916879000375,space,0.03315259993541986,None,1174.9922375000315,0.6995100999483839,0.9993918999098241,1176.005122100003,1176.0057504000142,1176.0207848000573,1176.0207848000573,1176.0207848000573,1177.2753862000536,100,1,[1.2542097999248654],[1.2542228999082],P001,001,21,2025-11-08_16h50.29.656,intentionalbinding_experiment,,2025.1.1,59.994660462498246,2025-11-08 16h50.46.258406 +0530,
0.1,1000,exp,255,3,21,space,0.27820439997594804,None,100,1,[1.423015599953942],[1.4230290999403223],21,3,255,3,1177.2910616000881,,1177.275706400047,1177.2910616000881,1178.2909273999976,1178.2909273999976,1178.2909273999976,1178.574627700029,space,0.27820439997594804,None,1178.5756347000133,0.09971750003751367,0.3997821001103148,1178.9891717000864,1178.98977320001,1179.0030180000467,1179.0030180000467,1179.0030180000467,1180.4266260000877,100,1,[1.423015599953942],[1.4230290999403223],P001,001,21,2025-11-08_16h50.29.656,intentionalbinding_experiment,,2025.1.1,59.994660462498246,2025-11-08 16h50.46.258406 +0530,
0.7,1000,exp,256,4,21,space,0.8577804999658838,None,400,1,[1.4250676999799907],[1.4250868000090122],21,4,256,11,1180.440786799998,,1180.4269543000264,1180.440786799998,1181.4409885000205,1181.4409885000205,1181.4409885000205,1182.3083716999972,space,0.8577804999658838,None,1182.3094787000446,0.6990746000083163,0.9991482000332326,1183.3275716999779,1183.3284652000293,1183.3503054000903,1183.3503054000903,1183.3503054000903,1184.7759855000768,400,1,[1.4250676999799907],[1.4250868000090122],P001,001,21,2025-11-08_16h50.29.656,intentionalbinding_experiment,,2025.1.1,59.994660462498246,2025-11-08 16h50.46.258406 +0530,
0.4,1000,exp,257,5,21,space,0.2191126000834629,None,150,1,[1.6720379999605939],[1.6720506000565365],21,5,257,4,1184.7908832000103,,1184.7764310999773,1184.7908832000103,1185.7907718999777,1185.7907718999777,1185.7907718999777,1186.0247000000672,space,0.2191126000834629,None,1186.0254971000832,0.3995642000809312,0.699557000072673,1186.73858200002,1186.7391849000705,1186.7533241000492,1186.7533241000492,1186.7533241000492,1188.4257232000818,150,1,[1.6720379999605939],[1.6720506000565365],P001,001,21,2025-11-08_16h50.29.656,intentionalbinding_experiment,,2025.1.1,59.994660462498246,2025-11-08 16h50.46.258406 +0530,
0.7,400,unexp,258,6,21,space,0.12393919995520264,None,700,1,[1.425164800020866],[1.4251766999950632],21,6,258,2,1188.4405560999876,,1188.4260123000713,1188.4405560999876,1189.4407718000002,1189.4407718000002,1189.4407718000002,1189.5747015000088,space,0.12393919995520264,None,1189.5758715000702,0.6993981000268832,0.9992340999888256,1190.5887898000656,1190.5894105000189,1190.5991816000314,1190.5991816000314,1190.5991816000314,1192.024658499984,700,1,[1.425164800020866],[1.4251766999950632],P001,001,21,2025-11-08_16h50.29.656,intentionalbinding_experiment,,2025.1.1,59.994660462498246,2025-11-08 16h50.46.258406 +0530,
0.1,400,unexp,259,7,21,space,0.16422909998800606,None,100,1,[1.7188605000264943],[1.718878100044094],21,7,259,0,1192.0406220000004,,1192.0248571999837,1192.0406220000004,1193.024211000069,1193.024211000069,1193.0406854000175,1193.19122040004,space,0.16422909998800606,None,1193.192187000066,0.0991914999904111,0.3993603000417352,1193.6084025000455,1193.6090130000375,1193.622406300041,1193.622406300041,1193.622406300041,1195.341725000064,100,1,[1.7188605000264943],[1.718878100044094],P001,001,21,2025-11-08_16h50.29.656,intentionalbinding_experiment,,2025.1.1,59.994660462498246,2025-11-08 16h50.46.258406 +0530,
0.4,1000,exp,260,8,21,space,0.3053692999528721,None,150,1,[2.128296499955468],[2.128311099950224],21,8,260,10,1195.3571381000802,,1195.3421646000352,1195.3571381000802,1196.3569755000062,1196.3569755000062,1196.3569755000062,1196.6745198999997,space,0.3053692999528721,None,1196.675281999982,0.39945130003616214,0.6994760000379756,1197.3861772000091,1197.3866456000833,1197.3960187999764,1197.3960187999764,1197.3960187999764,1199.524751399993,150,1,[2.128296499955468],[2.128311099950224],P001,001,21,2025-11-08_16h50.29.656,intentionalbinding_experiment,,2025.1.1,59.994660462498246,2025-11-08 16h50.46.258406 +0530,
0.1,1000,exp,261,9,21,space,0.15239490009844303,None,600,1,[3.3340059000765905],[3.3340164000401273],21,9,261,6,1199.5407302000094,,1199.5254264000105,1199.5407302000094,1200.5404382999986,1200.5404382999986,1200.5404382999986,1200.7074835000094,space,0.15239490009844303,None,1200.7081820000894,0.09953790006693453,0.3994589000940323,1201.1142884000437,1201.1147589000175,1201.1247959000757,1201.1247959000757,1201.1247959000757,1204.4591623999877,600,1,[3.3340059000765905],[3.3340164000401273],P001,001,21,2025-11-08_16h50.29.656,intentionalbinding_experiment,,2025.1.1,59.994660462498246,2025-11-08 16h50.46.258406 +0530,
0.4,400,unexp,262,10,21,space,0.18929070001468062,None,760,1,[2.5356672999914736],[2.5356795999687165],21,10,262,1,1204.47350130009,,1204.4593987000408,1204.47350130009,1205.4734388000797,1205.4734388000797,1205.4734388000797,1205.6746968000662,space,0.18929070001468062,None,1205.6757197000552,0.4157714999746531,0.7156274999724701,1206.4071863000281,1206.4078434000257,1206.4216088000685,1206.4216088000685,1206.4216088000685,1208.9576676000142,760,1,[2.5356672999914736],[2.5356795999687165],P001,001,21,2025-11-08_16h50.29.656,intentionalbinding_experiment,,2025.1.1,59.994660462498246,2025-11-08 16h50.46.258406 +0530,
0.1,1000,exp,263,11,21,space,0.2683391000609845,None,100,1,[1.7791748000308871],[1.7792788000078872],21,11,263,9,1208.974067699979,,1208.9579691999825,1208.974067699979,1209.973261200008,1209.973261200008,1209.973261200008,1210.2575185000896,space,0.2683391000609845,None,1210.2585492000217,0.09948269999586046,0.39946779992897063,1210.6643994000042,1210.6649716000538,1210.67873220006,1210.67873220006,1210.67873220006,1212.4585383000085,100,1,[1.7791748000308871],[1.7792788000078872],P001,001,21,2025-11-08_16h50.29.656,intentionalbinding_experiment,,2025.1.1,59.994660462498246,2025-11-08 16h50.46.258406 +0530,
0.4,1000,exp,264,0,22,space,0.3183012999361381,None,200,1,[1.1769360000034794],[1.1769442999502644],22,0,264,7,1212.4734275999945,,1212.458868500078,1212.4734275999945,1213.473299800069,1213.473299800069,1213.473299800069,1213.8071335999994,space,0.3183012999361381,None,1213.8076869000215,0.39955480000935495,0.6994418000103906,1214.5167817000765,1214.5173961999826,1214.5309029000346,1214.5309029000346,1214.5309029000346,1215.7080958000151,200,1,[1.1769360000034794],[1.1769442999502644],P001,001,21,2025-11-08_16h50.29.656,intentionalbinding_experiment,,2025.1.1,59.994660462498246,2025-11-08 16h50.46.258406 +0530,
0.1,1000,exp,265,1,22,space,0.30091820005327463,None,10,1,[1.5540477000176907],[1.5540627000154927],22,1,265,6,1215.7231570000295,,1215.7083048999775,1215.7231570000295,1216.7233460000716,1216.7233460000716,1216.7233460000716,1217.0407515000552,space,0.30091820005327463,None,1217.0423438000726,0.09927349991630763,0.3990247999317944,1217.4585445000557,1217.459166500019,1217.4702169999946,1217.4702169999946,1217.4702169999946,1219.0246824000496,10,1,[1.5540477000176907],[1.5540627000154927],P001,001,21,2025-11-08_16h50.29.656,intentionalbinding_experiment,,2025.1.1,59.994660462498246,2025-11-08 16h50.46.258406 +0530,
0.7,1000,exp,266,2,22,space,0.27300769998691976,None,800,1,[1.1921270999591798],[1.1921538999304175],22,2,266,11,1219.039826399996,,1219.025131399976,1219.039826399996,1220.0398589000106,1220.0398589000106,1220.0398589000106,1220.3240170000354,space,0.27300769998691976,None,1220.3253537000855,0.6992014999268577,0.998917100019753,1221.3349583999952,1221.335527600022,1221.3498162000906,1221.3498162000906,1221.3498162000906,1222.5425811000168,800,1,[1.1921270999591798],[1.1921538999304175],P001,001,21,2025-11-08_16h50.29.656,intentionalbinding_experiment,,2025.1.1,59.994660462498246,2025-11-08 16h50.46.258406 +0530,
0.7,1000,exp,267,3,22,space,0.26323659997433424,None,999,1,[1.8041863000253215],[1.8041974999941885],22,3,267,8,1222.5565331000835,,1222.5430924000684,1222.5565331000835,1223.5565101000248,1223.5565101000248,1223.5565101000248,1223.823967000004,space,0.26323659997433424,None,1223.8254658000078,0.7157082000048831,1.0158313000574708,1224.854866300011,1224.8555603000568,1224.8696456000907,1224.8696456000907,1224.8696456000907,1226.6741709000198,999,1,[1.8041863000253215],[1.8041974999941885],P001,001,21,2025-11-08_16h50.29.656,intentionalbinding_experiment,,2025.1.1,59.994660462498246,2025-11-08 16h50.46.258406 +0530,
0.7,400,unexp,268,4,22,space,0.15841150004416704,None,879,1,[1.516661599976942],[1.5166853000409901],22,4,268,2,1226.6898159000557,,1226.6744476000313,1226.6898159000557,1227.6897572000744,1227.6897572000744,1227.6897572000744,1227.8568296000594,space,0.15841150004416704,None,1227.857614699984,0.699552399921231,0.9998516999185085,1228.867060800083,1228.867421300034,1228.8739955000347,1228.8739955000347,1228.8739955000347,1230.3910728000337,879,1,[1.516661599976942],[1.5166853000409901],P001,001,21,2025-11-08_16h50.29.656,intentionalbinding_experiment,,2025.1.1,59.994660462498246,2025-11-08 16h50.46.258406 +0530,
0.1,1000,exp,269,5,22,space,0.12474220001604408,None,100,1,[1.4411015000659972],[1.4411147000500932],22,5,269,9,1230.4060383000178,,1230.3919778000563,1230.4060383000178,1231.4061815000605,1231.4061815000605,1231.4061815000605,1231.540056800004,space,0.12474220001604408,None,1231.540827800054,0.09944289992563426,0.39938529999926686,1231.9553201000672,1231.9558031000197,1231.966048500035,1231.966048500035,1231.966048500035,1233.4075861000456,100,1,[1.4411015000659972],[1.4411147000500932],P001,001,21,2025-11-08_16h50.29.656,intentionalbinding_experiment,,2025.1.1,59.994660462498246,2025-11-08 16h50.46.258406 +0530,
0.4,1000,exp,270,6,22,space,0.3269142999779433,None,150,1,[1.7835597000084817],[1.7835784000344574],22,6,270,10,1233.4228958000895,,1233.4078994999873,1233.4228958000895,1234.4227510000346,1234.4227510000346,1234.4227510000346,1234.7565639000386,space,0.3269142999779433,None,1234.757298600045,0.3995347999734804,0.6995959000196308,1235.467160100001,1235.4674766000826,1235.4738642000593,1235.4738642000593,1235.4738642000593,1237.2580061000772,150,1,[1.7835597000084817],[1.7835784000344574],P001,001,21,2025-11-08_16h50.29.656,intentionalbinding_experiment,,2025.1.1,59.994660462498246,2025-11-08 16h50.46.258406 +0530,
0.7,1000,exp,271,7,22,space,0.4517830000258982,None,870,1,[1.2030540999257937],[1.2030710999388248],22,7,271,5,1237.272661600029,,1237.258439600002,1237.272661600029,1238.2726376000792,1238.2726376000792,1238.2726376000792,1238.740107199992,space,0.4517830000258982,None,1238.7410523000872,0.6990717999869958,0.9992445999523625,1239.7564138000598,1239.7570120000746,1239.770919600036,1239.770919600036,1239.770919600036,1240.97450640006,870,1,[1.2030540999257937],[1.2030710999388248],P001,001,21,2025-11-08_16h50.29.656,intentionalbinding_experiment,,2025.1.1,59.994660462498246,2025-11-08 16h50.46.258406 +0530,
0.1,1000,exp,272,8,22,space,0.5969970000442117,None,760,1,[2.415548100019805],[2.4155600999947637],22,8,272,3,1240.9891832000576,,1240.974935400067,1240.9891832000576,1241.9894306000788,1241.9894306000788,1241.9894306000788,1242.5898319000844,space,0.5969970000442117,None,1242.5904219000367,0.09921230003237724,0.39928690006490797,1243.0090481999796,1243.0096611999907,1243.0241636000574,1243.0241636000574,1243.0241636000574,1245.4402001000708,760,1,[2.415548100019805],[2.4155600999947637],P001,001,21,2025-11-08_16h50.29.656,intentionalbinding_experiment,,2025.1.1,59.994660462498246,2025-11-08 16h50.46.258406 +0530,
0.4,1000,exp,273,9,22,space,0.44186100002843887,None,200,1,[2.9242929000174627],[2.924310200032778],22,9,273,4,1245.4559892000398,,1245.4406659000088,1245.4559892000398,1246.4558564000763,1246.4558564000763,1246.4558564000763,1246.9065640000626,space,0.44186100002843887,None,1246.9076347000664,0.3993305000476539,0.699383300030604,1247.618882699986,1247.6194910000777,1247.632654700079,1247.632654700079,1247.632654700079,1250.55738750007,200,1,[2.9242929000174627],[2.924310200032778],P001,001,21,2025-11-08_16h50.29.656,intentionalbinding_experiment,,2025.1.1,59.994660462498246,2025-11-08 16h50.46.258406 +0530,
0.4,400,unexp,274,10,22,space,0.5755635999375954,None,400,1,[0.929196499986574],[0.929215099895373],22,10,274,1,1250.572239800007,,1250.5577022000216,1250.572239800007,1251.5723778000101,1251.5723778000101,1251.5723778000101,1252.156449800008,space,0.5755635999375954,None,1252.1574698999757,0.3993078999919817,0.699043000000529,1252.8677716000238,1252.8683024999918,1252.8770847000415,1252.8770847000415,1252.8770847000415,1253.8067186999833,400,1,[0.929196499986574],[0.929215099895373],P001,001,21,2025-11-08_16h50.29.656,intentionalbinding_experiment,,2025.1.1,59.994660462498246,2025-11-08 16h50.46.258406 +0530,
0.1,400,unexp,275,11,22,space,0.8452293999725953,None,210,1,[2.540055499994196],[2.540072900010273],22,11,275,0,1253.8223210000433,,1253.8071296000853,1253.8223210000433,1254.822431400069,1254.822431400069,1254.822431400069,1255.6725043000188,space,0.8452293999725953,None,1255.6729913000017,0.09977980004623532,0.3997473999625072,1256.0855776000535,1256.0862225000747,1256.0999848999782,1256.0999848999782,1256.0999848999782,1258.640610100003,210,1,[2.540055499994196],[2.540072900010273],P001,001,21,2025-11-08_16h50.29.656,intentionalbinding_experiment,,2025.1.1,59.994660462498246,2025-11-08 16h50.46.258406 +0530,
0.4,1000,exp,276,0,23,space,0.11787369998637587,None,150,1,[1.000779699999839],[1.0007945999968797],23,0,276,4,1258.6555211000377,,1258.641020799987,1258.6555211000377,1259.6554650000762,1259.6554650000762,1259.6554650000762,1259.7893406000221,space,0.11787369998637587,None,1259.7907320000231,0.39966980007011443,0.6994638000614941,1260.5072775000008,1260.5078605000162,1260.5219350000843,1260.5219350000843,1260.5219350000843,1261.5231842000503,150,1,[1.000779699999839],[1.0007945999968797],P001,001,21,2025-11-08_16h50.29.656,intentionalbinding_experiment,,2025.1.1,59.994660462498246,2025-11-08 16h50.46.258406 +0530,
0.4,400,unexp,277,1,23,space,0.20170059998054057,None,124,1,[1.1797546000452712],[1.1797686000354588],23,1,277,1,1261.538661400089,,1261.523582700058,1261.538661400089,1262.5385863999836,1262.5385863999836,1262.5385863999836,1262.7557214000262,space,0.20170059998054057,None,1262.7562529999996,0.3994977999245748,0.6996638999553397,1263.4667398000602,1263.467212800053,1263.4767961000325,1263.4767961000325,1263.4767961000325,1264.6569689000025,124,1,[1.1797546000452712],[1.1797686000354588],P001,001,21,2025-11-08_16h50.29.656,intentionalbinding_experiment,,2025.1.1,59.994660462498246,2025-11-08 16h50.46.258406 +0530,
0.7,1000,exp,278,2,23,space,1.6497881000395864,None,870,1,[1.4061012000311166],[1.4061169000342488],23,2,278,5,1264.6719940999756,,1264.6573017999763,1264.6719940999756,1265.6719301000703,1265.6719301000703,1265.6719301000703,1267.3223160000052,space,1.6497881000395864,None,1267.323118600063,0.6995095000602305,0.9995738000143319,1268.3359430000419,1268.3366567000048,1268.3500670000212,1268.3500670000212,1268.3500670000212,1269.7565684000729,870,1,[1.4061012000311166],[1.4061169000342488],P001,001,21,2025-11-08_16h50.29.656,intentionalbinding_experiment,,2025.1.1,59.994660462498246,2025-11-08 16h50.46.258406 +0530,
0.7,400,unexp,279,3,23,space,0.8335750999394804,None,156,1,[2.2574517000466585],[2.257471999968402],23,3,279,2,1269.7717943000607,,1269.7568823000183,1269.7717943000607,1270.7719078999944,1270.7719078999944,1270.7719078999944,1271.6221415000036,space,0.8335750999394804,None,1271.6228822000558,0.6997078000567853,0.9993722999934107,1272.636552900076,1272.6372096000705,1272.6494878000813,1272.6494878000813,1272.6494878000813,1274.907563899993,156,1,[2.2574517000466585],[2.257471999968402],P001,001,21,2025-11-08_16h50.29.656,intentionalbinding_experiment,,2025.1.1,59.994660462498246,2025-11-08 16h50.46.258406 +0530,
0.1,400,unexp,280,4,23,space,0.97295630001463,None,670,1,[2.475401800009422],[2.4754185000201687],23,4,280,0,1274.921733800089,,1274.9080139000434,1274.921733800089,1275.9217512999894,1275.9217512999894,1275.9217512999894,1276.905700400006,space,0.97295630001463,None,1276.9067406000104,0.09934429998975247,0.39922689995728433,1277.3190447000088,1277.3196334000677,1277.3305181000615,1277.3305181000615,1277.3305181000615,1279.8065034000902,670,1,[2.475401800009422],[2.4754185000201687],P001,001,21,2025-11-08_16h50.29.656,intentionalbinding_experiment,,2025.1.1,59.994660462498246,2025-11-08 16h50.46.258406 +0530,
0.1,1000,exp,281,5,23,space,0.8279115000041202,None,534,1,[3.346716000000015],[3.346730999997817],23,5,281,9,1279.82144910004,,1279.8069687000243,1279.82144910004,1280.8215920000803,1280.8215920000803,1280.8215920000803,1281.65582980006,space,0.8279115000041202,None,1281.656772700022,0.11553810001350939,0.415729200001806,1282.0880110000726,1282.0888962000608,1282.1099101,1282.1099101,1282.1099101,1285.4571447999915,534,1,[3.346716000000015],[3.346730999997817],P001,001,21,2025-11-08_16h50.29.656,intentionalbinding_experiment,,2025.1.1,59.994660462498246,2025-11-08 16h50.46.258406 +0530,
0.1,1000,exp,282,6,23,space,0.20473850006237626,None,100,1,[2.3169644000008702],[2.316974899964407],23,6,282,3,1285.4715751000913,,1285.4575272999937,1285.4715751000913,1286.4714452000335,1286.4714452000335,1286.4714452000335,1286.6888991000596,space,0.20473850006237626,None,1286.690386799979,0.09920059994328767,0.3992186998948455,1287.0978976000333,1287.098213099991,1287.1045878999867,1287.1045878999867,1287.1045878999867,1289.4222272000043,100,1,[2.3169644000008702],[2.316974899964407],P001,001,21,2025-11-08_16h50.29.656,intentionalbinding_experiment,,2025.1.1,59.994660462498246,2025-11-08 16h50.46.258406 +0530,
0.7,1000,exp,283,7,23,space,0.2564062000019476,None,322 ,1,[1.720792799955234],[1.720804899930954],23,7,283,8,1289.437889300054,,1289.4228273000335,1289.437889300054,1290.4376377000008,1290.4376377000008,1290.4376377000008,1290.7054895000765,space,0.2564062000019476,None,1290.7066849999828,0.6992717999964952,0.9989758000010625,1291.7191582000814,1291.7203042000765,1291.7352402000688,1291.7352402000688,1291.7352402000688,1293.4564819000661,322 ,1,[1.720792799955234],[1.720804899930954],P001,001,21,2025-11-08_16h50.29.656,intentionalbinding_experiment,,2025.1.1,59.994660462498246,2025-11-08 16h50.46.258406 +0530,
0.1,1000,exp,284,8,23,space,0.6140035000862554,None,100,1,[0.8185428999131545],[0.8185540999984369],23,8,284,6,1293.4710263999877,,1293.4568221999798,1293.4710263999877,1294.47110840003,1294.47110840003,1294.47110840003,1295.0884738999885,space,0.6140035000862554,None,1295.089578700019,0.09937780001200736,0.39933340006973594,1295.5067647000542,1295.507419200032,1295.5203069000272,1295.5203069000272,1295.5203069000272,1296.339162999997,100,1,[0.8185428999131545],[0.8185540999984369],P001,001,21,2025-11-08_16h50.29.656,intentionalbinding_experiment,,2025.1.1,59.994660462498246,2025-11-08 16h50.46.258406 +0530,
0.4,1000,exp,285,9,23,space,0.13429859990719706,None,400,1,[1.2401978999841958],[1.2402107999660075],23,9,285,10,1296.3543316000141,,1296.33959410002,1296.3543316000141,1297.3543780000182,1297.3543780000182,1297.3543780000182,1297.505555300042,space,0.13429859990719706,None,1297.5066969000036,0.4154680999927223,0.7154902999754995,1298.237360100029,1298.2378608,1298.2480285000056,1298.2480285000056,1298.2480285000056,1299.488611000008,400,1,[1.2401978999841958],[1.2402107999660075],P001,001,21,2025-11-08_16h50.29.656,intentionalbinding_experiment,,2025.1.1,59.994660462498246,2025-11-08 16h50.46.258406 +0530,
0.7,1000,exp,286,10,23,space,0.003575499984435737,None,007,1,[1.8384103000862524],[1.838425200083293],23,10,286,11,1299.504168100073,,1299.4889255000744,1299.504168100073,1300.5043068000814,1300.5043068000814,1300.5043068000814,1300.5213587000035,space,0.003575499984435737,None,1300.5221131000435,0.6995478000026196,0.9995042999507859,1301.5387236999813,1301.53924250009,1301.5502474000677,1301.5502474000677,1301.5502474000677,1303.3891078000888,007,1,[1.8384103000862524],[1.838425200083293],P001,001,21,2025-11-08_16h50.29.656,intentionalbinding_experiment,,2025.1.1,59.994660462498246,2025-11-08 16h50.46.258406 +0530,
0.4,1000,exp,287,11,23,space,0.20902079995721579,None,700,1,[1.2706773000536487],[1.2706885000225157],23,11,287,7,1303.4042153999908,,1303.3894233000465,1303.4042153999908,1304.404204600025,1304.404204600025,1304.404204600025,1304.6215347000398,space,0.20902079995721579,None,1304.6224861000665,0.39936570008285344,0.6993289000820369,1305.3356733000837,1305.3364865999902,1305.3514118000166,1305.3514118000166,1305.3514118000166,1306.6224341000197,700,1,[1.2706773000536487],[1.2706885000225157],P001,001,21,2025-11-08_16h50.29.656,intentionalbinding_experiment,,2025.1.1,59.994660462498246,2025-11-08 16h50.46.258406 +0530,
0.4,1000,exp,288,0,24,space,0.21419899992179126,None,600,1,[0.5602710000239313],[0.5602840000065044],24,0,288,4,1306.637470100075,,1306.622761500068,1306.637470100075,1307.63752009999,1307.63752009999,1307.63752009999,1307.854631400085,space,0.21419899992179126,None,1307.8556726999814,0.3997092000208795,0.6993702999316156,1308.5690597000066,1308.569622799987,1308.5780173999956,1308.5780173999956,1308.5780173999956,1309.1387190000387,600,1,[0.5602710000239313],[0.5602840000065044],P001,001,21,2025-11-08_16h50.29.656,intentionalbinding_experiment,,2025.1.1,59.994660462498246,2025-11-08 16h50.46.258406 +0530,
0.7,1000,exp,289,1,24,space,0.21110830001998693,None,454 ,1,[1.1749763999832794],[1.1749904000898823],24,1,289,11,1309.1543795000762,,1309.139040900045,1309.1543795000762,1310.1541912000393,1310.1541912000393,1310.1541912000393,1310.3714120000368,space,0.21110830001998693,None,1310.3724066000432,0.6994721000082791,0.9994762000860646,1311.3846324000042,1311.3877769000828,1311.3965713999933,1311.3965713999933,1311.3965713999933,1312.5720351000782,454 ,1,[1.1749763999832794],[1.1749904000898823],P001,001,21,2025-11-08_16h50.29.656,intentionalbinding_experiment,,2025.1.1,59.994660462498246,2025-11-08 16h50.46.258406 +0530,
0.1,1000,exp,290,2,24,space,0.25623310008086264,None,77 ,1,[0.9066051000263542],[0.906619600020349],24,2,290,9,1312.5871788000222,,1312.572397800046,1312.5871788000222,1313.5871429999825,1313.5871429999825,1313.5871429999825,1313.85470060003,space,0.25623310008086264,None,1313.8557213000022,0.09957109997048974,0.3993802999611944,1314.2654980000807,1314.2660740000429,1314.2811955000507,1314.2811955000507,1314.2811955000507,1315.1883847999852,77 ,1,[0.9066051000263542],[0.906619600020349],P001,001,21,2025-11-08_16h50.29.656,intentionalbinding_experiment,,2025.1.1,59.994660462498246,2025-11-08 16h50.46.258406 +0530,
0.1,400,unexp,291,3,24,space,0.23115339991636574,None,23 ,1,[1.0558521999046206],[1.0558691999176517],24,3,291,0,1315.2039192999946,,1315.1888157000067,1315.2039192999946,1316.2039869000437,1316.2039869000437,1316.2039869000437,1316.4377204000484,space,0.23115339991636574,None,1316.438556500012,0.0995736001059413,0.3996951000299305,1316.8485497999936,1316.8493365000468,1316.8651575000258,1316.8651575000258,1316.8651575000258,1317.9214823000366,23 ,1,[1.0558521999046206],[1.0558691999176517],P001,001,21,2025-11-08_16h50.29.656,intentionalbinding_experiment,,2025.1.1,59.994660462498246,2025-11-08 16h50.46.258406 +0530,
0.7,1000,exp,292,4,24,space,0.2616771999746561,None,50,1,[0.7243175000185147],[0.7243311000056565],24,4,292,8,1317.9371779999929,,1317.9218089000788,1317.9371779999929,1318.9371162999887,1318.9371162999887,1318.9371162999887,1319.204555900069,space,0.2616771999746561,None,1319.2054247000488,0.6993113000644371,0.9994832000229508,1320.2175700999796,1320.2183159000706,1320.2306086000754,1320.2306086000754,1320.2306086000754,1320.9553621000377,50,1,[0.7243175000185147],[0.7243311000056565],P001,001,21,2025-11-08_16h50.29.656,intentionalbinding_experiment,,2025.1.1,59.994660462498246,2025-11-08 16h50.46.258406 +0530,
0.1,1000,exp,293,5,24,space,0.2980269000399858,None,170,1,[0.8694819000083953],[0.8694904000731185],24,5,293,3,1320.9704206000315,,1320.9556825000327,1320.9704206000315,1321.9703813000815,1321.9703813000815,1321.9703813000815,1322.2709799000295,space,0.2980269000399858,None,1322.271810400067,0.09938269993290305,0.399334599962458,1322.688726900029,1322.6894105999963,1322.7015943999868,1322.7015943999868,1322.7015943999868,1323.5713288000552,170,1,[0.8694819000083953],[0.8694904000731185],P001,001,21,2025-11-08_16h50.29.656,intentionalbinding_experiment,,2025.1.1,59.994660462498246,2025-11-08 16h50.46.258406 +0530,
0.4,1000,exp,294,6,24,space,0.2704030000604689,None,800,1,[1.4390447000041604],[1.4390625999076292],24,6,294,10,1323.5874419000465,,1323.5715418000473,1323.5874419000465,1324.5706850000424,1324.5706850000424,1324.587157699978,1324.8545003000181,space,0.2704030000604689,None,1324.8555267000338,0.3990530000301078,0.699269299977459,1325.5679682000773,1325.5691478999797,1325.5826322999783,1325.5826322999783,1325.5826322999783,1327.0221455000574,800,1,[1.4390447000041604],[1.4390625999076292],P001,001,21,2025-11-08_16h50.29.656,intentionalbinding_experiment,,2025.1.1,59.994660462498246,2025-11-08 16h50.46.258406 +0530,
0.7,1000,exp,295,7,24,space,0.2527510999934748,None,999,1,[0.9740266998996958],[0.974040599889122],24,7,295,5,1327.0372489000438,,1327.0225753000705,1327.0372489000438,1328.0369634000817,1328.0369634000817,1328.0369634000817,1328.3043905000668,space,0.2527510999934748,None,1328.3056094000349,0.6992467000382021,0.9992980000097305,1329.314699199982,1329.3153431999963,1329.3300359999994,1329.3300359999994,1329.3300359999994,1330.3044863999821,999,1,[0.9740266998996958],[0.974040599889122],P001,001,21,2025-11-08_16h50.29.656,intentionalbinding_experiment,,2025.1.1,59.994660462498246,2025-11-08 16h50.46.258406 +0530,
0.7,400,unexp,296,8,24,space,0.28195870004128665,None,999,1,[1.0552262999117374],[1.055326799978502],24,8,296,2,1330.31999800005,,1330.30481900007,1330.31999800005,1331.3202242000261,1331.3202242000261,1331.3202242000261,1331.6040901000379,space,0.28195870004128665,None,1331.6055887000402,0.6994494999526069,0.9993879999965429,1332.6191610000096,1332.6197885000147,1332.6321053000866,1332.6321053000866,1332.6321053000866,1333.6881243999815,999,1,[1.0552262999117374],[1.055326799978502],P001,001,21,2025-11-08_16h50.29.656,intentionalbinding_experiment,,2025.1.1,59.994660462498246,2025-11-08 16h50.46.258406 +0530,
0.4,1000,exp,297,9,24,space,0.2191451999824494,None,675,1,[0.9395482999971136],[0.9395605999743566],24,9,297,7,1333.7034560000757,,1333.6885598000372,1333.7034560000757,1334.7035459000617,1334.7035459000617,1334.7035459000617,1334.9369949999964,space,0.2191451999824494,None,1334.9377319000196,0.39968120004050434,0.6996091000037268,1335.6546432999894,1335.6551365000196,1335.6646257999819,1335.6646257999819,1335.6646257999819,1336.6045662000543,675,1,[0.9395482999971136],[0.9395605999743566],P001,001,21,2025-11-08_16h50.29.656,intentionalbinding_experiment,,2025.1.1,59.994660462498246,2025-11-08 16h50.46.258406 +0530,
0.4,400,unexp,298,10,24,space,0.8199474998982623,None,548,1,[1.3080722999293357],[1.30808469990734],24,10,298,1,1336.619954599999,,1336.604883300024,1336.619954599999,1337.6199651000788,1337.6199651000788,1337.6199651000788,1338.4537747000577,space,0.8199474998982623,None,1338.4545183000155,0.39939239993691444,0.6994288999121636,1339.1687379999785,1339.1692061000504,1339.1794069000753,1339.1794069000753,1339.1794069000753,1340.4879679000005,548,1,[1.3080722999293357],[1.30808469990734],P001,001,21,2025-11-08_16h50.29.656,intentionalbinding_experiment,,2025.1.1,59.994660462498246,2025-11-08 16h50.46.258406 +0530,
0.1,1000,exp,299,11,24,space,0.2885093999793753,None,230,1,[3.920744000002742],[3.9207542999647558],24,11,299,6,1340.5034002000466,,1340.488335800008,1340.5034002000466,1341.5037369000493,1341.5037369000493,1341.5037369000493,1341.8039673999883,space,0.2885093999793753,None,1341.805113099981,0.09908710001036525,0.39910150005016476,1342.2191892000847,1342.219862799975,1342.232706299983,1342.232706299983,1342.232706299983,1346.1539789000526,230,1,[3.920744000002742],[3.9207542999647558],P001,001,21,2025-11-08_16h50.29.656,intentionalbinding_experiment,,2025.1.1,59.994660462498246,2025-11-08 16h50.46.258406 +0530,
0.1,1000,exp,300,0,25,space,0.6734541000332683,None,100,1,[1.1727664000354707],[1.1727824000408873],25,0,300,3,1346.1696708999807,,1346.1545811999822,1346.1696708999807,1347.1530924000544,1347.1530924000544,1347.1698699999833,1347.837319900049,space,0.6734541000332683,None,1347.8388855999801,0.09908359998371452,0.3990905999671668,1348.2481868000468,1348.2487889999757,1348.2640323999804,1348.2640323999804,1348.2640323999804,1349.4373831000412,100,1,[1.1727664000354707],[1.1727824000408873],P001,001,21,2025-11-08_16h50.29.656,intentionalbinding_experiment,,2025.1.1,59.994660462498246,2025-11-08 16h50.46.258406 +0530,
0.4,400,unexp,301,1,25,space,0.22752249997574836,None,100,1,[0.9099508000072092],[0.9099675000179559],25,1,301,1,1349.4528093000408,,1349.4377810000442,1349.4528093000408,1350.4530499000102,1350.4530499000102,1350.4530499000102,1350.6869682000251,space,0.22752249997574836,None,1350.6877400000812,0.39931370003614575,0.6994310000445694,1351.395665200078,1351.3962602000684,1351.4110863000387,1351.4110863000387,1351.4110863000387,1352.3214718999807,100,1,[0.9099508000072092],[0.9099675000179559],P001,001,21,2025-11-08_16h50.29.656,intentionalbinding_experiment,,2025.1.1,59.994660462498246,2025-11-08 16h50.46.258406 +0530,
0.4,1000,exp,302,2,25,space,0.2130477000027895,None,400,1,[0.9418199000647292],[0.9418307000305504],25,2,302,4,1352.3362135000061,,1352.3217463999754,1352.3362135000061,1353.3363160000881,1353.3363160000881,1353.3363160000881,1353.5538747999817,space,0.2130477000027895,None,1353.5549256000668,0.399117499939166,0.6991238999180496,1354.2670867000706,1354.2676823000656,1354.278744900017,1354.278744900017,1354.278744900017,1355.2211077000247,400,1,[0.9418199000647292],[0.9418307000305504],P001,001,21,2025-11-08_16h50.29.656,intentionalbinding_experiment,,2025.1.1,59.994660462498246,2025-11-08 16h50.46.258406 +0530,
0.1,1000,exp,303,3,25,space,0.16423330001998693,None,100,1,[0.9821602000156417],[0.9821773000294343],25,3,303,6,1355.236234500073,,1355.2214508000761,1355.236234500073,1356.23599080008,1356.23599080008,1356.23599080008,1356.4037977000698,space,0.16423330001998693,None,1356.4050044000614,0.09900899999774992,0.3989613999146968,1356.8142360000638,1356.8145825000247,1356.8212147000013,1356.8212147000013,1356.8212147000013,1357.8039042000892,100,1,[0.9821602000156417],[0.9821773000294343],P001,001,21,2025-11-08_16h50.29.656,intentionalbinding_experiment,,2025.1.1,59.994660462498246,2025-11-08 16h50.46.258406 +0530,
0.7,400,unexp,304,4,25,space,0.014737799996510148,None,700,1,[0.6600868999958038],[0.660098799970001],25,4,304,2,1357.8193673000205,,1357.8043905000668,1357.8193673000205,1358.8194332000567,1358.8194332000567,1358.8194332000567,1358.836352800019,space,0.014737799996510148,None,1358.8368430000264,0.699868299998343,0.9998955000191927,1359.854278700077,1359.8554078000598,1359.8610691999784,1359.8610691999784,1359.8610691999784,1360.521458900068,700,1,[0.6600868999958038],[0.660098799970001],P001,001,21,2025-11-08_16h50.29.656,intentionalbinding_experiment,,2025.1.1,59.994660462498246,2025-11-08 16h50.46.258406 +0530,
0.7,1000,exp,305,5,25,space,0.23967529996298254,None,700,1,[1.1314669999992475],[1.1314849000191316],25,5,305,8,1360.5359199000522,,1360.5216672000242,1360.5359199000522,1361.5358700000215,1361.5358700000215,1361.5358700000215,1361.7865476000588,space,0.23967529996298254,None,1361.7874573000008,0.6994554999982938,0.9994548000395298,1362.7968854000792,1362.797417600057,1362.805503300042,1362.805503300042,1362.805503300042,1363.937666599988,700,1,[1.1314669999992475],[1.1314849000191316],P001,001,21,2025-11-08_16h50.29.656,intentionalbinding_experiment,,2025.1.1,59.994660462498246,2025-11-08 16h50.46.258406 +0530,
0.7,1000,exp,306,6,25,space,0.08239039999898523,None,600,1,[1.020746299996972],[1.0207586999749765],25,6,306,5,1363.9525512000546,,1363.9379662000574,1363.9525512000546,1364.9525175000308,1364.9525175000308,1364.9525175000308,1365.0362560000503,space,0.08239039999898523,None,1365.0369489000877,0.6997412999626249,0.9999330000719056,1366.049039100064,1366.0496814000653,1366.0660168000031,1366.0660168000031,1366.0660168000031,1367.0871939000208,600,1,[1.020746299996972],[1.0207586999749765],P001,001,21,2025-11-08_16h50.29.656,intentionalbinding_experiment,,2025.1.1,59.994660462498246,2025-11-08 16h50.46.258406 +0530,
0.1,400,unexp,307,7,25,space,0.20482210000045598,None,900,1,[0.9756811999250203],[0.9756952999159694],25,7,307,0,1367.1029439000413,,1367.0882381000556,1367.1029439000413,1368.1024689000333,1368.1024689000333,1368.1024689000333,1368.3196328000631,space,0.20482210000045598,None,1368.32034440001,0.09951949992682785,0.39944219996687025,1368.7342125000432,1368.7347177000483,1368.745005200035,1368.745005200035,1368.745005200035,1369.7211043999996,900,1,[0.9756811999250203],[0.9756952999159694],P001,001,21,2025-11-08_16h50.29.656,intentionalbinding_experiment,,2025.1.1,59.994660462498246,2025-11-08 16h50.46.258406 +0530,
0.7,1000,exp,308,8,25,space,0.16761829995084554,None,400,1,[1.157571299932897],[1.157589399954304],25,8,308,11,1369.735745000071,,1369.72140889999,1369.735745000071,1370.7356682000682,1370.7356682000682,1370.7356682000682,1370.9195255000377,space,0.16761829995084554,None,1370.9202782000648,0.699512799968943,0.9994568999391049,1371.9349306999939,1371.9354181999806,1371.9454797999933,1371.9454797999933,1371.9454797999933,1373.103614200023,400,1,[1.157571299932897],[1.157589399954304],P001,001,21,2025-11-08_16h50.29.656,intentionalbinding_experiment,,2025.1.1,59.994660462498246,2025-11-08 16h50.46.258406 +0530,
0.4,1000,exp,309,9,25,space,0.06917390006128699,None,100,1,[1.0411870999960229],[1.0412038000067696],25,9,309,10,1373.1195370000787,,1373.1040643000742,1373.1195370000787,1374.1189249000745,1374.1189249000745,1374.1189249000745,1374.203188000014,space,0.06917390006128699,None,1374.203962599975,0.39911590004339814,0.6992767000338063,1374.9159410999855,1374.9182977000019,1374.928800900001,1374.928800900001,1374.928800900001,1375.9705167000648,100,1,[1.0411870999960229],[1.0412038000067696],P001,001,21,2025-11-08_16h50.29.656,intentionalbinding_experiment,,2025.1.1,59.994660462498246,2025-11-08 16h50.46.258406 +0530,
0.1,1000,exp,310,10,25,space,0.14999489998444915,None,100,1,[2.0503321000142023],[2.050347200012766],25,10,310,9,1375.9856579999905,,1375.9709535000147,1375.9856579999905,1376.9857311000815,1376.9857311000815,1376.9857311000815,1377.1366038999986,space,0.14999489998444915,None,1377.1381929999916,0.11555960006080568,0.4155417999718338,1377.5668398999842,1377.56778510008,1377.5854985000333,1377.5854985000333,1377.5854985000333,1379.6363031000365,100,1,[2.0503321000142023],[2.050347200012766],P001,001,21,2025-11-08_16h50.29.656,intentionalbinding_experiment,,2025.1.1,59.994660462498246,2025-11-08 16h50.46.258406 +0530,
0.4,1000,exp,311,11,25,space,0.22730619995854795,None,100,1,[1.3871092000044882],[1.3871275000274181],25,11,311,7,1379.6520848000655,,1379.63663860003,1379.6520848000655,1380.635686900001,1380.635686900001,1380.6521778000752,1380.869054700015,space,0.22730619995854795,None,1380.8695711999899,0.39989939995575696,0.6998654999770224,1381.5846169000724,1381.5852848000359,1381.598708500038,1381.598708500038,1381.598708500038,1382.9863179000095,100,1,[1.3871092000044882],[1.3871275000274181],P001,001,21,2025-11-08_16h50.29.656,intentionalbinding_experiment,,2025.1.1,59.994660462498246,2025-11-08 16h50.46.258406 +0530,
0.4,1000,exp,312,0,26,space,0.2466547000221908,None,001,1,[1.8077562999678776],[1.8077740999870002],26,0,312,7,1383.0018711000448,,1382.986741599976,1383.0018711000448,1384.00208320003,1384.00208320003,1384.00208320003,1384.2526976000518,space,0.2466547000221908,None,1384.254140999983,0.3993473000591621,0.699081200058572,1384.966266500065,1384.9670011000708,1384.979139400064,1384.979139400064,1384.979139400064,1386.7873593000695,001,1,[1.8077562999678776],[1.8077740999870002],P001,001,21,2025-11-08_16h50.29.656,intentionalbinding_experiment,,2025.1.1,59.994660462498246,2025-11-08 16h50.46.258406 +0530,
0.7,1000,exp,313,1,26,space,0.08919299999251962,None,100,1,[0.6904916999628767],[0.6905025000451133],26,1,313,5,1386.801880300045,,1386.7877625999972,1386.801880300045,1387.8020683000796,1387.8020683000796,1387.8020683000796,1387.9026918000309,space,0.08919299999251962,None,1387.9037698000902,0.6992811999516562,0.99925340001937,1388.9182740000542,1388.91885180003,1388.929202600033,1388.929202600033,1388.929202600033,1389.6200171000091,100,1,[0.6904916999628767],[0.6905025000451133],P001,001,21,2025-11-08_16h50.29.656,intentionalbinding_experiment,,2025.1.1,59.994660462498246,2025-11-08 16h50.46.258406 +0530,
0.1,1000,exp,314,2,26,space,0.31971439998596907,None,100,1,[2.28486829996109],[2.2848781999200583],26,2,314,3,1389.6355763000902,,1389.620287100086,1389.6355763000902,1390.6351920000743,1390.6351920000743,1390.6351920000743,1390.9693877000827,space,0.31971439998596907,None,1390.9703550999984,0.09940589999314398,0.39924179995432496,1391.3865169000346,1391.3871210999787,1391.401527900016,1391.401527900016,1391.401527900016,1393.6867244000314,100,1,[2.28486829996109],[2.2848781999200583],P001,001,21,2025-11-08_16h50.29.656,intentionalbinding_experiment,,2025.1.1,59.994660462498246,2025-11-08 16h50.46.258406 +0530,
0.7,1000,exp,315,3,26,space,0.04847969999536872,None,43 ,1,[1.2398319999920204],[1.2398501000134274],26,3,315,11,1393.701912800083,,1393.68701340002,1393.701912800083,1394.701819500071,1394.701819500071,1394.701819500071,1394.752404400031,space,0.04847969999536872,None,1394.7532307000365,0.6995270000770688,0.9994663000106812,1395.7642368000234,1395.7648559000809,1395.7792351000244,1395.7792351000244,1395.7792351000244,1397.0195389,43 ,1,[1.2398319999920204],[1.2398501000134274],P001,001,21,2025-11-08_16h50.29.656,intentionalbinding_experiment,,2025.1.1,59.994660462498246,2025-11-08 16h50.46.258406 +0530,
0.1,1000,exp,316,4,26,space,0.21785929996985942,None,32 ,1,[0.9248221999732777],[0.9248356999596581],26,4,316,9,1397.035154900048,,1397.0199383000145,1397.035154900048,1398.0350626000436,1398.0350626000436,1398.0350626000436,1398.269155499991,space,0.21785929996985942,None,1398.2706178000662,0.09934179997071624,0.3991517999675125,1398.6845522000222,1398.6850373999914,1398.6954234000295,1398.6954234000295,1398.6954234000295,1399.6206081000855,32 ,1,[0.9248221999732777],[0.9248356999596581],P001,001,21,2025-11-08_16h50.29.656,intentionalbinding_experiment,,2025.1.1,59.994660462498246,2025-11-08 16h50.46.258406 +0530,
0.7,400,unexp,317,5,26,space,0.3383685000007972,None,21,1,[1.0936518999515101],[1.093665499938652],26,5,317,2,1399.6349945000838,,1399.6208893000148,1399.6349945000838,1400.6351375000086,1400.6351375000086,1400.6351375000086,1400.9859434000682,space,0.3383685000007972,None,1400.9869875999866,0.7157021999591962,1.0156455000396818,1402.0155970000196,1402.0171174000716,1402.0251455000835,1402.0251455000835,1402.0251455000835,1403.119191500009,21,1,[1.0936518999515101],[1.093665499938652],P001,001,21,2025-11-08_16h50.29.656,intentionalbinding_experiment,,2025.1.1,59.994660462498246,2025-11-08 16h50.46.258406 +0530,
0.1,1000,exp,318,6,26,space,0.3084245999343693,None,123,1,[1.9922649000072852],[1.9922771999845281],26,6,318,6,1403.1350618000142,,1403.1195213000756,1403.1350618000142,1404.1346309999935,1404.1346309999935,1404.1346309999935,1404.4522509999806,space,0.3084245999343693,None,1404.45302980009,0.09925620001740754,0.39928340003825724,1404.8660232999828,1404.8665664000437,1404.8767386000836,1404.8767386000836,1404.8767386000836,1406.8694191999966,123,1,[1.9922649000072852],[1.9922771999845281],P001,001,21,2025-11-08_16h50.29.656,intentionalbinding_experiment,,2025.1.1,59.994660462498246,2025-11-08 16h50.46.258406 +0530,
0.1,400,unexp,319,7,26,space,0.2926334999501705,None,345,1,[0.9314999000634998],[0.9315247000195086],26,7,319,0,1406.8849597000517,,1406.8697561000008,1406.8849597000517,1407.884941300028,1407.884941300028,1407.884941300028,1408.1856989000225,space,0.2926334999501705,None,1408.1871503000148,0.09902900003362447,0.39914840005803853,1408.5946090000216,1408.5951351000695,1408.604079700075,1408.604079700075,1408.604079700075,1409.5359892999986,345,1,[0.9314999000634998],[0.9315247000195086],P001,001,21,2025-11-08_16h50.29.656,intentionalbinding_experiment,,2025.1.1,59.994660462498246,2025-11-08 16h50.46.258406 +0530,
0.7,1000,exp,320,8,26,space,0.20178360003046691,None,898,1,[1.5511159000452608],[1.5511353000765666],26,8,320,8,1409.5512478000019,,1409.5362382000312,1409.5512478000019,1410.5513955000788,1410.5513955000788,1410.5513955000788,1410.7688312000828,space,0.20178360003046691,None,1410.7702920000302,0.6992130000144243,0.9990545000182465,1411.784454000066,1411.785273400019,1411.801194400061,1411.801194400061,1411.801194400061,1413.3528454999905,898,1,[1.5511159000452608],[1.5511353000765666],P001,001,21,2025-11-08_16h50.29.656,intentionalbinding_experiment,,2025.1.1,59.994660462498246,2025-11-08 16h50.46.258406 +0530,
0.4,1000,exp,321,9,26,space,0.40735819994006306,None,500,1,[1.7444934999803081],[1.744513800018467],26,9,321,4,1413.3679191999836,,1413.353401600034,1413.3679191999836,1414.3679437000537,1414.3679437000537,1414.3679437000537,1414.7850180000532,space,0.40735819994006306,None,1414.7858985000057,0.39965259993914515,0.6996206999756396,1415.4993467000313,1415.4998735000845,1415.5097829999868,1415.5097829999868,1415.5097829999868,1417.2547950000735,500,1,[1.7444934999803081],[1.744513800018467],P001,001,21,2025-11-08_16h50.29.656,intentionalbinding_experiment,,2025.1.1,59.994660462498246,2025-11-08 16h50.46.258406 +0530,
0.4,1000,exp,322,10,26,space,0.2350202000234276,None,600,1,[2.228155800024979],[2.2281723000342026],26,10,322,10,1417.267706500017,,1417.2552306000143,1417.267706500017,1418.2676667000633,1418.2676667000633,1418.2676667000633,1418.5183579000877,space,0.2350202000234276,None,1418.519140199991,0.39934420003555715,0.6992457000305876,1419.2279120000312,1419.2285254000453,1419.240406200057,1419.240406200057,1419.240406200057,1421.4697888999945,600,1,[2.228155800024979],[2.2281723000342026],P001,001,21,2025-11-08_16h50.29.656,intentionalbinding_experiment,,2025.1.1,59.994660462498246,2025-11-08 16h50.46.258406 +0530,
0.4,400,unexp,323,11,26,space,0.21164589992258698,None,123,1,[1.905076300026849],[1.9050845000892878],26,11,323,1,1421.4848158999812,,1421.4703638000647,1421.4848158999812,1422.4843126999913,1422.4843126999913,1422.4843126999913,1422.7016311000334,space,0.21164589992258698,None,1422.70234660001,0.39947549998760223,0.6992599000222981,1423.4145597000606,1423.4153893000912,1423.4300749000395,1423.4300749000395,1423.4300749000395,1425.335432699998,123,1,[1.905076300026849],[1.9050845000892878],P001,001,21,2025-11-08_16h50.29.656,intentionalbinding_experiment,,2025.1.1,59.994660462498246,2025-11-08 16h50.46.258406 +0530,
0.1,1000,exp,324,0,27,space,0.0015903000021353364,None,400,1,[1.09099439997226],[1.0910080999601632],27,0,324,9,1425.351032900042,,1425.3356440999778,1425.351032900042,1426.3510566999903,1426.3510566999903,1426.3510566999903,1426.3684354000725,space,0.0015903000021353364,None,1426.3698397000553,0.0992004000581801,0.39929099997971207,1426.7791796000674,1426.7797589000547,1426.7939777000574,1426.7939777000574,1426.7939777000574,1427.8853414000478,400,1,[1.09099439997226],[1.0910080999601632],P001,001,21,2025-11-08_16h50.29.656,intentionalbinding_experiment,,2025.1.1,59.994660462498246,2025-11-08 16h50.46.258406 +0530,
0.4,1000,exp,325,1,27,space,0.1670177000341937,None,500,1,[0.7593878000043333],[0.759402499999851],27,1,325,10,1427.9007641000208,,1427.8855983000249,1427.9007641000208,1428.9009694000706,1428.9009694000706,1428.9009694000706,1429.0849732999923,space,0.1670177000341937,None,1429.0863697000314,0.39928020001389086,0.6991824000142515,1429.7951591000892,1429.7957427999936,1429.809939900064,1429.809939900064,1429.809939900064,1430.5697134999791,500,1,[0.7593878000043333],[0.759402499999851],P001,001,21,2025-11-08_16h50.29.656,intentionalbinding_experiment,,2025.1.1,59.994660462498246,2025-11-08 16h50.46.258406 +0530,
0.1,400,unexp,326,2,27,space,0.21590159996412694,None,600,1,[0.8355342999566346],[0.835543500026688],27,2,326,0,1430.58476290002,,1430.5701636000304,1430.58476290002,1431.5844841999933,1431.5844841999933,1431.5844841999933,1431.802136400016,space,0.21590159996412694,None,1431.8030481000897,0.11537260003387928,0.4152027000673115,1432.2346448000753,1432.2352772000013,1432.2488301000558,1432.2488301000558,1432.2488301000558,1433.0846620000666,600,1,[0.8355342999566346],[0.835543500026688],P001,001,21,2025-11-08_16h50.29.656,intentionalbinding_experiment,,2025.1.1,59.994660462498246,2025-11-08 16h50.46.258406 +0530,
0.4,1000,exp,327,3,27,space,0.2127332000527531,None,700,1,[0.9846818000078201],[0.9846930999774486],27,3,327,7,1433.1006414000876,,1433.0849017000291,1433.1006414000876,1434.0841760000912,1434.0841760000912,1434.1007876000367,1434.3013642000733,space,0.2127332000527531,None,1434.302304300014,0.3995252000167966,0.6995170000009239,1435.0179955000058,1435.0187198000494,1435.033928400022,1435.033928400022,1435.033928400022,1436.0190272000618,700,1,[0.9846818000078201],[0.9846930999774486],P001,001,21,2025-11-08_16h50.29.656,intentionalbinding_experiment,,2025.1.1,59.994660462498246,2025-11-08 16h50.46.258406 +0530,
0.7,400,unexp,328,4,27,space,0.13467089994810522,None,120,1,[2.877794299973175],[2.877807299955748],27,4,328,2,1436.0340475999983,,1436.0193780000554,1436.0340475999983,1437.0339221000904,1437.0339221000904,1437.0339221000904,1437.1845140000805,space,0.13467089994810522,None,1437.1852748000529,0.699551000026986,0.9994172999868169,1438.1961690000026,1438.1969591000816,1438.2071065000491,1438.2071065000491,1438.2071065000491,1441.0853685000911,120,1,[2.877794299973175],[2.877807299955748],P001,001,21,2025-11-08_16h50.29.656,intentionalbinding_experiment,,2025.1.1,59.994660462498246,2025-11-08 16h50.46.258406 +0530,
0.4,1000,exp,329,5,27,space,0.2764529000269249,None,400,1,[0.7615221000742167],[0.7615296000149101],27,5,329,4,1441.1005328000756,,1441.0857255000155,1441.1005328000756,1442.1006394000724,1442.1006394000724,1442.1006394000724,1442.3843698999844,space,0.2764529000269249,None,1442.3851278000511,0.3995733999181539,0.6993885999545455,1443.0954065000406,1443.0958735999884,1443.1059150000801,1443.1059150000801,1443.1059150000801,1443.8676615000004,400,1,[0.7615221000742167],[0.7615296000149101],P001,001,21,2025-11-08_16h50.29.656,intentionalbinding_experiment,,2025.1.1,59.994660462498246,2025-11-08 16h50.46.258406 +0530,
0.1,1000,exp,330,6,27,space,0.2345123999984935,None,100,1,[5.074936200049706],[5.074955700081773],27,6,330,6,1443.8839597000042,,1443.867850300041,1443.8839597000042,1444.8672004999826,1444.8672004999826,1444.8839884999907,1445.1179384000134,space,0.2345123999984935,None,1445.1193021000363,0.11596269998699427,0.4159466000273824,1445.5471421000548,1445.5477693000576,1445.5599242000608,1445.5599242000608,1445.5599242000608,1450.6354049000656,100,1,[5.074936200049706],[5.074955700081773],P001,001,21,2025-11-08_16h50.29.656,intentionalbinding_experiment,,2025.1.1,59.994660462498246,2025-11-08 16h50.46.258406 +0530,
0.7,1000,exp,331,7,27,space,0.2498304999899119,None,700,1,[1.1573353999992833],[1.1573520000092685],27,7,331,5,1450.65005200007,,1450.6358416000148,1450.65005200007,1451.6500281000044,1451.6500281000044,1451.6500281000044,1451.900955200079,space,0.2498304999899119,None,1451.9019382999977,0.6993985999142751,0.9993261999916285,1452.9143058999907,1452.9149493000004,1452.92817259999,1452.92817259999,1452.92817259999,1454.0859528,700,1,[1.1573353999992833],[1.1573520000092685],P001,001,21,2025-11-08_16h50.29.656,intentionalbinding_experiment,,2025.1.1,59.994660462498246,2025-11-08 16h50.46.258406 +0530,
0.4,400,unexp,332,8,27,space,0.22062039992306381,None,700,1,[1.7184252999722958],[1.7184446000028402],27,8,332,1,1454.0999783000443,,1454.0863004000857,1454.0999783000443,1455.1001888000173,1455.1001888000173,1455.1001888000173,1455.3345571000827,space,0.22062039992306381,None,1455.3352475999855,0.4160165999783203,0.71543159999419,1456.0659011000535,1456.0665282000555,1456.0823222000618,1456.0823222000618,1456.0823222000618,1457.80131790007,700,1,[1.7184252999722958],[1.7184446000028402],P001,001,21,2025-11-08_16h50.29.656,intentionalbinding_experiment,,2025.1.1,59.994660462498246,2025-11-08 16h50.46.258406 +0530,
0.7,1000,exp,333,9,27,space,0.2400655000237748,None,800 ,1,[2.837645500083454],[2.8376551000401378],27,9,333,11,1457.816533699981,,1457.8017682000063,1457.816533699981,1458.816767500015,1458.816767500015,1458.816767500015,1459.0676129000494,space,0.2400655000237748,None,1459.0688310000114,0.7157990999985486,1.0157757999841124,1460.0985138000688,1460.0991144999862,1460.1125896000303,1460.1125896000303,1460.1125896000303,1462.9506312999874,800 ,1,[2.837645500083454],[2.8376551000401378],P001,001,21,2025-11-08_16h50.29.656,intentionalbinding_experiment,,2025.1.1,59.994660462498246,2025-11-08 16h50.46.258406 +0530,
0.1,1000,exp,334,10,27,space,4.655696000088938,None,124 ,1,[2.032859700033441],[2.0328723000129685],27,10,334,3,1462.9665448000887,,1462.9508853000589,1462.9665448000887,1463.9500768000726,1463.9500768000726,1463.9666364000877,1468.617030500085,space,4.655696000088938,None,1468.6176639000187,0.09928529988974333,0.3992127999663353,1469.0265797000611,1469.026993800071,1469.0345513999928,1469.0345513999928,1469.0345513999928,1471.0678254000377,124 ,1,[2.032859700033441],[2.0328723000129685],P001,001,21,2025-11-08_16h50.29.656,intentionalbinding_experiment,,2025.1.1,59.994660462498246,2025-11-08 16h50.46.258406 +0530,
0.7,1000,exp,335,11,27,space,0.09546550002414733,None,760,1,[1.0570702999830246],[1.0570841999724507],27,11,335,8,1471.0828459000913,,1471.0681373000843,1471.0828459000913,1472.0828685000306,1472.0828685000306,1472.0828685000306,1472.1834563000593,space,0.09546550002414733,None,1472.1841105000349,0.6994065999751911,0.9994728999445215,1473.1995755999815,1473.2000338999787,1473.210202199989,1473.210202199989,1473.210202199989,1474.267699600081,760,1,[1.0570702999830246],[1.0570841999724507],P001,001,21,2025-11-08_16h50.29.656,intentionalbinding_experiment,,2025.1.1,59.994660462498246,2025-11-08 16h50.46.258406 +0530,
0.7,400,unexp,336,0,28,space,0.24971749994438142,None,450,1,[0.8454572999617085],[0.8454709999496117],28,0,336,2,1474.2828993999865,,1474.2680198000744,1474.2828993999865,1475.2829145999858,1475.2829145999858,1475.2829145999858,1475.53341620008,space,0.24971749994438142,None,1475.5342171000084,0.6993747999658808,0.9994016999844462,1476.545276900055,1476.545743099996,1476.5554081000155,1476.5554081000155,1476.5554081000155,1477.4012468000874,450,1,[0.8454572999617085],[0.8454709999496117],P001,001,21,2025-11-08_16h50.29.656,intentionalbinding_experiment,,2025.1.1,59.994660462498246,2025-11-08 16h50.46.258406 +0530,
0.4,1000,exp,337,1,28,space,0.23601410002447665,None,134,1,[1.5633256000000983],[1.5633418000070378],28,1,337,7,1477.4161258999957,,1477.4016402000561,1477.4161258999957,1478.4161595000187,1478.4161595000187,1478.4161595000187,1478.6668165000156,space,0.23601410002447665,None,1478.6676267000148,0.3993613999336958,0.6991697999183089,1479.3771848999895,1479.3776951000327,1479.386646100087,1479.386646100087,1479.386646100087,1480.9503671000712,134,1,[1.5633256000000983],[1.5633418000070378],P001,001,21,2025-11-08_16h50.29.656,intentionalbinding_experiment,,2025.1.1,59.994660462498246,2025-11-08 16h50.46.258406 +0530,
0.1,1000,exp,338,2,28,space,0.21688999992329627,None,400,1,[1.5908784000203013],[1.5908946000272408],28,2,338,3,1480.9660254999762,,1480.950666800025,1480.9660254999762,1481.949602000066,1481.949602000066,1481.966126000043,1482.1834998000413,space,0.21688999992329627,None,1482.1846154000377,0.09931279998272657,0.3990847000386566,1482.5969496000325,1482.5975176000502,1482.609790800023,1482.609790800023,1482.609790800023,1484.2010961000342,400,1,[1.5908784000203013],[1.5908946000272408],P001,001,21,2025-11-08_16h50.29.656,intentionalbinding_experiment,,2025.1.1,59.994660462498246,2025-11-08 16h50.46.258406 +0530,
0.1,400,unexp,339,3,28,space,0.35863679996691644,None,500,1,[0.6406580000184476],[0.6406763999257237],28,3,339,0,1484.2159251000267,,1484.2014954000479,1484.2159251000267,1485.2159444000572,1485.2159444000572,1485.2159444000572,1485.583270800067,space,0.35863679996691644,None,1485.5843638000078,0.09938879997935146,0.3994109999621287,1485.9988251000177,1485.9995541999815,1486.0096181000117,1486.0096181000117,1486.0096181000117,1486.6508015000727,500,1,[0.6406580000184476],[0.6406763999257237],P001,001,21,2025-11-08_16h50.29.656,intentionalbinding_experiment,,2025.1.1,59.994660462498246,2025-11-08 16h50.46.258406 +0530,
0.7,1000,exp,340,4,28,space,0.24720650003291667,None,600,1,[2.302136799902655],[2.3021439999574795],28,4,340,5,1486.666726000025,,1486.651270500035,1486.666726000025,1487.6659465000266,1487.6659465000266,1487.6659465000266,1487.9166126999771,space,0.24720650003291667,None,1487.9178587000351,0.6993495000060648,0.9992410000413656,1488.9285302000353,1488.9292940000305,1488.94763290009,1488.94763290009,1488.94763290009,1491.2500493000261,600,1,[2.302136799902655],[2.3021439999574795],P001,001,21,2025-11-08_16h50.29.656,intentionalbinding_experiment,,2025.1.1,59.994660462498246,2025-11-08 16h50.46.258406 +0530,
0.1,1000,exp,341,5,28,space,0.24521149997599423,None,100,1,[1.1895318999886513],[1.1895438000792637],28,5,341,6,1491.265954200062,,1491.2502486000303,1491.265954200062,1492.2493678000756,1492.2493678000756,1492.2658957000822,1492.4996091000503,space,0.24521149997599423,None,1492.500581900007,0.09944949997588992,0.3995823999866843,1492.9188401000574,1492.919319299981,1492.9288918999955,1492.9288918999955,1492.9288918999955,1494.1188397000078,100,1,[1.1895318999886513],[1.1895438000792637],P001,001,21,2025-11-08_16h50.29.656,intentionalbinding_experiment,,2025.1.1,59.994660462498246,2025-11-08 16h50.46.258406 +0530,
0.7,1000,exp,342,6,28,space,0.17254270007833838,None,200 ,1,[1.7294810999883339],[1.729488700046204],28,6,342,8,1494.133061200031,,1494.119035199983,1494.133061200031,1495.1324006000068,1495.1324006000068,1495.1324006000068,1495.3165772000793,space,0.17254270007833838,None,1495.3180675000185,0.6992404999909922,0.9990284000523388,1496.3253115999978,1496.325872000074,1496.3370471000671,1496.3370471000671,1496.3370471000671,1498.0667799999937,200 ,1,[1.7294810999883339],[1.729488700046204],P001,001,21,2025-11-08_16h50.29.656,intentionalbinding_experiment,,2025.1.1,59.994660462498246,2025-11-08 16h50.46.258406 +0530,
0.1,1000,exp,343,7,28,space,0.09808290004730225,None,100,1,[3.4419152999762446],[3.4419291000813246],28,7,343,9,1498.082342299982,,1498.0669811000116,1498.082342299982,1499.0823783000233,1499.0823783000233,1499.0823783000233,1499.182914200006,space,0.09808290004730225,None,1499.184221200063,0.09944280004128814,0.39934480004012585,1499.5953737000236,1499.5959624000825,1499.608030000003,1499.608030000003,1499.608030000003,1503.0510682000313,100,1,[3.4419152999762446],[3.4419291000813246],P001,001,21,2025-11-08_16h50.29.656,intentionalbinding_experiment,,2025.1.1,59.994660462498246,2025-11-08 16h50.46.258406 +0530,
0.4,1000,exp,344,8,28,space,0.22950110002420843,None,100,1,[1.1994516999693587],[1.1994660999625921],28,8,344,10,1503.0660924999975,,1503.051462500007,1503.0660924999975,1504.0654332999839,1504.0654332999839,1504.0654332999839,1504.2995009000879,space,0.22950110002420843,None,1504.3005533000687,0.3992268000729382,0.6994227000977844,1505.017397699994,1505.018169600051,1505.0337488000514,1505.0337488000514,1505.0337488000514,1506.2337719000643,100,1,[1.1994516999693587],[1.1994660999625921],P001,001,21,2025-11-08_16h50.29.656,intentionalbinding_experiment,,2025.1.1,59.994660462498246,2025-11-08 16h50.46.258406 +0530,
0.7,1000,exp,345,9,28,space,0.2274324999889359,None,400,1,[0.9110194999957457],[0.9110308999661356],28,9,345,11,1506.248583000037,,1506.2341534000589,1506.248583000037,1507.2487311000004,1507.2487311000004,1507.2487311000004,1507.4829532000003,space,0.2274324999889359,None,1507.4840887000319,0.6990366000682116,0.9990058999974281,1508.4959201000165,1508.4963942000177,1508.5059326000046,1508.5059326000046,1508.5059326000046,1509.417398700025,400,1,[0.9110194999957457],[0.9110308999661356],P001,001,21,2025-11-08_16h50.29.656,intentionalbinding_experiment,,2025.1.1,59.994660462498246,2025-11-08 16h50.46.258406 +0530,
0.4,400,unexp,346,10,28,space,0.08397429995238781,None,500,1,[0.6868864999851212],[0.6868991999654099],28,10,346,1,1509.4319010999752,,1509.4177645000163,1509.4319010999752,1510.4319293000735,1510.4319293000735,1510.4319293000735,1510.5321457000682,space,0.08397429995238781,None,1510.532892200048,0.39979059994220734,0.6996193999657407,1511.2475502000889,1511.2481554000406,1511.262139700004,1511.262139700004,1511.262139700004,1511.9494207000826,500,1,[0.6868864999851212],[0.6868991999654099],P001,001,21,2025-11-08_16h50.29.656,intentionalbinding_experiment,,2025.1.1,59.994660462498246,2025-11-08 16h50.46.258406 +0530,
0.4,1000,exp,347,11,28,space,0.3380804000189528,None,600,1,[0.8064176999032497],[0.8064336999086663],28,11,347,4,1511.9649296000134,,1511.949713399983,1511.9649296000134,1512.9652828000253,1512.9652828000253,1512.9652828000253,1513.3157033000607,space,0.3380804000189528,None,1513.3166907000123,0.3992945000063628,0.6993527000304312,1514.02838360006,1514.0290507000173,1514.0431392000755,1514.0431392000755,1514.0431392000755,1514.8500222000293,600,1,[0.8064176999032497],[0.8064336999086663],P001,001,21,2025-11-08_16h50.29.656,intentionalbinding_experiment,,2025.1.1,59.994660462498246,2025-11-08 16h50.46.258406 +0530,
0.4,1000,exp,348,0,29,space,0.21514780004508793,None,100,1,[0.7883416999829933],[0.7883541999617592],29,0,348,10,1514.864937699982,,1514.850374200032,1514.864937699982,1515.8651317000622,1515.8651317000622,1515.8651317000622,1516.0826144000748,space,0.21514780004508793,None,1516.0839885000605,0.3991012000478804,0.6991960000013933,1516.797880200087,1516.7985378000885,1516.8115156000713,1516.8115156000713,1516.8115156000713,1517.600206000032,100,1,[0.7883416999829933],[0.7883541999617592],P001,001,21,2025-11-08_16h50.29.656,intentionalbinding_experiment,,2025.1.1,59.994660462498246,2025-11-08 16h50.46.258406 +0530,
0.1,1000,exp,349,1,29,space,0.10568749997764826,None,10,1,[0.7692190000088885],[0.7692301999777555],29,1,349,6,1517.615009900066,,1517.6005503999768,1517.615009900066,1518.6150632000063,1518.6150632000063,1518.6150632000063,1518.7326551000588,space,0.10568749997764826,None,1518.734230900067,0.11578420002479106,0.41573579993564636,1519.1661471000407,1519.1667300000554,1519.1805113999872,1519.1805113999872,1519.1805113999872,1519.9500631000847,10,1,[0.7692190000088885],[0.7692301999777555],P001,001,21,2025-11-08_16h50.29.656,intentionalbinding_experiment,,2025.1.1,59.994660462498246,2025-11-08 16h50.46.258406 +0530,
0.1,400,unexp,350,2,29,space,0.8608014000346884,None,10,1,[0.7696731999749318],[0.7696894999826327],29,2,350,0,1519.9656982000452,,1519.95032370009,1519.9656982000452,1520.9651769000338,1520.9651769000338,1520.9651769000338,1521.8323727999814,space,0.8608014000346884,None,1521.8336316000205,0.09939849993679672,0.3992494000121951,1522.2490381000098,1522.249678799999,1522.2631002999842,1522.2631002999842,1522.2631002999842,1523.0334541000193,10,1,[0.7696731999749318],[0.7696894999826327],P001,001,21,2025-11-08_16h50.29.656,intentionalbinding_experiment,,2025.1.1,59.994660462498246,2025-11-08 16h50.46.258406 +0530,
0.4,1000,exp,351,3,29,space,0.17915049998555332,None,34,1,[0.771319100051187],[0.7713335000444204],29,3,351,7,1523.0488462999929,,1523.03390150005,1523.0488462999929,1524.048099800013,1524.048099800013,1524.048099800013,1524.2322014999809,space,0.17915049998555332,None,1524.233763199998,0.39928460004739463,0.699362299987115,1524.9463602000615,1524.9470184000675,1524.9607119000284,1524.9607119000284,1524.9607119000284,1525.7324473999906,34,1,[0.771319100051187],[0.7713335000444204],P001,001,21,2025-11-08_16h50.29.656,intentionalbinding_experiment,,2025.1.1,59.994660462498246,2025-11-08 16h50.46.258406 +0530,
0.7,1000,exp,352,4,29,space,0.28224450000561774,None,60,1,[0.6054556999588385],[0.6054705999558792],29,4,352,5,1525.7485068000387,,1525.7328574000858,1525.7485068000387,1526.7317522000521,1526.7317522000521,1526.7482618000358,1527.015786300064,space,0.28224450000561774,None,1527.0169430000242,0.6991318999789655,0.9993199999444187,1528.0264582000673,1528.0272829000605,1528.0442848000675,1528.0442848000675,1528.0442848000675,1528.6502274000086,60,1,[0.6054556999588385],[0.6054705999558792],P001,001,21,2025-11-08_16h50.29.656,intentionalbinding_experiment,,2025.1.1,59.994660462498246,2025-11-08 16h50.46.258406 +0530,
0.4,400,unexp,353,5,29,space,0.26414199999999255,None,560,1,[0.8723072001012042],[0.8723195000784472],29,5,353,1,1528.6648955000564,,1528.6505893000867,1528.6648955000564,1529.6650825000834,1529.6650825000834,1529.6650825000834,1529.931936500012,space,0.26414199999999255,None,1529.9325996000553,0.3995040999725461,0.699454199988395,1530.6481840000488,1530.6487270999933,1530.6606422000332,1530.6606422000332,1530.6606422000332,1531.5333244000794,560,1,[0.8723072001012042],[0.8723195000784472],P001,001,21,2025-11-08_16h50.29.656,intentionalbinding_experiment,,2025.1.1,59.994660462498246,2025-11-08 16h50.46.258406 +0530,
0.7,1000,exp,354,6,29,space,0.022628300008364022,None,100,1,[1.0922586000524461],[1.0922716000350192],29,6,354,11,1531.5481273999903,,1531.533594300039,1531.5481273999903,1532.5481571999844,1532.5481571999844,1532.5481571999844,1532.5821350000333,space,0.022628300008364022,None,1532.5831817000872,0.6992410999955609,0.9990686000091955,1533.594834699994,1533.5970347999828,1533.6061118000653,1533.6061118000653,1533.6061118000653,1534.6987348999828,100,1,[1.0922586000524461],[1.0922716000350192],P001,001,21,2025-11-08_16h50.29.656,intentionalbinding_experiment,,2025.1.1,59.994660462498246,2025-11-08 16h50.46.258406 +0530,
0.7,1000,exp,355,7,29,space,0.2835496999323368,None,400,1,[0.991946299909614],[0.9919546999735758],29,7,355,8,1534.71455480007,,1534.6990573999938,1534.71455480007,1535.7146807999816,1535.7146807999816,1535.7146807999816,1536.0153410000494,space,0.2835496999323368,None,1536.0160964999814,0.6991201000055298,0.9992723000468686,1537.0260035999818,1537.02668920008,1537.0405479000183,1537.0405479000183,1537.0405479000183,1538.0327672000276,400,1,[0.991946299909614],[0.9919546999735758],P001,001,21,2025-11-08_16h50.29.656,intentionalbinding_experiment,,2025.1.1,59.994660462498246,2025-11-08 16h50.46.258406 +0530,
0.1,1000,exp,356,8,29,space,0.6179758999496698,None,500,1,[0.9885664000175893],[0.9885782999917865],29,8,356,9,1538.0481654000469,,1538.0329837000463,1538.0481654000469,1539.047773700091,1539.047773700091,1539.047773700091,1539.6814836000558,space,0.6179758999496698,None,1539.682182700024,0.09979720006231219,0.3995213999878615,1540.099546100013,1540.1000358000165,1540.1101113000186,1540.1101113000186,1540.1101113000186,1541.0990423000185,500,1,[0.9885664000175893],[0.9885782999917865],P001,001,21,2025-11-08_16h50.29.656,intentionalbinding_experiment,,2025.1.1,59.994660462498246,2025-11-08 16h50.46.258406 +0530,
0.1,1000,exp,357,9,29,space,0.26186999992933124,None,100,1,[1.1565346999559551],[1.1565613000420853],29,9,357,3,1541.1148052000208,,1541.0993443999905,1541.1148052000208,1542.1143252000911,1542.1143252000911,1542.1143252000911,1542.3814918000717,space,0.26186999992933124,None,1542.3822048000293,0.09953819995280355,0.39962409995496273,1542.7983457000228,1542.798783599981,1542.80882809998,1542.80882809998,1542.80882809998,1543.9658108000876,100,1,[1.1565346999559551],[1.1565613000420853],P001,001,21,2025-11-08_16h50.29.656,intentionalbinding_experiment,,2025.1.1,59.994660462498246,2025-11-08 16h50.46.258406 +0530,
0.4,1000,exp,358,10,29,space,0.2490344000980258,None,700,1,[0.92941179999616],[0.9294246999779716],29,10,358,4,1543.9811669000192,,1543.966129400069,1543.9811669000192,1544.9809391000308,1544.9809391000308,1544.9809391000308,1545.2318017000798,space,0.2490344000980258,None,1545.233257099986,0.3990981000242755,0.6992561999941245,1545.9444726000074,1545.944921700051,1545.9531406000024,1545.9531406000024,1545.9531406000024,1546.8828978000674,700,1,[0.92941179999616],[0.9294246999779716],P001,001,21,2025-11-08_16h50.29.656,intentionalbinding_experiment,,2025.1.1,59.994660462498246,2025-11-08 16h50.46.258406 +0530,
0.7,400,unexp,359,11,29,space,0.4274140000343323,None,150,1,[1.342612500069663],[1.3426321001024917],29,11,359,2,1546.8976247999817,,1546.8831271000672,1546.8976247999817,1547.8976004000288,1547.8976004000288,1547.8976004000288,1548.3313879000489,space,0.4274140000343323,None,1548.3323021000251,0.6994815999642015,0.9996836000354961,1549.3463438000763,1549.3469640000258,1549.356156200054,1549.356156200054,1549.356156200054,1550.6993781999918,150,1,[1.342612500069663],[1.3426321001024917],P001,001,21,2025-11-08_16h50.29.656,intentionalbinding_experiment,,2025.1.1,59.994660462498246,2025-11-08 16h50.46.258406 +0530,
0.7,1000,exp,360,0,30,space,0.5500435000285506,None,900,1,[1.2164094999898225],[1.216423699981533],30,0,360,8,1550.7147301000077,,1550.6997916999971,1550.7147301000077,1551.7142474000575,1551.7142474000575,1551.7142474000575,1552.281080899993,space,0.5500435000285506,None,1552.2818819000386,0.6996083999983966,0.9998338000150397,1553.2989715000149,1553.2998381999787,1553.3147095000604,1553.3147095000604,1553.3147095000604,1554.531547700055,900,1,[1.2164094999898225],[1.216423699981533],P001,001,21,2025-11-08_16h50.29.656,intentionalbinding_experiment,,2025.1.1,59.994660462498246,2025-11-08 16h50.46.258406 +0530,
0.7,1000,exp,361,1,30,space,0.5058254000032321,None,500,1,[1.3856169999344274],[1.3856288000242785],30,1,361,5,1554.5473607000895,,1554.5318896999815,1554.5473607000895,1555.5472185000544,1555.5472185000544,1555.5472185000544,1556.0649352000328,space,0.5058254000032321,None,1556.066370800021,0.6990281000034884,0.9991099999751896,1557.0756656000158,1557.0762669000542,1557.0966209999751,1557.0966209999751,1557.0966209999751,1558.482663200004,500,1,[1.3856169999344274],[1.3856288000242785],P001,001,21,2025-11-08_16h50.29.656,intentionalbinding_experiment,,2025.1.1,59.994660462498246,2025-11-08 16h50.46.258406 +0530,
0.7,400,unexp,362,2,30,space,0.28535600006580353,None,150,1,[1.9048644999274984],[1.904878499917686],30,2,362,2,1558.497181700077,,1558.4829713000217,1558.497181700077,1559.497405000031,1559.497405000031,1559.497405000031,1559.798329000012,space,0.28535600006580353,None,1559.7993022000883,0.7157274000346661,1.0158160000573844,1560.8281049000798,1560.829140100046,1560.8435467000818,1560.8435467000818,1560.8435467000818,1562.7488770000637,150,1,[1.9048644999274984],[1.904878499917686],P001,001,21,2025-11-08_16h50.29.656,intentionalbinding_experiment,,2025.1.1,59.994660462498246,2025-11-08 16h50.46.258406 +0530,
0.1,400,unexp,363,3,30,space,0.18665490008424968,None,900,1,[3.3563737999647856],[3.3563961000181735],30,3,363,0,1562.7640421000542,,1562.749204599997,1562.7640421000542,1563.7640348999994,1563.7640348999994,1563.7640348999994,1563.9646449000575,space,0.18665490008424968,None,1563.9659240000183,0.09946200007107109,0.39955970004666597,1564.377892300021,1564.3784485000651,1564.3918648000108,1564.3918648000108,1564.3918648000108,1567.7489055000478,900,1,[3.3563737999647856],[3.3563961000181735],P001,001,21,2025-11-08_16h50.29.656,intentionalbinding_experiment,,2025.1.1,59.994660462498246,2025-11-08 16h50.46.258406 +0530,
0.4,1000,exp,364,4,30,space,0.4240097999572754,None,700,1,[1.132531899958849],[1.1325422000372782],30,4,364,7,1567.7640287000686,,1567.7493026000448,1567.7640287000686,1568.7639399999753,1568.7639399999753,1568.7639399999753,1569.197869900032,space,0.4240097999572754,None,1569.1989280000562,0.3991999999852851,0.6991870000492781,1569.916426000069,1569.9170366000617,1569.9322882000124,1569.9322882000124,1569.9322882000124,1571.06515150005,700,1,[1.132531899958849],[1.1325422000372782],P001,001,21,2025-11-08_16h50.29.656,intentionalbinding_experiment,,2025.1.1,59.994660462498246,2025-11-08 16h50.46.258406 +0530,
0.1,1000,exp,365,5,30,space,0.2224300999660045,None,400,1,[1.4627010999247432],[1.4627141999080777],30,5,365,9,1571.0803428000072,,1571.0654152000789,1571.0803428000072,1572.0801723999903,1572.0801723999903,1572.0801723999903,1572.3144193000626,space,0.2224300999660045,None,1572.315143099986,0.09918889997061342,0.39927960000932217,1572.7265084000537,1572.7269834000617,1572.7356261999812,1572.7356261999812,1572.7356261999812,1574.1987402000232,400,1,[1.4627010999247432],[1.4627141999080777],P001,001,21,2025-11-08_16h50.29.656,intentionalbinding_experiment,,2025.1.1,59.994660462498246,2025-11-08 16h50.46.258406 +0530,
0.4,1000,exp,366,6,30,space,0.9208086000289768,None,100,1,[1.4658458000048995],[1.4658602999988943],30,6,366,4,1574.2136133000022,,1574.1990688000806,1574.2136133000022,1575.2135750000598,1575.2135750000598,1575.2135750000598,1576.1472285999916,space,0.9208086000289768,None,1576.1479404000565,0.3995329000754282,0.6995614999905229,1576.8551239999942,1576.8556013000198,1576.865548000089,1576.865548000089,1576.865548000089,1578.3318163000513,100,1,[1.4658458000048995],[1.4658602999988943],P001,001,21,2025-11-08_16h50.29.656,intentionalbinding_experiment,,2025.1.1,59.994660462498246,2025-11-08 16h50.46.258406 +0530,
0.4,1000,exp,367,7,30,space,1.4585905000567436,None,500 ,1,[2.9047732999315485],[2.9047810999909416],30,7,367,10,1578.3467518000398,,1578.3321601999924,1578.3467518000398,1579.3465322999982,1579.3465322999982,1579.3465322999982,1580.8141647999873,space,1.4585905000567436,None,1580.8147575000767,0.3990113000618294,0.6991556000430137,1581.5245571000269,1581.5249837000156,1581.5425072000362,1581.5425072000362,1581.5425072000362,1584.4475506000454,500 ,1,[2.9047732999315485],[2.9047810999909416],P001,001,21,2025-11-08_16h50.29.656,intentionalbinding_experiment,,2025.1.1,59.994660462498246,2025-11-08 16h50.46.258406 +0530,
0.1,1000,exp,368,8,30,space,2.948956999927759,None,100,1,[1.9517204000148922],[1.951729299966246],30,8,368,3,1584.463153699995,,1584.4477742000017,1584.463153699995,1585.46331989998,1585.46331989998,1585.46331989998,1588.4138317999896,space,2.948956999927759,None,1588.414770100033,0.0995033000363037,0.3990650000050664,1588.8278662000084,1588.8288365000626,1588.8451159000397,1588.8451159000397,1588.8451159000397,1590.7971234000288,100,1,[1.9517204000148922],[1.951729299966246],P001,001,21,2025-11-08_16h50.29.656,intentionalbinding_experiment,,2025.1.1,59.994660462498246,2025-11-08 16h50.46.258406 +0530,
0.4,400,unexp,369,9,30,space,0.22770729998592287,None,400,1,[1.0839178001042455],[1.0839318000944331],30,9,369,1,1590.8129394000862,,1590.7973483999958,1590.8129394000862,1591.7963709000032,1591.7963709000032,1591.8131468000356,1592.0301369000226,space,0.22770729998592287,None,1592.0310647999868,0.4019299999345094,0.7165756999747828,1592.746884800028,1592.7473618000513,1592.7629707000451,1592.7629707000451,1592.7629707000451,1593.8472904000664,400,1,[1.0839178001042455],[1.0839318000944331],P001,001,21,2025-11-08_16h50.29.656,intentionalbinding_experiment,,2025.1.1,59.994660462498246,2025-11-08 16h50.46.258406 +0530,
0.1,1000,exp,370,10,30,space,0.2487457999959588,None,700,1,[1.7465291999978945],[1.7465412999736145],30,10,370,6,1593.8631093000295,,1593.8476223000325,1593.8631093000295,1594.8628989000572,1594.8628989000572,1594.8628989000572,1595.1131663999986,space,0.2487457999959588,None,1595.113714999985,0.10007150005549192,0.39964630000758916,1595.5265231999801,1595.5269141000463,1595.533858400071,1595.533858400071,1595.533858400071,1597.2807030000258,700,1,[1.7465291999978945],[1.7465412999736145],P001,001,21,2025-11-08_16h50.29.656,intentionalbinding_experiment,,2025.1.1,59.994660462498246,2025-11-08 16h50.46.258406 +0530,
0.7,1000,exp,371,11,30,space,0.16886620002333075,None,544,1,[1.2664920000825077],[1.2665021000429988],30,11,371,11,1597.2960761000868,,1597.2810545000248,1597.2960761000868,1598.2962079000426,1598.2962079000426,1598.2962079000426,1598.4803023000713,space,0.16886620002333075,None,1598.4813087000512,0.6994504999602214,0.9992006999673322,1599.4944184999913,1599.495137299993,1599.5131980000297,1599.5131980000297,1599.5131980000297,1600.7800213000737,544,1,[1.2664920000825077],[1.2665021000429988],P001,001,21,2025-11-08_16h50.29.656,intentionalbinding_experiment,,2025.1.1,59.994660462498246,2025-11-08 16h50.46.258406 +0530,
0.1,1000,exp,372,0,31,space,0.3958950999658555,None,145,1,[2.437888800050132],[2.4379153000190854],31,0,372,9,1600.7961285000201,,1600.780250000069,1600.7961285000201,1601.7796287999954,1601.7796287999954,1601.7963427000213,1602.1805216000648,space,0.3958950999658555,None,1602.181092599989,0.09903759998269379,0.3990027999971062,1602.5952904000878,1602.595878800028,1602.6086579000112,1602.6086579000112,1602.6086579000112,1605.047083200072,145,1,[2.437888800050132],[2.4379153000190854],P001,001,21,2025-11-08_16h50.29.656,intentionalbinding_experiment,,2025.1.1,59.994660462498246,2025-11-08 16h50.46.258406 +0530,
0.4,1000,exp,373,1,31,space,0.043346400023438036,None,400,1,[1.3757985000265762],[1.3758137000259012],31,1,373,10,1605.0626490000868,,1605.0474864999996,1605.0626490000868,1606.0626383000053,1606.0626383000053,1606.0626383000053,1606.1133079000283,space,0.043346400023438036,None,1606.114459100063,0.39946839993353933,0.6995096999453381,1606.8245285000885,1606.8251556000905,1606.8372458000667,1606.8372458000667,1606.8372458000667,1608.213459999999,400,1,[1.3757985000265762],[1.3758137000259012],P001,001,21,2025-11-08_16h50.29.656,intentionalbinding_experiment,,2025.1.1,59.994660462498246,2025-11-08 16h50.46.258406 +0530,
0.1,1000,exp,374,2,31,space,0.3746504000155255,None,100,1,[1.9273426999570802],[1.9273553000530228],31,2,374,3,1608.229260400054,,1608.2137872000458,1608.229260400054,1609.2293530000607,1609.2293530000607,1609.2293530000607,1609.6130283999955,space,0.3746504000155255,None,1609.6138215999817,0.0995344000402838,0.39941920002456754,1610.0246799000306,1610.0251632999862,1610.0355814000359,1610.0355814000359,1610.0355814000359,1611.9633016000735,100,1,[1.9273426999570802],[1.9273553000530228],P001,001,21,2025-11-08_16h50.29.656,intentionalbinding_experiment,,2025.1.1,59.994660462498246,2025-11-08 16h50.46.258406 +0530,
0.4,1000,exp,375,3,31,space,0.36552970006596297,None,400,1,[1.5538463999982923],[1.5538663999177516],31,3,375,7,1611.979157700087,,1611.9636293000076,1611.979157700087,1612.9626209000126,1612.9626209000126,1612.9790359000908,1613.3293875000672,space,0.36552970006596297,None,1613.3301049000584,0.399786000023596,0.6997094000689685,1614.048825600068,1614.049314300064,1614.0595818000147,1614.0595818000147,1614.0595818000147,1615.6139461999992,400,1,[1.5538463999982923],[1.5538663999177516],P001,001,21,2025-11-08_16h50.29.656,intentionalbinding_experiment,,2025.1.1,59.994660462498246,2025-11-08 16h50.46.258406 +0530,
0.4,400,unexp,376,4,31,space,0.30211659998167306,None,100 ,1,[2.858675300027244],[2.8586918000364676],31,4,376,1,1615.6289348000428,,1615.6143840000732,1615.6289348000428,1616.6291004000232,1616.6291004000232,1616.6291004000232,1616.9465774000855,space,0.30211659998167306,None,1616.9478122000583,0.39923909993376583,0.6991788999876007,1617.6579297999851,1617.6585725999903,1617.6716120999772,1617.6716120999772,1617.6716120999772,1620.5308241000166,100 ,1,[2.858675300027244],[2.8586918000364676],P001,001,21,2025-11-08_16h50.29.656,intentionalbinding_experiment,,2025.1.1,59.994660462498246,2025-11-08 16h50.46.258406 +0530,
0.7,1000,exp,377,5,31,space,0.5604726999299601,None,555,1,[1.2841891000280157],[1.2842029000166804],31,5,377,5,1620.5454706000164,,1620.5314626999898,1620.5454706000164,1621.5507110999897,1621.5507110999897,1621.5507110999897,1622.116749900044,space,0.5604726999299601,None,1622.1173426000169,0.6999849000712857,1.0002138999989256,1623.1351890000515,1623.1355761000887,1623.145368300029,1623.145368300029,1623.145368300029,1624.4299221000401,555,1,[1.2841891000280157],[1.2842029000166804],P001,001,21,2025-11-08_16h50.29.656,intentionalbinding_experiment,,2025.1.1,59.994660462498246,2025-11-08 16h50.46.258406 +0530,
0.7,1000,exp,378,6,31,space,0.3140626000240445,None,430,1,[0.9478799999924377],[0.9478891999460757],31,6,378,8,1624.4454234000295,,1624.4302094000159,1624.4454234000295,1625.4454508000053,1625.4454508000053,1625.4454508000053,1625.7625710000284,space,0.3140626000240445,None,1625.763233100064,0.6996224999893457,0.9995883000083268,1626.775231000036,1626.7755774999969,1626.781862200005,1626.781862200005,1626.781862200005,1627.73000900005,430,1,[0.9478799999924377],[0.9478891999460757],P001,001,21,2025-11-08_16h50.29.656,intentionalbinding_experiment,,2025.1.1,59.994660462498246,2025-11-08 16h50.46.258406 +0530,
0.7,400,unexp,379,7,31,space,0.1848388999933377,None,700,1,[0.7417816000524908],[0.7417897999985144],31,7,379,2,1627.7452105000848,,1627.7303755000466,1627.7452105000848,1628.7454830000643,1628.7454830000643,1628.7454830000643,1628.946258299984,space,0.1848388999933377,None,1628.9474693000084,0.6992537999758497,0.999052400002256,1629.9567685000366,1629.9573682000628,1629.97092230001,1629.97092230001,1629.97092230001,1630.7130736000836,700,1,[0.7417816000524908],[0.7417897999985144],P001,001,21,2025-11-08_16h50.29.656,intentionalbinding_experiment,,2025.1.1,59.994660462498246,2025-11-08 16h50.46.258406 +0530,
0.7,1000,exp,380,8,31,space,0.27453389996662736,None,456,1,[1.1679431999800727],[1.1679571999702603],31,8,380,11,1630.728658100008,,1630.7134704000782,1630.728658100008,1631.7284838000778,1631.7284838000778,1631.7284838000778,1632.0127651999937,space,0.27453389996662736,None,1632.0139471000293,0.6992809000657871,0.9991690000751987,1633.0291122000199,1633.0297316000797,1633.044215700007,1633.044215700007,1633.044215700007,1634.2125773000298,456,1,[1.1679431999800727],[1.1679571999702603],P001,001,21,2025-11-08_16h50.29.656,intentionalbinding_experiment,,2025.1.1,59.994660462498246,2025-11-08 16h50.46.258406 +0530,
0.1,1000,exp,381,9,31,space,0.34783799992874265,None,650,1,[1.4820147999562323],[1.482034599990584],31,9,381,6,1634.2283707000315,,1634.2129359000828,1634.2283707000315,1635.2120610000566,1635.2120610000566,1635.2286950000562,1635.5628528000088,space,0.34783799992874265,None,1635.5644505000673,0.11579080007504672,0.41565810004249215,1635.9986351000844,1635.9992630999768,1636.0142637999961,1636.0142637999961,1636.0142637999961,1637.4968615000835,650,1,[1.4820147999562323],[1.482034599990584],P001,001,21,2025-11-08_16h50.29.656,intentionalbinding_experiment,,2025.1.1,59.994660462498246,2025-11-08 16h50.46.258406 +0530,
0.4,1000,exp,382,10,31,space,0.46914890001062304,None,700,1,[3.3934612000593916],[3.3934744000434875],31,10,382,4,1637.511853300035,,1637.4973481000634,1637.511853300035,1638.5118377000326,1638.5118377000326,1638.5118377000326,1638.9959281000774,space,0.46914890001062304,None,1638.996698700008,0.39909700001589954,0.6993476999923587,1639.7052304000827,1639.7059317000676,1639.7192866000114,1639.7192866000114,1639.7192866000114,1643.1132084000856,700,1,[3.3934612000593916],[3.3934744000434875],P001,001,21,2025-11-08_16h50.29.656,intentionalbinding_experiment,,2025.1.1,59.994660462498246,2025-11-08 16h50.46.258406 +0530,
0.1,400,unexp,383,11,31,space,0.08168960001785308,None,600,1,[3.4648566000396386],[3.464869000017643],31,11,383,0,1643.1283308999846,,1643.1136410000036,1643.1283308999846,1644.1282883000094,1644.1282883000094,1644.1282883000094,1644.2118753000395,space,0.08168960001785308,None,1644.212610800052,0.09973480005282909,0.3997427000431344,1644.6244101000484,1644.6248767999932,1644.6349422000349,1644.6349422000349,1644.6349422000349,1648.1001956000691,600,1,[3.4648566000396386],[3.464869000017643],P001,001,21,2025-11-08_16h50.29.656,intentionalbinding_experiment,,2025.1.1,59.994660462498246,2025-11-08 16h50.46.258406 +0530,
0.7,1000,exp,384,0,32,space,0.43315309996251017,None,500,1,[1.1542192999040708],[1.1542296999832615],32,0,384,5,1648.1156132000033,,1648.1004934000084,1648.1156132000033,1649.1758329999866,1649.1758329999866,1649.1758329999866,1649.6119159000227,space,0.43315309996251017,None,1649.612653600052,0.6997199000325054,0.999684700043872,1650.6280082000885,1650.628662400064,1650.6415026000468,1650.6415026000468,1650.6415026000468,1651.7960471999831,500,1,[1.1542192999040708],[1.1542296999832615],P001,001,21,2025-11-08_16h50.29.656,intentionalbinding_experiment,,2025.1.1,59.994660462498246,2025-11-08 16h50.46.258406 +0530,
0.1,1000,exp,385,1,32,space,0.223847100045532,None,100,1,[2.5603008000180125],[2.5603167000226676],32,1,385,6,1651.811451900052,,1651.7963050000835,1651.811451900052,1652.8114670000505,1652.8114670000505,1652.8114670000505,1653.045408200007,space,0.223847100045532,None,1653.046262399992,0.10062829998787493,0.3994265999644995,1653.4647869999753,1653.4653580000158,1653.4762116000056,1653.4762116000056,1653.4762116000056,1656.0370398000814,100,1,[2.5603008000180125],[2.5603167000226676],P001,001,21,2025-11-08_16h50.29.656,intentionalbinding_experiment,,2025.1.1,59.994660462498246,2025-11-08 16h50.46.258406 +0530,
0.4,1000,exp,386,2,32,space,0.13814860000275075,None,300,1,[1.213600100018084],[1.213616200024262],32,2,386,10,1656.0398346000584,,1656.0373950999929,1656.0398346000584,1657.044685000088,1657.044685000088,1657.044685000088,1657.195440200041,space,0.13814860000275075,None,1657.1961757000536,0.3993018000619486,0.6991567000513896,1657.904226200073,1657.9047003000742,1657.914938800037,1657.914938800037,1657.914938800037,1659.128983600065,300,1,[1.213600100018084],[1.213616200024262],P001,001,21,2025-11-08_16h50.29.656,intentionalbinding_experiment,,2025.1.1,59.994660462498246,2025-11-08 16h50.46.258406 +0530,
0.1,400,unexp,387,3,32,space,0.1921341000124812,None,400,1,[1.4352422999218106],[1.435261799953878],32,3,387,0,1659.144616400008,,1659.129259700072,1659.144616400008,1660.1444948000135,1660.1444948000135,1660.1444948000135,1660.3455192000838,space,0.1921341000124812,None,1660.3471398000838,0.1158023999305442,0.4156177999684587,1660.7788417000556,1660.7799276000587,1660.796954200021,1660.796954200021,1660.796954200021,1662.2327997999964,400,1,[1.4352422999218106],[1.435261799953878],P001,001,21,2025-11-08_16h50.29.656,intentionalbinding_experiment,,2025.1.1,59.994660462498246,2025-11-08 16h50.46.258406 +0530,
0.7,1000,exp,388,4,32,space,0.361293499940075,None,1560,1,[1.71091330004856],[1.7109260000288486],32,4,388,8,1662.2444388000295,,1662.233297000057,1662.2444388000295,1663.2444887000602,1663.2444887000602,1663.2444887000602,1663.611963500036,space,0.361293499940075,None,1663.6130594999995,0.6992183000547811,0.9991026000352576,1664.6246585000772,1664.6251413000282,1664.6347686999943,1664.6347686999943,1664.6347686999943,1666.3464215000859,1560,1,[1.71091330004856],[1.7109260000288486],P001,001,21,2025-11-08_16h50.29.656,intentionalbinding_experiment,,2025.1.1,59.994660462498246,2025-11-08 16h50.46.258406 +0530,
0.1,1000,exp,389,5,32,space,0.004811299964785576,None,999,1,[2.0069052999606356],[2.006920799962245],32,5,389,9,1666.3608156000264,,1666.3471314000199,1666.3608156000264,1667.3608287000097,1667.3608287000097,1667.3608287000097,1667.3779741000617,space,0.004811299964785576,None,1667.378705900046,0.09952529997099191,0.3994652000255883,1667.7939565000124,1667.7944761000108,1667.8051553000696,1667.8051553000696,1667.8051553000696,1669.8125265000854,999,1,[2.0069052999606356],[2.006920799962245],P001,001,21,2025-11-08_16h50.29.656,intentionalbinding_experiment,,2025.1.1,59.994660462498246,2025-11-08 16h50.46.258406 +0530,
0.7,400,unexp,390,6,32,space,0.23722729994915426,None,176,1,[1.596969300066121],[1.596987400087528],32,6,390,2,1669.827522000065,,1669.812954400084,1669.827522000065,1670.827439100016,1670.827439100016,1670.827439100016,1671.0781817000825,space,0.23722729994915426,None,1671.0789377000183,0.699184599914588,0.9994263999396935,1672.086971300072,1672.0874274000525,1672.0978993000463,1672.0978993000463,1672.0978993000463,1673.6953190000495,176,1,[1.596969300066121],[1.596987400087528],P001,001,21,2025-11-08_16h50.29.656,intentionalbinding_experiment,,2025.1.1,59.994660462498246,2025-11-08 16h50.46.258406 +0530,
0.4,400,unexp,391,7,32,space,0.2662791999755427,None,200,1,[1.7301565000088885],[1.7301658999640495],32,7,391,1,1673.7106457999907,,1673.695698400028,1673.7106457999907,1674.7108959000325,1674.7108959000325,1674.7108959000325,1674.994558700011,space,0.2662791999755427,None,1674.995978699997,0.39965689997188747,0.6993173999944702,1675.7061389000155,1675.7065857000416,1675.7147434999933,1675.7147434999933,1675.7147434999933,1677.4451987000648,200,1,[1.7301565000088885],[1.7301658999640495],P001,001,21,2025-11-08_16h50.29.656,intentionalbinding_experiment,,2025.1.1,59.994660462498246,2025-11-08 16h50.46.258406 +0530,
0.4,1000,exp,392,8,32,space,0.16306819999590516,None,400,1,[1.1390288999537006],[1.1390424999408424],32,8,392,4,1677.4606935000047,,1677.445426600054,1677.4606935000047,1678.4605756000383,1678.4605756000383,1678.4605756000383,1678.6275908000534,space,0.16306819999590516,None,1678.62827440002,0.3994865999557078,0.6995305999880657,1679.3449329000432,1679.3454005999956,1679.3555090000154,1679.3555090000154,1679.3555090000154,1680.4949590000324,400,1,[1.1390288999537006],[1.1390424999408424],P001,001,21,2025-11-08_16h50.29.656,intentionalbinding_experiment,,2025.1.1,59.994660462498246,2025-11-08 16h50.46.258406 +0530,
0.1,1000,exp,393,9,32,space,0.21553139993920922,None,200,1,[2.096779100014828],[2.096802599960938],32,9,393,3,1680.5106747000245,,1680.4958783000475,1680.5106747000245,1681.5105615999782,1681.5105615999782,1681.5105615999782,1681.7274758000858,space,0.21553139993920922,None,1681.7281882000389,0.09975839999970049,0.39974449994042516,1682.1382446000353,1682.1387177000288,1682.1488900000695,1682.1488900000695,1682.1488900000695,1684.2460885000182,200,1,[2.096779100014828],[2.096802599960938],P001,001,21,2025-11-08_16h50.29.656,intentionalbinding_experiment,,2025.1.1,59.994660462498246,2025-11-08 16h50.46.258406 +0530,
0.4,1000,exp,394,10,32,space,0.3137458999408409,None,400,1,[0.5535397999919951],[0.5535596999106929],32,10,394,7,1684.2605313999811,,1684.2463996000588,1684.2605313999811,1685.2604527000804,1685.2604527000804,1685.2604527000804,1685.5775910000084,space,0.3137458999408409,None,1685.578301200061,0.3995464000618085,0.6995140000944957,1686.2968959000427,1686.297264700057,1686.3082978000166,1686.3082978000166,1686.3082978000166,1686.862439700053,400,1,[0.5535397999919951],[0.5535596999106929],P001,001,21,2025-11-08_16h50.29.656,intentionalbinding_experiment,,2025.1.1,59.994660462498246,2025-11-08 16h50.46.258406 +0530,
0.7,1000,exp,395,11,32,space,0.20827530010137707,None,700,1,[1.0919283999828622],[1.0919403999578208],32,11,395,11,1686.8771718000062,,1686.8628723000875,1686.8771718000062,1687.877089500078,1687.877089500078,1687.877089500078,1688.094510300085,space,0.20827530010137707,None,1688.095275699976,0.6991644999943674,0.9993392999749631,1689.1085282000713,1689.1089882000815,1689.1194795999909,1689.1194795999909,1689.1194795999909,1690.2118332000682,700,1,[1.0919283999828622],[1.0919403999578208],P001,001,21,2025-11-08_16h50.29.656,intentionalbinding_experiment,,2025.1.1,59.994660462498246,2025-11-08 16h50.46.258406 +0530,
0.1,1000,exp,396,0,33,space,0.28687089995946735,None,150,1,[1.1127917999401689],[1.1128029999090359],33,0,396,6,1690.227041300037,,1690.212136700051,1690.227041300037,1691.2269153000088,1691.2269153000088,1691.2269153000088,1691.5276115000015,space,0.28687089995946735,None,1691.528473100043,0.09955519996583462,0.39940360002219677,1691.9385490000714,1691.938979400089,1691.947899300023,1691.947899300023,1691.947899300023,1693.061042000074,150,1,[1.1127917999401689],[1.1128029999090359],P001,001,21,2025-11-08_16h50.29.656,intentionalbinding_experiment,,2025.1.1,59.994660462498246,2025-11-08 16h50.46.258406 +0530,
0.7,1000,exp,397,1,33,space,0.2078399999300018,None,400,1,[2.625013399985619],[2.625026399968192],33,1,397,5,1693.077082599979,,1693.0613410000224,1693.077082599979,1694.0767874000594,1694.0767874000594,1694.0767874000594,1694.2942140999949,space,0.2078399999300018,None,1694.2949108000612,0.6992683000862598,0.9992873000446707,1695.3088215000462,1695.3093190999934,1695.319603400072,1695.319603400072,1695.319603400072,1697.9450891000452,400,1,[2.625013399985619],[2.625026399968192],P001,001,21,2025-11-08_16h50.29.656,intentionalbinding_experiment,,2025.1.1,59.994660462498246,2025-11-08 16h50.46.258406 +0530,
0.7,400,unexp,398,2,33,space,0.35218769998755306,None,600,1,[1.3312735999934375],[1.3312863999744877],33,2,398,2,1697.9600061000092,,1697.9454512000084,1697.9600061000092,1698.9603135000216,1698.9603135000216,1698.9603135000216,1699.32716049999,space,0.35218769998755306,None,1699.3278773999773,0.6993829000275582,0.999721199972555,1700.3372213999974,1700.3376955999993,1700.3464810000733,1700.3464810000733,1700.3464810000733,1701.6781139000086,600,1,[1.3312735999934375],[1.3312863999744877],P001,001,21,2025-11-08_16h50.29.656,intentionalbinding_experiment,,2025.1.1,59.994660462498246,2025-11-08 16h50.46.258406 +0530,
0.4,1000,exp,399,3,33,space,1.1690754999872297,None,354,1,[1.6794758000178263],[1.6794881999958307],33,3,399,10,1701.6936809000326,,1701.6784136000788,1701.6936809000326,1702.6931683000876,1702.6931683000876,1702.6931683000876,1703.8771144000348,space,1.1690754999872297,None,1703.8779148000758,0.3992965000215918,0.6994333999464288,1704.5883503999794,1704.5888340000529,1704.5985397000331,1704.5985397000331,1704.5985397000331,1706.2785364000592,354,1,[1.6794758000178263],[1.6794881999958307],P001,001,21,2025-11-08_16h50.29.656,intentionalbinding_experiment,,2025.1.1,59.994660462498246,2025-11-08 16h50.46.258406 +0530,
0.4,1000,exp,400,4,33,space,2.392831999924965,None,549,1,[1.7590198999969289],[1.7590282999444753],33,4,400,7,1706.2932181999786,,1706.2788376000244,1706.2932181999786,1707.2930153000634,1707.2930153000634,1707.2930153000634,1709.693482200033,space,2.392831999924965,None,1709.6942251999862,0.39962369995191693,0.6995862999465317,1710.408482400002,1710.4089610000374,1710.4183299000142,1710.4183299000142,1710.4183299000142,1712.1776628000662,549,1,[1.7590198999969289],[1.7590282999444753],P001,001,21,2025-11-08_16h50.29.656,intentionalbinding_experiment,,2025.1.1,59.994660462498246,2025-11-08 16h50.46.258406 +0530,
0.1,400,unexp,401,5,33,space,0.8677296999376267,None,670,1,[1.7618321999907494],[1.7618460999801755],33,5,401,0,1712.1930292000761,,1712.1779894999927,1712.1930292000761,1713.1928668000037,1713.1928668000037,1713.1928668000037,1714.0770183000714,space,0.8677296999376267,None,1714.077761500026,0.09933789994101971,0.39933509996626526,1714.4881432000548,1714.4886137000285,1714.4982851999812,1714.4982851999812,1714.4982851999812,1716.260506600025,670,1,[1.7618321999907494],[1.7618460999801755],P001,001,21,2025-11-08_16h50.29.656,intentionalbinding_experiment,,2025.1.1,59.994660462498246,2025-11-08 16h50.46.258406 +0530,
0.1,1000,exp,402,6,33,space,0.2729742999654263,None,499,1,[1.3128583999350667],[1.3128715999191627],33,6,402,3,1716.2761418999871,,1716.2608183000702,1716.2761418999871,1717.2597596000414,1717.2597596000414,1717.2763589000097,1717.5434348999988,space,0.2729742999654263,None,1717.5441597000463,0.09950430004391819,0.3995930999517441,1717.9544082999928,1717.954880299978,1717.9650955999969,1717.9650955999969,1717.9650955999969,1719.2783954000333,499,1,[1.3128583999350667],[1.3128715999191627],P001,001,21,2025-11-08_16h50.29.656,intentionalbinding_experiment,,2025.1.1,59.994660462498246,2025-11-08 16h50.46.258406 +0530,
0.4,400,unexp,403,7,33,space,0.37387050001416355,None,100,1,[1.3517897999845445],[1.3518020999617875],33,7,403,1,1719.292688800022,,1719.2787007000297,1719.292688800022,1720.2928801000817,1720.2928801000817,1720.2928801000817,1720.6767354999902,space,0.37387050001416355,None,1720.6775558000663,0.39920929993968457,0.6994371999753639,1721.3843189000618,1721.3846561000682,1721.392624799977,1721.392624799977,1721.392624799977,1722.7448244000552,100,1,[1.3517897999845445],[1.3518020999617875],P001,001,21,2025-11-08_16h50.29.656,intentionalbinding_experiment,,2025.1.1,59.994660462498246,2025-11-08 16h50.46.258406 +0530,
0.7,1000,exp,404,8,33,space,0.33842289994936436,None,450,1,[3.687541599967517],[3.6875540000619367],33,8,404,8,1722.7594256000593,,1722.745181199978,1722.7594256000593,1723.7593626000453,1723.7593626000453,1723.7593626000453,1724.1097107999958,space,0.33842289994936436,None,1724.1104533000616,0.6996029999572784,0.999611199949868,1725.1284689999884,1725.128962000017,1725.1389699000865,1725.1389699000865,1725.1389699000865,1728.8269008999923,450,1,[3.687541599967517],[3.6875540000619367],P001,001,21,2025-11-08_16h50.29.656,intentionalbinding_experiment,,2025.1.1,59.994660462498246,2025-11-08 16h50.46.258406 +0530,
0.4,1000,exp,405,9,33,space,2.6663408000022173,None,100,1,[0.9586831999476999],[0.9586962999310344],33,9,405,4,1728.8425519000739,,1728.8272802000865,1728.8425519000739,1729.842584200087,1729.842584200087,1729.842584200087,1732.5095330000622,space,2.6663408000022173,None,1732.5101131000556,0.39946780004538596,0.6998529999982566,1733.2245153000113,1733.2250293000834,1733.2352000999963,1733.2352000999963,1733.2352000999963,1734.194341000053,100,1,[0.9586831999476999],[0.9586962999310344],P001,001,21,2025-11-08_16h50.29.656,intentionalbinding_experiment,,2025.1.1,59.994660462498246,2025-11-08 16h50.46.258406 +0530,
0.7,1000,exp,406,10,33,space,0.2960033999988809,None,700,1,[1.9012205998878926],[1.9012330999830738],33,10,406,11,1734.2091300000902,,1734.1946690999903,1734.2091300000902,1735.2091324999928,1735.2091324999928,1735.2091324999928,1735.5094645000063,space,0.2960033999988809,None,1735.5101523000048,0.6996615000534803,0.9994894000701606,1736.515109400032,1736.515647000051,1736.5256275000283,1736.5256275000283,1736.5256275000283,1738.4271697000368,700,1,[1.9012205998878926],[1.9012330999830738],P001,001,21,2025-11-08_16h50.29.656,intentionalbinding_experiment,,2025.1.1,59.994660462498246,2025-11-08 16h50.46.258406 +0530,
0.1,1000,exp,407,11,33,space,0.6009711999213323,None,400,1,[2.7212126000085846],[2.721220300067216],33,11,407,9,1738.4423453999916,,1738.4275490000146,1738.4423453999916,1739.4421574000735,1739.4421574000735,1739.4421574000735,1740.05933920003,space,0.6009711999213323,None,1740.06010100001,0.09954259998630732,0.39953830000013113,1740.4789250000613,1740.479408300016,1740.488375200075,1740.488375200075,1740.488375200075,1743.209849899984,400,1,[2.7212126000085846],[2.721220300067216],P001,001,21,2025-11-08_16h50.29.656,intentionalbinding_experiment,,2025.1.1,59.994660462498246,2025-11-08 16h50.46.258406 +0530,
