6.7439 	INFO 	Loaded monitor calibration from ['2025_08_11 15:22']
6.9490 	INFO 	Using renderer 'Intel(R) Iris(R) Xe Graphics' for graphics
6.9490 	INFO 	OpenGL version supported by driver is 4..
7.0179 	EXP 	Created window1 = Window(allowGUI=True, allowStencil=False, autoLog=True, backendConf=UNKNOWN, backgroundFit=<method-wrapper '__getattribute__' of attributeSetter object at 0x0000014D8EB3ABC0>, backgroundImage=<method-wrapper '__getattribute__' of attributeSetter object at 0x0000014D8EB3AB60>, bitsMode=UNKNOWN, blendMode='avg', bpc=(8, 8, 8), color=array([0, 0, 0]), colorSpace='rgb', depthBits=8, fullscr=False, gamma=None, gammaErrorPolicy='raise', infoMsg=UNKNOWN, lms=UNKNOWN, monitor=<psychopy.monitors.calibTools.Monitor object at 0x0000014D8EBFE1D0>, multiSample=False, name='window1', numSamples=2, pos=[np.float64(460.0), np.float64(240.0)], screen=0, size=array([1000,  600]), stencilBits=0, stereo=False, title='PsychoPy', units='height', useFBO=True, useRetina=False, viewOri=0.0, viewPos=None, viewScale=None, waitBlanking=True, winType='pyglet')
7.0180 	EXP 	window1: backgroundImage = ''
7.0180 	EXP 	window1: backgroundFit = 'none'
7.6117 	EXP 	window1: Attempting to measure frame rate of screen (0) ...
7.6117 	EXP 	window1: recordFrameIntervals = False
7.7745 	EXP 	window1: recordFrameIntervals = True
7.9587 	EXP 	Screen (0) actual frame rate measured at 59.72Hz
7.9588 	EXP 	window1: recordFrameIntervals = False
8.4074 	INFO 	keyboard.Keyboard is using ptb backend.
8.4077 	INFO 	keyboard.Keyboard is using ptb backend.
8.4077 	INFO 	keyboard.Keyboard is using ptb backend.
8.4078 	INFO 	keyboard.Keyboard is using ptb backend.
8.4078 	EXP 	StairCase_Experiment: status = STARTED
8.4840 	EXP 	Created text = TextStim(__class__=<class 'psychopy.visual.text.TextStim'>, alignHoriz=method-wrapper(...), alignText='center', alignVert=method-wrapper(...), anchorHoriz='center', anchorVert='center', antialias=True, autoDraw=False, autoLog=True, bold=False, color=array([1., 1., 1.]), colorSpace='rgb', contrast=1.0, depth=0.0, draggable=False, flipHoriz=False, flipVert=False, font='Arial', fontFiles=[], height=np.float64(0.05), italic=False, languageStyle='LTR', name='text', opacity=1, ori=0.0, pos=array([0., 0.]), rgb=UNKNOWN, text=str(...), units='height', win=Window(...), wrapWidth=1)
8.4873 	EXP 	Created Fixation = ShapeStim(__class__=<class 'psychopy.visual.shape.ShapeStim'>, anchor=('center', 'center'), autoDraw=False, autoLog=True, closeShape=True, color=method-wrapper(...), colorSpace='rgb', contrast=None, depth=-1.0, draggable=False, fillColor=array([1, 1, 1]), fillColorSpace='rgb', fillRGB=array([1, 1, 1]), interpolate=True, lineColor=array([1., 1., 1.]), lineColorSpace='rgb', lineRGB=array([1, 1, 1]), lineWidth=1.0, name='Fixation', opacity=1, ori=0.0, pos=array([0., 0.]), size=array([0.1, 0.1]), units='height', vertices=ndarray(...), win=Window(...), windingRule=None)
8.4991 	EXP 	Created grating = GratingStim(__class__=<class 'psychopy.visual.grating.GratingStim'>, anchor='center', autoDraw=False, autoLog=True, blendmode='avg', color=array([0.5, 0.5, 0.5]), colorSpace='rgb', contrast=0.5, depth=-2.0, draggable=False, interpolate=True, mask='gauss', maskParams=None, name='grating', opacity=1, ori=1.0, phase=array([0., 0.]), pos=array([0., 0.]), rgbPedestal=array([0., 0., 0.]), sf=array([8., 8.]), size=array([0.3, 0.3]), tex='sin', texRes=128.0, units='height', win=Window(...))
8.5062 	EXP 	Created text_2 = TextStim(__class__=<class 'psychopy.visual.text.TextStim'>, alignHoriz=method-wrapper(...), alignText='center', alignVert=method-wrapper(...), anchorHoriz='center', anchorVert='center', antialias=True, autoDraw=False, autoLog=True, bold=False, color=array([1., 1., 1.]), colorSpace='rgb', contrast=1.0, depth=0.0, draggable=False, flipHoriz=False, flipVert=False, font='Arial', fontFiles=[], height=np.float64(0.05), italic=False, languageStyle='LTR', name='text_2', opacity=1, ori=0.0, pos=array([0., 0.]), rgb=UNKNOWN, text=str(...), units='height', win=Window(...), wrapWidth=1)
0.0345 	INFO 	Keyboard events cleared
0.0344 	EXP 	text: autoDraw = True
1.7986 	EXP 	Device response: <KeyPress from None: t=1.7821425000438467, value=space, duration=None>
1.7989 	WARNING 	Increasing number of minimum required reversals to the number of step sizes, (5).
1.8032 	DATA 	Keypress: space
1.8171 	EXP 	text: autoDraw = False
1.8171 	EXP 	grating: ori = np.float64(10.0)
1.8171 	EXP 	Fixation: autoDraw = True
1.8533 	EXP 	Device response: <KeyPress from None: t=1.7821425000438467, value=space, duration=0.06702899991068989>
2.3037 	INFO 	Keyboard events cleared
2.3035 	EXP 	grating: autoDraw = True
2.3035 	EXP 	grating: tex = 'sin'
2.3192 	EXP 	Fixation: autoDraw = False
2.6185 	EXP 	grating: autoDraw = False
2.6862 	EXP 	Device response: <KeyPress from None: t=2.6721848000306636, value=right, duration=None>
2.6883 	DATA 	Keypress: right
2.7030 	EXP 	Fixation: autoDraw = False
2.7030 	EXP 	grating: autoDraw = False
2.7030 	EXP 	grating: ori = np.float64(-1.0)
2.7030 	EXP 	Fixation: autoDraw = True
2.8361 	EXP 	Device response: <KeyPress from None: t=2.6721848000306636, value=right, duration=0.14843389997258782>
3.2023 	INFO 	Keyboard events cleared
3.2021 	EXP 	Fixation: autoDraw = False
3.2021 	EXP 	grating: autoDraw = True
3.5021 	EXP 	grating: autoDraw = False
3.6694 	EXP 	Device response: <KeyPress from None: t=3.660451899981126, value=left, duration=None>
3.6714 	DATA 	Keypress: left
3.6861 	EXP 	Fixation: autoDraw = False
3.6861 	EXP 	grating: autoDraw = False
3.6861 	EXP 	grating: ori = np.float64(-1.0)
3.6861 	EXP 	Fixation: autoDraw = True
3.7859 	EXP 	Device response: <KeyPress from None: t=3.660451899981126, value=left, duration=0.11659310001414269>
4.1687 	INFO 	Keyboard events cleared
4.1686 	EXP 	grating: autoDraw = True
4.1859 	EXP 	Fixation: autoDraw = False
4.4690 	EXP 	grating: autoDraw = False
4.8031 	EXP 	Device response: <KeyPress from None: t=4.798177200020291, value=left, duration=None>
4.8050 	DATA 	Keypress: left
4.8194 	EXP 	Fixation: autoDraw = False
4.8194 	EXP 	grating: autoDraw = False
4.8194 	EXP 	grating: ori = np.float64(-1.0)
4.8194 	EXP 	Fixation: autoDraw = True
4.9196 	EXP 	Device response: <KeyPress from None: t=4.798177200020291, value=left, duration=0.11095470003783703>
5.3194 	INFO 	Keyboard events cleared
5.3193 	EXP 	Fixation: autoDraw = False
5.3193 	EXP 	grating: autoDraw = True
5.6195 	EXP 	grating: autoDraw = False
5.8860 	EXP 	Device response: <KeyPress from None: t=5.880585300037637, value=left, duration=None>
5.8880 	DATA 	Keypress: left
5.9022 	EXP 	Fixation: autoDraw = False
5.9022 	EXP 	grating: autoDraw = False
5.9022 	EXP 	grating: ori = np.float64(-1.0)
5.9022 	EXP 	Fixation: autoDraw = True
6.0194 	EXP 	Device response: <KeyPress from None: t=5.880585300037637, value=left, duration=0.1330356999533251>
6.3856 	INFO 	Keyboard events cleared
6.3854 	EXP 	grating: autoDraw = True
6.4026 	EXP 	Fixation: autoDraw = False
6.6859 	EXP 	grating: autoDraw = False
6.8361 	EXP 	Device response: <KeyPress from None: t=6.826059799990617, value=right, duration=None>
6.8382 	DATA 	Keypress: right
6.8511 	EXP 	Fixation: autoDraw = False
6.8511 	EXP 	grating: autoDraw = False
6.8511 	EXP 	grating: ori = np.float64(-20.0)
6.8511 	EXP 	Fixation: autoDraw = True
6.9176 	EXP 	Device response: <KeyPress from None: t=6.826059799990617, value=right, duration=0.07909949996974319>
7.3501 	INFO 	Keyboard events cleared
7.3500 	EXP 	Fixation: autoDraw = False
7.3500 	EXP 	grating: autoDraw = True
7.6513 	EXP 	grating: autoDraw = False
7.8181 	EXP 	Device response: <KeyPress from None: t=7.815760200028308, value=left, duration=None>
7.8191 	DATA 	Keypress: left
7.8337 	EXP 	Fixation: autoDraw = False
7.8337 	EXP 	grating: autoDraw = False
7.8337 	EXP 	grating: ori = np.float64(1.0)
7.8337 	EXP 	Fixation: autoDraw = True
7.9693 	EXP 	Device response: <KeyPress from None: t=7.815760200028308, value=left, duration=0.15109479997772723>
8.3174 	INFO 	Keyboard events cleared
8.3173 	EXP 	grating: autoDraw = True
8.3345 	EXP 	Fixation: autoDraw = False
8.6182 	EXP 	grating: autoDraw = False
8.8510 	EXP 	Device response: <KeyPress from None: t=8.838436300051399, value=right, duration=None>
8.8530 	DATA 	Keypress: right
8.8675 	EXP 	Fixation: autoDraw = False
8.8675 	EXP 	grating: autoDraw = False
8.8675 	EXP 	grating: ori = np.float64(-1.0)
8.8675 	EXP 	Fixation: autoDraw = True
9.0345 	EXP 	Device response: <KeyPress from None: t=8.838436300051399, value=right, duration=0.19434049993287772>
9.3503 	INFO 	Keyboard events cleared
9.3502 	EXP 	grating: autoDraw = True
9.3668 	EXP 	Fixation: autoDraw = False
9.6517 	EXP 	grating: autoDraw = False
9.9681 	EXP 	Device response: <KeyPress from None: t=9.955659199971706, value=right, duration=None>
9.9696 	DATA 	Keypress: right
9.9841 	EXP 	Fixation: autoDraw = False
9.9841 	EXP 	grating: autoDraw = False
9.9841 	EXP 	grating: ori = np.float64(-1.0)
9.9841 	EXP 	Fixation: autoDraw = True
10.1845 	EXP 	Device response: <KeyPress from None: t=9.955659199971706, value=right, duration=0.21728650003205985>
10.4674 	INFO 	Keyboard events cleared
10.4673 	EXP 	grating: autoDraw = True
10.4843 	EXP 	Fixation: autoDraw = False
10.7674 	EXP 	grating: autoDraw = False
11.0183 	EXP 	Device response: <KeyPress from None: t=11.007175000035204, value=right, duration=None>
11.0200 	DATA 	Keypress: right
11.0345 	EXP 	Fixation: autoDraw = False
11.0345 	EXP 	grating: autoDraw = False
11.0345 	EXP 	grating: ori = np.float64(-1.0)
11.0345 	EXP 	Fixation: autoDraw = True
11.1674 	EXP 	Device response: <KeyPress from None: t=11.007175000035204, value=right, duration=0.14863119996152818>
11.5184 	INFO 	Keyboard events cleared
11.5183 	EXP 	grating: autoDraw = True
11.5340 	EXP 	Fixation: autoDraw = False
11.8179 	EXP 	grating: autoDraw = False
12.0341 	EXP 	Device response: <KeyPress from None: t=12.026286800042726, value=right, duration=None>
12.0350 	DATA 	Keypress: right
12.0508 	EXP 	Fixation: autoDraw = False
12.0508 	EXP 	grating: autoDraw = False
12.0508 	EXP 	grating: ori = np.float64(-10.0)
12.0508 	EXP 	Fixation: autoDraw = True
12.2202 	EXP 	Device response: <KeyPress from None: t=12.026286800042726, value=right, duration=0.1889196999836713>
12.5358 	INFO 	Keyboard events cleared
12.5355 	EXP 	grating: autoDraw = True
12.5518 	EXP 	Fixation: autoDraw = False
12.8338 	EXP 	grating: autoDraw = False
13.0005 	EXP 	Device response: <KeyPress from None: t=12.991230700048618, value=left, duration=None>
13.0019 	DATA 	Keypress: left
13.0176 	EXP 	Fixation: autoDraw = False
13.0176 	EXP 	grating: autoDraw = False
13.0176 	EXP 	grating: ori = np.float64(3.162277660168379)
13.0176 	EXP 	Fixation: autoDraw = True
13.1509 	EXP 	Device response: <KeyPress from None: t=12.991230700048618, value=left, duration=0.1459560999646783>
13.5005 	INFO 	Keyboard events cleared
13.5003 	EXP 	grating: autoDraw = True
13.5174 	EXP 	Fixation: autoDraw = False
13.8005 	EXP 	grating: autoDraw = False
14.1169 	EXP 	Device response: <KeyPress from None: t=14.11660359997768, value=right, duration=None>
14.1177 	DATA 	Keypress: right
14.1336 	EXP 	Fixation: autoDraw = False
14.1336 	EXP 	grating: autoDraw = False
14.1336 	EXP 	grating: ori = np.float64(-1.0)
14.1336 	EXP 	Fixation: autoDraw = True
14.3353 	EXP 	Device response: <KeyPress from None: t=14.11660359997768, value=right, duration=0.21085410006344318>
14.6194 	INFO 	Keyboard events cleared
14.6192 	EXP 	grating: autoDraw = True
14.6357 	EXP 	Fixation: autoDraw = False
14.9185 	EXP 	grating: autoDraw = False
15.1690 	EXP 	Device response: <KeyPress from None: t=15.158024300006218, value=left, duration=None>
15.1711 	DATA 	Keypress: left
15.1852 	EXP 	Fixation: autoDraw = False
15.1852 	EXP 	grating: autoDraw = False
15.1852 	EXP 	grating: ori = np.float64(1.0)
15.1852 	EXP 	Fixation: autoDraw = True
15.3088 	EXP 	Device response: <KeyPress from None: t=15.158024300006218, value=left, duration=0.13563509995583445>
15.6832 	INFO 	Keyboard events cleared
15.6831 	EXP 	grating: autoDraw = True
15.7009 	EXP 	Fixation: autoDraw = False
15.9853 	EXP 	grating: autoDraw = False
16.2204 	DATA 	Keypress: right
16.2360 	EXP 	Device response: <KeyPress from None: t=16.219400699948892, value=right, duration=None>
16.2530 	EXP 	Fixation: autoDraw = False
16.2530 	EXP 	grating: autoDraw = False
16.2530 	EXP 	grating: ori = np.float64(1.0)
16.2530 	EXP 	Fixation: autoDraw = True
16.4032 	EXP 	Device response: <KeyPress from None: t=16.219400699948892, value=right, duration=0.17897010000888258>
16.7353 	INFO 	Keyboard events cleared
16.7351 	EXP 	grating: autoDraw = True
16.7688 	EXP 	Fixation: autoDraw = False
17.0357 	EXP 	grating: autoDraw = False
17.2353 	EXP 	Device response: <KeyPress from None: t=17.226482999976724, value=right, duration=None>
17.2372 	DATA 	Keypress: right
17.2519 	EXP 	Fixation: autoDraw = False
17.2519 	EXP 	grating: autoDraw = False
17.2519 	EXP 	grating: ori = np.float64(1.0)
17.2519 	EXP 	Fixation: autoDraw = True
17.4023 	EXP 	Device response: <KeyPress from None: t=17.226482999976724, value=right, duration=0.17008509999141097>
17.7358 	INFO 	Keyboard events cleared
17.7357 	EXP 	grating: autoDraw = True
17.7527 	EXP 	Fixation: autoDraw = False
18.0350 	EXP 	grating: autoDraw = False
18.3024 	EXP 	Device response: <KeyPress from None: t=18.29400330001954, value=right, duration=None>
18.3043 	DATA 	Keypress: right
18.3190 	EXP 	Fixation: autoDraw = False
18.3190 	EXP 	grating: autoDraw = False
18.3190 	EXP 	grating: ori = np.float64(1.0)
18.3190 	EXP 	Fixation: autoDraw = True
18.4525 	EXP 	Device response: <KeyPress from None: t=18.29400330001954, value=right, duration=0.15208100003656>
18.8024 	INFO 	Keyboard events cleared
18.8021 	EXP 	grating: autoDraw = True
18.8184 	EXP 	Fixation: autoDraw = False
19.1021 	EXP 	grating: autoDraw = False
19.5018 	DATA 	Keypress: right
19.5169 	EXP 	Device response: <KeyPress from None: t=19.500869899988174, value=right, duration=None>
19.5331 	EXP 	Fixation: autoDraw = False
19.5331 	EXP 	grating: autoDraw = False
19.5331 	EXP 	grating: ori = np.float64(-1.0)
19.5331 	EXP 	Fixation: autoDraw = True
19.7021 	EXP 	Device response: <KeyPress from None: t=19.500869899988174, value=right, duration=0.19752729998435825>
20.0170 	INFO 	Keyboard events cleared
20.0169 	EXP 	grating: autoDraw = True
20.0339 	EXP 	Fixation: autoDraw = False
20.3176 	EXP 	grating: autoDraw = False
20.6344 	EXP 	Device response: <KeyPress from None: t=20.62375200004317, value=left, duration=None>
20.6362 	DATA 	Keypress: left
20.6509 	EXP 	Fixation: autoDraw = False
20.6509 	EXP 	grating: autoDraw = False
20.6509 	EXP 	grating: ori = np.float64(-1.0)
20.6509 	EXP 	Fixation: autoDraw = True
20.7839 	EXP 	Device response: <KeyPress from None: t=20.62375200004317, value=left, duration=0.14460489992052317>
21.1343 	INFO 	Keyboard events cleared
21.1341 	EXP 	grating: autoDraw = True
21.1497 	EXP 	Fixation: autoDraw = False
21.4338 	EXP 	grating: autoDraw = False
21.6333 	EXP 	Device response: <KeyPress from None: t=21.62980019999668, value=left, duration=None>
21.6342 	DATA 	Keypress: left
21.6495 	EXP 	Fixation: autoDraw = False
21.6495 	EXP 	grating: autoDraw = False
21.6495 	EXP 	grating: ori = np.float64(1.0)
21.6495 	EXP 	Fixation: autoDraw = True
21.7842 	EXP 	Device response: <KeyPress from None: t=21.62980019999668, value=left, duration=0.13940320000983775>
22.1343 	INFO 	Keyboard events cleared
22.1341 	EXP 	grating: autoDraw = True
22.1505 	EXP 	Fixation: autoDraw = False
22.4515 	EXP 	grating: autoDraw = False
22.6677 	EXP 	Device response: <KeyPress from None: t=22.657778199994937, value=right, duration=None>
22.6694 	DATA 	Keypress: right
22.6834 	EXP 	Fixation: autoDraw = False
22.6834 	EXP 	grating: autoDraw = False
22.6834 	EXP 	grating: ori = np.float64(-1.0)
22.6834 	EXP 	Fixation: autoDraw = True
22.8347 	EXP 	Device response: <KeyPress from None: t=22.657778199994937, value=right, duration=0.1764786000130698>
23.1667 	INFO 	Keyboard events cleared
23.1666 	EXP 	grating: autoDraw = True
23.1834 	EXP 	Fixation: autoDraw = False
23.4669 	EXP 	grating: autoDraw = False
23.7345 	EXP 	Device response: <KeyPress from None: t=23.73285869997926, value=left, duration=None>
23.7363 	DATA 	Keypress: left
23.7504 	EXP 	Fixation: autoDraw = False
23.7504 	EXP 	grating: autoDraw = False
23.7504 	EXP 	grating: ori = np.float64(1.0)
23.7504 	EXP 	Fixation: autoDraw = True
23.9009 	EXP 	Device response: <KeyPress from None: t=23.73285869997926, value=left, duration=0.15133570006582886>
24.2338 	INFO 	Keyboard events cleared
24.2337 	EXP 	grating: autoDraw = True
24.2502 	EXP 	Fixation: autoDraw = False
24.5333 	EXP 	grating: autoDraw = False
25.1841 	EXP 	Device response: <KeyPress from None: t=25.178754599997774, value=right, duration=None>
25.1858 	DATA 	Keypress: right
25.2014 	EXP 	Fixation: autoDraw = False
25.2014 	EXP 	grating: autoDraw = False
25.2014 	EXP 	grating: ori = np.float64(-1.0)
25.2014 	EXP 	Fixation: autoDraw = True
25.3535 	EXP 	Device response: <KeyPress from None: t=25.178754599997774, value=right, duration=0.17383370001334697>
25.6845 	INFO 	Keyboard events cleared
25.6843 	EXP 	grating: autoDraw = True
25.7005 	EXP 	Fixation: autoDraw = False
25.9841 	EXP 	grating: autoDraw = False
26.2330 	EXP 	Device response: <KeyPress from None: t=26.22925119998399, value=left, duration=None>
26.2340 	DATA 	Keypress: left
26.2496 	EXP 	Fixation: autoDraw = False
26.2496 	EXP 	grating: autoDraw = False
26.2496 	EXP 	grating: ori = np.float64(-1.0)
26.2496 	EXP 	Fixation: autoDraw = True
26.3509 	EXP 	Device response: <KeyPress from None: t=26.22925119998399, value=left, duration=0.12011410004924983>
26.7341 	INFO 	Keyboard events cleared
26.7340 	EXP 	grating: autoDraw = True
26.7500 	EXP 	Fixation: autoDraw = False
27.0341 	EXP 	grating: autoDraw = False
27.3666 	EXP 	Device response: <KeyPress from None: t=27.358601800049655, value=left, duration=None>
27.3676 	DATA 	Keypress: left
27.3833 	EXP 	Fixation: autoDraw = False
27.3833 	EXP 	grating: autoDraw = False
27.3833 	EXP 	grating: ori = np.float64(-1.0)
27.3833 	EXP 	Fixation: autoDraw = True
27.4833 	EXP 	Device response: <KeyPress from None: t=27.358601800049655, value=left, duration=0.11384219990577549>
27.8682 	INFO 	Keyboard events cleared
27.8679 	EXP 	grating: autoDraw = True
27.8846 	EXP 	Fixation: autoDraw = False
28.1680 	EXP 	grating: autoDraw = False
28.3520 	EXP 	Device response: <KeyPress from None: t=28.337380700046197, value=left, duration=None>
28.3540 	DATA 	Keypress: left
28.3680 	EXP 	Fixation: autoDraw = False
28.3680 	EXP 	grating: autoDraw = False
28.3680 	EXP 	grating: ori = np.float64(1.0)
28.3680 	EXP 	Fixation: autoDraw = True
28.4695 	EXP 	Device response: <KeyPress from None: t=28.337380700046197, value=left, duration=0.12960379989817739>
28.8520 	INFO 	Keyboard events cleared
28.8518 	EXP 	grating: autoDraw = True
28.8686 	EXP 	Fixation: autoDraw = False
29.1521 	EXP 	grating: autoDraw = False
29.3523 	EXP 	Device response: <KeyPress from None: t=29.347531900042668, value=right, duration=None>
29.3542 	DATA 	Keypress: right
29.3683 	EXP 	Fixation: autoDraw = False
29.3683 	EXP 	grating: autoDraw = False
29.3683 	EXP 	grating: ori = np.float64(1.0)
29.3683 	EXP 	Fixation: autoDraw = True
29.5525 	EXP 	Device response: <KeyPress from None: t=29.347531900042668, value=right, duration=0.1885368999792263>
29.8512 	INFO 	Keyboard events cleared
29.8510 	EXP 	grating: autoDraw = True
29.8670 	EXP 	Fixation: autoDraw = False
30.1519 	EXP 	grating: autoDraw = False
30.6365 	EXP 	Device response: <KeyPress from None: t=30.632407100056298, value=right, duration=None>
30.6387 	DATA 	Keypress: right
30.6522 	EXP 	Fixation: autoDraw = False
30.6522 	EXP 	grating: autoDraw = False
30.6522 	EXP 	grating: ori = np.float64(-1.0)
30.6522 	EXP 	Fixation: autoDraw = True
30.8530 	EXP 	Device response: <KeyPress from None: t=30.632407100056298, value=right, duration=0.2198397999163717>
31.1524 	INFO 	Keyboard events cleared
31.1522 	EXP 	Fixation: autoDraw = False
31.1522 	EXP 	grating: autoDraw = True
31.4522 	EXP 	grating: autoDraw = False
32.4352 	EXP 	Device response: <KeyPress from None: t=32.42472400004044, value=left, duration=None>
32.4371 	DATA 	Keypress: left
32.4516 	EXP 	Fixation: autoDraw = False
32.4516 	EXP 	grating: autoDraw = False
32.4516 	EXP 	grating: ori = np.float64(-1.0)
32.4516 	EXP 	Fixation: autoDraw = True
32.6370 	EXP 	Device response: <KeyPress from None: t=32.42472400004044, value=left, duration=0.20257789990864694>
32.9348 	INFO 	Keyboard events cleared
32.9347 	EXP 	grating: autoDraw = True
32.9519 	EXP 	Fixation: autoDraw = False
33.2363 	EXP 	grating: autoDraw = False
33.4880 	EXP 	Device response: <KeyPress from None: t=33.48623260005843, value=left, duration=None>
33.4899 	DATA 	Keypress: left
33.5019 	EXP 	Fixation: autoDraw = False
33.5019 	EXP 	grating: autoDraw = False
33.5019 	EXP 	grating: ori = np.float64(-1.0)
33.5019 	EXP 	Fixation: autoDraw = True
33.6533 	EXP 	Device response: <KeyPress from None: t=33.48623260005843, value=left, duration=0.16490929992869496>
34.0021 	INFO 	Keyboard events cleared
34.0019 	EXP 	Fixation: autoDraw = False
34.0019 	EXP 	grating: autoDraw = True
34.3015 	EXP 	grating: autoDraw = False
34.4689 	EXP 	Device response: <KeyPress from None: t=34.45954259997234, value=left, duration=None>
34.4710 	DATA 	Keypress: left
34.4853 	EXP 	Fixation: autoDraw = False
34.4853 	EXP 	grating: autoDraw = False
34.4853 	EXP 	grating: ori = np.float64(1.0)
34.4853 	EXP 	Fixation: autoDraw = True
34.6190 	EXP 	Device response: <KeyPress from None: t=34.45954259997234, value=left, duration=0.15429289999883622>
34.9682 	INFO 	Keyboard events cleared
34.9681 	EXP 	grating: autoDraw = True
34.9848 	EXP 	Fixation: autoDraw = False
35.2684 	EXP 	grating: autoDraw = False
35.5204 	EXP 	Device response: <KeyPress from None: t=35.517499199952, value=right, duration=None>
35.5223 	DATA 	Keypress: right
35.5343 	EXP 	Fixation: autoDraw = False
35.5343 	EXP 	grating: autoDraw = False
35.5343 	EXP 	grating: ori = np.float64(1.0)
35.5343 	EXP 	Fixation: autoDraw = True
35.6855 	EXP 	Device response: <KeyPress from None: t=35.517499199952, value=right, duration=0.16283970000222325>
36.0352 	INFO 	Keyboard events cleared
36.0350 	EXP 	Fixation: autoDraw = False
36.0350 	EXP 	grating: autoDraw = True
36.3349 	EXP 	grating: autoDraw = False
36.4687 	EXP 	Device response: <KeyPress from None: t=36.464121800032444, value=right, duration=None>
36.4707 	DATA 	Keypress: right
36.4848 	EXP 	Fixation: autoDraw = False
36.4848 	EXP 	grating: autoDraw = False
36.4848 	EXP 	grating: ori = np.float64(-1.0)
36.4848 	EXP 	Fixation: autoDraw = True
36.6687 	EXP 	Device response: <KeyPress from None: t=36.464121800032444, value=right, duration=0.19389029999729246>
36.9683 	INFO 	Keyboard events cleared
36.9681 	EXP 	grating: autoDraw = True
36.9857 	EXP 	Fixation: autoDraw = False
37.2681 	EXP 	grating: autoDraw = False
37.5176 	EXP 	Device response: <KeyPress from None: t=37.50666009995621, value=right, duration=None>
37.5196 	DATA 	Keypress: right
37.5337 	EXP 	Fixation: autoDraw = False
37.5337 	EXP 	grating: autoDraw = False
37.5337 	EXP 	grating: ori = np.float64(1.0)
37.5337 	EXP 	Fixation: autoDraw = True
37.7021 	EXP 	Device response: <KeyPress from None: t=37.50666009995621, value=right, duration=0.18426480004563928>
38.0181 	INFO 	Keyboard events cleared
38.0179 	EXP 	grating: autoDraw = True
38.0344 	EXP 	Fixation: autoDraw = False
38.3186 	EXP 	grating: autoDraw = False
38.5355 	EXP 	Device response: <KeyPress from None: t=38.5281915999949, value=right, duration=None>
38.5379 	DATA 	Keypress: right
38.5516 	EXP 	Fixation: autoDraw = False
38.5516 	EXP 	grating: autoDraw = False
38.5516 	EXP 	grating: ori = np.float64(1.0)
38.5516 	EXP 	Fixation: autoDraw = True
38.7184 	EXP 	Device response: <KeyPress from None: t=38.5281915999949, value=right, duration=0.17586209997534752>
39.0348 	INFO 	Keyboard events cleared
39.0346 	EXP 	grating: autoDraw = True
39.0518 	EXP 	Fixation: autoDraw = False
39.3351 	EXP 	grating: autoDraw = False
39.7684 	EXP 	Device response: <KeyPress from None: t=39.763476800057106, value=right, duration=None>
39.7704 	DATA 	Keypress: right
39.7849 	EXP 	Fixation: autoDraw = False
39.7849 	EXP 	grating: autoDraw = False
39.7849 	EXP 	grating: ori = np.float64(1.0)
39.7849 	EXP 	Fixation: autoDraw = True
39.9683 	EXP 	Device response: <KeyPress from None: t=39.763476800057106, value=right, duration=0.19453529990278184>
40.2684 	INFO 	Keyboard events cleared
40.2682 	EXP 	grating: autoDraw = True
40.2841 	EXP 	Fixation: autoDraw = False
40.5681 	EXP 	grating: autoDraw = False
40.8516 	EXP 	Device response: <KeyPress from None: t=40.84198579995427, value=right, duration=None>
40.8534 	DATA 	Keypress: right
40.8678 	EXP 	Fixation: autoDraw = False
40.8678 	EXP 	grating: autoDraw = False
40.8678 	EXP 	grating: ori = np.float64(1.0)
40.8678 	EXP 	Fixation: autoDraw = True
41.0348 	EXP 	Device response: <KeyPress from None: t=40.84198579995427, value=right, duration=0.17806549998931587>
41.3511 	INFO 	Keyboard events cleared
41.3509 	EXP 	grating: autoDraw = True
41.3687 	EXP 	Fixation: autoDraw = False
41.6514 	EXP 	grating: autoDraw = False
41.8520 	EXP 	Device response: <KeyPress from None: t=41.84698569995817, value=right, duration=None>
41.8543 	DATA 	Keypress: right
41.8676 	EXP 	Fixation: autoDraw = False
41.8676 	EXP 	grating: autoDraw = False
41.8676 	EXP 	grating: ori = np.float64(-1.0)
41.8676 	EXP 	Fixation: autoDraw = True
42.0640 	EXP 	Device response: <KeyPress from None: t=41.84698569995817, value=right, duration=0.21682400000281632>
42.3520 	INFO 	Keyboard events cleared
42.3518 	EXP 	grating: autoDraw = True
42.3681 	EXP 	Fixation: autoDraw = False
42.6512 	EXP 	grating: autoDraw = False
42.9023 	EXP 	Device response: <KeyPress from None: t=42.896789200021885, value=left, duration=None>
42.9041 	DATA 	Keypress: left
42.9175 	EXP 	Fixation: autoDraw = False
42.9175 	EXP 	grating: autoDraw = False
42.9175 	EXP 	grating: ori = np.float64(-1.0)
42.9175 	EXP 	Fixation: autoDraw = True
43.0695 	EXP 	Device response: <KeyPress from None: t=42.896789200021885, value=left, duration=0.17011609999462962>
43.4182 	INFO 	Keyboard events cleared
43.4179 	EXP 	Fixation: autoDraw = False
43.4179 	EXP 	grating: autoDraw = True
43.7178 	EXP 	grating: autoDraw = False
43.9855 	EXP 	Device response: <KeyPress from None: t=43.97756110003684, value=left, duration=None>
43.9876 	DATA 	Keypress: left
44.0016 	EXP 	Fixation: autoDraw = False
44.0016 	EXP 	grating: autoDraw = False
44.0016 	EXP 	grating: ori = np.float64(-1.0)
44.0016 	EXP 	Fixation: autoDraw = True
44.1184 	EXP 	Device response: <KeyPress from None: t=43.97756110003684, value=left, duration=0.12816680001560599>
44.4846 	INFO 	Keyboard events cleared
44.4845 	EXP 	grating: autoDraw = True
44.5017 	EXP 	Fixation: autoDraw = False
44.7845 	EXP 	grating: autoDraw = False
44.9348 	EXP 	Device response: <KeyPress from None: t=44.92488930001855, value=left, duration=None>
44.9368 	DATA 	Keypress: left
44.9516 	EXP 	Fixation: autoDraw = False
44.9516 	EXP 	grating: autoDraw = False
44.9516 	EXP 	grating: ori = np.float64(-1.0)
44.9516 	EXP 	Fixation: autoDraw = True
45.0853 	EXP 	Device response: <KeyPress from None: t=44.92488930001855, value=left, duration=0.1469731000252068>
45.4348 	INFO 	Keyboard events cleared
45.4346 	EXP 	grating: autoDraw = True
45.4514 	EXP 	Fixation: autoDraw = False
45.7348 	EXP 	grating: autoDraw = False
46.4184 	EXP 	Device response: <KeyPress from None: t=46.409184199990705, value=left, duration=None>
46.4204 	DATA 	Keypress: left
46.4344 	EXP 	Fixation: autoDraw = False
46.4344 	EXP 	grating: autoDraw = False
46.4344 	EXP 	grating: ori = np.float64(-1.0)
46.4344 	EXP 	Fixation: autoDraw = True
46.6021 	EXP 	Device response: <KeyPress from None: t=46.409184199990705, value=left, duration=0.18821080005727708>
46.9182 	INFO 	Keyboard events cleared
46.9180 	EXP 	grating: autoDraw = True
46.9349 	EXP 	Fixation: autoDraw = False
47.2182 	EXP 	grating: autoDraw = False
47.6185 	EXP 	Device response: <KeyPress from None: t=47.60889220004901, value=left, duration=None>
47.6206 	DATA 	Keypress: left
47.6346 	EXP 	Fixation: autoDraw = False
47.6346 	EXP 	grating: autoDraw = False
47.6346 	EXP 	grating: ori = np.float64(1.0)
47.6346 	EXP 	Fixation: autoDraw = True
47.7522 	EXP 	Device response: <KeyPress from None: t=47.60889220004901, value=left, duration=0.138860399951227>
48.1186 	INFO 	Keyboard events cleared
48.1184 	EXP 	grating: autoDraw = True
48.1349 	EXP 	Fixation: autoDraw = False
48.4181 	EXP 	grating: autoDraw = False
48.6013 	EXP 	Device response: <KeyPress from None: t=48.592422700021416, value=left, duration=None>
48.6031 	DATA 	Keypress: left
48.6180 	EXP 	Fixation: autoDraw = False
48.6180 	EXP 	grating: autoDraw = False
48.6180 	EXP 	grating: ori = np.float64(1.0)
48.6180 	EXP 	Fixation: autoDraw = True
48.7196 	EXP 	Device response: <KeyPress from None: t=48.592422700021416, value=left, duration=0.12433259992394596>
49.1016 	INFO 	Keyboard events cleared
49.1014 	EXP 	grating: autoDraw = True
49.1177 	EXP 	Fixation: autoDraw = False
49.4019 	EXP 	grating: autoDraw = False
49.6334 	EXP 	Device response: <KeyPress from None: t=49.63128009997308, value=right, duration=None>
49.6350 	DATA 	Keypress: right
49.6501 	EXP 	Fixation: autoDraw = False
49.6501 	EXP 	grating: autoDraw = False
49.6501 	EXP 	grating: ori = np.float64(-1.0)
49.6501 	EXP 	Fixation: autoDraw = True
49.8847 	EXP 	Device response: <KeyPress from None: t=49.63128009997308, value=right, duration=0.24278530001174659>
50.1347 	INFO 	Keyboard events cleared
50.1345 	EXP 	grating: autoDraw = True
50.1514 	EXP 	Fixation: autoDraw = False
50.4335 	EXP 	grating: autoDraw = False
50.7364 	DATA 	Keypress: left
50.7513 	EXP 	Device response: <KeyPress from None: t=50.73588709998876, value=left, duration=None>
50.7680 	EXP 	Fixation: autoDraw = False
50.7680 	EXP 	grating: autoDraw = False
50.7680 	EXP 	grating: ori = np.float64(-1.0)
50.7680 	EXP 	Fixation: autoDraw = True
50.9020 	EXP 	Device response: <KeyPress from None: t=50.73588709998876, value=left, duration=0.16122690006159246>
51.2683 	INFO 	Keyboard events cleared
51.2681 	EXP 	Fixation: autoDraw = False
51.2681 	EXP 	grating: autoDraw = True
51.5680 	EXP 	grating: autoDraw = False
51.8185 	EXP 	Device response: <KeyPress from None: t=51.809565800009295, value=left, duration=None>
51.8205 	DATA 	Keypress: left
51.8345 	EXP 	Fixation: autoDraw = False
51.8345 	EXP 	grating: autoDraw = False
51.8345 	EXP 	grating: ori = np.float64(1.0)
51.8345 	EXP 	Fixation: autoDraw = True
51.9687 	EXP 	Device response: <KeyPress from None: t=51.809565800009295, value=left, duration=0.1542656000237912>
52.3347 	INFO 	Keyboard events cleared
52.3345 	EXP 	Fixation: autoDraw = False
52.3345 	EXP 	grating: autoDraw = True
52.6350 	EXP 	grating: autoDraw = False
52.8017 	EXP 	Device response: <KeyPress from None: t=52.79201610002201, value=right, duration=None>
52.8042 	DATA 	Keypress: right
52.8178 	EXP 	Fixation: autoDraw = False
52.8178 	EXP 	grating: autoDraw = False
52.8178 	EXP 	grating: ori = np.float64(-1.0)
52.8178 	EXP 	Fixation: autoDraw = True
53.0012 	EXP 	Device response: <KeyPress from None: t=52.79201610002201, value=right, duration=0.20102709997445345>
53.3175 	INFO 	Keyboard events cleared
53.3173 	EXP 	grating: autoDraw = True
53.3335 	EXP 	Fixation: autoDraw = False
53.6173 	EXP 	grating: autoDraw = False
53.9324 	EXP 	Device response: <KeyPress from None: t=53.91821070003789, value=left, duration=None>
53.9338 	DATA 	Keypress: left
53.9504 	EXP 	Fixation: autoDraw = False
53.9504 	EXP 	grating: autoDraw = False
53.9504 	EXP 	grating: ori = np.float64(1.0)
53.9504 	EXP 	Fixation: autoDraw = True
54.0834 	EXP 	Device response: <KeyPress from None: t=53.91821070003789, value=left, duration=0.16146350000053644>
54.4326 	INFO 	Keyboard events cleared
54.4325 	EXP 	grating: autoDraw = True
54.4668 	EXP 	Fixation: autoDraw = False
54.7320 	EXP 	grating: autoDraw = False
54.9856 	EXP 	Device response: <KeyPress from None: t=54.97405079996679, value=right, duration=None>
54.9888 	DATA 	Keypress: right
55.0008 	EXP 	Fixation: autoDraw = False
55.0008 	EXP 	grating: autoDraw = False
55.0008 	EXP 	grating: ori = np.float64(1.0)
55.0008 	EXP 	Fixation: autoDraw = True
55.1663 	EXP 	Device response: <KeyPress from None: t=54.97405079996679, value=right, duration=0.18719359999522567>
55.5009 	INFO 	Keyboard events cleared
55.5007 	EXP 	Fixation: autoDraw = False
55.5007 	EXP 	grating: autoDraw = True
55.8162 	EXP 	grating: autoDraw = False
56.0334 	EXP 	Device response: <KeyPress from None: t=56.01868760003708, value=right, duration=None>
56.0356 	DATA 	Keypress: right
56.0501 	EXP 	Fixation: autoDraw = False
56.0501 	EXP 	grating: autoDraw = False
56.0501 	EXP 	grating: ori = np.float64(-1.0)
56.0501 	EXP 	Fixation: autoDraw = True
56.2670 	EXP 	Device response: <KeyPress from None: t=56.01868760003708, value=right, duration=0.23643930000253022>
56.5335 	INFO 	Keyboard events cleared
56.5333 	EXP 	grating: autoDraw = True
56.5504 	EXP 	Fixation: autoDraw = False
56.8339 	EXP 	grating: autoDraw = False
57.0996 	EXP 	Device response: <KeyPress from None: t=57.08610449999105, value=left, duration=None>
57.1005 	DATA 	Keypress: left
57.1158 	EXP 	Fixation: autoDraw = False
57.1158 	EXP 	grating: autoDraw = False
57.1158 	EXP 	grating: ori = np.float64(1.0)
57.1158 	EXP 	Fixation: autoDraw = True
57.2502 	EXP 	Device response: <KeyPress from None: t=57.08610449999105, value=left, duration=0.15740599995478988>
57.5991 	INFO 	Keyboard events cleared
57.5990 	EXP 	grating: autoDraw = True
57.6162 	EXP 	Fixation: autoDraw = False
57.9001 	EXP 	grating: autoDraw = False
58.2329 	EXP 	Device response: <KeyPress from None: t=58.22211249999236, value=right, duration=None>
58.2347 	DATA 	Keypress: right
58.2487 	EXP 	Fixation: autoDraw = False
58.2487 	EXP 	grating: autoDraw = False
58.2487 	EXP 	grating: ori = np.float64(-1.0)
58.2487 	EXP 	Fixation: autoDraw = True
58.4010 	EXP 	Device response: <KeyPress from None: t=58.22211249999236, value=right, duration=0.16233580000698566>
58.7325 	INFO 	Keyboard events cleared
58.7324 	EXP 	grating: autoDraw = True
58.7486 	EXP 	Fixation: autoDraw = False
59.0340 	EXP 	grating: autoDraw = False
59.9338 	EXP 	Device response: <KeyPress from None: t=59.929478500038385, value=left, duration=None>
59.9358 	DATA 	Keypress: left
59.9497 	EXP 	Fixation: autoDraw = False
59.9497 	EXP 	grating: autoDraw = False
59.9497 	EXP 	grating: ori = np.float64(1.0)
59.9497 	EXP 	Fixation: autoDraw = True
60.0992 	EXP 	Device response: <KeyPress from None: t=59.929478500038385, value=left, duration=0.1567004999378696>
60.4488 	INFO 	Keyboard events cleared
60.4486 	EXP 	Fixation: autoDraw = False
60.4486 	EXP 	grating: autoDraw = True
60.7489 	EXP 	grating: autoDraw = False
61.0994 	EXP 	Device response: <KeyPress from None: t=61.09253649995662, value=right, duration=None>
61.1010 	DATA 	Keypress: right
61.1154 	EXP 	Fixation: autoDraw = False
61.1154 	EXP 	grating: autoDraw = False
61.1154 	EXP 	grating: ori = np.float64(1.0)
61.1154 	EXP 	Fixation: autoDraw = True
61.3336 	EXP 	Device response: <KeyPress from None: t=61.09253649995662, value=right, duration=0.23287210008129478>
61.6010 	INFO 	Keyboard events cleared
61.6008 	EXP 	grating: autoDraw = True
61.6179 	EXP 	Fixation: autoDraw = False
61.9007 	EXP 	grating: autoDraw = False
62.1685 	EXP 	Device response: <KeyPress from None: t=62.152075799996965, value=right, duration=None>
62.1704 	DATA 	Keypress: right
62.1839 	EXP 	Fixation: autoDraw = False
62.1839 	EXP 	grating: autoDraw = False
62.1839 	EXP 	grating: ori = np.float64(1.0)
62.1839 	EXP 	Fixation: autoDraw = True
62.3679 	EXP 	Device response: <KeyPress from None: t=62.152075799996965, value=right, duration=0.20623130002059042>
62.6841 	INFO 	Keyboard events cleared
62.6840 	EXP 	Fixation: autoDraw = False
62.6840 	EXP 	grating: autoDraw = True
62.9844 	EXP 	grating: autoDraw = False
63.1846 	EXP 	Device response: <KeyPress from None: t=63.172447200049646, value=right, duration=None>
63.1866 	DATA 	Keypress: right
63.2001 	EXP 	Fixation: autoDraw = False
63.2001 	EXP 	grating: autoDraw = False
63.2001 	EXP 	grating: ori = np.float64(-1.0)
63.2001 	EXP 	Fixation: autoDraw = True
63.3674 	EXP 	Device response: <KeyPress from None: t=63.172447200049646, value=right, duration=0.1863258999073878>
63.7010 	INFO 	Keyboard events cleared
63.7008 	EXP 	Fixation: autoDraw = False
63.7008 	EXP 	grating: autoDraw = True
64.0005 	EXP 	grating: autoDraw = False
64.2677 	EXP 	Device response: <KeyPress from None: t=64.25790930003859, value=left, duration=None>
64.2702 	DATA 	Keypress: left
64.2837 	EXP 	Fixation: autoDraw = False
64.2837 	EXP 	grating: autoDraw = False
64.2837 	EXP 	grating: ori = np.float64(1.0)
64.2837 	EXP 	Fixation: autoDraw = True
64.4356 	EXP 	Device response: <KeyPress from None: t=64.25790930003859, value=left, duration=0.17370980000123382>
64.7678 	INFO 	Keyboard events cleared
64.7676 	EXP 	grating: autoDraw = True
64.7836 	EXP 	Fixation: autoDraw = False
65.0674 	EXP 	grating: autoDraw = False
65.2853 	EXP 	Device response: <KeyPress from None: t=65.28061450005043, value=right, duration=None>
65.2875 	DATA 	Keypress: right
65.3005 	EXP 	Fixation: autoDraw = False
65.3005 	EXP 	grating: autoDraw = False
65.3005 	EXP 	grating: ori = np.float64(1.0)
65.3005 	EXP 	Fixation: autoDraw = True
65.4685 	EXP 	Device response: <KeyPress from None: t=65.28061450005043, value=right, duration=0.17761069990228862>
65.8010 	INFO 	Keyboard events cleared
65.8008 	EXP 	Fixation: autoDraw = False
65.8008 	EXP 	grating: autoDraw = True
66.1013 	EXP 	grating: autoDraw = False
66.4839 	EXP 	Device response: <KeyPress from None: t=66.47751770005561, value=right, duration=None>
66.4864 	DATA 	Keypress: right
66.5010 	EXP 	Fixation: autoDraw = False
66.5010 	EXP 	grating: autoDraw = False
66.5010 	EXP 	grating: ori = np.float64(-1.0)
66.5010 	EXP 	Fixation: autoDraw = True
66.6841 	EXP 	Device response: <KeyPress from None: t=66.47751770005561, value=right, duration=0.202471699914895>
66.9846 	INFO 	Keyboard events cleared
66.9844 	EXP 	grating: autoDraw = True
67.0004 	EXP 	Fixation: autoDraw = False
67.2842 	EXP 	grating: autoDraw = False
67.6210 	DATA 	Keypress: left
67.6344 	EXP 	Device response: <KeyPress from None: t=67.61895699996967, value=left, duration=None>
67.6503 	EXP 	Fixation: autoDraw = False
67.6503 	EXP 	grating: autoDraw = False
67.6503 	EXP 	grating: ori = np.float64(1.0)
67.6503 	EXP 	Fixation: autoDraw = True
67.7852 	EXP 	Device response: <KeyPress from None: t=67.61895699996967, value=left, duration=0.1618360000429675>
68.1355 	INFO 	Keyboard events cleared
68.1353 	EXP 	grating: autoDraw = True
68.1506 	EXP 	Fixation: autoDraw = False
68.4512 	EXP 	grating: autoDraw = False
68.6849 	EXP 	Device response: <KeyPress from None: t=68.68167059996631, value=right, duration=None>
68.6868 	DATA 	Keypress: right
68.7013 	EXP 	Fixation: autoDraw = False
68.7013 	EXP 	grating: autoDraw = False
68.7013 	EXP 	grating: ori = np.float64(1.0)
68.7013 	EXP 	Fixation: autoDraw = True
68.8517 	EXP 	Device response: <KeyPress from None: t=68.68167059996631, value=right, duration=0.16898670000955462>
69.2012 	INFO 	Keyboard events cleared
69.2010 	EXP 	Fixation: autoDraw = False
69.2010 	EXP 	grating: autoDraw = True
69.5007 	EXP 	grating: autoDraw = False
69.6526 	EXP 	Device response: <KeyPress from None: t=69.65182070003357, value=right, duration=None>
69.6547 	DATA 	Keypress: right
69.6677 	EXP 	Fixation: autoDraw = False
69.6677 	EXP 	grating: autoDraw = False
69.6677 	EXP 	grating: ori = np.float64(1.0)
69.6677 	EXP 	Fixation: autoDraw = True
69.8516 	EXP 	Device response: <KeyPress from None: t=69.65182070003357, value=right, duration=0.1946782999439165>
70.1674 	INFO 	Keyboard events cleared
70.1672 	EXP 	Fixation: autoDraw = False
70.1672 	EXP 	grating: autoDraw = True
70.4667 	EXP 	grating: autoDraw = False
70.6514 	EXP 	Device response: <KeyPress from None: t=70.64556750003248, value=right, duration=None>
70.6535 	DATA 	Keypress: right
70.6673 	EXP 	Fixation: autoDraw = False
70.6673 	EXP 	grating: autoDraw = False
70.6673 	EXP 	grating: ori = np.float64(1.0)
70.6673 	EXP 	Fixation: autoDraw = True
70.8513 	EXP 	Device response: <KeyPress from None: t=70.64556750003248, value=right, duration=0.2012010000180453>
71.1504 	INFO 	Keyboard events cleared
71.1502 	EXP 	grating: autoDraw = True
71.1672 	EXP 	Fixation: autoDraw = False
71.4515 	EXP 	grating: autoDraw = False
71.6349 	EXP 	Device response: <KeyPress from None: t=71.6221160000423, value=right, duration=None>
71.6369 	DATA 	Keypress: right
71.6507 	EXP 	Fixation: autoDraw = False
71.6507 	EXP 	grating: autoDraw = False
71.6507 	EXP 	grating: ori = np.float64(-1.0)
71.6507 	EXP 	Fixation: autoDraw = True
71.8342 	EXP 	Device response: <KeyPress from None: t=71.6221160000423, value=right, duration=0.19656209996901453>
72.1512 	INFO 	Keyboard events cleared
72.1509 	EXP 	Fixation: autoDraw = False
72.1509 	EXP 	grating: autoDraw = True
72.4504 	EXP 	grating: autoDraw = False
72.6521 	EXP 	Device response: <KeyPress from None: t=72.64771030005068, value=left, duration=None>
72.6540 	DATA 	Keypress: left
72.6671 	EXP 	Fixation: autoDraw = False
72.6671 	EXP 	grating: autoDraw = False
72.6671 	EXP 	grating: ori = np.float64(1.0)
72.6671 	EXP 	Fixation: autoDraw = True
72.8508 	EXP 	Device response: <KeyPress from None: t=72.64771030005068, value=left, duration=0.18899299995973706>
73.1671 	INFO 	Keyboard events cleared
73.1669 	EXP 	Fixation: autoDraw = False
73.1669 	EXP 	grating: autoDraw = True
73.4678 	EXP 	grating: autoDraw = False
73.5859 	DATA 	Keypress: right
73.6012 	EXP 	Device response: <KeyPress from None: t=73.58486790000461, value=right, duration=None>
73.6166 	EXP 	Fixation: autoDraw = False
73.6166 	EXP 	grating: autoDraw = False
73.6166 	EXP 	grating: ori = np.float64(1.0)
73.6166 	EXP 	Fixation: autoDraw = True
73.7846 	EXP 	Device response: <KeyPress from None: t=73.58486790000461, value=right, duration=0.19551570003386587>
74.1169 	INFO 	Keyboard events cleared
74.1167 	EXP 	Fixation: autoDraw = False
74.1167 	EXP 	grating: autoDraw = True
74.4172 	EXP 	grating: autoDraw = False
74.5513 	EXP 	Device response: <KeyPress from None: t=74.54355679999571, value=right, duration=None>
74.5532 	DATA 	Keypress: right
74.5671 	EXP 	Fixation: autoDraw = False
74.5671 	EXP 	grating: autoDraw = False
74.5671 	EXP 	grating: ori = np.float64(1.0)
74.5671 	EXP 	Fixation: autoDraw = True
74.7508 	EXP 	Device response: <KeyPress from None: t=74.54355679999571, value=right, duration=0.19949739996809512>
75.0667 	INFO 	Keyboard events cleared
75.0665 	EXP 	Fixation: autoDraw = False
75.0665 	EXP 	grating: autoDraw = True
75.3674 	EXP 	grating: autoDraw = False
75.5176 	EXP 	Device response: <KeyPress from None: t=75.51525589998346, value=right, duration=None>
75.5196 	DATA 	Keypress: right
75.5339 	EXP 	Fixation: autoDraw = False
75.5339 	EXP 	grating: autoDraw = False
75.5339 	EXP 	grating: ori = np.float64(-1.0)
75.5339 	EXP 	Fixation: autoDraw = True
75.7508 	EXP 	Device response: <KeyPress from None: t=75.51525589998346, value=right, duration=0.2219849000684917>
76.0173 	INFO 	Keyboard events cleared
76.0172 	EXP 	grating: autoDraw = True
76.0338 	EXP 	Fixation: autoDraw = False
76.3173 	EXP 	grating: autoDraw = False
76.5507 	EXP 	Device response: <KeyPress from None: t=76.54072179994546, value=left, duration=None>
76.5529 	DATA 	Keypress: left
76.5669 	EXP 	Fixation: autoDraw = False
76.5669 	EXP 	grating: autoDraw = False
76.5669 	EXP 	grating: ori = np.float64(-1.0)
76.5669 	EXP 	Fixation: autoDraw = True
76.7338 	EXP 	Device response: <KeyPress from None: t=76.54072179994546, value=left, duration=0.1835304000414908>
77.0668 	INFO 	Keyboard events cleared
77.0666 	EXP 	Fixation: autoDraw = False
77.0666 	EXP 	grating: autoDraw = True
77.3670 	EXP 	grating: autoDraw = False
77.9353 	EXP 	Device response: <KeyPress from None: t=77.92992160003632, value=left, duration=None>
77.9375 	DATA 	Keypress: left
77.9506 	EXP 	Fixation: autoDraw = False
77.9506 	EXP 	grating: autoDraw = False
77.9506 	EXP 	grating: ori = np.float64(1.0)
77.9506 	EXP 	Fixation: autoDraw = True
78.0843 	EXP 	Device response: <KeyPress from None: t=77.92992160003632, value=left, duration=0.13852809998206794>
78.4508 	INFO 	Keyboard events cleared
78.4506 	EXP 	Fixation: autoDraw = False
78.4506 	EXP 	grating: autoDraw = True
78.7507 	EXP 	grating: autoDraw = False
78.9708 	DATA 	Keypress: right
78.9848 	EXP 	Device response: <KeyPress from None: t=78.96987479995005, value=right, duration=None>
79.0010 	EXP 	Fixation: autoDraw = False
79.0010 	EXP 	grating: autoDraw = False
79.0010 	EXP 	grating: ori = np.float64(1.0)
79.0010 	EXP 	Fixation: autoDraw = True
79.1845 	EXP 	Device response: <KeyPress from None: t=78.96987479995005, value=right, duration=0.19890180008951575>
79.5006 	INFO 	Keyboard events cleared
79.5004 	EXP 	Fixation: autoDraw = False
79.5004 	EXP 	grating: autoDraw = True
79.8006 	EXP 	grating: autoDraw = False
80.0015 	EXP 	Device response: <KeyPress from None: t=79.99620819999836, value=right, duration=None>
80.0036 	DATA 	Keypress: right
80.0178 	EXP 	Fixation: autoDraw = False
80.0178 	EXP 	grating: autoDraw = False
80.0178 	EXP 	grating: ori = np.float64(1.0)
80.0178 	EXP 	Fixation: autoDraw = True
80.2178 	EXP 	Device response: <KeyPress from None: t=79.99620819999836, value=right, duration=0.20822969998698682>
80.5177 	INFO 	Keyboard events cleared
80.5174 	EXP 	Fixation: autoDraw = False
80.5174 	EXP 	grating: autoDraw = True
80.8173 	EXP 	grating: autoDraw = False
81.0184 	EXP 	Device response: <KeyPress from None: t=81.01484099996742, value=right, duration=None>
81.0205 	DATA 	Keypress: right
81.0340 	EXP 	Fixation: autoDraw = False
81.0340 	EXP 	grating: autoDraw = False
81.0340 	EXP 	grating: ori = np.float64(1.0)
81.0340 	EXP 	Fixation: autoDraw = True
81.2346 	EXP 	Device response: <KeyPress from None: t=81.01484099996742, value=right, duration=0.20842380006797612>
81.5338 	INFO 	Keyboard events cleared
81.5336 	EXP 	Fixation: autoDraw = False
81.5336 	EXP 	grating: autoDraw = True
81.8337 	EXP 	grating: autoDraw = False
82.2842 	EXP 	Device response: <KeyPress from None: t=82.27350050001405, value=left, duration=None>
82.2863 	DATA 	Keypress: left
82.3003 	EXP 	Fixation: autoDraw = False
82.3003 	EXP 	grating: autoDraw = False
82.3003 	EXP 	grating: ori = np.float64(1.0)
82.3003 	EXP 	Fixation: autoDraw = True
82.4673 	EXP 	Device response: <KeyPress from None: t=82.27350050001405, value=left, duration=0.18528989993501455>
82.7837 	INFO 	Keyboard events cleared
82.7835 	EXP 	grating: autoDraw = True
82.8008 	EXP 	Fixation: autoDraw = False
83.0839 	EXP 	grating: autoDraw = False
83.4691 	DATA 	Keypress: left
83.4844 	EXP 	Device response: <KeyPress from None: t=83.46817889995873, value=left, duration=None>
83.5004 	EXP 	Fixation: autoDraw = False
83.5004 	EXP 	grating: autoDraw = False
83.5004 	EXP 	grating: ori = np.float64(1.0)
83.5004 	EXP 	Fixation: autoDraw = True
83.6344 	EXP 	Device response: <KeyPress from None: t=83.46817889995873, value=left, duration=0.15515200002118945>
84.0003 	INFO 	Keyboard events cleared
84.0001 	EXP 	Fixation: autoDraw = False
84.0001 	EXP 	grating: autoDraw = True
84.2997 	EXP 	grating: autoDraw = False
84.8012 	EXP 	Device response: <KeyPress from None: t=84.7967300999444, value=right, duration=None>
84.8031 	DATA 	Keypress: right
84.8170 	EXP 	Fixation: autoDraw = False
84.8170 	EXP 	grating: autoDraw = False
84.8170 	EXP 	grating: ori = np.float64(1.0)
84.8170 	EXP 	Fixation: autoDraw = True
85.0510 	EXP 	Device response: <KeyPress from None: t=84.7967300999444, value=right, duration=0.2399423000169918>
85.3167 	INFO 	Keyboard events cleared
85.3165 	EXP 	Fixation: autoDraw = False
85.3165 	EXP 	grating: autoDraw = True
85.6170 	EXP 	grating: autoDraw = False
85.8504 	EXP 	Device response: <KeyPress from None: t=85.83851929998491, value=right, duration=None>
85.8525 	DATA 	Keypress: right
85.8671 	EXP 	Fixation: autoDraw = False
85.8671 	EXP 	grating: autoDraw = False
85.8671 	EXP 	grating: ori = np.float64(1.0)
85.8671 	EXP 	Fixation: autoDraw = True
86.0345 	EXP 	Device response: <KeyPress from None: t=85.83851929998491, value=right, duration=0.18529469997156411>
86.3501 	INFO 	Keyboard events cleared
86.3499 	EXP 	grating: autoDraw = True
86.3669 	EXP 	Fixation: autoDraw = False
86.6505 	EXP 	grating: autoDraw = False
86.7675 	EXP 	Device response: <KeyPress from None: t=86.7515816000523, value=right, duration=None>
86.7694 	DATA 	Keypress: right
86.7833 	EXP 	Fixation: autoDraw = False
86.7833 	EXP 	grating: autoDraw = False
86.7833 	EXP 	grating: ori = np.float64(-1.0)
86.7833 	EXP 	Fixation: autoDraw = True
87.0001 	EXP 	Device response: <KeyPress from None: t=86.7515816000523, value=right, duration=0.2421195999486372>
87.2833 	INFO 	Keyboard events cleared
87.2831 	EXP 	Fixation: autoDraw = False
87.2831 	EXP 	grating: autoDraw = True
87.5839 	EXP 	grating: autoDraw = False
87.7511 	EXP 	Device response: <KeyPress from None: t=87.73981489997823, value=right, duration=None>
87.7530 	DATA 	Keypress: right
87.7671 	EXP 	Fixation: autoDraw = False
87.7671 	EXP 	grating: autoDraw = False
87.7671 	EXP 	grating: ori = np.float64(-1.0)
87.7671 	EXP 	Fixation: autoDraw = True
87.9845 	EXP 	Device response: <KeyPress from None: t=87.73981489997823, value=right, duration=0.2416026999708265>
88.2505 	INFO 	Keyboard events cleared
88.2503 	EXP 	grating: autoDraw = True
88.2668 	EXP 	Fixation: autoDraw = False
88.5504 	EXP 	grating: autoDraw = False
88.9176 	EXP 	Device response: <KeyPress from None: t=88.91248279996216, value=left, duration=None>
88.9195 	DATA 	Keypress: left
88.9337 	EXP 	Fixation: autoDraw = False
88.9337 	EXP 	grating: autoDraw = False
88.9337 	EXP 	grating: ori = np.float64(1.0)
88.9337 	EXP 	Fixation: autoDraw = True
89.1002 	EXP 	Device response: <KeyPress from None: t=88.91248279996216, value=left, duration=0.18044170003850013>
89.4335 	INFO 	Keyboard events cleared
89.4333 	EXP 	Fixation: autoDraw = False
89.4333 	EXP 	grating: autoDraw = True
89.7333 	EXP 	grating: autoDraw = False
90.0317 	EXP 	Device response: <KeyPress from None: t=90.0290890999604, value=right, duration=None>
90.0334 	DATA 	Keypress: right
90.0485 	EXP 	Fixation: autoDraw = False
90.0485 	EXP 	grating: autoDraw = False
90.0485 	EXP 	grating: ori = np.float64(-1.0)
90.0485 	EXP 	Fixation: autoDraw = True
90.1987 	EXP 	Device response: <KeyPress from None: t=90.0290890999604, value=right, duration=0.15428040002007037>
90.5319 	INFO 	Keyboard events cleared
90.5318 	EXP 	grating: autoDraw = True
90.5491 	EXP 	Fixation: autoDraw = False
90.8315 	EXP 	grating: autoDraw = False
91.0482 	EXP 	Device response: <KeyPress from None: t=91.04355930001475, value=left, duration=None>
91.0494 	DATA 	Keypress: left
91.0654 	EXP 	Fixation: autoDraw = False
91.0654 	EXP 	grating: autoDraw = False
91.0654 	EXP 	grating: ori = np.float64(-1.0)
91.0654 	EXP 	Fixation: autoDraw = True
91.1988 	EXP 	Device response: <KeyPress from None: t=91.04355930001475, value=left, duration=0.1515149000333622>
91.5482 	INFO 	Keyboard events cleared
91.5481 	EXP 	grating: autoDraw = True
91.5652 	EXP 	Fixation: autoDraw = False
91.8487 	EXP 	grating: autoDraw = False
92.0324 	EXP 	Device response: <KeyPress from None: t=92.03193079994526, value=left, duration=None>
92.0339 	DATA 	Keypress: left
92.0478 	EXP 	Fixation: autoDraw = False
92.0478 	EXP 	grating: autoDraw = False
92.0478 	EXP 	grating: ori = np.float64(1.0)
92.0478 	EXP 	Fixation: autoDraw = True
92.1833 	EXP 	Device response: <KeyPress from None: t=92.03193079994526, value=left, duration=0.14772130001801997>
92.5492 	INFO 	Keyboard events cleared
92.5491 	EXP 	Fixation: autoDraw = False
92.5491 	EXP 	grating: autoDraw = True
92.8484 	EXP 	grating: autoDraw = False
93.0324 	EXP 	Device response: <KeyPress from None: t=93.02342830004636, value=left, duration=None>
93.0342 	DATA 	Keypress: left
93.0483 	EXP 	Fixation: autoDraw = False
93.0483 	EXP 	grating: autoDraw = False
93.0483 	EXP 	grating: ori = np.float64(1.0)
93.0483 	EXP 	Fixation: autoDraw = True
93.1814 	EXP 	Device response: <KeyPress from None: t=93.02342830004636, value=left, duration=0.14842569991014898>
93.5324 	INFO 	Keyboard events cleared
93.5323 	EXP 	grating: autoDraw = True
93.5483 	EXP 	Fixation: autoDraw = False
93.8316 	EXP 	grating: autoDraw = False
93.9499 	EXP 	Device response: <KeyPress from None: t=93.945362700033, value=left, duration=None>
93.9516 	DATA 	Keypress: left
93.9655 	EXP 	Fixation: autoDraw = False
93.9655 	EXP 	grating: autoDraw = False
93.9655 	EXP 	grating: ori = np.float64(-1.0)
93.9655 	EXP 	Fixation: autoDraw = True
94.1158 	EXP 	Device response: <KeyPress from None: t=93.945362700033, value=left, duration=0.15987739991396666>
94.4487 	INFO 	Keyboard events cleared
94.4485 	EXP 	grating: autoDraw = True
94.4661 	EXP 	Fixation: autoDraw = False
94.7481 	EXP 	grating: autoDraw = False
94.8012 	DATA 	Keypress: left
94.8157 	EXP 	Device response: <KeyPress from None: t=94.80063790001441, value=left, duration=None>
94.8318 	EXP 	Fixation: autoDraw = False
94.8318 	EXP 	grating: autoDraw = False
94.8318 	EXP 	grating: ori = np.float64(-1.0)
94.8318 	EXP 	Fixation: autoDraw = True
94.9648 	EXP 	Device response: <KeyPress from None: t=94.80063790001441, value=left, duration=0.15534659998957068>
95.3172 	INFO 	Keyboard events cleared
95.3170 	EXP 	grating: autoDraw = True
95.3334 	EXP 	Fixation: autoDraw = False
95.6163 	EXP 	grating: autoDraw = False
95.7655 	EXP 	Device response: <KeyPress from None: t=95.75061149999965, value=left, duration=None>
95.7664 	DATA 	Keypress: left
95.7820 	EXP 	Fixation: autoDraw = False
95.7820 	EXP 	grating: autoDraw = False
95.7820 	EXP 	grating: ori = np.float64(-1.0)
95.7820 	EXP 	Fixation: autoDraw = True
95.9486 	EXP 	Device response: <KeyPress from None: t=95.75061149999965, value=left, duration=0.1910490000154823>
96.2816 	INFO 	Keyboard events cleared
96.2815 	EXP 	grating: autoDraw = True
96.2979 	EXP 	Fixation: autoDraw = False
96.5817 	EXP 	grating: autoDraw = False
96.7326 	EXP 	Device response: <KeyPress from None: t=96.72765659994911, value=left, duration=None>
96.7342 	DATA 	Keypress: left
96.7488 	EXP 	Fixation: autoDraw = False
96.7488 	EXP 	grating: autoDraw = False
96.7488 	EXP 	grating: ori = np.float64(1.0)
96.7488 	EXP 	Fixation: autoDraw = True
96.8993 	EXP 	Device response: <KeyPress from None: t=96.72765659994911, value=left, duration=0.16157190001104027>
97.2481 	INFO 	Keyboard events cleared
97.2480 	EXP 	grating: autoDraw = True
97.2647 	EXP 	Fixation: autoDraw = False
97.5488 	EXP 	grating: autoDraw = False
97.6160 	EXP 	Device response: <KeyPress from None: t=97.6134577000048, value=left, duration=None>
97.6172 	DATA 	Keypress: left
97.6320 	EXP 	Fixation: autoDraw = False
97.6320 	EXP 	grating: autoDraw = False
97.6320 	EXP 	grating: ori = np.float64(-1.0)
97.6320 	EXP 	Fixation: autoDraw = True
97.7815 	EXP 	Device response: <KeyPress from None: t=97.6134577000048, value=left, duration=0.16477819997817278>
98.1166 	INFO 	Keyboard events cleared
98.1164 	EXP 	grating: autoDraw = True
98.1336 	EXP 	Fixation: autoDraw = False
98.4162 	EXP 	grating: autoDraw = False
98.6169 	EXP 	Device response: <KeyPress from None: t=98.61208999995142, value=left, duration=None>
98.6193 	DATA 	Keypress: left
98.6337 	EXP 	Fixation: autoDraw = False
98.6337 	EXP 	grating: autoDraw = False
98.6337 	EXP 	grating: ori = np.float64(-1.0)
98.6337 	EXP 	Fixation: autoDraw = True
98.8002 	EXP 	Device response: <KeyPress from None: t=98.61208999995142, value=left, duration=0.17946070001926273>
99.1337 	INFO 	Keyboard events cleared
99.1335 	EXP 	Fixation: autoDraw = False
99.1335 	EXP 	grating: autoDraw = True
99.4329 	EXP 	grating: autoDraw = False
99.4503 	EXP 	Device response: <KeyPress from None: t=99.44242500001565, value=left, duration=None>
99.4522 	DATA 	Keypress: left
99.4666 	EXP 	Fixation: autoDraw = False
99.4666 	EXP 	grating: autoDraw = False
99.4666 	EXP 	grating: ori = np.float64(-1.0)
99.4666 	EXP 	Fixation: autoDraw = True
99.6333 	EXP 	Device response: <KeyPress from None: t=99.44242500001565, value=left, duration=0.1752693000016734>
99.9502 	INFO 	Keyboard events cleared
99.9501 	EXP 	grating: autoDraw = True
99.9661 	EXP 	Fixation: autoDraw = False
100.2495 	EXP 	grating: autoDraw = False
100.4169 	EXP 	Device response: <KeyPress from None: t=100.41124140005559, value=left, duration=None>
100.4189 	DATA 	Keypress: left
100.4331 	EXP 	Fixation: autoDraw = False
100.4331 	EXP 	grating: autoDraw = False
100.4331 	EXP 	grating: ori = np.float64(-1.0)
100.4331 	EXP 	Fixation: autoDraw = True
100.5839 	EXP 	Device response: <KeyPress from None: t=100.41124140005559, value=left, duration=0.16884689999278635>
100.9166 	INFO 	Keyboard events cleared
100.9164 	EXP 	grating: autoDraw = True
100.9332 	EXP 	Fixation: autoDraw = False
101.2163 	EXP 	grating: autoDraw = False
101.2669 	EXP 	Device response: <KeyPress from None: t=101.25707070005592, value=left, duration=None>
101.2687 	DATA 	Keypress: left
101.2832 	EXP 	Fixation: autoDraw = False
101.2832 	EXP 	grating: autoDraw = False
101.2832 	EXP 	grating: ori = np.float64(-1.0)
101.2832 	EXP 	Fixation: autoDraw = True
101.4500 	EXP 	Device response: <KeyPress from None: t=101.25707070005592, value=left, duration=0.18370069994125515>
101.7667 	INFO 	Keyboard events cleared
101.7665 	EXP 	grating: autoDraw = True
101.7833 	EXP 	Fixation: autoDraw = False
102.0669 	EXP 	grating: autoDraw = False
102.1333 	EXP 	Device response: <KeyPress from None: t=102.12592070002574, value=left, duration=None>
102.1352 	DATA 	Keypress: left
102.1498 	EXP 	Fixation: autoDraw = False
102.1498 	EXP 	grating: autoDraw = False
102.1498 	EXP 	grating: ori = np.float64(1.0)
102.1498 	EXP 	Fixation: autoDraw = True
102.3171 	EXP 	Device response: <KeyPress from None: t=102.12592070002574, value=left, duration=0.18290949997026473>
102.6334 	INFO 	Keyboard events cleared
102.6332 	EXP 	grating: autoDraw = True
102.6504 	EXP 	Fixation: autoDraw = False
102.9327 	EXP 	grating: autoDraw = False
102.9504 	EXP 	Device response: <KeyPress from None: t=102.94421660003718, value=left, duration=None>
102.9524 	DATA 	Keypress: left
102.9660 	EXP 	Fixation: autoDraw = False
102.9660 	EXP 	grating: autoDraw = False
102.9660 	EXP 	grating: ori = np.float64(-1.0)
102.9660 	EXP 	Fixation: autoDraw = True
103.1176 	EXP 	Device response: <KeyPress from None: t=102.94421660003718, value=left, duration=0.1614115999545902>
103.4499 	INFO 	Keyboard events cleared
103.4497 	EXP 	grating: autoDraw = True
103.4660 	EXP 	Fixation: autoDraw = False
103.7494 	EXP 	grating: autoDraw = False
103.8328 	EXP 	Device response: <KeyPress from None: t=103.81803209998179, value=left, duration=None>
103.8353 	DATA 	Keypress: left
103.8493 	EXP 	Fixation: autoDraw = False
103.8493 	EXP 	grating: autoDraw = False
103.8493 	EXP 	grating: ori = np.float64(1.0)
103.8493 	EXP 	Fixation: autoDraw = True
104.0021 	EXP 	Device response: <KeyPress from None: t=103.81803209998179, value=left, duration=0.18291089998092502>
104.3336 	INFO 	Keyboard events cleared
104.3334 	EXP 	grating: autoDraw = True
104.3503 	EXP 	Fixation: autoDraw = False
104.6497 	EXP 	grating: autoDraw = False
104.6991 	EXP 	Device response: <KeyPress from None: t=104.68627579999156, value=left, duration=None>
104.7003 	DATA 	Keypress: left
104.7143 	EXP 	Fixation: autoDraw = False
104.7143 	EXP 	grating: autoDraw = False
104.7143 	EXP 	grating: ori = np.float64(-1.0)
104.7143 	EXP 	Fixation: autoDraw = True
104.8504 	EXP 	Device response: <KeyPress from None: t=104.68627579999156, value=left, duration=0.1529559000628069>
105.1998 	INFO 	Keyboard events cleared
105.1996 	EXP 	grating: autoDraw = True
105.2161 	EXP 	Fixation: autoDraw = False
105.4992 	EXP 	grating: autoDraw = False
105.7840 	EXP 	Device response: <KeyPress from None: t=105.77223989996128, value=left, duration=None>
105.7861 	DATA 	Keypress: left
105.8001 	EXP 	Fixation: autoDraw = False
105.8001 	EXP 	grating: autoDraw = False
105.8001 	EXP 	grating: ori = np.float64(-1.0)
105.8001 	EXP 	Fixation: autoDraw = True
105.9672 	EXP 	Device response: <KeyPress from None: t=105.77223989996128, value=left, duration=0.19167249999009073>
106.2995 	INFO 	Keyboard events cleared
106.2993 	EXP 	Fixation: autoDraw = False
106.2993 	EXP 	grating: autoDraw = True
106.5999 	EXP 	grating: autoDraw = False
106.7674 	EXP 	Device response: <KeyPress from None: t=106.76329809997696, value=left, duration=None>
106.7693 	DATA 	Keypress: left
106.7834 	EXP 	Fixation: autoDraw = False
106.7834 	EXP 	grating: autoDraw = False
106.7834 	EXP 	grating: ori = np.float64(1.0)
106.7834 	EXP 	Fixation: autoDraw = True
106.9167 	EXP 	Device response: <KeyPress from None: t=106.76329809997696, value=left, duration=0.1430273000150919>
107.2827 	INFO 	Keyboard events cleared
107.2825 	EXP 	Fixation: autoDraw = False
107.2825 	EXP 	grating: autoDraw = True
107.5831 	EXP 	grating: autoDraw = False
107.6843 	EXP 	Device response: <KeyPress from None: t=107.68031460000202, value=left, duration=None>
107.6863 	DATA 	Keypress: left
107.6996 	EXP 	Fixation: autoDraw = False
107.6996 	EXP 	grating: autoDraw = False
107.6996 	EXP 	grating: ori = np.float64(-1.0)
107.6996 	EXP 	Fixation: autoDraw = True
107.8508 	EXP 	Device response: <KeyPress from None: t=107.68031460000202, value=left, duration=0.16593909997027367>
108.2000 	INFO 	Keyboard events cleared
108.1998 	EXP 	Fixation: autoDraw = False
108.1998 	EXP 	grating: autoDraw = True
108.5002 	EXP 	grating: autoDraw = False
108.5171 	EXP 	Device response: <KeyPress from None: t=108.50829240004532, value=left, duration=None>
108.5192 	DATA 	Keypress: left
108.5334 	EXP 	Fixation: autoDraw = False
108.5334 	EXP 	grating: autoDraw = False
108.5334 	EXP 	grating: ori = np.float64(1.0)
108.5334 	EXP 	Fixation: autoDraw = True
108.6667 	EXP 	Device response: <KeyPress from None: t=108.50829240004532, value=left, duration=0.14699419995304197>
109.0160 	INFO 	Keyboard events cleared
109.0158 	EXP 	grating: autoDraw = True
109.0333 	EXP 	Fixation: autoDraw = False
109.3166 	EXP 	grating: autoDraw = False
109.3832 	EXP 	Device response: <KeyPress from None: t=109.37446039996576, value=left, duration=None>
109.3852 	DATA 	Keypress: left
109.3996 	EXP 	Fixation: autoDraw = False
109.3996 	EXP 	grating: autoDraw = False
109.3996 	EXP 	grating: ori = np.float64(1.0)
109.3996 	EXP 	Fixation: autoDraw = True
109.5503 	EXP 	Device response: <KeyPress from None: t=109.37446039996576, value=left, duration=0.17173629999160767>
109.8836 	INFO 	Keyboard events cleared
109.8835 	EXP 	grating: autoDraw = True
109.8996 	EXP 	Fixation: autoDraw = False
110.1831 	EXP 	grating: autoDraw = False
110.3169 	EXP 	Device response: <KeyPress from None: t=110.30423530004919, value=left, duration=None>
110.3188 	DATA 	Keypress: left
110.3332 	EXP 	Fixation: autoDraw = False
110.3332 	EXP 	grating: autoDraw = False
110.3332 	EXP 	grating: ori = np.float64(-1.0)
110.3332 	EXP 	Fixation: autoDraw = True
110.4843 	EXP 	Device response: <KeyPress from None: t=110.30423530004919, value=left, duration=0.17757459997665137>
110.8164 	INFO 	Keyboard events cleared
110.8162 	EXP 	grating: autoDraw = True
110.8322 	EXP 	Fixation: autoDraw = False
111.1162 	EXP 	grating: autoDraw = False
111.2505 	EXP 	Device response: <KeyPress from None: t=111.24811509996653, value=left, duration=None>
111.2526 	DATA 	Keypress: left
111.2661 	EXP 	Fixation: autoDraw = False
111.2661 	EXP 	grating: autoDraw = False
111.2661 	EXP 	grating: ori = np.float64(1.0)
111.2661 	EXP 	Fixation: autoDraw = True
111.3994 	EXP 	Device response: <KeyPress from None: t=111.24811509996653, value=left, duration=0.14053990005049855>
111.7500 	INFO 	Keyboard events cleared
111.7498 	EXP 	grating: autoDraw = True
111.7656 	EXP 	Fixation: autoDraw = False
112.0496 	EXP 	grating: autoDraw = False
112.1832 	EXP 	Device response: <KeyPress from None: t=112.17639609996695, value=left, duration=None>
112.1851 	DATA 	Keypress: left
112.1990 	EXP 	Fixation: autoDraw = False
112.1990 	EXP 	grating: autoDraw = False
112.1990 	EXP 	grating: ori = np.float64(-1.0)
112.1990 	EXP 	Fixation: autoDraw = True
112.3175 	EXP 	Device response: <KeyPress from None: t=112.17639609996695, value=left, duration=0.13760340004228055>
112.6830 	INFO 	Keyboard events cleared
112.6828 	EXP 	grating: autoDraw = True
112.6996 	EXP 	Fixation: autoDraw = False
112.9832 	EXP 	grating: autoDraw = False
113.0501 	EXP 	Device response: <KeyPress from None: t=113.0456638999749, value=left, duration=None>
113.0520 	DATA 	Keypress: left
113.0668 	EXP 	Fixation: autoDraw = False
113.0668 	EXP 	grating: autoDraw = False
113.0668 	EXP 	grating: ori = np.float64(-1.0)
113.0668 	EXP 	Fixation: autoDraw = True
113.2004 	EXP 	Device response: <KeyPress from None: t=113.0456638999749, value=left, duration=0.14677420002408326>
113.5497 	INFO 	Keyboard events cleared
113.5495 	EXP 	grating: autoDraw = True
113.5659 	EXP 	Fixation: autoDraw = False
113.8002 	EXP 	Device response: <KeyPress from None: t=113.79079710005317, value=left, duration=None>
113.8023 	DATA 	Keypress: left
113.8157 	EXP 	Fixation: autoDraw = False
113.8157 	EXP 	grating: autoDraw = False
113.8157 	EXP 	grating: ori = np.float64(-1.0)
113.8157 	EXP 	Fixation: autoDraw = True
113.9668 	EXP 	Device response: <KeyPress from None: t=113.79079710005317, value=left, duration=0.1642334999050945>
114.2998 	INFO 	Keyboard events cleared
114.2996 	EXP 	grating: autoDraw = True
114.3163 	EXP 	Fixation: autoDraw = False
114.5831 	EXP 	Device response: <KeyPress from None: t=114.57219510001596, value=left, duration=None>
114.5850 	DATA 	Keypress: left
114.5997 	EXP 	grating: autoDraw = False
114.5997 	EXP 	Fixation: autoDraw = False
114.5997 	EXP 	grating: autoDraw = False
114.5997 	EXP 	grating: ori = np.float64(-1.0)
114.5997 	EXP 	Fixation: autoDraw = True
114.7172 	EXP 	Device response: <KeyPress from None: t=114.57219510001596, value=left, duration=0.14129019994288683>
115.0829 	INFO 	Keyboard events cleared
115.0827 	EXP 	grating: autoDraw = True
115.0996 	EXP 	Fixation: autoDraw = False
115.3827 	EXP 	grating: autoDraw = False
115.6500 	EXP 	Device response: <KeyPress from None: t=115.64333019999322, value=right, duration=None>
115.6519 	DATA 	Keypress: right
115.6661 	EXP 	Fixation: autoDraw = False
115.6661 	EXP 	grating: autoDraw = False
115.6661 	EXP 	grating: ori = np.float64(-1.0)
115.6661 	EXP 	Fixation: autoDraw = True
115.8169 	EXP 	Device response: <KeyPress from None: t=115.64333019999322, value=right, duration=0.16691639996133745>
116.1497 	INFO 	Keyboard events cleared
116.1495 	EXP 	grating: autoDraw = True
116.1661 	EXP 	Fixation: autoDraw = False
116.4502 	EXP 	grating: autoDraw = False
116.8335 	EXP 	Device response: <KeyPress from None: t=116.82499380002264, value=left, duration=None>
116.8360 	DATA 	Keypress: left
116.8493 	EXP 	Fixation: autoDraw = False
116.8493 	EXP 	grating: autoDraw = False
116.8493 	EXP 	grating: ori = np.float64(1.0)
116.8493 	EXP 	Fixation: autoDraw = True
117.0002 	EXP 	Device response: <KeyPress from None: t=116.82499380002264, value=left, duration=0.15924089995678514>
117.3332 	INFO 	Keyboard events cleared
117.3330 	EXP 	grating: autoDraw = True
117.3496 	EXP 	Fixation: autoDraw = False
117.6328 	EXP 	grating: autoDraw = False
117.8323 	EXP 	Device response: <KeyPress from None: t=117.82268999994267, value=right, duration=None>
117.8344 	DATA 	Keypress: right
117.8489 	EXP 	Fixation: autoDraw = False
117.8489 	EXP 	grating: autoDraw = False
117.8489 	EXP 	grating: ori = np.float64(-1.0)
117.8489 	EXP 	Fixation: autoDraw = True
118.0185 	EXP 	Device response: <KeyPress from None: t=117.82268999994267, value=right, duration=0.19273160002194345>
118.3329 	INFO 	Keyboard events cleared
118.3327 	EXP 	grating: autoDraw = True
118.3493 	EXP 	Fixation: autoDraw = False
118.6331 	EXP 	grating: autoDraw = False
119.2516 	DATA 	Keypress: right
119.2667 	EXP 	Device response: <KeyPress from None: t=119.2507145999698, value=right, duration=None>
119.2831 	EXP 	Fixation: autoDraw = False
119.2831 	EXP 	grating: autoDraw = False
119.2831 	EXP 	grating: ori = np.float64(-1.0)
119.2831 	EXP 	Fixation: autoDraw = True
119.4495 	EXP 	Device response: <KeyPress from None: t=119.2507145999698, value=right, duration=0.18686610006261617>
119.7663 	INFO 	Keyboard events cleared
119.7661 	EXP 	grating: autoDraw = True
119.7830 	EXP 	Fixation: autoDraw = False
120.0659 	EXP 	grating: autoDraw = False
122.0167 	EXP 	Device response: <KeyPress from None: t=122.00341330002993, value=left, duration=None>
122.0188 	DATA 	Keypress: left
122.0328 	EXP 	Fixation: autoDraw = False
122.0328 	EXP 	grating: autoDraw = False
122.0328 	EXP 	grating: ori = np.float64(1.0)
122.0328 	EXP 	Fixation: autoDraw = True
122.1333 	EXP 	Device response: <KeyPress from None: t=122.00341330002993, value=left, duration=0.12374029995407909>
122.5329 	INFO 	Keyboard events cleared
122.5327 	EXP 	Fixation: autoDraw = False
122.5327 	EXP 	grating: autoDraw = True
122.8328 	EXP 	grating: autoDraw = False
123.0354 	EXP 	Device response: <KeyPress from None: t=123.033224600018, value=right, duration=None>
123.0373 	DATA 	Keypress: right
123.0494 	EXP 	Fixation: autoDraw = False
123.0494 	EXP 	grating: autoDraw = False
123.0494 	EXP 	grating: ori = np.float64(1.0)
123.0494 	EXP 	Fixation: autoDraw = True
123.2331 	EXP 	Device response: <KeyPress from None: t=123.033224600018, value=right, duration=0.18500629998743534>
123.5476 	INFO 	Keyboard events cleared
123.5475 	EXP 	grating: autoDraw = True
123.5642 	EXP 	Fixation: autoDraw = False
123.8474 	EXP 	grating: autoDraw = False
125.2170 	EXP 	Device response: <KeyPress from None: t=125.2082822000375, value=right, duration=None>
125.2190 	DATA 	Keypress: right
125.2328 	EXP 	Fixation: autoDraw = False
125.2328 	EXP 	grating: autoDraw = False
125.2328 	EXP 	grating: ori = np.float64(1.0)
125.2328 	EXP 	Fixation: autoDraw = True
125.3990 	EXP 	Device response: <KeyPress from None: t=125.2082822000375, value=right, duration=0.1839709000196308>
125.7319 	INFO 	Keyboard events cleared
125.7317 	EXP 	Fixation: autoDraw = False
125.7317 	EXP 	grating: autoDraw = True
126.0467 	EXP 	grating: autoDraw = False
126.3147 	EXP 	Device response: <KeyPress from None: t=126.31313200003933, value=right, duration=None>
126.3165 	DATA 	Keypress: right
126.3308 	EXP 	Fixation: autoDraw = False
126.3308 	EXP 	grating: autoDraw = False
126.3308 	EXP 	grating: ori = np.float64(1.0)
126.3308 	EXP 	Fixation: autoDraw = True
126.5808 	EXP 	Device response: <KeyPress from None: t=126.31313200003933, value=right, duration=0.25094009994063526>
126.8312 	INFO 	Keyboard events cleared
126.8310 	EXP 	Fixation: autoDraw = False
126.8310 	EXP 	grating: autoDraw = True
127.1317 	EXP 	grating: autoDraw = False
127.6311 	EXP 	Device response: <KeyPress from None: t=127.62125069997273, value=right, duration=None>
127.6326 	DATA 	Keypress: right
127.6480 	EXP 	Fixation: autoDraw = False
127.6480 	EXP 	grating: autoDraw = False
127.6480 	EXP 	grating: ori = np.float64(-1.0)
127.6480 	EXP 	Fixation: autoDraw = True
127.8819 	EXP 	Device response: <KeyPress from None: t=127.62125069997273, value=right, duration=0.2556633000494912>
128.1321 	INFO 	Keyboard events cleared
128.1320 	EXP 	grating: autoDraw = True
128.1472 	EXP 	Fixation: autoDraw = False
128.4308 	EXP 	grating: autoDraw = False
129.2322 	EXP 	Device response: <KeyPress from None: t=129.21567469998263, value=left, duration=None>
129.2339 	DATA 	Keypress: left
129.2482 	EXP 	Fixation: autoDraw = False
129.2482 	EXP 	grating: autoDraw = False
129.2482 	EXP 	grating: ori = np.float64(1.0)
129.2482 	EXP 	Fixation: autoDraw = True
129.3816 	EXP 	Device response: <KeyPress from None: t=129.21567469998263, value=left, duration=0.16174670006148517>
129.7476 	INFO 	Keyboard events cleared
129.7475 	EXP 	grating: autoDraw = True
129.7635 	EXP 	Fixation: autoDraw = False
130.0480 	EXP 	grating: autoDraw = False
130.5475 	EXP 	Device response: <KeyPress from None: t=130.5418750999961, value=right, duration=None>
130.5487 	DATA 	Keypress: right
130.5638 	EXP 	Fixation: autoDraw = False
130.5638 	EXP 	grating: autoDraw = False
130.5638 	EXP 	grating: ori = np.float64(1.0)
130.5638 	EXP 	Fixation: autoDraw = True
130.6979 	EXP 	Device response: <KeyPress from None: t=130.5418750999961, value=right, duration=0.15183570003136992>
131.0477 	INFO 	Keyboard events cleared
131.0476 	EXP 	grating: autoDraw = True
131.0648 	EXP 	Fixation: autoDraw = False
131.3486 	EXP 	grating: autoDraw = False
131.6152 	EXP 	Device response: <KeyPress from None: t=131.6052214000374, value=right, duration=None>
131.6167 	DATA 	Keypress: right
131.6315 	EXP 	Fixation: autoDraw = False
131.6315 	EXP 	grating: autoDraw = False
131.6315 	EXP 	grating: ori = np.float64(-1.0)
131.6315 	EXP 	Fixation: autoDraw = True
131.8310 	EXP 	Device response: <KeyPress from None: t=131.6052214000374, value=right, duration=0.21680309996008873>
132.1305 	INFO 	Keyboard events cleared
132.1304 	EXP 	grating: autoDraw = True
132.1471 	EXP 	Fixation: autoDraw = False
132.4319 	EXP 	grating: autoDraw = False
132.6304 	EXP 	Device response: <KeyPress from None: t=132.62653620005585, value=left, duration=None>
132.6315 	DATA 	Keypress: left
132.6476 	EXP 	Fixation: autoDraw = False
132.6476 	EXP 	grating: autoDraw = False
132.6476 	EXP 	grating: ori = np.float64(1.0)
132.6476 	EXP 	Fixation: autoDraw = True
132.7813 	EXP 	Device response: <KeyPress from None: t=132.62653620005585, value=left, duration=0.14589909999631345>
133.1305 	INFO 	Keyboard events cleared
133.1304 	EXP 	grating: autoDraw = True
133.1471 	EXP 	Fixation: autoDraw = False
133.4316 	EXP 	grating: autoDraw = False
133.7168 	EXP 	Device response: <KeyPress from None: t=133.71368249994703, value=left, duration=None>
133.7187 	DATA 	Keypress: left
133.7325 	EXP 	Fixation: autoDraw = False
133.7325 	EXP 	grating: autoDraw = False
133.7325 	EXP 	grating: ori = np.float64(-1.0)
133.7325 	EXP 	Fixation: autoDraw = True
133.8162 	EXP 	Device response: <KeyPress from None: t=133.71368249994703, value=left, duration=0.08941500005312264>
134.2159 	INFO 	Keyboard events cleared
134.2157 	EXP 	grating: autoDraw = True
134.2324 	EXP 	Fixation: autoDraw = False
134.5155 	EXP 	grating: autoDraw = False
134.9824 	EXP 	Device response: <KeyPress from None: t=134.9719242999563, value=left, duration=None>
134.9844 	DATA 	Keypress: left
134.9988 	EXP 	Fixation: autoDraw = False
134.9988 	EXP 	grating: autoDraw = False
134.9988 	EXP 	grating: ori = np.float64(1.0)
134.9988 	EXP 	Fixation: autoDraw = True
135.0998 	EXP 	Device response: <KeyPress from None: t=134.9719242999563, value=left, duration=0.12546280003152788>
135.4826 	INFO 	Keyboard events cleared
135.4824 	EXP 	grating: autoDraw = True
135.4981 	EXP 	Fixation: autoDraw = False
135.7823 	EXP 	grating: autoDraw = False
135.9327 	EXP 	Device response: <KeyPress from None: t=135.9257140000118, value=right, duration=None>
135.9353 	DATA 	Keypress: right
135.9493 	EXP 	Fixation: autoDraw = False
135.9493 	EXP 	grating: autoDraw = False
135.9493 	EXP 	grating: ori = np.float64(-1.0)
135.9493 	EXP 	Fixation: autoDraw = True
136.0834 	EXP 	Device response: <KeyPress from None: t=135.9257140000118, value=right, duration=0.15513309999369085>
136.4496 	INFO 	Keyboard events cleared
136.4494 	EXP 	Fixation: autoDraw = False
136.4494 	EXP 	grating: autoDraw = True
136.7491 	EXP 	grating: autoDraw = False
137.0495 	EXP 	Device response: <KeyPress from None: t=137.03960390004795, value=right, duration=None>
137.0514 	DATA 	Keypress: right
137.0662 	EXP 	Fixation: autoDraw = False
137.0662 	EXP 	grating: autoDraw = False
137.0662 	EXP 	grating: ori = np.float64(-1.0)
137.0662 	EXP 	Fixation: autoDraw = True
137.2490 	EXP 	Device response: <KeyPress from None: t=137.03960390004795, value=right, duration=0.2026576999342069>
137.5495 	INFO 	Keyboard events cleared
137.5493 	EXP 	grating: autoDraw = True
137.5649 	EXP 	Fixation: autoDraw = False
137.8499 	EXP 	grating: autoDraw = False
138.0330 	EXP 	Device response: <KeyPress from None: t=138.02165510004852, value=left, duration=None>
138.0348 	DATA 	Keypress: left
138.0492 	EXP 	Fixation: autoDraw = False
138.0492 	EXP 	grating: autoDraw = False
138.0492 	EXP 	grating: ori = np.float64(1.0)
138.0492 	EXP 	Fixation: autoDraw = True
138.1328 	EXP 	Device response: <KeyPress from None: t=138.02165510004852, value=left, duration=0.1079459999455139>
138.5485 	INFO 	Keyboard events cleared
138.5484 	EXP 	Fixation: autoDraw = False
138.5484 	EXP 	grating: autoDraw = True
138.8483 	EXP 	grating: autoDraw = False
139.0327 	EXP 	Device response: <KeyPress from None: t=139.02433489996474, value=left, duration=None>
139.0347 	DATA 	Keypress: left
139.0484 	EXP 	Fixation: autoDraw = False
139.0484 	EXP 	grating: autoDraw = False
139.0484 	EXP 	grating: ori = np.float64(1.0)
139.0484 	EXP 	Fixation: autoDraw = True
139.1832 	EXP 	Device response: <KeyPress from None: t=139.02433489996474, value=left, duration=0.14262719999533147>
139.5323 	INFO 	Keyboard events cleared
139.5321 	EXP 	grating: autoDraw = True
139.5486 	EXP 	Fixation: autoDraw = False
139.8323 	EXP 	grating: autoDraw = False
139.9657 	EXP 	Device response: <KeyPress from None: t=139.95080620003864, value=right, duration=None>
139.9677 	DATA 	Keypress: right
139.9815 	EXP 	Fixation: autoDraw = False
139.9815 	EXP 	grating: autoDraw = False
139.9815 	EXP 	grating: ori = np.float64(-1.0)
139.9815 	EXP 	Fixation: autoDraw = True
140.1497 	EXP 	Device response: <KeyPress from None: t=139.95080620003864, value=right, duration=0.1945805000141263>
140.4660 	INFO 	Keyboard events cleared
140.4658 	EXP 	grating: autoDraw = True
140.4824 	EXP 	Fixation: autoDraw = False
140.7654 	EXP 	grating: autoDraw = False
140.8659 	EXP 	Device response: <KeyPress from None: t=140.8527904000366, value=right, duration=None>
140.8678 	DATA 	Keypress: right
140.8819 	EXP 	Fixation: autoDraw = False
140.8819 	EXP 	grating: autoDraw = False
140.8819 	EXP 	grating: ori = np.float64(1.0)
140.8819 	EXP 	Fixation: autoDraw = True
141.0163 	EXP 	Device response: <KeyPress from None: t=140.8527904000366, value=right, duration=0.15448079991620034>
141.3823 	INFO 	Keyboard events cleared
141.3821 	EXP 	Fixation: autoDraw = False
141.3821 	EXP 	grating: autoDraw = True
141.6817 	EXP 	grating: autoDraw = False
141.8660 	EXP 	Device response: <KeyPress from None: t=141.85484769998584, value=right, duration=None>
141.8680 	DATA 	Keypress: right
141.8817 	EXP 	Fixation: autoDraw = False
141.8817 	EXP 	grating: autoDraw = False
141.8817 	EXP 	grating: ori = np.float64(-1.0)
141.8817 	EXP 	Fixation: autoDraw = True
142.0661 	EXP 	Device response: <KeyPress from None: t=141.85484769998584, value=right, duration=0.20354839996434748>
142.3653 	INFO 	Keyboard events cleared
142.3651 	EXP 	grating: autoDraw = True
142.3822 	EXP 	Fixation: autoDraw = False
142.6647 	EXP 	grating: autoDraw = False
143.2327 	EXP 	Device response: <KeyPress from None: t=143.2278749999823, value=left, duration=None>
143.2346 	DATA 	Keypress: left
143.2489 	EXP 	Fixation: autoDraw = False
143.2489 	EXP 	grating: autoDraw = False
143.2489 	EXP 	grating: ori = np.float64(-1.0)
143.2489 	EXP 	Fixation: autoDraw = True
143.4496 	EXP 	Device response: <KeyPress from None: t=143.2278749999823, value=left, duration=0.21020970004610717>
143.7493 	INFO 	Keyboard events cleared
143.7491 	EXP 	Fixation: autoDraw = False
143.7491 	EXP 	grating: autoDraw = True
144.0653 	EXP 	grating: autoDraw = False
144.3328 	EXP 	Device response: <KeyPress from None: t=144.32169709994923, value=left, duration=None>
144.3347 	DATA 	Keypress: left
144.3482 	EXP 	Fixation: autoDraw = False
144.3482 	EXP 	grating: autoDraw = False
144.3482 	EXP 	grating: ori = np.float64(1.0)
144.3482 	EXP 	Fixation: autoDraw = True
144.4989 	EXP 	Device response: <KeyPress from None: t=144.32169709994923, value=left, duration=0.17045830003917217>
144.8487 	INFO 	Keyboard events cleared
144.8485 	EXP 	Fixation: autoDraw = False
144.8485 	EXP 	grating: autoDraw = True
145.1482 	EXP 	grating: autoDraw = False
145.4301 	EXP 	Device response: <KeyPress from None: t=145.42466350004543, value=right, duration=None>
145.4311 	DATA 	Keypress: right
145.4480 	EXP 	Fixation: autoDraw = False
145.4480 	EXP 	grating: autoDraw = False
145.4480 	EXP 	grating: ori = np.float64(1.0)
145.4480 	EXP 	Fixation: autoDraw = True
145.5990 	EXP 	Device response: <KeyPress from None: t=145.42466350004543, value=right, duration=0.16023349994793534>
145.9321 	INFO 	Keyboard events cleared
145.9319 	EXP 	grating: autoDraw = True
145.9487 	EXP 	Fixation: autoDraw = False
146.2323 	EXP 	grating: autoDraw = False
146.3823 	EXP 	Device response: <KeyPress from None: t=146.37182949995622, value=right, duration=None>
146.3842 	DATA 	Keypress: right
146.3983 	EXP 	Fixation: autoDraw = False
146.3983 	EXP 	grating: autoDraw = False
146.3983 	EXP 	grating: ori = np.float64(1.0)
146.3983 	EXP 	Fixation: autoDraw = True
146.5819 	EXP 	Device response: <KeyPress from None: t=146.37182949995622, value=right, duration=0.19933179998770356>
146.8815 	INFO 	Keyboard events cleared
146.8813 	EXP 	grating: autoDraw = True
146.8988 	EXP 	Fixation: autoDraw = False
147.1820 	EXP 	grating: autoDraw = False
147.3653 	EXP 	Device response: <KeyPress from None: t=147.35848970001098, value=right, duration=None>
147.3673 	DATA 	Keypress: right
147.3819 	EXP 	Fixation: autoDraw = False
147.3819 	EXP 	grating: autoDraw = False
147.3819 	EXP 	grating: ori = np.float64(1.0)
147.3819 	EXP 	Fixation: autoDraw = True
147.5985 	EXP 	Device response: <KeyPress from None: t=147.35848970001098, value=right, duration=0.22546510002575815>
147.8658 	INFO 	Keyboard events cleared
147.8656 	EXP 	grating: autoDraw = True
147.8817 	EXP 	Fixation: autoDraw = False
148.1651 	EXP 	grating: autoDraw = False
148.2491 	EXP 	Device response: <KeyPress from None: t=148.23760480002966, value=right, duration=None>
148.2513 	DATA 	Keypress: right
148.2655 	EXP 	Fixation: autoDraw = False
148.2655 	EXP 	grating: autoDraw = False
148.2655 	EXP 	grating: ori = np.float64(-1.0)
148.2655 	EXP 	Fixation: autoDraw = True
148.4514 	EXP 	Device response: <KeyPress from None: t=148.23760480002966, value=right, duration=0.21073629998136312>
148.7654 	INFO 	Keyboard events cleared
148.7652 	EXP 	Fixation: autoDraw = False
148.7652 	EXP 	grating: autoDraw = True
149.0657 	EXP 	grating: autoDraw = False
149.2009 	DATA 	Keypress: left
149.2156 	EXP 	Device response: <KeyPress from None: t=149.20025899994653, value=left, duration=None>
149.2320 	EXP 	Fixation: autoDraw = False
149.2320 	EXP 	grating: autoDraw = False
149.2320 	EXP 	grating: ori = np.float64(-1.0)
149.2320 	EXP 	Fixation: autoDraw = True
149.3155 	EXP 	Device response: <KeyPress from None: t=149.20025899994653, value=left, duration=0.10494160000234842>
149.7150 	INFO 	Keyboard events cleared
149.7148 	EXP 	grating: autoDraw = True
149.7322 	EXP 	Fixation: autoDraw = False
150.0152 	EXP 	grating: autoDraw = False
150.4655 	EXP 	Device response: <KeyPress from None: t=150.4604330000002, value=right, duration=None>
150.4674 	DATA 	Keypress: right
150.4816 	EXP 	Fixation: autoDraw = False
150.4816 	EXP 	grating: autoDraw = False
150.4816 	EXP 	grating: ori = np.float64(1.0)
150.4816 	EXP 	Fixation: autoDraw = True
150.6989 	EXP 	Device response: <KeyPress from None: t=150.4604330000002, value=right, duration=0.23319910001009703>
150.9654 	INFO 	Keyboard events cleared
150.9652 	EXP 	grating: autoDraw = True
150.9821 	EXP 	Fixation: autoDraw = False
151.2651 	EXP 	grating: autoDraw = False
151.4321 	EXP 	Device response: <KeyPress from None: t=151.42231030005496, value=right, duration=None>
151.4341 	DATA 	Keypress: right
151.4481 	EXP 	Fixation: autoDraw = False
151.4481 	EXP 	grating: autoDraw = False
151.4481 	EXP 	grating: ori = np.float64(1.0)
151.4481 	EXP 	Fixation: autoDraw = True
151.6482 	EXP 	Device response: <KeyPress from None: t=151.42231030005496, value=right, duration=0.21895949996542186>
151.9322 	INFO 	Keyboard events cleared
151.9321 	EXP 	grating: autoDraw = True
151.9480 	EXP 	Fixation: autoDraw = False
152.2320 	EXP 	grating: autoDraw = False
152.3171 	DATA 	Keypress: right
152.3320 	EXP 	Device response: <KeyPress from None: t=152.31646849995013, value=right, duration=None>
152.3484 	EXP 	Fixation: autoDraw = False
152.3484 	EXP 	grating: autoDraw = False
152.3484 	EXP 	grating: ori = np.float64(1.0)
152.3484 	EXP 	Fixation: autoDraw = True
152.5821 	EXP 	Device response: <KeyPress from None: t=152.31646849995013, value=right, duration=0.2580874999985099>
152.8319 	INFO 	Keyboard events cleared
152.8317 	EXP 	grating: autoDraw = True
152.8484 	EXP 	Fixation: autoDraw = False
153.1315 	EXP 	grating: autoDraw = False
153.2500 	EXP 	Device response: <KeyPress from None: t=153.23710799997207, value=right, duration=None>
153.2521 	DATA 	Keypress: right
153.2655 	EXP 	Fixation: autoDraw = False
153.2655 	EXP 	grating: autoDraw = False
153.2655 	EXP 	grating: ori = np.float64(1.0)
153.2655 	EXP 	Fixation: autoDraw = True
153.4993 	EXP 	Device response: <KeyPress from None: t=153.23710799997207, value=right, duration=0.25322990003041923>
153.7655 	INFO 	Keyboard events cleared
153.7653 	EXP 	grating: autoDraw = True
153.7820 	EXP 	Fixation: autoDraw = False
154.0653 	EXP 	grating: autoDraw = False
154.1656 	EXP 	Device response: <KeyPress from None: t=154.15991179994307, value=right, duration=None>
154.1675 	DATA 	Keypress: right
154.1814 	EXP 	Fixation: autoDraw = False
154.1814 	EXP 	grating: autoDraw = False
154.1814 	EXP 	grating: ori = np.float64(-1.0)
154.1814 	EXP 	Fixation: autoDraw = True
154.3995 	EXP 	Device response: <KeyPress from None: t=154.15991179994307, value=right, duration=0.23269970004912466>
154.6653 	INFO 	Keyboard events cleared
154.6651 	EXP 	grating: autoDraw = True
154.6817 	EXP 	Fixation: autoDraw = False
154.9650 	EXP 	grating: autoDraw = False
155.0336 	DATA 	Keypress: right
155.0488 	EXP 	Device response: <KeyPress from None: t=155.0331541999476, value=right, duration=None>
155.0655 	EXP 	Fixation: autoDraw = False
155.0655 	EXP 	grating: autoDraw = False
155.0655 	EXP 	grating: ori = np.float64(-1.0)
155.0655 	EXP 	Fixation: autoDraw = True
155.2820 	EXP 	Device response: <KeyPress from None: t=155.0331541999476, value=right, duration=0.2344858000287786>
155.5485 	INFO 	Keyboard events cleared
155.5484 	EXP 	grating: autoDraw = True
155.5644 	EXP 	Fixation: autoDraw = False
155.8486 	EXP 	grating: autoDraw = False
156.0655 	EXP 	Device response: <KeyPress from None: t=156.05654500005767, value=left, duration=None>
156.0674 	DATA 	Keypress: left
156.0815 	EXP 	Fixation: autoDraw = False
156.0815 	EXP 	grating: autoDraw = False
156.0815 	EXP 	grating: ori = np.float64(1.0)
156.0815 	EXP 	Fixation: autoDraw = True
156.2327 	EXP 	Device response: <KeyPress from None: t=156.05654500005767, value=left, duration=0.16048679989762604>
156.5818 	INFO 	Keyboard events cleared
156.5816 	EXP 	Fixation: autoDraw = False
156.5816 	EXP 	grating: autoDraw = True
156.8821 	EXP 	grating: autoDraw = False
157.0829 	DATA 	Keypress: right
157.0982 	EXP 	Device response: <KeyPress from None: t=157.08227050001733, value=right, duration=None>
157.1137 	EXP 	Fixation: autoDraw = False
157.1137 	EXP 	grating: autoDraw = False
157.1137 	EXP 	grating: ori = np.float64(1.0)
157.1137 	EXP 	Fixation: autoDraw = True
157.3150 	EXP 	Device response: <KeyPress from None: t=157.08227050001733, value=right, duration=0.22025389992631972>
157.5988 	INFO 	Keyboard events cleared
157.5986 	EXP 	grating: autoDraw = True
157.6146 	EXP 	Fixation: autoDraw = False
157.8984 	EXP 	grating: autoDraw = False
158.0659 	EXP 	Device response: <KeyPress from None: t=158.050634299987, value=right, duration=None>
158.0680 	DATA 	Keypress: right
158.0816 	EXP 	Fixation: autoDraw = False
158.0816 	EXP 	grating: autoDraw = False
158.0816 	EXP 	grating: ori = np.float64(1.0)
158.0816 	EXP 	Fixation: autoDraw = True
158.2824 	EXP 	Device response: <KeyPress from None: t=158.050634299987, value=right, duration=0.21739630005322397>
158.5653 	INFO 	Keyboard events cleared
158.5651 	EXP 	grating: autoDraw = True
158.5813 	EXP 	Fixation: autoDraw = False
158.8650 	EXP 	grating: autoDraw = False
158.9819 	EXP 	Device response: <KeyPress from None: t=158.97283650003374, value=right, duration=None>
158.9840 	DATA 	Keypress: right
158.9983 	EXP 	Fixation: autoDraw = False
158.9983 	EXP 	grating: autoDraw = False
158.9983 	EXP 	grating: ori = np.float64(1.0)
158.9983 	EXP 	Fixation: autoDraw = True
159.1988 	EXP 	Device response: <KeyPress from None: t=158.97283650003374, value=right, duration=0.2212693999754265>
159.4819 	INFO 	Keyboard events cleared
159.4817 	EXP 	grating: autoDraw = True
159.4983 	EXP 	Fixation: autoDraw = False
159.7821 	EXP 	grating: autoDraw = False
159.8700 	DATA 	Keypress: right
159.8825 	EXP 	Device response: <KeyPress from None: t=159.86848279996775, value=right, duration=None>
159.8989 	EXP 	Fixation: autoDraw = False
159.8989 	EXP 	grating: autoDraw = False
159.8989 	EXP 	grating: ori = np.float64(1.0)
159.8989 	EXP 	Fixation: autoDraw = True
160.0817 	EXP 	Device response: <KeyPress from None: t=159.86848279996775, value=right, duration=0.2046138000441715>
160.3819 	INFO 	Keyboard events cleared
160.3817 	EXP 	grating: autoDraw = True
160.3984 	EXP 	Fixation: autoDraw = False
160.6818 	EXP 	grating: autoDraw = False
160.8166 	DATA 	Keypress: right
160.8322 	EXP 	Device response: <KeyPress from None: t=160.81564000004437, value=right, duration=None>
160.8486 	EXP 	Fixation: autoDraw = False
160.8486 	EXP 	grating: autoDraw = False
160.8486 	EXP 	grating: ori = np.float64(1.0)
160.8486 	EXP 	Fixation: autoDraw = True
161.0484 	EXP 	Device response: <KeyPress from None: t=160.81564000004437, value=right, duration=0.21642139996401966>
161.3479 	INFO 	Keyboard events cleared
161.3477 	EXP 	Fixation: autoDraw = False
161.3477 	EXP 	grating: autoDraw = True
161.6476 	EXP 	grating: autoDraw = False
161.6675 	EXP 	Device response: <KeyPress from None: t=161.6646322000306, value=right, duration=None>
161.6701 	DATA 	Keypress: right
161.6810 	EXP 	Fixation: autoDraw = False
161.6810 	EXP 	grating: autoDraw = False
161.6810 	EXP 	grating: ori = np.float64(1.0)
161.6810 	EXP 	Fixation: autoDraw = True
161.8963 	EXP 	Device response: <KeyPress from None: t=161.6646322000306, value=right, duration=0.22777819994371384>
162.1803 	INFO 	Keyboard events cleared
162.1801 	EXP 	Fixation: autoDraw = False
162.1801 	EXP 	grating: autoDraw = True
162.4468 	EXP 	Device response: <KeyPress from None: t=162.43058799998835, value=right, duration=None>
162.4490 	DATA 	Keypress: right
162.4637 	EXP 	Fixation: autoDraw = False
162.4637 	EXP 	grating: autoDraw = False
162.4637 	EXP 	grating: ori = np.float64(1.0)
162.4637 	EXP 	Fixation: autoDraw = True
162.6805 	EXP 	Device response: <KeyPress from None: t=162.43058799998835, value=right, duration=0.23936879995744675>
162.9467 	INFO 	Keyboard events cleared
162.9465 	EXP 	grating: autoDraw = True
162.9629 	EXP 	Fixation: autoDraw = False
163.2462 	EXP 	grating: autoDraw = False
163.4811 	EXP 	Device response: <KeyPress from None: t=163.47105539997574, value=right, duration=None>
163.4833 	DATA 	Keypress: right
163.4960 	EXP 	Fixation: autoDraw = False
163.4960 	EXP 	grating: autoDraw = False
163.4960 	EXP 	grating: ori = np.float64(1.0)
163.4960 	EXP 	Fixation: autoDraw = True
163.7147 	EXP 	Device response: <KeyPress from None: t=163.47105539997574, value=right, duration=0.2342515999916941>
163.9804 	INFO 	Keyboard events cleared
163.9803 	EXP 	grating: autoDraw = True
163.9973 	EXP 	Fixation: autoDraw = False
164.2790 	EXP 	grating: autoDraw = False
164.3137 	DATA 	Keypress: right
164.3297 	EXP 	Device response: <KeyPress from None: t=164.31330829998478, value=right, duration=None>
164.3464 	EXP 	Fixation: autoDraw = False
164.3464 	EXP 	grating: autoDraw = False
164.3464 	EXP 	grating: ori = np.float64(1.0)
164.3464 	EXP 	Fixation: autoDraw = True
164.5466 	EXP 	Device response: <KeyPress from None: t=164.31330829998478, value=right, duration=0.2242557000136003>
164.8291 	INFO 	Keyboard events cleared
164.8290 	EXP 	grating: autoDraw = True
164.8468 	EXP 	Fixation: autoDraw = False
165.1301 	EXP 	grating: autoDraw = False
165.1464 	EXP 	Device response: <KeyPress from None: t=165.14104889996815, value=right, duration=None>
165.1473 	DATA 	Keypress: right
165.1635 	EXP 	Fixation: autoDraw = False
165.1635 	EXP 	grating: autoDraw = False
165.1635 	EXP 	grating: ori = np.float64(1.0)
165.1635 	EXP 	Fixation: autoDraw = True
165.4139 	EXP 	Device response: <KeyPress from None: t=165.14104889996815, value=right, duration=0.25627540005370975>
165.6482 	INFO 	Keyboard events cleared
165.6480 	EXP 	grating: autoDraw = True
165.6627 	EXP 	Fixation: autoDraw = False
165.9636 	EXP 	grating: autoDraw = False
165.9641 	EXP 	Device response: <KeyPress from None: t=165.96065260004252, value=right, duration=None>
165.9658 	DATA 	Keypress: right
165.9797 	EXP 	Fixation: autoDraw = False
165.9797 	EXP 	grating: autoDraw = False
165.9797 	EXP 	grating: ori = np.float64(1.0)
165.9797 	EXP 	Fixation: autoDraw = True
166.2307 	EXP 	Device response: <KeyPress from None: t=165.96065260004252, value=right, duration=0.25408129999414086>
166.4800 	INFO 	Keyboard events cleared
166.4799 	EXP 	Fixation: autoDraw = False
166.4799 	EXP 	grating: autoDraw = True
166.7798 	EXP 	grating: autoDraw = False
166.8978 	EXP 	Device response: <KeyPress from None: t=166.89727409998886, value=right, duration=None>
166.8993 	DATA 	Keypress: right
166.9131 	EXP 	Fixation: autoDraw = False
166.9131 	EXP 	grating: autoDraw = False
166.9131 	EXP 	grating: ori = np.float64(-1.0)
166.9131 	EXP 	Fixation: autoDraw = True
167.1494 	EXP 	Device response: <KeyPress from None: t=166.89727409998886, value=right, duration=0.23679340002126992>
167.3989 	INFO 	Keyboard events cleared
167.3987 	EXP 	grating: autoDraw = True
167.4146 	EXP 	Fixation: autoDraw = False
167.7133 	EXP 	grating: autoDraw = False
167.8646 	EXP 	Device response: <KeyPress from None: t=167.849169800058, value=left, duration=None>
167.8662 	DATA 	Keypress: left
167.8807 	EXP 	Fixation: autoDraw = False
167.8807 	EXP 	grating: autoDraw = False
167.8807 	EXP 	grating: ori = np.float64(1.0)
167.8807 	EXP 	Fixation: autoDraw = True
168.0468 	EXP 	Device response: <KeyPress from None: t=167.849169800058, value=left, duration=0.18872609990648925>
168.3791 	INFO 	Keyboard events cleared
168.3790 	EXP 	grating: autoDraw = True
168.3964 	EXP 	Fixation: autoDraw = False
168.6800 	EXP 	grating: autoDraw = False
168.7812 	EXP 	Device response: <KeyPress from None: t=168.77200740005355, value=right, duration=None>
168.7830 	DATA 	Keypress: right
168.7967 	EXP 	Fixation: autoDraw = False
168.7967 	EXP 	grating: autoDraw = False
168.7967 	EXP 	grating: ori = np.float64(1.0)
168.7967 	EXP 	Fixation: autoDraw = True
169.0296 	EXP 	Device response: <KeyPress from None: t=168.77200740005355, value=right, duration=0.24095979996491224>
169.2974 	INFO 	Keyboard events cleared
169.2972 	EXP 	Fixation: autoDraw = False
169.2972 	EXP 	grating: autoDraw = True
169.5975 	EXP 	grating: autoDraw = False
169.6832 	DATA 	Keypress: right
169.6990 	EXP 	Device response: <KeyPress from None: t=169.68192140001338, value=right, duration=None>
169.7147 	EXP 	Fixation: autoDraw = False
169.7147 	EXP 	grating: autoDraw = False
169.7147 	EXP 	grating: ori = np.float64(1.0)
169.7147 	EXP 	Fixation: autoDraw = True
169.9485 	EXP 	Device response: <KeyPress from None: t=169.68192140001338, value=right, duration=0.25049360003322363>
170.2150 	INFO 	Keyboard events cleared
170.2148 	EXP 	Fixation: autoDraw = False
170.2148 	EXP 	grating: autoDraw = True
170.5142 	EXP 	grating: autoDraw = False
170.7655 	EXP 	Device response: <KeyPress from None: t=170.7644746999722, value=right, duration=None>
170.7674 	DATA 	Keypress: right
170.7811 	EXP 	Fixation: autoDraw = False
170.7811 	EXP 	grating: autoDraw = False
170.7811 	EXP 	grating: ori = np.float64(-1.0)
170.7811 	EXP 	Fixation: autoDraw = True
171.0164 	EXP 	Device response: <KeyPress from None: t=170.7644746999722, value=right, duration=0.25061990006361157>
171.2820 	INFO 	Keyboard events cleared
171.2818 	EXP 	Fixation: autoDraw = False
171.2818 	EXP 	grating: autoDraw = True
171.5812 	EXP 	grating: autoDraw = False
171.6648 	EXP 	Device response: <KeyPress from None: t=171.6533352000406, value=right, duration=None>
171.6667 	DATA 	Keypress: right
171.6816 	EXP 	Fixation: autoDraw = False
171.6816 	EXP 	grating: autoDraw = False
171.6816 	EXP 	grating: ori = np.float64(-1.0)
171.6816 	EXP 	Fixation: autoDraw = True
171.8648 	EXP 	Device response: <KeyPress from None: t=171.6533352000406, value=right, duration=0.2033549000043422>
172.1642 	INFO 	Keyboard events cleared
172.1640 	EXP 	grating: autoDraw = True
172.1816 	EXP 	Fixation: autoDraw = False
172.4652 	EXP 	grating: autoDraw = False
172.8480 	EXP 	Device response: <KeyPress from None: t=172.842177500017, value=left, duration=None>
172.8505 	DATA 	Keypress: left
172.8646 	EXP 	Fixation: autoDraw = False
172.8646 	EXP 	grating: autoDraw = False
172.8646 	EXP 	grating: ori = np.float64(-1.0)
172.8646 	EXP 	Fixation: autoDraw = True
173.0650 	EXP 	Device response: <KeyPress from None: t=172.842177500017, value=left, duration=0.20741110004018992>
173.3629 	INFO 	Keyboard events cleared
173.3628 	EXP 	grating: autoDraw = True
173.3801 	EXP 	Fixation: autoDraw = False
173.6629 	EXP 	grating: autoDraw = False
174.2973 	EXP 	Device response: <KeyPress from None: t=174.2899025999941, value=left, duration=None>
174.2987 	DATA 	Keypress: left
174.3126 	EXP 	Fixation: autoDraw = False
174.3126 	EXP 	grating: autoDraw = False
174.3126 	EXP 	grating: ori = np.float64(1.0)
174.3126 	EXP 	Fixation: autoDraw = True
174.4307 	EXP 	Device response: <KeyPress from None: t=174.2899025999941, value=left, duration=0.1383778000017628>
174.7981 	INFO 	Keyboard events cleared
174.7979 	EXP 	grating: autoDraw = True
174.8149 	EXP 	Fixation: autoDraw = False
175.0978 	EXP 	grating: autoDraw = False
175.3142 	EXP 	Device response: <KeyPress from None: t=175.3035676999716, value=right, duration=None>
175.3160 	DATA 	Keypress: right
175.3315 	EXP 	Fixation: autoDraw = False
175.3315 	EXP 	grating: autoDraw = False
175.3315 	EXP 	grating: ori = np.float64(-1.0)
175.3315 	EXP 	Fixation: autoDraw = True
175.5145 	EXP 	Device response: <KeyPress from None: t=175.3035676999716, value=right, duration=0.1974627000745386>
175.8142 	INFO 	Keyboard events cleared
175.8140 	EXP 	grating: autoDraw = True
175.8312 	EXP 	Fixation: autoDraw = False
176.1142 	EXP 	grating: autoDraw = False
176.4833 	DATA 	Keypress: left
176.4982 	EXP 	Device response: <KeyPress from None: t=176.48267579998355, value=left, duration=None>
176.5145 	EXP 	Fixation: autoDraw = False
176.5145 	EXP 	grating: autoDraw = False
176.5145 	EXP 	grating: ori = np.float64(1.0)
176.5145 	EXP 	Fixation: autoDraw = True
176.6319 	EXP 	Device response: <KeyPress from None: t=176.48267579998355, value=left, duration=0.13838030002079904>
176.9974 	INFO 	Keyboard events cleared
176.9972 	EXP 	grating: autoDraw = True
177.0140 	EXP 	Fixation: autoDraw = False
177.3127 	EXP 	grating: autoDraw = False
177.6483 	EXP 	Device response: <KeyPress from None: t=177.63810820004437, value=right, duration=None>
177.6504 	DATA 	Keypress: right
177.6643 	EXP 	Fixation: autoDraw = False
177.6643 	EXP 	grating: autoDraw = False
177.6643 	EXP 	grating: ori = np.float64(-1.0)
177.6643 	EXP 	Fixation: autoDraw = True
177.8498 	EXP 	Device response: <KeyPress from None: t=177.63810820004437, value=right, duration=0.20905449998099357>
178.1481 	INFO 	Keyboard events cleared
178.1479 	EXP 	grating: autoDraw = True
178.1644 	EXP 	Fixation: autoDraw = False
178.4476 	EXP 	grating: autoDraw = False
178.7983 	EXP 	Device response: <KeyPress from None: t=178.78716820001137, value=left, duration=None>
178.8002 	DATA 	Keypress: left
178.8143 	EXP 	Fixation: autoDraw = False
178.8143 	EXP 	grating: autoDraw = False
178.8143 	EXP 	grating: ori = np.float64(-1.0)
178.8143 	EXP 	Fixation: autoDraw = True
178.9822 	EXP 	Device response: <KeyPress from None: t=178.78716820001137, value=left, duration=0.1895358000183478>
179.2980 	INFO 	Keyboard events cleared
179.2978 	EXP 	grating: autoDraw = True
179.3139 	EXP 	Fixation: autoDraw = False
179.5980 	EXP 	grating: autoDraw = False
179.8142 	EXP 	Device response: <KeyPress from None: t=179.8008348000003, value=left, duration=None>
179.8162 	DATA 	Keypress: left
179.8305 	EXP 	Fixation: autoDraw = False
179.8305 	EXP 	grating: autoDraw = False
179.8305 	EXP 	grating: ori = np.float64(-1.0)
179.8305 	EXP 	Fixation: autoDraw = True
179.9817 	EXP 	Device response: <KeyPress from None: t=179.8008348000003, value=left, duration=0.16605300002265722>
180.3145 	INFO 	Keyboard events cleared
180.3143 	EXP 	grating: autoDraw = True
180.3312 	EXP 	Fixation: autoDraw = False
180.6151 	EXP 	grating: autoDraw = False
180.8152 	EXP 	Device response: <KeyPress from None: t=180.80030530004296, value=left, duration=None>
180.8174 	DATA 	Keypress: left
180.8311 	EXP 	Fixation: autoDraw = False
180.8311 	EXP 	grating: autoDraw = False
180.8311 	EXP 	grating: ori = np.float64(-1.0)
180.8311 	EXP 	Fixation: autoDraw = True
180.9819 	EXP 	Device response: <KeyPress from None: t=180.80030530004296, value=left, duration=0.1683443000074476>
181.3147 	INFO 	Keyboard events cleared
181.3145 	EXP 	grating: autoDraw = True
181.3313 	EXP 	Fixation: autoDraw = False
181.6145 	EXP 	grating: autoDraw = False
181.7997 	DATA 	Keypress: left
181.8144 	EXP 	Device response: <KeyPress from None: t=181.79919080005493, value=left, duration=None>
181.8310 	EXP 	Fixation: autoDraw = False
181.8310 	EXP 	grating: autoDraw = False
181.8310 	EXP 	grating: ori = np.float64(-1.0)
181.8310 	EXP 	Fixation: autoDraw = True
181.9644 	EXP 	Device response: <KeyPress from None: t=181.79919080005493, value=left, duration=0.158517999923788>
182.3142 	INFO 	Keyboard events cleared
182.3140 	EXP 	grating: autoDraw = True
182.3311 	EXP 	Fixation: autoDraw = False
182.6149 	EXP 	grating: autoDraw = False
182.7644 	EXP 	Device response: <KeyPress from None: t=182.75897880003322, value=left, duration=None>
182.7663 	DATA 	Keypress: left
182.7808 	EXP 	Fixation: autoDraw = False
182.7808 	EXP 	grating: autoDraw = False
182.7808 	EXP 	grating: ori = np.float64(1.0)
182.7808 	EXP 	Fixation: autoDraw = True
182.9490 	EXP 	Device response: <KeyPress from None: t=182.75897880003322, value=left, duration=0.1878463999601081>
183.2649 	INFO 	Keyboard events cleared
183.2647 	EXP 	grating: autoDraw = True
183.2812 	EXP 	Fixation: autoDraw = False
183.5645 	EXP 	grating: autoDraw = False
183.9314 	EXP 	Device response: <KeyPress from None: t=183.9198563999962, value=right, duration=None>
183.9333 	DATA 	Keypress: right
183.9469 	EXP 	Fixation: autoDraw = False
183.9469 	EXP 	grating: autoDraw = False
183.9469 	EXP 	grating: ori = np.float64(1.0)
183.9469 	EXP 	Fixation: autoDraw = True
184.1316 	EXP 	Device response: <KeyPress from None: t=183.9198563999962, value=right, duration=0.2069531000452116>
184.4311 	INFO 	Keyboard events cleared
184.4309 	EXP 	grating: autoDraw = True
184.4477 	EXP 	Fixation: autoDraw = False
184.7315 	EXP 	grating: autoDraw = False
184.9162 	EXP 	Device response: <KeyPress from None: t=184.91330939996988, value=right, duration=None>
184.9181 	DATA 	Keypress: right
184.9305 	EXP 	Fixation: autoDraw = False
184.9305 	EXP 	grating: autoDraw = False
184.9305 	EXP 	grating: ori = np.float64(-1.0)
184.9305 	EXP 	Fixation: autoDraw = True
185.0813 	EXP 	Device response: <KeyPress from None: t=184.91330939996988, value=right, duration=0.16317469999194145>
185.4316 	INFO 	Keyboard events cleared
185.4314 	EXP 	Fixation: autoDraw = False
185.4314 	EXP 	grating: autoDraw = True
185.7310 	EXP 	grating: autoDraw = False
186.0982 	EXP 	Device response: <KeyPress from None: t=186.09385149995796, value=left, duration=None>
186.1001 	DATA 	Keypress: left
186.1145 	EXP 	Fixation: autoDraw = False
186.1145 	EXP 	grating: autoDraw = False
186.1145 	EXP 	grating: ori = np.float64(-1.0)
186.1145 	EXP 	Fixation: autoDraw = True
186.2811 	EXP 	Device response: <KeyPress from None: t=186.09385149995796, value=left, duration=0.17636540008243173>
186.5976 	INFO 	Keyboard events cleared
186.5974 	EXP 	grating: autoDraw = True
186.6138 	EXP 	Fixation: autoDraw = False
186.8980 	EXP 	grating: autoDraw = False
187.1315 	EXP 	Device response: <KeyPress from None: t=187.12640549999196, value=right, duration=None>
187.1334 	DATA 	Keypress: right
187.1473 	EXP 	Fixation: autoDraw = False
187.1473 	EXP 	grating: autoDraw = False
187.1473 	EXP 	grating: ori = np.float64(-1.0)
187.1473 	EXP 	Fixation: autoDraw = True
187.3316 	EXP 	Device response: <KeyPress from None: t=187.12640549999196, value=right, duration=0.2010600999929011>
187.6472 	INFO 	Keyboard events cleared
187.6470 	EXP 	Fixation: autoDraw = False
187.6470 	EXP 	grating: autoDraw = True
187.9474 	EXP 	grating: autoDraw = False
188.0817 	EXP 	Device response: <KeyPress from None: t=188.06895989994518, value=right, duration=None>
188.0836 	DATA 	Keypress: right
188.0975 	EXP 	Fixation: autoDraw = False
188.0975 	EXP 	grating: autoDraw = False
188.0975 	EXP 	grating: ori = np.float64(-1.0)
188.0975 	EXP 	Fixation: autoDraw = True
188.2981 	EXP 	Device response: <KeyPress from None: t=188.06895989994518, value=right, duration=0.22518440010026097>
188.5976 	INFO 	Keyboard events cleared
188.5974 	EXP 	Fixation: autoDraw = False
188.5974 	EXP 	grating: autoDraw = True
188.8977 	EXP 	grating: autoDraw = False
189.0504 	DATA 	Keypress: right
189.0652 	EXP 	Device response: <KeyPress from None: t=189.04973850003444, value=right, duration=None>
189.0813 	INFO 	Keyboard events cleared
189.0811 	EXP 	Fixation: autoDraw = False
189.0811 	EXP 	grating: autoDraw = False
189.0811 	EXP 	text_2: autoDraw = True
189.2655 	EXP 	Device response: <KeyPress from None: t=189.04973850003444, value=right, duration=0.21514290000777692>
190.0488 	EXP 	Device response: <KeyPress from None: t=190.04477659997065, value=space, duration=None>
190.0499 	DATA 	Keypress: space
190.0645 	EXP 	text_2: autoDraw = False
190.0648 	EXP 	StairCase_Experiment: status = STOPPED
190.1449 	INFO 	saved data to 'C:\\Users\\Darsh Modi\\OneDrive\\Documents\\AU\\PSY310\\StairCase\\data\\P1_StairCase_Experiment_2025-09-03_23h46.10.038.csv'
190.1481 	INFO 	saved data to C:\Users\Darsh Modi\OneDrive\Documents\AU\PSY310\StairCase\data\P1_StairCase_Experiment_2025-09-03_23h46.10.038.psydat
190.3299 	WARNING 	Stopping key buffers but this could be dangerous ifother keyboards rely on the same.
190.3410 	WARNING 	Stopping key buffers but this could be dangerous ifother keyboards rely on the same.
190.3411 	WARNING 	Stopping key buffers but this could be dangerous ifother keyboards rely on the same.
190.3411 	WARNING 	Stopping key buffers but this could be dangerous ifother keyboards rely on the same.
